datetime,accel_x,accel_y,accel_z,disp_x,disp_y,disp_z,total_displacement
2017-06-30 13:51:15.847724020,0.265,-0.7814,-0.0076,0.0,-0.0,-0.0,0.0
2017-06-30 13:51:16.246945023,0.6722,-1.1233,-0.2344,0.10713349448865836,-0.17902864379516503,-0.037358064724994824,0.21195392409786704
2017-06-30 13:51:16.446233987,0.4399,-1.4817,0.0722,0.1780850636071053,-0.32724610611361726,-0.053139506660609584,0.3763351046801302
2017-06-30 13:51:16.646117985,0.3031,-0.8125,0.0888,0.2613584188527487,-0.5083684241916385,-0.06542018778498943,0.5753490060738107
2017-06-30 13:51:16.846738994,0.4814,-0.9312,0.0359,0.3643145862276661,-0.7276382478749825,-0.07630121862417408,0.81731536965381
2017-06-30 13:51:17.246767997,0.632,-1.129,-0.2982,0.6707390814519334,-1.3455183203547694,-0.14571640952181547,1.5104779832229374
2017-06-30 13:51:17.446569025,0.667,-1.3503,-0.088,0.8504147478237637,-1.708033212649875,-0.183899961566659,1.916872946936084
2017-06-30 13:51:17.468069910,0.4044,-0.8056,-0.0956,0.8699368620955519,-1.7474163972077026,-0.18805314498030407,1.9610247817404005
2017-06-30 13:51:17.646152973,0.2704,-0.8633,0.1293,1.04020592535006,-2.1009895868541575,-0.21835170409592755,2.3545409484408153
2017-06-30 13:51:17.846502006,0.469,-1.074,0.0219,1.2505894992085522,-2.5418805935222197,-0.25155947348195085,2.844013575205661
2017-06-30 13:51:18.246815025,0.6364,-1.0452,-0.24,1.7729357413204327,-3.5903091031859886,-0.3563713140363587,4.020027501490458
2017-06-30 13:51:18.446740984,0.5683,-1.2486,-0.131,2.056523201939245,-4.163826569048262,-0.4139529914652543,4.662413158051279
2017-06-30 13:51:18.468029970,0.2985,-0.7172,-0.0693,2.0868561150921727,-4.2252222542575835,-0.42011594722811363,4.731169934813852
2017-06-30 13:51:18.646052002,0.2911,-0.7748,0.0163,2.3497304617560406,-4.763177997923927,-0.47113502847201166,5.332078965831636
2017-06-30 13:51:18.846947014,0.4477,-1.1574,-0.0172,2.6644485892793695,-5.416963720907457,-0.5294034160201724,6.059954638067369
2017-06-30 13:51:19.247058987,0.6028,-1.0966,-0.3046,3.387758048443925,-6.894628421626793,-0.6942167719363238,7.7132835156979835
2017-06-30 13:51:19.446731984,0.4852,-1.3397,-0.0763,3.768065009159537,-7.685459251656697,-0.7795077176219679,8.594895584238367
2017-06-30 13:51:19.467919700,0.2424,-0.7421,-0.0549,3.80852898787547,-7.769709094893321,-0.7885827625033089,8.688793658734975
2017-06-30 13:51:19.645977020,0.3017,-0.8366,0.0718,4.158145377720683,-8.504251805526025,-0.8625712447892172,9.505603658179199
2017-06-30 13:51:19.847127020,0.4082,-1.0859,-0.0375,4.5696206657946625,-9.377996068486052,-0.9476727700233983,10.475033506812345
2017-06-30 13:51:20.246771991,0.6363,-0.7532,-0.2972,5.488767433268432,-11.234249994703795,-1.1642201700086958,12.557481813017505
2017-06-30 13:51:20.446739971,0.709,-1.1893,-0.2303,5.977026360861703,-12.210609513129452,-1.2817817566670495,13.655284444942463
2017-06-30 13:51:20.467330210,0.372,-0.819,-0.2379,6.027458962291042,-12.31149020926484,-1.2939876601115636,13.768712967429005
2017-06-30 13:51:20.646055996,0.3275,-0.7846,-0.0344,6.475681396084372,-13.212209361076052,-1.4010352268028787,14.780386512241199
2017-06-30 13:51:20.846733987,0.2957,-0.9224,-0.0462,6.99086560650215,-14.260706978286024,-1.5230915873631645,15.9549294399006
2017-06-30 13:51:21.246074974,0.5656,-0.8049,-0.1815,8.106259150740948,-16.4755343124417,-1.7949231384338964,18.44929314018021
2017-06-30 13:51:21.446759998,0.7335,-1.3042,-0.2887,8.696330923592162,-17.64110074988051,-1.943156747285653,19.76386767170287
2017-06-30 13:51:21.460559720,0.5468,-1.2653,-0.2362,8.737010209332764,-17.721489651611495,-1.9533947281168003,19.85452829542905
2017-06-30 13:51:21.645960986,0.2843,-0.9344,-0.0459,9.29331473451487,-18.83364492192855,-2.0925212346594972,21.105698872994875
2017-06-30 13:51:21.846737980,0.2854,-0.9109,0.0746,9.907259671156691,-20.074753289793048,-2.240178572772722,22.498175789954498
2017-06-30 13:51:22.247101008,0.5319,-0.7638,-0.1285,11.216766319076534,-22.67203799966225,-2.5552147180132967,25.423734500856686
2017-06-30 13:51:22.446877002,0.5509,-1.4469,-0.1684,11.892179934655381,-24.025796041829363,-2.7191346159956518,26.94543583061349
2017-06-30 13:51:22.467330210,0.5291,-1.239,-0.1573,11.96155060017128,-24.164913066107736,-2.735982655340445,27.101795463461936
2017-06-30 13:51:22.646080970,0.4053,-0.7735,-0.0511,12.5807654358017,-25.405440694505604,-2.8848587916510873,28.496218803210905
2017-06-30 13:51:22.846728026,0.2938,-0.9424,0.0928,13.287659925588699,-26.83586860181333,-3.048235637315531,30.100124425199425
2017-06-30 13:51:23.246728003,0.4652,-0.6219,-0.1181,14.77132156282171,-29.78700241953293,-3.3928315771745834,33.421082567215194
2017-06-30 13:51:23.446627974,0.5604,-1.2123,-0.2765,15.535174984203989,-31.310274921851114,-3.576092322597322,35.13493153218711
2017-06-30 13:51:23.469660160,0.514,-1.0203,-0.2959,15.623457739937871,-31.486325430307645,-3.597364330556661,35.33301785839449
2017-06-30 13:51:23.646005988,0.5762,-1.1338,-0.0781,16.317312841939536,-32.86951409605377,-3.7626621055118545,36.8892569918758
2017-06-30 13:51:23.846715986,0.2365,-0.8592,0.1061,17.1165591564155,-34.47841836028866,-3.946523451223786,38.6951285995178
2017-06-30 13:51:24.246806979,0.3306,-0.7377,-0.0852,18.762679637500376,-37.80365922169561,-4.326666905933843,42.42493187082881
2017-06-30 13:51:24.446799993,0.6213,-1.1723,-0.2599,19.610374209737834,-39.512732183423715,-4.52708404118345,44.343176151025276
2017-06-30 13:51:24.469340080,0.4459,-1.1958,0.0135,19.706139635906606,-39.70595971066679,-4.5496650697528915,44.56001153659942
2017-06-30 13:51:24.645982027,0.4872,-1.1931,-0.0351,20.471835047362706,-41.257470979858034,-4.727723070716805,46.29931216868825
2017-06-30 13:51:24.846868991,0.2804,-0.8719,0.075,21.353941800142614,-43.05712118512089,-4.927193781457605,48.313391039277086
2017-06-30 13:51:25.246993005,0.3337,-0.6742,-0.0606,23.164335545909392,-46.74957970400664,-5.33419893396496,52.44581319849912
2017-06-30 13:51:25.446923017,0.6582,-1.035,-0.1183,24.0952447734298,-48.63596190598154,-5.542295933980031,54.55964310212627
2017-06-30 13:51:25.468710060,0.4056,-1.2032,0.0102,24.196881597970687,-48.84209842152912,-5.564968119328894,54.790587945866186
2017-06-30 13:51:25.645981013,0.7001,-1.1561,-0.1305,25.045853418045606,-50.55566502347143,-5.75354202187698,56.71219697032715
2017-06-30 13:51:25.846917986,0.3547,-0.8853,-0.0107,26.022485890761146,-52.5337407065899,-5.967722930002306,58.928578818187695
2017-06-30 13:51:26.246820986,0.3238,-0.877,-0.0594,28.017954142024788,-56.610741522212194,-6.403483284562917,63.48847460897923
2017-06-30 13:51:26.446904003,0.662,-0.7942,-0.2785,29.042846509257227,-58.68237712077507,-6.632656021345323,65.81109666160128
2017-06-30 13:51:26.470579860,0.3895,-0.9959,0.0459,29.164340527920796,-58.92807235699197,-6.659748340701191,66.08652448193108
2017-06-30 13:51:34.779731988,0.6929,-1.1423,-0.1246,119.64243952930029,-224.02264518849978,-24.770558154236383,255.17452742201198
2017-06-30 13:51:34.979173004,0.2491,-0.8098,-0.0453,121.82405492803846,-228.01755062322084,-25.20706604259034,259.7469921477404
2017-06-30 13:51:35.179674983,0.3197,-0.8978,0.0555,124.03012810295273,-232.0698001857525,-25.64366485665719,264.38128220955906
2017-06-30 13:51:35.379680991,0.5569,-1.4246,-0.1935,126.25302157124591,-236.1690133393627,-26.086924144662394,269.0653376577647
2017-06-30 13:51:35.578998982,0.3874,-0.6626,-0.1261,128.48365882284864,-240.28044882342584,-26.533668286964655,273.7640959367313
2017-06-30 13:51:35.779996991,0.5634,-1.4413,-0.2124,130.75585921512385,-244.48476771705123,-26.992758963301256,278.56508288225336
2017-06-30 13:51:35.979737997,0.3344,-0.9437,-0.0687,133.0271910813118,-248.700443904885,-27.451719462047617,283.3756186881533
2017-06-30 13:51:36.179668009,0.2797,-0.8473,0.0257,135.31185237859307,-252.95397748277685,-27.910086973982352,288.2255801856917
2017-06-30 13:51:36.379674017,0.5678,-0.8802,-0.2326,137.62009546992977,-257.24433799947724,-28.377933276367543,293.1198512673269
2017-06-30 13:51:36.579127013,0.5353,-0.8067,-0.1952,139.9432513580192,-261.554927502409,-28.85225134284926,298.03950427585113
2017-06-30 13:51:36.779670000,0.594,-1.0874,-0.2786,142.302992253317,-265.93280645110684,-29.3403661035109,303.03672423370983
2017-06-30 13:51:36.979744970,0.6107,-1.3625,-0.0638,144.68167242270968,-270.35500939539287,-29.829895640419675,308.08187242052
2017-06-30 13:51:37.179669976,0.3213,-0.8954,0.0174,147.07141204204106,-274.80968687113494,-30.318362777691988,313.1606095277163
2017-06-30 13:51:37.379670023,0.4545,-1.0454,0.0062,149.48022864851097,-279.3078524107592,-30.806765258908502,318.2864621073901
2017-06-30 13:51:37.579086005,0.2549,-0.8386,-0.0392,151.89214726974296,-283.8262302312203,-31.29530030245222,323.4315216402069
2017-06-30 13:51:37.779861986,0.6122,-0.9528,-0.2697,154.3451933491581,-288.41383129623836,-31.79803898613194,328.65801690560903
2017-06-30 13:51:37.979722976,0.6089,-1.2991,-0.1467,156.81138238187623,-293.0324171997586,-32.304346398003446,333.91822048317545
2017-06-30 13:51:38.179884016,0.3163,-0.8134,0.0059,159.2939462710786,-297.69052537322403,-32.81117754568084,339.22084780793415
2017-06-30 13:51:38.379767000,0.4213,-1.08,-0.006,161.78989376446827,-302.3853121462742,-33.31754434231139,344.561903708346
2017-06-30 13:51:38.578894972,0.2652,-0.7821,-0.0957,164.28692908719333,-307.093377231561,-33.82579314637102,349.91530645338656
2017-06-30 13:51:38.779749989,0.5738,-1.0088,-0.2986,166.82876996181136,-311.88297331076404,-34.35049635450275,355.36289075807343
2017-06-30 13:51:38.979653000,0.5505,-1.2154,-0.1757,169.3805617508974,-316.6984366793439,-34.87973377690096,360.83828832669275
2017-06-30 13:51:39.179708003,0.2887,-0.7713,0.0014,171.94584809318195,-321.5484303548705,-35.40931756290394,366.3503616900565
2017-06-30 13:51:39.379805982,0.3945,-0.9849,0.0078,174.52748097751456,-326.43890051976723,-35.93870280881422,371.9056167208173
2017-06-30 13:51:39.578935027,0.5972,-1.1432,-0.2235,177.12029322593926,-331.3510201687153,-36.47438691988388,377.4857318369431
2017-06-30 13:51:39.779660999,0.4722,-0.772,-0.2505,179.7529240539961,-336.3336374349448,-37.02445985536813,383.1478043833272
2017-06-30 13:51:39.979758024,0.5853,-1.2346,-0.1981,182.40074061940462,-341.3500742873235,-37.58074090370968,388.84729069564105
2017-06-30 13:51:40.179729998,0.2757,-0.8391,-0.0072,185.05792733654013,-346.3969307023725,-38.13696222248828,394.5778731222519
2017-06-30 13:51:40.379813015,0.3073,-0.9275,0.0401,187.72889177693045,-351.4837204062172,-38.69188707509869,400.3498528085436
2017-06-30 13:51:40.578963994,0.5658,-1.1213,-0.2999,190.40985443746501,-356.5912865446031,-39.25612131306733,406.14566520766675
2017-06-30 13:51:40.779711008,0.4005,-0.7692,-0.1453,193.12844275364228,-361.7707839901401,-39.830732932403045,412.0232794821427
2017-06-30 13:51:40.979669988,0.5844,-1.4608,-0.2223,195.85972564191155,-366.98835731091367,-40.41197726213281,417.94092218461077
2017-06-30 13:51:41.179695010,0.2566,-0.8068,-0.042,198.60217718053912,-372.23993395561666,-40.99509398432206,423.89384395496415
2017-06-30 13:51:41.379640996,0.304,-1.0526,0.0464,201.35569852552464,-377.5315168028882,-41.576125301635756,429.8868894294041
2017-06-30 13:51:41.578885018,0.4465,-1.084,-0.1606,204.11727813296835,-382.84755495706787,-42.16149228046126,435.90561478413196
2017-06-30 13:51:41.779720008,0.3939,-0.6838,-0.1126,206.91679685138635,-388.23362265877114,-42.756075114242634,442.0045119013671
2017-06-30 13:51:41.979721009,0.5429,-1.1746,-0.2511,209.7264064831628,-393.64430860258744,-43.35823297909148,448.1304984472928
2017-06-30 13:51:42.179032981,0.3388,-1.0269,-0.0469,212.53979556963753,-399.0771479138088,-43.960179447962325,454.27770368454185
2017-06-30 13:51:42.379993975,0.313,-0.8987,0.03,215.38910203948492,-404.59123050165806,-44.56589460479881,460.51346129961007
2017-06-30 13:51:42.579164981,0.4655,-0.9433,-0.1292,218.231495294787,-410.0936182281654,-45.17133981743373,466.73569736090354
2017-06-30 13:51:42.779334008,0.3586,-0.6902,-0.1185,221.10249968266075,-415.65123241605914,-45.78456685556923,473.0206009647592
2017-06-30 13:51:42.979740023,0.5211,-1.1707,-0.2329,223.9978318814485,-421.2624448041151,-46.40787378011383,479.36496204741616
2017-06-30 13:51:43.179750025,0.2969,-1.1104,-0.0124,226.89931993688472,-426.9069895790979,-47.03044506646267,485.7414352332508
2017-06-30 13:51:43.379786014,0.3363,-0.836,0.0099,229.81464181999422,-432.58571977713376,-47.652701100037035,492.1544010491856
2017-06-30 13:51:43.579064011,0.3964,-0.9407,0.0009,232.73465846346883,-438.28028850206374,-48.27256349187885,498.5832657898149
2017-06-30 13:51:43.779779016,0.2734,-0.7188,-0.0972,235.68674589014725,-444.0448791182357,-48.90081160519307,505.0894833938458
2017-06-30 13:51:43.979735970,0.6459,-1.0737,-0.287,238.65350889157293,-449.8306278140195,-49.53816203940307,511.6220485124319
2017-06-30 13:51:44.179670989,0.5694,-1.2458,-0.1208,241.64270764555164,-455.66554144513964,-50.18027141778424,518.2087836560939
2017-06-30 13:51:44.380482971,0.3199,-0.8176,0.0217,244.65791785513733,-461.5590184981238,-50.82432217976584,524.8593488270883
2017-06-30 13:51:44.579086005,0.4304,-1.0449,0.0086,247.6569368474682,-467.4288809913701,-51.46094912019491,531.4808994101919
2017-06-30 13:51:44.779658973,0.2451,-0.7513,-0.0711,250.69556322006264,-473.38719080506667,-52.10675105136356,538.1996017665433
2017-06-30 13:51:44.978751003,0.619,-1.0499,-0.2608,253.73628947828936,-479.343122770196,-52.75812217543035,544.9177492069524
2017-06-30 13:51:45.179660022,0.5926,-1.2836,-0.125,256.8286865154096,-485.4052226054887,-53.4204835124321,551.7544312541736
2017-06-30 13:51:45.380167007,0.3374,-0.8574,0.022,259.92845994378143,-491.48966182076833,-54.08063494764876,558.6140054114111
2017-06-30 13:51:54.613249003,0.3904,-1.0966,0.0865,435.9504578594293,-865.154990534452,-77.10562918710741,971.8493902899016
2017-06-30 13:51:54.852572977,0.4515,-1.1358,0.0536,440.5388555879531,-874.9055506121183,-77.69937325219928,982.6349262968531
2017-06-30 13:51:55.132510060,0.546,-1.3575,-0.1702,445.94868832810835,-886.417154009621,-78.407212948828,995.3659098977015
2017-06-30 13:51:55.213299989,0.5125,-0.7924,-0.1582,447.5133128292068,-889.7445783262455,-78.61252827826922,999.046299939408
2017-06-30 13:51:55.412413001,0.618,-1.0541,-0.2813,451.3939518270606,-897.9870630653593,-79.1296961627285,1008.1660448525362
2017-06-30 13:51:55.612860977,0.3146,-0.8448,-0.2048,455.31324921621336,-906.3187535405272,-79.65856016664297,1017.383567853788
2017-06-30 13:51:55.813215017,0.2907,-0.916,0.0844,459.24237910796836,-914.683309367957,-80.18378836587831,1026.6345791574374
2017-06-30 13:51:56.132120250,0.5521,-1.1966,-0.1881,465.5525575153216,-928.1189390413175,-81.03892843990717,1041.4947223768952
2017-06-30 13:51:56.213316977,0.4494,-0.7836,-0.0926,467.16216014862624,-931.5449621064779,-81.25726686975267,1045.2842884688512
2017-06-30 13:51:56.412490010,0.6712,-1.4076,-0.2433,471.13709152445574,-940.0047289298385,-81.80249589853636,1054.642450196185
2017-06-30 13:51:56.613242983,0.3771,-0.8419,-0.0954,475.1587518339932,-948.5655328984642,-82.35589474389865,1064.1122605470034
2017-06-30 13:51:56.813407003,0.2652,-0.8868,0.0612,479.179239124863,-957.1367520708121,-82.90521805517722,1073.5906019306067
2017-06-30 13:51:57.132150050,0.4664,-0.9583,-0.209,485.6288853793474,-970.8830017240264,-83.80119940500931,1088.7937630116924
2017-06-30 13:51:57.213201999,0.3983,-0.6054,-0.1031,487.2715578299887,-974.382460041836,-84.02971237891424,1092.6645148762393
2017-06-30 13:51:57.412667989,0.5717,-1.1796,-0.2747,491.3368628844381,-983.0414360007327,-84.60300415559806,1102.2431882464305
2017-06-30 13:51:57.613352000,0.4888,-1.0419,-0.0523,495.44667832248706,-991.7952487678782,-85.18190302056631,1111.92678857087
2017-06-30 13:51:57.813188016,0.2574,-0.8144,0.0614,499.54940676204416,-1000.5445946961322,-85.75590376058561,1121.6029470368524
2017-06-30 13:51:58.131940240,0.4383,-1.2338,-0.0071,506.1380740881521,-1014.6257624668604,-86.67219589881489,1137.1689660930094
2017-06-30 13:51:58.213432013,0.2924,-0.6761,-0.0946,507.82446588492763,-1018.2302251578965,-86.90708216784127,1141.1535043574727
2017-06-30 13:51:58.412433028,0.6276,-1.224,-0.2558,511.9674492855432,-1027.0807113648937,-87.49079901488479,1150.9387892924733
2017-06-30 13:51:58.613099992,0.5259,-1.2524,-0.1105,516.1662924580737,-1036.055720630402,-88.08385201168447,1160.86082831066
2017-06-30 13:51:58.813184976,0.3091,-0.8166,0.0283,520.3653325366269,-1045.0373920854693,-88.67405205719942,1170.7887587737575
2017-06-30 13:51:59.133389830,0.4689,-1.3066,0.0249,527.133319044627,-1059.5451255680916,-89.6160222818062,1186.8177790257948
2017-06-30 13:51:59.213198006,0.1589,-0.6739,-0.0822,528.821190816174,-1063.1653397792682,-89.85132343678276,1190.8172201843338
2017-06-30 13:51:59.412445008,0.688,-1.0351,-0.2452,533.0624004401682,-1072.244564579942,-90.44850442267095,1200.8517231476008
2017-06-30 13:51:59.613447010,0.6005,-1.4198,-0.0493,537.3652286121262,-1081.4611231518106,-91.05293728478794,1211.03682322146
2017-06-30 13:51:59.812976002,0.334,-0.698,-0.0091,541.6498213653567,-1090.6379283446242,-91.65330294797506,1221.178098260139
2017-06-30 13:52:00.125899910,0.3832,-1.0722,0.0366,548.4069272632313,-1105.1350223368802,-92.59128028795519,1237.1930813948154
2017-06-30 13:52:00.213325023,0.2838,-0.9062,0.0382,550.2969059544221,-1109.1921666736273,-92.85304172250747,1241.6745284776794
2017-06-30 13:52:00.412436008,0.6306,-1.0355,-0.2353,554.6263389492343,-1118.4733789536276,-93.45853277029927,1251.9295398031604
2017-06-30 13:52:00.613312005,0.5268,-1.3036,-0.114,559.015407037861,-1127.8894659785906,-94.07399120414792,1262.3322813713723
2017-06-30 13:52:00.813238024,0.3323,-0.7253,0.0268,563.3970006180609,-1137.2900132087575,-94.68546781950023,1272.7176011456747
2017-06-30 13:52:01.135200020,0.3666,-1.0244,0.0266,570.4911453769623,-1152.5348966555016,-95.66743588887012,1289.553834956795
2017-06-30 13:52:01.213178992,0.3373,-1.1735,0.0059,572.2113933413425,-1156.2343325718546,-95.90523199756902,1293.6388692413466
2017-06-30 13:52:01.412422001,0.4869,-0.6978,-0.1337,576.6261043265405,-1165.7144119904926,-96.5181291879939,1304.1102345181916
2017-06-30 13:52:01.613179981,0.5617,-1.3276,-0.1674,581.0970217857757,-1175.3200817476968,-97.14243347510595,1314.7196262584569
2017-06-30 13:52:01.813167989,0.2571,-0.6437,-0.0247,585.5610745925054,-1184.9146555566995,-97.76533123421048,1325.3160276033473
2017-06-30 13:52:02.134999750,0.3857,-0.8789,-0.0129,592.7848243538218,-1200.4458069384477,-98.7690688781861,1342.4676205955047
2017-06-30 13:52:02.213227987,0.5174,-1.1699,-0.1549,594.543880781015,-1204.2281518053846,-99.01399716495716,1346.6445854082451
2017-06-30 13:52:02.412424981,0.4649,-0.707,-0.1444,599.0415128410583,-1213.887404296436,-99.64340165605384,1357.3143231801662
2017-06-30 13:52:02.613170027,0.5341,-1.3678,-0.1017,603.5956215487982,-1223.676843696328,-100.28179590557271,1368.126138461485
2017-06-30 13:52:02.813582003,0.2995,-0.7166,0.0036,608.1542036251345,-1233.4788229701796,-100.91898635715052,1378.9511173026317
2017-06-30 13:52:03.133939980,0.4187,-1.1376,-0.042,615.4840550454599,-1249.2640101416937,-101.94184392023737,1396.378648000737
2017-06-30 13:52:03.213182985,0.3443,-0.7934,-0.0906,617.2993120815239,-1253.17357949017,-102.1954245094652,1400.694958161554
2017-06-30 13:52:03.412434995,0.3963,-0.7241,-0.115,621.8794058681721,-1263.0327160738207,-102.83760407427799,1411.5811029223582
2017-06-30 13:52:03.613184988,0.606,-1.0123,-0.2522,626.5183550859363,-1273.0067702190045,-103.4947753668036,1422.5971512734143
2017-06-30 13:52:03.813371002,0.2739,-0.7096,-0.0315,631.1552482145049,-1282.9812404782183,-104.15136277345425,1433.612680306403
2017-06-30 13:52:04.131760230,0.3608,-1.0997,0.0289,638.566648138164,-1298.9567836742756,-105.19271366490386,1451.2482892241474
2017-06-30 13:52:04.213173985,0.4662,-1.0653,-0.1686,640.4648710941044,-1303.0488728474645,-105.46010993153932,1455.7655892764494
2017-06-30 13:52:04.412442028,0.3881,-0.6858,-0.0778,645.1263660307383,-1313.0918886285128,-106.11767743071253,1466.8535365172997
2017-06-30 13:52:04.613198995,0.4995,-1.2055,-0.1895,649.8428230262806,-1323.2585311801263,-106.78779573842499,1478.0772876607036
2017-06-30 13:52:04.813377022,0.3262,-0.8331,-0.0828,654.5587500115448,-1333.4292386690297,-107.45929946765851,1489.3046004079301
2017-06-30 13:52:05.131940240,0.3158,-0.9102,0.0412,662.0957221784626,-1349.7072671755834,-108.52374910648865,1507.268342570005
2017-06-30 13:52:05.213236987,0.4525,-1.0737,-0.167,664.0221342509882,-1353.8684863511785,-108.7964984253717,1511.8604271491765
2017-06-30 13:52:14.796362996,0.4001,-0.6247,-0.0973,927.8481068649443,-1901.7562560866422,-149.8834091874653,2121.3307152179736
2017-06-30 13:52:14.996354997,0.2536,-0.7218,-0.046,933.3640822975595,-1913.2190953702202,-150.7426992596099,2134.0804057936716
2017-06-30 13:52:15.196317017,0.3171,-0.9279,0.0466,938.8919100078798,-1924.7173181528294,-151.5999972226042,2146.8668642078296
2017-06-30 13:52:15.396300017,0.5144,-1.1808,-0.0947,944.4408901996935,-1936.2639712990037,-152.46117248930324,2159.706269553476
2017-06-30 13:52:15.595529973,0.6302,-1.0027,-0.2544,949.9939897452391,-1947.8069448053925,-153.329202757201,2172.5446644896288
2017-06-30 13:52:15.796494007,0.5315,-1.359,-0.1005,955.6168883722613,-1959.5052725331307,-154.2088471229968,2185.553687045556
2017-06-30 13:52:15.996300995,0.3078,-0.8247,-0.0371,961.2197015320986,-1971.1691717565288,-155.0849080928126,2198.522810210286
2017-06-30 13:52:16.196298003,0.2961,-0.8109,0.0529,966.8396867125508,-1982.8765985851023,-155.95968627550545,2211.538380576291
2017-06-30 13:52:16.396342992,0.6216,-1.2921,-0.183,972.4858953630412,-1994.6385413806574,-156.841997618563,2224.614829506041
2017-06-30 13:52:16.595551013,0.4669,-0.8997,-0.1299,978.1270092304917,-2006.3869769441596,-157.72577239045287,2237.677047009571
2017-06-30 13:52:16.796312987,0.5483,-1.0437,-0.2464,983.8342269142452,-2018.2691247125076,-158.62637242745444,2250.889240243783
2017-06-30 13:52:16.996379971,0.2883,-0.7494,-0.07,989.5332272994914,-2030.1401354059367,-159.52665667811124,2264.0878365263743
2017-06-30 13:52:17.195496022,0.3103,-0.9474,0.0918,995.2174424460133,-2041.992284076713,-160.4190221987911,2277.2625032395435
2017-06-30 13:52:17.396317005,0.5737,-1.2309,-0.1642,1000.9734654938052,-2053.995557867727,-161.32565063572318,2290.6050720095927
2017-06-30 13:52:17.595609009,0.3922,-0.804,-0.1033,1006.7012413709735,-2065.939375744989,-162.22947912601364,2303.8817889659513
2017-06-30 13:52:17.796280980,0.6183,-1.0988,-0.2312,1012.4935768271985,-2078.0101446031877,-163.1488762867199,2317.301654947779
2017-06-30 13:52:17.996311008,0.3179,-0.7208,-0.0448,1018.2801026124698,-2090.0711401292524,-164.06712486445113,2330.7101406307356
2017-06-30 13:52:18.196961998,0.3401,-0.9129,0.0609,1024.0982844686546,-2102.2063312357573,-164.98577211764092,2344.199023193338
2017-06-30 13:52:18.396380007,0.5484,-1.166,-0.1173,1029.9025226781437,-2114.313321716526,-165.9034391046887,2357.656459222492
2017-06-30 13:52:18.595641970,0.4537,-0.8362,-0.2068,1035.7202333384291,-2126.4440399886253,-166.8285990730631,2371.1415897028246
2017-06-30 13:52:18.796455025,0.5727,-1.2256,-0.2337,1041.6063247684813,-2138.718609419221,-167.77038481673347,2384.7867678464136
2017-06-30 13:52:18.996469020,0.2616,-0.7633,-0.0727,1047.4794601767137,-2150.9748730919614,-168.71133148535603,2398.409814342962
2017-06-30 13:52:19.196285009,0.3056,-0.8865,0.0855,1053.3589829283876,-2163.254398324716,-169.64793294401116,2412.056209946056
2017-06-30 13:52:19.396273016,0.5986,-1.3343,-0.1837,1059.2675083841953,-2175.5978603797225,-170.59268782483912,2425.7731900461326
2017-06-30 13:52:19.595547974,0.4264,-0.7467,-0.1037,1065.1718997968942,-2187.926964166274,-171.53819220083227,2439.4755436417686
2017-06-30 13:52:19.796509981,0.6081,-1.4422,-0.2209,1071.1508359695556,-2200.4186896511865,-172.50062236353864,2453.3574928820162
2017-06-30 13:52:19.996357023,0.3269,-0.8763,-0.117,1077.1096561845388,-2212.876107721657,-173.46238567493893,2467.1998457391664
2017-06-30 13:52:20.196325004,0.2867,-0.9105,0.0883,1083.08354675452,-2225.377472835686,-174.42120013574734,2481.0879913682406
2017-06-30 13:52:20.396539986,0.5973,-1.1717,-0.2185,1089.0887596816654,-2237.941248482197,-175.38995772633956,2495.046491629815
2017-06-30 13:52:20.595520973,0.4086,-0.7668,-0.0785,1095.0731382567958,-2250.4579494272293,-176.35585260938606,2508.953476456146
2017-06-30 13:52:20.796514987,0.5778,-1.2404,-0.2415,1101.1414011832437,-2263.1513882477475,-177.34127540238583,2523.056979041268
2017-06-30 13:52:20.997188985,0.3584,-0.9358,-0.0663,1107.2144352099733,-2275.8623017121913,-178.32779914245674,2537.178319677008
2017-06-30 13:52:21.196277022,0.3073,-0.9256,0.0756,1113.2516531650058,-2288.5094457736027,-179.3035297312145,2551.2260743500747
2017-06-30 13:52:21.396292984,0.5509,-0.9719,-0.2229,1119.3390493723446,-2301.254418832882,-180.29272550418258,2565.3844301619547
2017-06-30 13:52:21.595529019,0.2878,-0.7348,-0.099,1125.414133071124,-2313.978862999713,-181.28199388730187,2579.5190076123554
2017-06-30 13:52:21.796334028,0.6972,-1.0896,-0.2856,1131.5651707086772,-2326.847447101252,-182.29056885970746,2593.817385464475
2017-06-30 13:52:21.996345996,0.4141,-1.1618,-0.0169,1137.708481981265,-2339.711686751594,-183.29583673895056,2608.108266705954
2017-06-30 13:52:22.196325004,0.29,-0.8034,0.0464,1143.8623784617905,-2352.6059357564613,-184.2990833495512,2622.430548544667
2017-06-30 13:52:22.396526992,0.5698,-0.998,-0.1377,1150.0459747020584,-2365.5545627429137,-185.30896772832725,2636.815038405759
2017-06-30 13:52:22.595708012,0.3225,-0.6746,-0.1022,1156.2108310886586,-2378.463919209647,-186.31775659886603,2651.1560511091902
2017-06-30 13:52:22.796284019,0.606,-1.0898,-0.299,1162.4432435755266,-2391.507531281894,-187.34563962700244,2665.648318026904
2017-06-30 13:52:22.996284008,0.6016,-1.2367,-0.074,1168.6818216987742,-2404.5631524549317,-188.37353076074098,2680.1540518418774
2017-06-30 13:52:23.196357011,0.3298,-0.7938,0.0464,1174.9358789721762,-2417.655315027996,-189.3999397915334,2694.699218683279
2017-06-30 13:52:23.396531999,0.5016,-1.1101,0.059,1181.2132233070402,-2430.7986329217656,-190.42450789145133,2709.300309293053
2017-06-30 13:52:23.595534980,0.3104,-0.7856,-0.0498,1187.4661068600008,-2443.896109319569,-191.44504942388082,2723.8493267869067
2017-06-30 13:52:23.796398997,0.6541,-0.9303,-0.231,1193.8038566766402,-2457.153604904533,-192.4844548638329,2738.5802437897614
2017-06-30 13:52:23.996330022,0.5684,-1.2506,-0.1003,1200.1348886398569,-2470.399510334142,-193.5230416092422,2753.297778886887
2017-06-30 13:52:24.196353018,0.3284,-0.7616,0.0295,1206.481971985106,-2483.6819800669227,-194.5609258473598,2768.0550718330733
2017-06-30 13:52:24.396485984,0.4109,-0.9884,0.0728,1212.8490027344612,-2497.0113409129544,-195.5964648272594,2782.8629713183527
2017-06-30 13:52:24.595525979,0.3466,-1.0184,0.0288,1219.1949929256516,-2510.3082530017027,-196.62520752932238,2797.632110928703
2017-06-30 13:52:24.796517014,0.6113,-0.8124,-0.2345,1225.6278830341241,-2523.7683236055686,-197.67350741501417,2812.586900780014
2017-06-30 13:52:24.996313989,0.5513,-1.1746,-0.1753,1232.0445634819216,-2537.195318446762,-198.7225772668745,2827.5050049591628
2017-06-30 13:52:25.196362018,0.3668,-0.7101,0.0232,1238.4839858286477,-2550.667602562379,-199.77203687702703,2842.473688292176
2017-06-30 13:52:25.396329998,0.4173,-1.0021,0.0348,1244.9375181032144,-2564.1745669243737,-200.81968499274714,2857.4795151537614
2017-06-30 13:52:33.878826975,0.3314,-1.0075,-0.0322,1542.5368291907876,-3209.6226195966337,-247.57703849540619,3569.648668934589
2017-06-30 13:52:34.279021978,0.4899,-1.2086,0.0166,1556.6557022064815,-3240.267722935165,-249.78034110689043,3603.456966623976
2017-06-30 13:52:34.478815972,0.3092,-0.8176,0.0746,1563.716773509102,-3255.5996700504393,-250.87734357413382,3620.369981218088
2017-06-30 13:52:34.678054988,0.4789,-1.1091,0.0271,1570.7772414159056,-3270.933055871056,-251.97022307486662,3637.2837655943927
2017-06-30 13:52:34.788329830,0.6653,-1.137,-0.2516,1574.693160714332,-3279.4336072083233,-252.57816978536283,3646.6613588788323
2017-06-30 13:52:34.877961993,0.3949,-0.7153,-0.0843,1577.8792199105617,-3286.348661466754,-253.07299038436386,3654.2901220089207
2017-06-30 13:52:35.279030025,0.4995,-1.1311,-0.0235,1592.2159061614545,-3317.4727035448054,-255.29089449646628,3688.624414522469
2017-06-30 13:52:35.478883981,0.277,-0.8528,0.0961,1599.371003502604,-3333.01601215583,-256.3922474361682,3705.7685206549863
2017-06-30 13:52:35.677902996,0.4535,-0.9252,-0.037,1606.5141710809285,-3348.5310304684276,-257.490464709398,3722.881838483469
2017-06-30 13:52:35.788670180,0.6788,-1.1107,-0.2374,1610.4981425469275,-3357.1797871582157,-258.10460766983863,3732.4225884740313
2017-06-30 13:52:35.879050016,0.3601,-0.6574,-0.1068,1613.7517822478492,-3364.24205958149,-258.6065864241765,3740.2134720771196
2017-06-30 13:52:36.279181003,0.5429,-1.1964,-0.0033,1628.243266405023,-3395.6998090480242,-260.8294827595784,3774.9152767762507
2017-06-30 13:52:36.478987991,0.3093,-0.7992,0.1109,1635.4919943606276,-3411.440266761087,-261.9350673781171,3792.277513160006
2017-06-30 13:52:36.677986979,0.4548,-1.1535,0.0334,1642.729419517961,-3427.162750885042,-263.03485846018543,3809.618327807776
2017-06-30 13:52:36.792030090,0.5497,-1.1401,-0.2169,1646.8842204715716,-3436.18788094657,-263.6679519590606,3819.5726956941953
2017-06-30 13:52:36.878771007,0.3093,-0.7663,-0.0519,1650.0466792918194,-3443.058138879789,-264.1498718524367,3827.150186019354
2017-06-30 13:52:37.278909027,0.6071,-1.3447,-0.0805,1664.7323839856522,-3474.9661110915945,-266.3858692661337,3862.341882183692
2017-06-30 13:52:37.478771984,0.3548,-0.7767,0.0122,1672.081846415748,-3490.9346914716425,-267.5022292038887,3879.9536290866104
2017-06-30 13:52:37.677888989,0.4499,-1.0593,0.0144,1679.42171576604,-3506.8856707239215,-268.61385160680265,3897.545100212486
2017-06-30 13:52:37.788350100,0.5912,-1.0083,-0.2088,1683.5007570180258,-3515.746855696434,-269.2330771582559,3907.3184157495702
2017-06-30 13:52:37.877925992,0.357,-0.8565,-0.0883,1686.8114260164803,-3522.939501831994,-269.7359323520824,3915.251332125418
2017-06-30 13:52:38.278809010,0.4911,-1.3223,-0.1204,1701.706735180337,-3555.341577683003,-272.0057319622937,3950.980468792516
2017-06-30 13:52:38.478897988,0.308,-0.7352,-0.0315,1709.1536219972413,-3571.543555842126,-273.13989685828267,3968.8455346762307
2017-06-30 13:52:38.678005993,0.3176,-0.8246,0.0728,1716.5765900161082,-3587.6987912651375,-274.2656152193293,3986.657677043302
2017-06-30 13:52:38.787770150,0.627,-1.0177,-0.3135,1720.676274151139,-3596.617102433844,-274.8899777507772,3996.491701707147
2017-06-30 13:52:38.878850996,0.526,-1.3098,-0.1753,1724.0825013827434,-3604.0282648440734,-275.40951976285,4004.6636074638236
2017-06-30 13:52:39.278783023,0.5934,-1.4911,-0.1219,1739.1340085046777,-3636.808851055649,-277.7103034767118,4040.802981006546
2017-06-30 13:52:39.479157984,0.3804,-0.8353,-0.0049,1746.6904259791131,-3653.2662011038547,-278.86324471841624,4058.946426055629
2017-06-30 13:52:39.678098022,0.3101,-0.8957,0.0087,1754.205003389308,-3669.641146198333,-280.0075852086839,4076.9971282259075
2017-06-30 13:52:39.788519970,0.535,-0.7031,-0.1778,1758.3825034123581,-3678.7386554154677,-280.6449209244645,4087.026877180454
2017-06-30 13:52:39.878795027,0.5431,-1.2388,-0.2278,1761.8022292142373,-3686.1863862848045,-281.16782886782295,4095.237785194643
2017-06-30 13:52:40.278519988,0.6526,-1.3901,-0.1993,1777.0485553925362,-3719.3859770182776,-283.5150341526968,4131.841525137855
2017-06-30 13:52:40.478874981,0.3271,-0.7684,-0.0754,1784.7036344025619,-3736.057523753048,-284.6945555696538,4150.222147477467
2017-06-30 13:52:40.678345978,0.302,-0.8264,0.0242,1792.3369542474727,-3752.6883945104196,-285.86790987683014,4168.5563934954325
2017-06-30 13:52:40.788260100,0.428,-0.6476,-0.11,1796.548298600209,-3761.8602951478274,-286.515789979304,4178.6684442918495
2017-06-30 13:52:40.879028975,0.574,-1.0933,-0.1326,1800.0308246467484,-3769.443608003672,-287.0519124268299,4187.029362689745
2017-06-30 13:52:41.278778970,0.5313,-1.1324,-0.2083,1815.4529195877537,-3803.021798685598,-289.4463048929553,4224.0529433156635
2017-06-30 13:52:41.478807985,0.3667,-0.9778,-0.0574,1823.184581209513,-3819.8629545340746,-290.6467203146929,4242.620714206207
2017-06-30 13:52:41.678128004,0.2524,-0.7704,0.0374,1830.8988656870015,-3836.6750242951075,-291.8413950602614,4261.154456047625
2017-06-30 13:52:41.788509840,0.3529,-0.6248,-0.0919,1835.1752746590755,-3845.993027029543,-292.50411612452086,4271.427081272683
2017-06-30 13:52:41.878766000,0.5594,-0.9576,-0.2063,1838.6765324123962,-3853.619899712885,-293.04768527881487,4279.835822570124
2017-06-30 13:52:42.279240012,0.6656,-0.9436,-0.2458,1854.318649846363,-3887.612295703526,-295.49896762913977,4317.330964466723
2017-06-30 13:52:42.478767991,0.5839,-1.4289,-0.0896,1862.1352605573138,-3904.6051977305738,-296.7238359865413,4336.07362871043
2017-06-30 13:52:42.677883028,0.306,-0.772,0.0284,1869.947825974215,-3921.593538669748,-297.9450433941138,4354.810214381922
2017-06-30 13:52:42.788980120,0.3835,-0.7269,-0.1282,1874.311613851595,-3931.0812284340313,-298.62800364063486,4365.274600173942
2017-06-30 13:52:42.878947019,0.475,-1.0184,-0.0003,1877.8492725593596,-3938.772643049369,-299.181070189732,4373.757782141771
2017-06-30 13:52:43.278768002,0.638,-0.7886,-0.2275,1893.6729343779793,-3973.0800437877565,-301.67531505510146,4411.617641234769
2017-06-30 13:52:43.478766977,0.5261,-1.211,-0.0912,1901.609310971289,-3990.2897761556387,-302.92663744622473,4430.608876547262
2017-06-30 13:52:43.677887976,0.2926,-0.7429,0.0321,1909.5224489929628,-4007.453414846464,-304.1711939156281,4449.548176004023
2017-06-30 13:52:43.787940020,0.3231,-0.7806,-0.1376,1913.8998688555305,-4016.9490283658533,-304.8607134856576,4460.026037942108
2017-06-30 13:52:43.878843009,0.378,-1.0026,0.0157,1917.5187412356931,-4024.8006900275986,-305.4301269199635,4468.689548387435
2017-06-30 13:52:44.278773009,0.5578,-0.7604,-0.2004,1933.529278597569,-4059.4658955810346,-307.9673285092405,4506.954925890505
2017-06-30 13:52:44.478842020,0.6333,-1.36,-0.1536,1941.5640606720774,-4076.8619513906606,-309.2427374023077,4526.157911852654
2017-06-30 13:52:44.788710110,0.284,-0.8118,-0.1059,1954.0356487508188,-4103.883015071765,-311.2282667133393,4555.98223789173
2017-06-30 13:52:53.946714997,0.3307,-0.8636,0.0035,2350.3630335525418,-4974.907090581332,-369.6161050084494,5514.573692905767
2017-06-30 13:52:54.146715998,0.4262,-0.9238,0.0272,2359.0354465829096,-4993.966274228289,-370.89014474091937,5535.549375249953
2017-06-30 13:52:54.346652984,0.6778,-1.2389,-0.1059,2367.7321787229052,-5013.068882315273,-372.1680100183104,5556.57487276817
2017-06-30 13:52:54.546760022,0.4998,-0.734,-0.0957,2376.4563210816477,-5032.2171291396135,-373.4507942543803,5577.65357265439
2017-06-30 13:52:54.745934009,0.629,-1.1496,-0.2043,2385.164737466693,-5051.321697243994,-374.73570181362965,5598.686324497584
2017-06-30 13:52:54.946730017,0.3399,-0.7481,-0.0185,2393.9577773639985,-5070.612010639465,-376.03181922708313,5619.923480912707
2017-06-30 13:52:55.146694004,0.3215,-0.8466,0.0322,2402.727237673792,-5089.856244242341,-377.3212784950498,5641.108589002468
2017-06-30 13:52:55.346639990,0.447,-1.0793,-0.0691,2411.513778889761,-5109.1418941402535,-378.613384191588,5662.338535881023
2017-06-30 13:52:55.546993970,0.5174,-0.8549,-0.2681,2420.3390185528647,-5128.501213967514,-379.91888845145075,5683.652349343501
2017-06-30 13:52:55.745917975,0.7186,-1.2654,-0.2323,2429.129705885745,-5147.772434468247,-381.22426729793574,5704.871962372561
2017-06-30 13:52:55.946648001,0.2688,-0.8077,-0.0604,2438.0110340608285,-5167.251161694378,-382.543931282692,5726.318383533653
2017-06-30 13:52:56.146872997,0.2547,-1.0194,0.1248,2446.880228048162,-5186.721748893354,-383.855271799091,5747.751753559326
2017-06-30 13:52:56.346638977,0.5223,-1.0453,-0.1561,2455.749932536713,-5206.189413960855,-385.1698354624082,5769.18293585342
2017-06-30 13:52:56.546872019,0.5398,-0.8313,-0.2716,2464.662017147868,-5225.73592485615,-386.49836196814107,5790.7042575931655
2017-06-30 13:52:56.746098995,0.5446,-1.1262,-0.2446,2473.550939138742,-5245.228925228817,-387.829921838583,5812.167648549423
2017-06-30 13:52:56.946649014,0.2865,-0.9115,-0.0219,2482.5104145377045,-5264.88803714523,-389.1712052668693,5833.811638112083
2017-06-30 13:52:57.146640002,0.3105,-0.9978,0.0666,2491.457334377027,-5284.532257903884,-390.5060861222398,5855.436434386964
2017-06-30 13:52:57.346655011,0.5193,-1.0762,-0.1831,2500.426103952366,-5304.2218925993075,-391.8484524100005,5877.112028616802
2017-06-30 13:52:57.546620011,0.4518,-0.727,-0.1145,2509.4106967753523,-5323.935674192355,-393.1950614681101,5898.816446067081
2017-06-30 13:52:57.746070981,0.6119,-1.0515,-0.2047,2518.396535609196,-5343.640608936238,-394.54635204029734,5920.513735475086
2017-06-30 13:52:57.946615993,0.3218,-0.9857,0.0114,2527.444606425729,-5363.493273705933,-395.90459631462005,5942.371309925216
2017-06-30 13:52:58.146721005,0.337,-0.9111,0.0602,2536.486319742761,-5383.338863589646,-397.25745004291065,5964.219450363261
2017-06-30 13:52:58.346633970,0.443,-1.0223,-0.1086,2545.5370600272277,-5403.2062634612685,-398.6133456154489,5986.091333147356
2017-06-30 13:52:58.546643018,0.4171,-0.6856,-0.1368,2554.6088358257034,-5423.110638566558,-399.9753653592696,6008.005958311528
2017-06-30 13:52:58.746035993,0.5283,-1.137,-0.2855,2563.673672425813,-5442.9989080490805,-401.3445405578846,6029.903585626254
2017-06-30 13:52:58.946816027,0.285,-0.9752,-0.0248,2572.8130568302145,-5463.064841328891,-402.7242400516114,6051.993993675559
2017-06-30 13:52:59.146620988,0.3165,-0.902,0.1702,2581.9206918278514,-5483.069335590565,-404.0904444112187,6074.014560819461
2017-06-30 13:52:59.346641004,0.5085,-0.8028,-0.227,2591.058473668783,-5503.1274796099115,-405.4672010677667,6096.097089281819
2017-06-30 13:52:59.546639978,0.3716,-0.7429,-0.1764,2600.2101580673884,-5523.21322921822,-406.8508688178475,6118.210920766448
2017-06-30 13:52:59.745981991,0.6324,-1.0884,-0.2029,2609.3569106425107,-5543.276250727316,-408.23805415148814,6140.302385701597
2017-06-30 13:52:59.946735978,0.5211,-1.166,-0.0669,2618.589452707445,-5563.528374414667,-409.6377613738033,6162.601868552854
2017-06-30 13:53:00.146777987,0.3387,-0.8848,0.1047,2627.802805070651,-5583.744080412729,-411.0283147471477,6184.859724634444
2017-06-30 13:53:00.346624970,0.4614,-1.1464,-0.0183,2637.0256028742465,-5603.985863468502,-412.41824331528017,6207.145108307713
2017-06-30 13:53:00.546823024,0.2257,-0.7397,-0.0208,2646.273648246911,-5624.292851874048,-413.811447218197,6229.500318556565
2017-06-30 13:53:00.745979011,0.5931,-0.9641,-0.232,2655.4970800633087,-5644.532377941834,-415.2066010842339,6251.784307655085
2017-06-30 13:53:00.946646988,0.5855,-1.1462,-0.1088,2664.8141127711597,-5664.971717028053,-416.6167280615415,6274.2894664219
2017-06-30 13:53:01.147023975,0.2847,-0.7593,-0.0114,2674.1290657581726,-5685.411903495873,-418.02526792479716,6296.794414411895
2017-06-30 13:53:01.346665024,0.3549,-1.0565,0.0652,2683.423952181614,-5705.819126363305,-419.42603590226366,6319.260574585289
2017-06-30 13:53:01.546688973,0.4683,-1.1195,-0.142,2692.7554021467045,-5726.310279830408,-420.83517183218225,6341.8186128690795
2017-06-30 13:53:01.746002972,0.5855,-0.8095,-0.2669,2702.0769913773784,-5746.760861788341,-422.2499091688717,6364.3362148543365
2017-06-30 13:53:01.946627974,0.6072,-1.0441,-0.2508,2711.4843341084415,-5767.387984439469,-423.68404684625153,6387.050933625336
2017-06-30 13:53:02.146923005,0.3039,-0.7004,-0.0002,2720.888396329889,-5788.0092800642915,-425.115833799145,6409.758853774433
2017-06-30 13:53:02.346387028,0.3492,-1.0846,0.0662,2730.26733508737,-5808.588171372762,-426.5390465565965,6432.417261332948
2017-06-30 13:53:02.546633005,0.4254,-1.1138,-0.1141,2739.7000997535074,-5829.292399267706,-427.9724139339991,6455.212382241046
2017-06-30 13:53:02.745927989,0.4224,-0.7515,-0.1247,2749.104844139867,-5849.928148660218,-429.4039269675957,6477.933661365762
2017-06-30 13:53:02.946640014,0.5758,-1.1695,-0.2878,2758.5996550767272,-5870.757737465665,-430.8572125585485,6500.869665407555
2017-06-30 13:53:03.146654009,0.22,-0.7924,-0.0359,2768.0702464888195,-5891.54658621496,-432.30688015932355,6523.758372722807
2017-06-30 13:53:03.346341013,0.3162,-0.9621,0.0752,2777.537963436789,-5912.339812151124,-433.75117919219804,6546.649469624167
2017-06-30 13:53:03.546818017,0.4528,-0.913,-0.0851,2787.0613349827418,-5933.251994477688,-435.2046124050073,6569.672226952258
2017-06-30 13:53:03.745836019,0.3537,-0.6741,-0.1034,2796.5294081465017,-5954.038685069173,-436.65156352001304,6592.557772356109
2017-06-30 13:53:03.946648001,0.5868,-1.2022,-0.2372,2806.106491006581,-5975.06122946226,-438.1211228803024,6615.704078403614
2017-06-30 13:53:04.145973980,0.4449,-1.2787,0.0326,2815.6303799770985,-5995.9790114527395,-439.5785123172192,6638.732409950168
2017-06-30 13:53:04.346638977,0.3313,-0.8896,0.0679,2825.2315881289765,-6017.073134469334,-441.04295801073647,6661.953281352644
2017-06-30 13:53:04.546759009,0.4688,-1.0241,-0.0006,2834.8254958827024,-6038.150983356304,-442.5034505987452,6685.15610840204
2017-06-30 13:53:13.246513009,0.616,-1.5303,-0.2141,3298.520775516672,-7070.283408031428,-522.1992892762548,7819.324707039619
2017-06-30 13:53:13.446563005,0.2769,-1.0433,-0.0407,3309.194484852902,-7094.058945489026,-524.0335161394607,7845.447825758019
2017-06-30 13:53:13.466139910,0.3356,-0.6784,-0.0971,3310.2391433301414,-7096.3858810576585,-524.21305090799,7848.004528646235
2017-06-30 13:53:13.646785974,0.3541,-0.8344,0.0368,3319.890294011916,-7117.884928569148,-525.8685086777484,7871.625950783314
2017-06-30 13:53:13.845743000,0.6245,-1.0092,-0.2337,3330.5444416379346,-7141.603148171978,-527.7010206077192,7897.688913274293
2017-06-30 13:53:14.245593011,0.5593,-1.2322,-0.2468,3352.0458283850644,-7189.46738260104,-531.4233341872588,7950.286991121558
2017-06-30 13:53:14.446480989,0.4733,-1.2702,-0.0225,3362.8674047712207,-7213.566033058949,-533.2943635620749,7976.7672006635385
2017-06-30 13:53:14.464869730,0.3982,-0.7042,-0.1237,3363.8581171914225,-7215.772196324832,-533.4656743482623,7979.191403115792
2017-06-30 13:53:14.646493971,0.3046,-0.8358,0.0197,3373.6533587766658,-7237.589879314478,-535.1570485197205,8003.164206294957
2017-06-30 13:53:14.845717012,0.4889,-1.072,-0.084,3384.4171318615204,-7261.564172524732,-537.0156453086598,8029.506794158583
2017-06-30 13:53:15.246743977,0.6187,-1.2203,-0.3073,3406.1836208883838,-7310.019591568096,-540.8063373206915,8082.756014058813
2017-06-30 13:53:15.446676015,0.3927,-1.1884,-0.0297,3417.051003739777,-7334.224549820091,-542.6973744376112,8109.3531030264185
2017-06-30 13:53:15.466079710,0.3029,-0.6976,-0.0825,3418.1058130901465,-7336.573938862535,-542.8809334010083,8111.93467785139
2017-06-30 13:53:15.646553993,0.3277,-0.8311,0.0022,3427.927296403572,-7358.452738530235,-544.5881485429533,8135.974957320435
2017-06-30 13:53:15.845852971,0.3999,-0.9463,-0.0469,3438.7891112768743,-7382.651232900337,-546.47530070569,8162.563631161636
2017-06-30 13:53:16.246591985,0.571,-1.1304,-0.2989,3460.7211267989273,-7431.489717662093,-550.3178794797099,8216.232707857349
2017-06-30 13:53:16.446569025,0.4882,-1.21,-0.084,3471.685178779496,-7455.909518565247,-552.2387648346546,8243.066928211561
2017-06-30 13:53:16.465000270,0.3277,-0.7298,-0.1077,3472.6958117518407,-7458.16046153246,-552.4158432888828,8245.540427093994
2017-06-30 13:53:16.646489024,0.3608,-0.8436,0.0154,3482.6591949901485,-7480.3528298062465,-554.1589918830189,8269.92658462725
2017-06-30 13:53:16.845704972,0.3989,-1.0636,0.0402,3493.6115981970233,-7504.755082970468,-556.0708097878014,8296.739455950505
2017-06-30 13:53:17.246410012,0.4984,-0.9477,-0.2176,3515.721401842468,-7553.990197040038,-559.9511991452121,8350.844880476126
2017-06-30 13:53:17.446488976,0.522,-1.0431,-0.2399,3526.782106087319,-7578.615898870894,-561.8983483126074,8377.907896382774
2017-06-30 13:53:17.465649960,0.3332,-0.9214,-0.0615,3527.8414800910455,-7580.974569433837,-562.0848437389217,8380.500003139105
2017-06-30 13:53:17.646501004,0.3132,-0.6933,-0.0312,3537.8506308251613,-7603.259569255572,-563.8461022211114,8404.990516978372
2017-06-30 13:53:17.845727026,0.3576,-1.1281,0.0336,3548.890933110869,-7627.853563566619,-565.7849759327695,8432.015742473668
2017-06-30 13:53:18.246710002,0.4535,-0.7109,-0.1707,3571.1847087835954,-7677.468293649443,-569.7148008635055,8486.545503240126
2017-06-30 13:53:18.446502983,0.5764,-1.1615,-0.3584,3582.3157694542642,-7702.235594361053,-571.6871739633358,8513.768005295731
2017-06-30 13:53:18.466619720,0.4329,-1.1355,-0.0869,3583.436707838177,-7704.729821538233,-571.8858032486526,8516.509474775452
2017-06-30 13:53:18.646156013,0.2917,-0.6769,-0.066,3593.4501741722606,-7727.011925365154,-573.6606418739807,8541.00017451289
2017-06-30 13:53:18.845797002,0.3144,-1.0947,-0.0215,3604.597491734546,-7751.832837657023,-575.6350860375799,8568.27819183494
2017-06-30 13:53:19.246609985,0.4188,-0.827,-0.1165,3627.044893965241,-7801.797867043265,-579.6178318112306,8623.193228264905
2017-06-30 13:53:19.446606993,0.5729,-1.2317,-0.2519,3638.2685774031997,-7826.778602373121,-581.6152114947569,8650.64955862433
2017-06-30 13:53:19.464990130,0.4263,-1.0388,-0.1677,3639.300369451782,-7829.075109175046,-581.7988614356206,8653.173646666517
2017-06-30 13:53:19.646403014,0.3404,-0.6807,-0.0863,3649.4937501278146,-7851.760450966327,-583.6140400408357,8678.107636997463
2017-06-30 13:53:19.845936000,0.3128,-1.1473,0.0253,3660.7177320675055,-7876.757355545211,-585.6095172406386,8705.578628597405
2017-06-30 13:53:20.246272027,0.3735,-0.645,-0.1124,3683.2969985883656,-7927.01364691403,-589.6311873563222,8760.815434380213
2017-06-30 13:53:20.446509003,0.5251,-1.3182,-0.2356,3694.611575191916,-7952.2033028512515,-591.6521615390952,8788.500687925918
2017-06-30 13:53:20.462499850,0.4361,-1.1407,-0.1643,3695.5152643913784,-7954.215230659405,-591.8135977637506,8790.711935873102
2017-06-30 13:53:20.646808028,0.2923,-0.8345,-0.0673,3705.9409840250514,-7977.432765662207,-593.6765743694773,8816.228444334494
2017-06-30 13:53:20.845905005,0.3277,-0.8111,0.0291,3717.2162482551885,-8002.545416121284,-595.6878818038496,8843.826876748783
2017-06-30 13:53:21.246532022,0.274,-0.5791,-0.0944,3739.948543540804,-8053.170552693731,-599.7502272282946,8899.464668965591
2017-06-30 13:53:21.446995973,0.5038,-1.1655,-0.224,3751.3434731646607,-8078.548968155087,-601.7919270409884,8927.35598080341
2017-06-30 13:53:21.466229910,0.4462,-1.115,-0.1081,3752.4369488136613,-8080.984366293597,-601.9878622309548,8930.03251782304
2017-06-30 13:53:21.646502017,0.3859,-1.0099,-0.0275,3762.6982058732438,-8103.843212460594,-603.8251791994584,8955.15368085108
2017-06-30 13:53:21.845734000,0.3564,-0.8893,0.0112,3774.0528235423253,-8129.141506304437,-605.855288939091,8982.954802042857
2017-06-30 13:53:22.246501028,0.275,-0.5968,-0.1001,3796.9374837649375,-8180.126389246289,-609.9550533608777,9038.984852669199
2017-06-30 13:53:22.446750998,0.5383,-1.2726,-0.2304,3808.3937740834754,-8205.652872806491,-612.0128084956984,9067.037106201673
2017-06-30 13:53:22.458570120,0.4382,-1.0498,-0.109,3809.070006648301,-8207.159639522833,-612.1342762196066,9068.692961848645
2017-06-30 13:53:22.646642982,0.4072,-1.2403,-0.0022,3819.8450225447423,-8231.180074134914,-614.0672203254062,9095.087682929377
2017-06-30 13:53:22.845713019,0.3714,-0.804,0.011,3831.2648035696275,-8256.636916031106,-616.1127534570047,9123.060784803061
2017-06-30 13:53:23.246243000,0.2253,-0.696,-0.0815,3854.2776077624267,-8307.967873605083,-620.2414516547709,9179.459980026268
2017-06-30 13:53:23.446494996,0.6225,-1.117,-0.3121,3865.8082260348733,-8333.676479710997,-622.3181822842071,9207.709640783027
2017-06-30 13:53:23.465430020,0.4244,-1.2109,-0.0137,3866.8986671235607,-8336.107816340795,-622.5145544988139,9210.38127321681
2017-06-30 13:53:23.646402001,0.5516,-1.2216,-0.1619,3877.3386513696373,-8359.385387433167,-624.3966893764023,9235.95963063613
2017-06-30 13:53:31.679986000,0.2677,-0.7471,0.0136,4358.0602171056125,-9440.924042812605,-707.0694061387128,10422.268600605776
2017-06-30 13:53:31.880276978,0.5943,-1.2638,-0.1086,4370.069268484846,-9467.939348976995,-709.1349348995057,10451.90189789196
2017-06-30 13:53:32.279753983,0.4411,-0.914,-0.0316,4394.091512130287,-9521.966783025178,-713.2596402464884,10511.166964158398
2017-06-30 13:53:32.479349017,0.2971,-0.6829,-0.1402,4406.105842507239,-9548.98830208367,-715.3260968824095,10540.808209695699
2017-06-30 13:53:32.679304003,0.7097,-1.1566,-0.3781,4418.170214889846,-9576.104795240199,-717.4113973830515,10570.557705734225
2017-06-30 13:53:32.799790020,0.2833,-0.9328,0.0478,4425.443904565664,-9592.457805387568,-718.6672340413601,10588.497678796692
2017-06-30 13:53:32.879962980,0.5403,-1.4307,-0.0359,4430.287384999576,-9603.348506768654,-719.5031148130723,10600.444971243794
2017-06-30 13:53:33.280431985,0.471,-1.1856,0.0354,4454.556412872941,-9657.938389951873,-723.6727148353426,10660.32593206093
2017-06-30 13:53:33.479498028,0.2518,-0.7672,-0.0697,4466.630094546774,-9685.104455186874,-725.7481111111638,10690.123620902285
2017-06-30 13:53:33.680211007,0.6716,-1.0452,-0.3143,4478.830721463558,-9712.537380439597,-727.8533395887862,10720.218163914053
2017-06-30 13:53:33.799549810,0.3846,-0.8189,0.0141,4486.090379508671,-9728.859958619327,-729.1048537803715,10738.124457993248
2017-06-30 13:53:33.880061984,0.6047,-1.2847,-0.1428,4490.992042843201,-9739.880347953509,-729.9501161169342,10750.214225463185
2017-06-30 13:53:34.279974997,0.3429,-0.881,0.0131,4515.3939954192565,-9794.760758505758,-734.1465340109825,10810.415920936293
2017-06-30 13:53:34.479691982,0.4845,-1.2089,-0.1756,4527.599681738752,-9822.216313280238,-736.2492337157487,10840.532972003559
2017-06-30 13:53:34.680020987,0.5121,-0.743,-0.1922,4539.863323056598,-9849.785821717063,-738.3660903247529,10870.778454603627
2017-06-30 13:53:34.800300240,0.3339,-0.8006,-0.0202,4547.231349064124,-9866.350373429666,-739.6373614263331,10888.950640883857
2017-06-30 13:53:34.879971981,0.5712,-0.9719,-0.2568,4552.115479506871,-9877.328731458689,-740.4810683985149,10900.994928020194
2017-06-30 13:53:35.280362010,0.3411,-0.9162,0.0511,4576.7153408081895,-9932.64730566663,-744.7129226009815,10961.678847085626
2017-06-30 13:53:35.479256987,0.561,-1.3257,-0.2037,4588.957590204159,-9960.179421003542,-746.8231673887875,10991.881126841912
2017-06-30 13:53:35.680167973,0.4413,-0.762,-0.113,4601.341740799033,-9988.021361479283,-748.9593629890409,11022.42517145818
2017-06-30 13:53:35.797060130,0.3163,-0.7931,-0.031,4608.551293706646,-10004.230936487798,-750.2026479768205,11040.207682391494
2017-06-30 13:53:35.880016028,0.4945,-1.3484,-0.1783,4613.67116431198,-10015.743809191414,-751.0862081094579,11052.83747079329
2017-06-30 13:53:36.279990971,0.307,-0.9037,0.0289,4638.405924422115,-10071.398126379107,-755.3417026816785,11113.883696870182
2017-06-30 13:53:36.479354977,0.4362,-0.8953,-0.1105,4650.75208609622,-10099.174117771838,-757.4672086008954,11144.351457106266
2017-06-30 13:53:36.680224001,0.2813,-0.6785,-0.0825,4663.2028001238,-10127.187169152787,-759.6120889082255,11175.07900821067
2017-06-30 13:53:36.802659980,0.2891,-0.8581,-0.081,4670.796235147739,-10144.274867207501,-760.920675057791,11193.821971313393
2017-06-30 13:53:36.879346013,0.5857,-1.2316,-0.2917,4675.555719462976,-10154.984746429449,-761.7420047835296,11205.569479855512
2017-06-30 13:53:37.279976010,0.3275,-0.8342,0.0535,4700.473206103189,-10211.07014317468,-766.0242816322425,11267.084584318056
2017-06-30 13:53:37.479336977,0.4749,-1.0988,0.0093,4712.891487513508,-10239.022955392691,-768.1548529234867,11297.743099053265
2017-06-30 13:53:37.680064976,0.2779,-0.7089,-0.0701,4725.406119013785,-10267.196004793017,-770.302858140326,11328.642605524714
2017-06-30 13:53:37.800039760,0.4039,-1.1482,-0.0182,4732.891906717216,-10284.05151569044,-771.586979179208,11347.12861672428
2017-06-30 13:53:37.880003988,0.5595,-1.0804,-0.2356,4737.884826365005,-10295.292767415298,-772.4443634155979,11359.45756140081
2017-06-30 13:53:38.279977023,0.3824,-0.7146,-0.0081,4762.920084590094,-10351.634699796958,-776.7342090557955,11421.254953889686
2017-06-30 13:53:38.479260027,0.3921,-1.0998,0.0118,4775.4092508767335,-10379.750243176604,-778.8711178345917,11452.091024886275
2017-06-30 13:53:38.679971992,0.3231,-0.8291,-0.0338,4788.000987047483,-10408.100789909573,-781.0247109844892,11483.18401420322
2017-06-30 13:53:38.799729820,0.5339,-1.2329,-0.1176,4795.521693938376,-10425.034254356291,-782.3113715042189,11501.755457473457
2017-06-30 13:53:38.879974007,0.442,-0.8842,-0.1065,4800.56381821865,-10436.386279930943,-783.1741890342151,11514.205720200167
2017-06-30 13:53:39.280049026,0.2918,-0.7856,-0.0579,4825.7491417765605,-10493.110039927404,-787.485222813151,11576.413350668314
2017-06-30 13:53:39.479290008,0.2961,-1.046,0.0645,4838.303415225103,-10521.400509048734,-789.6295962154549,11607.435699102934
2017-06-30 13:53:39.680393993,0.5033,-1.1373,-0.1715,4850.995432287664,-10550.001503840647,-791.8009565257781,11638.798785522105
2017-06-30 13:53:39.799729820,0.5914,-1.1003,-0.1851,4858.535342949064,-10566.989106291645,-793.0920855491846,11657.427653960896
2017-06-30 13:53:39.879751980,0.628,-0.6542,-0.1076,4863.595347583234,-10578.384548860447,-793.9585575957502,11669.925002320377
2017-06-30 13:53:40.279972016,0.2805,-0.8244,-0.0274,4888.947207413757,-10635.50936646067,-798.2964894497154,11732.567560684198
2017-06-30 13:53:40.479240000,0.2813,-0.9528,0.0874,4901.580968634424,-10663.989422302124,-800.4528582263711,11763.79578066933
2017-06-30 13:53:40.680312991,0.5272,-1.2016,-0.2239,4914.350483727471,-10692.77603696925,-802.6378121531544,11795.360423115279
2017-06-30 13:53:40.804309840,0.5905,-1.4769,-0.1751,4922.234213819618,-10710.550753461504,-803.9879125800812,11814.850132851712
2017-06-30 13:53:40.880228996,0.4043,-0.6805,-0.0598,4927.063490416998,-10721.43754475364,-804.8148789408556,11826.787588099216
2017-06-30 13:53:41.280165970,0.412,-0.7707,-0.0519,4952.569691813078,-10778.911697376961,-809.179583126275,11889.813099029932
2017-06-30 13:53:41.478868007,0.2831,-0.973,0.1291,4965.253201458537,-10807.505191132492,-811.3430166514939,11921.16543386674
2017-06-30 13:53:41.679976999,0.4962,-1.1529,-0.105,4978.110420108785,-10836.491677831444,-813.5369033946249,11952.948486950434
2017-06-30 13:53:41.790799850,0.7692,-1.6411,-0.1809,4985.204948835202,-10852.485087761776,-814.7480854367536,11970.485178333649
2017-06-30 13:53:41.880398988,0.374,-0.6079,-0.1259,4990.943804995287,-10865.420475823916,-815.728324417081,11984.669160236788
2017-06-30 13:53:42.280170977,0.4875,-1.1446,-0.0221,5016.627251963238,-10923.318308950293,-820.1054708615098,12048.153586634173
2017-06-30 13:53:42.800319910,0.5357,-1.2654,-0.2729,5050.189280731917,-10998.992350575856,-825.8744718303084,12131.129920269865
2017-06-30 13:53:50.596082985,0.3497,-0.8312,0.0516,5574.454823874648,-12183.676834898279,-909.2017826547384,13429.191177514705
2017-06-30 13:53:50.796591997,0.4062,-0.9538,0.0137,5587.955397992979,-12214.18556803935,-911.3444315210645,13462.619481116
2017-06-30 13:53:50.996703982,0.3605,-1.0376,-0.0565,5601.443675837494,-12244.67544146532,-913.4851002695004,13496.025450065592
2017-06-30 13:53:51.196704983,0.4334,-0.855,-0.1253,5614.941809129048,-12275.18260526139,-915.6295938329673,13529.451469498677
2017-06-30 13:53:51.395779013,0.569,-1.13,-0.2944,5628.399930580245,-12305.593155914934,-917.775815239663,13562.773357410902
2017-06-30 13:53:51.595795989,0.2792,-0.7692,-0.0041,5641.932968473298,-12336.178524231507,-919.9323665953433,13596.285660487069
2017-06-30 13:53:51.796544015,0.315,-0.9834,0.0509,5655.52816323227,-12366.915311020843,-922.0947487580466,13629.96154949684
2017-06-30 13:53:51.996551990,0.5082,-1.2609,-0.1088,5669.093569373777,-12397.589227678236,-924.2535117170556,13663.567803120819
2017-06-30 13:53:52.196588993,0.4234,-0.7448,-0.1552,5682.677886587234,-12428.29739919533,-926.418798283786,13697.213439067324
2017-06-30 13:53:52.395974993,0.615,-1.3499,-0.2077,5696.242444011572,-12458.959298616835,-928.5852951811964,13730.808986945256
2017-06-30 13:53:52.596818983,0.2857,-0.8812,-0.034,5709.917715547625,-12489.880956200297,-930.7690058709769,13764.68733973531
2017-06-30 13:53:52.796406984,0.3114,-0.8837,0.0631,5723.5198727510215,-12520.644446004402,-932.9365469933234,13798.390764062038
2017-06-30 13:53:52.996549010,0.5753,-1.1945,-0.247,5737.182832104939,-12551.541178317319,-935.1199989071564,13832.241402330681
2017-06-30 13:53:53.196542978,0.3927,-0.6869,-0.1037,5750.851391136734,-12582.442528661895,-937.3059833301993,13866.098738160112
2017-06-30 13:53:53.395875990,0.568,-1.4097,-0.2386,5764.497345938609,-12613.297766287727,-939.4942237865642,13899.905020858976
2017-06-30 13:53:53.596058011,0.2722,-0.8455,-0.0547,5778.2123300919475,-12644.318305651597,-941.6939764890826,13933.890723398777
2017-06-30 13:53:53.796684980,0.3112,-0.7744,0.04,5791.970324942438,-12675.438965412905,-943.897008572308,13967.985351285035
2017-06-30 13:53:53.996756970,0.5096,-1.0704,-0.0688,5805.710660783839,-12706.516385308274,-946.0967005583344,14002.033205704596
2017-06-30 13:53:54.196582019,0.3152,-0.6502,-0.0815,5819.446623420148,-12737.581410083389,-948.296931850021,14036.068048149891
2017-06-30 13:53:54.395689010,0.6023,-1.1568,-0.2251,5833.157104126483,-12768.580664471103,-950.498180530133,14070.032721273881
2017-06-30 13:53:54.596544027,0.4586,-1.1883,-0.0642,5847.006454848404,-12799.900010821455,-952.7213447028189,14104.346944496167
2017-06-30 13:53:54.796549022,0.3281,-0.7967,0.0054,5860.810319527597,-12831.118682733511,-954.9348843944435,14138.550310597884
2017-06-30 13:53:54.996814012,0.4579,-1.2405,0.0012,5874.650493005342,-12862.427688700185,-957.1512534331845,14172.850912359087
2017-06-30 13:53:55.196198999,0.2414,-0.6318,-0.083,5888.439446796512,-12893.62423366758,-959.3611829317628,14207.027798836933
2017-06-30 13:53:55.395796000,0.5627,-1.0591,-0.2401,5902.26548031596,-12924.896144609593,-961.5830276713888,14241.289269872268
2017-06-30 13:53:55.595770001,0.5376,-1.2574,-0.0707,5916.13912693911,-12956.277405046969,-963.8118963093407,14275.670202736468
2017-06-30 13:53:55.796525001,0.3306,-0.7657,0.0264,5930.080281156197,-12987.81208475945,-966.048405811918,14310.218880658425
2017-06-30 13:53:55.996302008,0.4452,-1.2689,0.0238,5943.971288309191,-13019.243783801525,-968.2730701128611,14344.652526868835
2017-06-30 13:53:56.196550011,0.272,-0.8488,-0.0087,5957.905952020277,-13050.783622743367,-970.5033281651914,14379.202801642547
2017-06-30 13:53:56.395778000,0.4971,-0.7955,-0.1947,5971.789366776563,-13082.194380335097,-972.7299538242096,14413.614453324455
2017-06-30 13:53:56.596548974,0.6213,-0.9928,-0.2719,5985.80535005889,-13113.888427363348,-974.9847843118778,14448.34006741839
2017-06-30 13:53:56.796543002,0.3239,-0.744,-0.0326,5999.7800493419245,-13145.489582598913,-977.2321929507444,14482.963776991133
2017-06-30 13:53:56.996540009,0.3565,-1.1359,0.0479,6013.769216357521,-13177.136643187852,-979.4777191231078,14517.6350313373
2017-06-30 13:53:57.195999026,0.4442,-1.0941,-0.1248,6027.7384246583015,-13208.742101056587,-981.7221698826016,14552.260196518131
2017-06-30 13:53:57.396902978,0.4447,-0.7917,-0.1396,6041.8267788359435,-13240.608472310301,-983.9885146404526,14587.173027678076
2017-06-30 13:53:57.596282005,0.5783,-1.1423,-0.2617,6055.831186496608,-13272.278376359654,-986.2480602170356,14621.872311547892
2017-06-30 13:53:57.796543002,0.2484,-0.7245,-0.0358,6069.907505789379,-13304.117430596176,-988.5190368246245,14656.755699065736
2017-06-30 13:53:57.996541023,0.3455,-1.0356,0.0264,6083.97916026,-13335.956098038674,-990.785975283077,14691.636543289196
2017-06-30 13:53:58.196600973,0.4577,-1.1855,-0.1716,6098.073490968476,-13367.852072695456,-993.060483810219,14726.579319829369
2017-06-30 13:53:58.395771980,0.3512,-0.6716,-0.1189,6112.1191269505525,-13399.632963078484,-995.3296024794245,14761.3971149355
2017-06-30 13:53:58.596544027,0.5364,-1.2289,-0.1873,6126.2992910198245,-13431.718861004734,-997.6245114564339,14796.549233861218
2017-06-30 13:53:58.796217024,0.3228,-0.9102,-0.027,6140.414701000881,-13463.66540596192,-999.9079343007456,14831.547280747247
2017-06-30 13:53:58.996697008,0.2901,-0.9379,0.0492,6154.598818782282,-13495.778760540597,-1002.1986082392118,14866.7256994932
2017-06-30 13:53:59.196281015,0.4893,-1.0411,-0.1725,6168.739036147248,-13527.790066363634,-1004.4859161171049,14901.79309114749
2017-06-30 13:53:59.395799994,0.3489,-0.5235,-0.0484,6182.888535328702,-13559.811781732302,-1006.7744054482627,14936.873866367452
2017-06-30 13:53:59.596689999,0.5578,-1.2669,-0.2152,6197.1577760358105,-13592.10466736981,-1009.0873052753743,14972.252034329544
2017-06-30 13:53:59.796657025,0.4165,-1.162,-0.0032,6211.378111942865,-13624.295649647265,-1011.3897065586332,15007.516754515154
2017-06-30 13:53:59.996538996,0.2599,-0.8136,0.0721,6225.602783032668,-13656.505445247265,-1013.6882479296785,15042.800100119759
2017-06-30 13:54:00.196550011,0.4554,-1.1397,-0.0208,6239.854855590874,-13688.781628545112,-1015.9891053329748,15078.155223865766
2017-06-30 13:54:00.395916998,0.3397,-0.6574,-0.116,6254.07453912992,-13720.98001354424,-1018.2871647360238,15113.426137806733
2017-06-30 13:54:00.596583008,0.5888,-1.1443,-0.2067,6268.410583517407,-13753.434272129136,-1020.6085208488315,15148.979083560667
2017-06-30 13:54:00.796366989,0.5511,-1.1742,-0.121,6282.705610117325,-13785.792744364233,-1022.9245029732061,15184.427743999713
2017-06-30 13:54:00.996540009,0.2907,-0.7806,0.0076,6297.040121525237,-13818.245506243373,-1025.2446904793499,15219.978641189673
2017-06-30 13:54:01.196682989,0.4357,-1.0894,0.0292,6311.389934677985,-13850.737036258117,-1027.563360123947,15255.570976341596
2017-06-30 13:54:10.979777991,0.3551,-0.8578,-0.033,7046.802658931309,-15521.039389688885,-1144.0595572641246,17084.172901278034
2017-06-30 13:54:11.180037975,0.5731,-1.2977,-0.1129,7061.879543237458,-15555.28252690786,-1146.448762517102,17121.661775078894
2017-06-30 13:54:11.380230009,0.3119,-0.8261,-0.0176,7076.963811791857,-15589.547152610918,-1148.8378624439808,17159.173221664136
2017-06-30 13:54:11.580147027,0.4322,-0.8904,-0.0054,7092.044631824114,-15623.800293360277,-1151.2238961394562,17196.672617853503
2017-06-30 13:54:11.779307007,0.3414,-0.9065,-0.0754,7107.081885920507,-15657.959681694869,-1153.6038852133966,17234.068476443423
2017-06-30 13:54:11.980277001,0.5667,-0.8585,-0.1349,7122.278690625417,-15692.464192704623,-1156.0109526706656,17271.845515431993
2017-06-30 13:54:12.180029988,0.6399,-0.9098,-0.2783,7137.409001382437,-15726.796058110167,-1158.41454825278,17309.438054772552
2017-06-30 13:54:12.379958987,0.2692,-0.7063,-0.0296,7152.563404542657,-15761.186406924062,-1160.8214449184936,17347.093896004404
2017-06-30 13:54:12.580482006,0.3942,-1.0519,-0.032,7167.778684357654,-15795.721231140264,-1163.2367795501248,17384.90668036862
2017-06-30 13:54:12.779529988,0.3691,-1.0775,-0.0829,7182.896665136574,-15830.044709625037,-1165.637631610824,17422.486363862794
2017-06-30 13:54:12.980020999,0.443,-0.7705,-0.2376,7198.142053159356,-15864.647992968445,-1168.0654397412507,17460.37461882696
2017-06-30 13:54:13.180060982,0.5022,-1.4842,-0.2221,7213.373240929646,-15899.23282391457,-1170.496673785518,17498.240493413767
2017-06-30 13:54:13.380046010,0.2716,-0.8783,-0.1022,7228.611106760327,-15933.843280453428,-1172.9313273089433,17536.13264426944
2017-06-30 13:54:13.580196022,0.3011,-0.9558,0.0111,7243.873605626572,-15968.520579361668,-1175.3675447108099,17574.095799583825
2017-06-30 13:54:13.779538989,0.5366,-0.9988,-0.2612,7259.095886241697,-16003.09774237753,-1177.8043182613385,17611.95143786897
2017-06-30 13:54:13.980165004,0.3086,-0.7773,-0.1509,7274.428564705358,-16037.928744257635,-1180.262849668988,17650.084695071448
2017-06-30 13:54:14.180077016,0.4403,-1.3113,-0.2983,7289.72427258297,-16072.688192798836,-1182.724552973142,17688.137920126752
2017-06-30 13:54:14.380011975,0.2643,-1.0547,-0.0638,7305.032301311023,-16107.493791785639,-1185.189089185561,17726.238358792732
2017-06-30 13:54:14.580053985,0.3242,-0.8554,-0.0045,7320.36149985192,-16142.352257079476,-1187.6551250580717,17764.395671573795
2017-06-30 13:54:14.779263973,0.4943,-0.9116,-0.1324,7335.646556740321,-16177.101914276245,-1190.116158348133,17802.435597992135
2017-06-30 13:54:14.980044007,0.094,-0.6939,-0.1039,7351.0558700794645,-16212.153419024064,-1192.600776413515,17840.80260243091
2017-06-30 13:54:15.180055975,0.58,-1.1603,-0.3137,7366.429439250079,-16247.117254941108,-1195.0884392972725,17879.075427912856
2017-06-30 13:54:15.380214989,0.4915,-1.1615,-0.1002,7381.834002128197,-16282.153329688323,-1197.5819454517857,17917.427069825862
2017-06-30 13:54:15.580012977,0.3012,-0.8528,-0.0114,7397.222803532751,-16317.16025313439,-1200.0714091586735,17955.74546819635
2017-06-30 13:54:15.779284000,0.4756,-0.9222,-0.0792,7412.589902714688,-16352.111465789198,-1202.5574518804594,17994.004081373758
2017-06-30 13:54:15.980104982,0.2266,-0.6885,-0.1532,7428.08566799568,-16387.362300622037,-1205.0690098171551,18032.589697027794
2017-06-30 13:54:16.179159998,0.6174,-1.0923,-0.3576,7443.469630839692,-16422.346429135276,-1207.5726509339718,18070.88636705595
2017-06-30 13:54:16.380010008,0.5749,-1.3196,-0.1376,7459.015511641991,-16457.69926335547,-1210.1044197121385,18109.58669193126
2017-06-30 13:54:16.580003976,0.3208,-0.8392,-0.0114,7474.507965635766,-16492.934986381817,-1212.6258538215225,18148.157902517993
2017-06-30 13:54:16.779487013,0.4195,-1.0844,-0.0079,7489.977533926498,-16528.123843629157,-1215.1411607108819,18186.676697228664
2017-06-30 13:54:16.980117022,0.227,-0.867,-0.0921,7505.545185228777,-16563.54992585327,-1217.6746371616052,18225.452702079347
2017-06-30 13:54:17.179826974,0.5303,-0.8414,-0.3204,7521.062596301987,-16598.847108205977,-1220.209274350606,18264.090959374407
2017-06-30 13:54:17.380019009,0.5527,-1.1479,-0.2232,7536.639615573777,-16634.27549920047,-1222.7589750933719,18302.874025395806
2017-06-30 13:54:17.580567002,0.309,-0.7824,-0.012,7552.256759899236,-16669.798352539965,-1225.3136920489635,18341.759809944913
2017-06-30 13:54:17.779263973,0.3779,-0.8867,-0.0065,7567.744680459828,-16705.028343662605,-1227.845086048495,18380.324672500552
2017-06-30 13:54:17.980067014,0.4456,-1.2587,-0.1127,7583.414731210319,-16740.68250491497,-1230.4078555962387,18419.35213863443
2017-06-30 13:54:18.180172026,0.4749,-0.7468,-0.2379,7599.0493258812285,-16776.242628998833,-1232.9712424723496,18458.279591797753
2017-06-30 13:54:18.380053997,0.6028,-1.2218,-0.3383,7614.690577473259,-16811.81193139969,-1235.54528817983,18497.218849506982
2017-06-30 13:54:18.579994022,0.291,-0.8221,-0.0726,7630.348004952295,-16847.424428879403,-1238.1229837553433,18536.204279365968
2017-06-30 13:54:18.779694974,0.2991,-0.8757,0.0174,7645.998638724933,-16883.02926698436,-1240.6969031993247,18575.17970892455
2017-06-30 13:54:18.980117976,0.5286,-1.2143,-0.2657,7661.727093343886,-16918.811617623396,-1243.2908020554867,18614.349857676574
2017-06-30 13:54:19.180067002,0.2994,-0.6795,-0.165,7677.430321978598,-16954.536513506388,-1245.8851632927829,18653.45744297209
2017-06-30 13:54:19.380056977,0.5979,-1.1538,-0.3517,7693.160680192994,-16990.314873121286,-1248.494122437706,18692.625773626227
2017-06-30 13:54:19.580101013,0.4751,-1.2283,-0.1034,7708.914302984532,-17026.152057928615,-1251.1079246542108,18731.8574804956
2017-06-30 13:54:19.779533028,0.2964,-0.8146,0.004,7724.63151740356,-17061.91200051894,-1253.7135710296936,18771.003460425356
2017-06-30 13:54:19.980054974,0.4835,-1.1357,-0.0534,7740.454070236806,-17097.913042897177,-1256.3356048837163,18810.413041398573
2017-06-30 13:54:20.180131018,0.2218,-0.7163,-0.112,7756.250317100802,-17133.862703307608,-1258.956291510841,18849.765013422755
2017-06-30 13:54:20.380245983,0.461,-0.9465,-0.2923,7772.068098030696,-17169.85726058096,-1261.5891933884202,18889.167481972985
2017-06-30 13:54:20.580007016,0.5457,-1.3315,-0.1174,7787.879678817147,-17205.84128912254,-1264.2221233864434,18928.557840878075
2017-06-30 13:54:20.779325008,0.3389,-0.7595,-0.0016,7803.669655515184,-17241.775683466793,-1266.849277491842,18967.89381832566
2017-06-30 13:54:20.979924023,0.4367,-1.1403,-0.0376,7819.578687682442,-17277.98691492495,-1269.494829421936,19007.53166003162
2017-06-30 13:54:21.180142998,0.2524,-0.8555,-0.0542,7835.467697898369,-17314.16383824682,-1272.1375420357435,19047.12989897216
2017-06-30 13:54:21.380226016,0.5509,-0.9286,-0.3052,7851.367973114062,-17350.35337077777,-1274.7906782748637,19086.74494023319
2017-06-30 13:54:21.580021023,0.4266,-1.056,-0.2398,7867.262389597335,-17386.532963470192,-1277.449567784286,19126.348930071326
2017-06-30 13:54:30.265444993,0.3036,-0.7747,-0.0422,8581.12187442233,-19017.761249565312,-1396.219377255913,20910.77052904991
2017-06-30 13:54:30.465489983,0.6007,-1.1798,-0.2434,8597.587714347479,-19055.37934561486,-1398.9646554100466,20951.92350640558
2017-06-30 13:54:30.665547013,0.4037,-0.6062,-0.137,8614.07070250378,-19093.023967595087,-1401.7155819184463,20993.108032577915
2017-06-30 13:54:30.865145027,0.5232,-1.1282,-0.2379,8630.536715624623,-19130.627163559566,-1404.469674415699,21034.248138148916
2017-06-30 13:54:31.265429019,0.3024,-0.7872,0.0544,8663.606947137869,-19206.16465298478,-1409.9841549868831,21116.886639118267
2017-06-30 13:54:31.465427994,0.5394,-1.1144,-0.1331,8680.151822718477,-19243.950983784267,-1412.7447489004758,21158.226127378453
2017-06-30 13:54:31.647510290,0.3714,-1.0017,-0.0515,8695.226857960362,-19278.38547976204,-1415.2597456007059,21195.89764471448
2017-06-30 13:54:31.665464997,0.2478,-0.7093,-0.0861,8696.713451616797,-19281.78121308785,-1415.5077712669065,21199.612587484637
2017-06-30 13:54:31.865566015,0.5971,-1.097,-0.3046,8713.305099006646,-19319.66979261007,-1418.2841557264198,21241.06533557698
2017-06-30 13:54:32.265565991,0.3131,-0.8761,0.0235,8746.521735701293,-19395.5488681303,-1423.8303610807309,21324.076797513673
2017-06-30 13:54:32.466022014,0.4926,-1.1017,-0.0233,8763.187717880388,-19433.61918387044,-1426.6107231726426,21365.725630504057
2017-06-30 13:54:32.646420120,0.5186,-1.1878,-0.0888,8778.202955040202,-19467.91878438825,-1429.1157681089242,21403.249304581557
2017-06-30 13:54:32.665395975,0.354,-0.8389,-0.0923,8779.782516847657,-19471.52701927463,-1429.3793039418938,21407.196703445858
2017-06-30 13:54:32.864969015,0.4814,-1.0386,-0.2856,8796.414272961054,-19509.516947842003,-1432.1623407497502,21448.75857876043
2017-06-30 13:54:33.264788985,0.2372,-0.7812,-0.0216,8829.771862793534,-19585.749963505372,-1437.7412646201117,21532.152069078522
2017-06-30 13:54:33.465399026,0.3254,-0.864,0.0416,8846.52215997349,-19624.034721014144,-1440.5388206830162,21574.031731513827
2017-06-30 13:54:33.647820230,0.6275,-1.2703,-0.1281,8861.774629032512,-19658.890562691813,-1443.0869918147052,21612.161571615234
2017-06-30 13:54:33.665396988,0.3802,-0.9666,-0.0232,8863.24436160116,-19662.24931242004,-1443.3325219057233,21615.835801698897
2017-06-30 13:54:33.865522027,0.4631,-0.9102,-0.2144,8879.996955380378,-19700.527739839697,-1446.136659384194,21657.711106979266
2017-06-30 13:54:34.265401005,0.2822,-0.7987,-0.0286,8913.516202604958,-19777.14132811753,-1451.7443077463847,21741.519076217042
2017-06-30 13:54:34.465397000,0.3291,-0.9057,0.0416,8930.293726219556,-19815.495174899566,-1454.5472603983144,21783.473157321736
2017-06-30 13:54:34.647000070,0.5819,-1.195,-0.2273,8945.547471141444,-19850.361164623115,-1457.0999316788543,21821.613096545385
2017-06-30 13:54:34.665217995,0.4946,-1.2142,-0.1963,8947.07784941015,-19853.859228664693,-1457.356073854641,21825.439629960285
2017-06-30 13:54:34.865487992,0.3059,-0.7454,-0.2109,8963.913595966444,-19892.343409949844,-1460.180308470847,21867.537580362656
2017-06-30 13:54:35.265394985,0.3045,-0.7608,-0.0581,8997.580573040399,-19969.3118055028,-1465.8291427149795,21951.731713679903
2017-06-30 13:54:35.465510010,0.3039,-0.9561,0.0522,9014.439830166515,-20007.865379984458,-1468.653751084462,21993.902481275294
2017-06-30 13:54:35.647630090,0.6162,-1.3798,-0.331,9029.803490129945,-20042.997865903355,-1471.2353406893455,22032.33187728123
2017-06-30 13:54:35.665408015,0.4609,-0.9906,-0.2373,9031.303382530112,-20046.4276893394,-1471.4874214337578,22036.08357042265
2017-06-30 13:54:35.865454018,0.4019,-0.6885,-0.1547,9048.196996885914,-20085.04931130541,-1474.3301494667796,22078.331552036532
2017-06-30 13:54:36.265498995,0.345,-1.1097,-0.0455,9082.035466476433,-20162.461067575605,-1480.0222188705138,22163.0022849836
2017-06-30 13:54:36.465701997,0.2844,-0.7543,0.0372,9098.981369411482,-20201.232109731514,-1482.869330999801,22205.407948627395
2017-06-30 13:54:36.646420120,0.4783,-1.166,-0.2385,9114.29362285004,-20236.267817056716,-1485.4471353895758,22243.72802835009
2017-06-30 13:54:36.665549993,0.4636,-0.9856,-0.0499,9115.914667372635,-20239.97687402512,-1485.7200265079177,22247.78479042482
2017-06-30 13:54:36.865656971,0.3209,-0.6785,-0.1201,9132.884363639077,-20278.802428250838,-1488.5793980920002,22290.250634482763
2017-06-30 13:54:37.265578985,0.548,-1.2571,-0.1356,9166.886644393484,-20356.597950529376,-1494.3156571791326,22375.34067123777
2017-06-30 13:54:37.465394973,0.3044,-0.7385,0.0186,9183.887608529923,-20395.496987264418,-1497.1809640191857,22417.88660428638
2017-06-30 13:54:37.651389950,0.5868,-1.116,-0.2847,9199.732938010718,-20431.744035467786,-1499.8579302754324,22457.53379765024
2017-06-30 13:54:37.665381014,0.4051,-0.9521,0.0196,9200.924947448411,-20434.47082650231,-1500.0592953510632,22460.51637290028
2017-06-30 13:54:37.865661978,0.3958,-1.0376,-0.0246,9218.004343882743,-20473.546243125653,-1502.9428070967233,22503.25614071549
2017-06-30 13:54:38.265359997,0.4659,-1.0424,-0.2657,9252.163896513577,-20551.695057403052,-1508.7398404375797,22588.736184358742
2017-06-30 13:54:38.465394020,0.2844,-0.6963,-0.0007,9269.270864582977,-20590.83349979225,-1511.6410684669065,22631.545799990097
2017-06-30 13:54:38.649979710,0.4759,-0.8437,-0.2073,9285.07290150858,-20626.97808435871,-1514.325302028349,22671.082567872818
2017-06-30 13:54:38.665504992,0.3428,-1.0054,0.0552,9286.402074594153,-20630.018404547773,-1514.551056403266,22674.408212023056
2017-06-30 13:54:38.865423977,0.3867,-1.1259,-0.0423,9303.533285782765,-20669.21359317835,-1517.4597850815949,22717.279906701777
2017-06-30 13:54:39.265452980,0.5717,-1.3006,-0.2244,9337.9035631896,-20747.849549661274,-1523.31593108677,22803.29351906674
2017-06-30 13:54:39.465367019,0.2759,-0.788,-0.0119,9355.091096724278,-20787.17927233362,-1526.2430089792379,22846.31193979904
2017-06-30 13:54:39.646650190,0.4435,-0.832,-0.1901,9370.691423463797,-20822.87102778488,-1528.9035469852738,22885.352556810765
2017-06-30 13:54:39.665391027,0.3079,-0.95,0.067,9372.304274689752,-20826.56113235471,-1529.1785666847443,22889.38887576258
2017-06-30 13:54:39.865373015,0.4608,-1.1792,-0.1793,9389.533311119987,-20865.985105595017,-1532.12045083397,22932.51105534256
2017-06-30 13:54:40.265492022,0.4965,-1.1338,-0.245,9424.08422763368,-20945.045130478233,-1538.0457230828633,23018.989197912175
2017-06-30 13:54:40.465372979,0.369,-1.0528,-0.0192,9441.35901054903,-20984.58192557273,-1541.0064822384306,23062.234053435714
2017-06-30 13:54:40.648990270,0.4056,-0.7388,-0.1217,9457.24187526603,-21020.926648591972,-1543.7304371654204,23101.988761043936
2017-06-30 13:54:40.665472984,0.2804,-0.8723,0.0685,9458.667703427382,-21024.189430579783,-1543.9749389366602,23105.557655006454
2017-06-30 13:54:40.865453004,0.4615,-0.9553,-0.125,9475.985322014563,-21063.81402873822,-1546.9464074828684,23148.900674717333
2017-06-30 13:54:58.729771971,0.3491,-0.7034,-0.1345,11134.386819203406,-24827.978725310433,-1855.312743265483,27273.527142623876
2017-06-30 13:54:58.929795980,0.6022,-1.1206,-0.2709,11152.979777359205,-24870.170328417946,-1858.776311906268,27319.76170204286
2017-06-30 13:54:59.130026996,0.3511,-1.0061,-0.0251,11171.606054030162,-24912.445933093444,-1862.2444713522616,27366.086652402995
2017-06-30 13:54:59.329711019,0.319,-0.9366,0.0419,11190.194166973972,-24954.643394584607,-1865.7014857387808,27412.324134946153
2017-06-30 13:54:59.528932988,0.4656,-0.8155,-0.1427,11208.757747786196,-24996.775580983547,-1869.1561645271106,27458.492028186873
2017-06-30 13:54:59.729689002,0.3654,-0.7525,-0.1846,11227.478998217992,-25039.262520787368,-1872.6448848931675,27505.04955649507
2017-06-30 13:54:59.929346978,0.5742,-1.041,-0.2881,11246.120742003619,-25081.55857534594,-1876.1260082702274,27551.400347552964
2017-06-30 13:55:00.129773974,0.6054,-1.3065,-0.0821,11264.858607460317,-25124.070024447843,-1879.6238378819282,27597.987604377344
2017-06-30 13:55:00.329699993,0.3311,-0.9232,-0.0014,11283.562870917027,-25166.512114805668,-1883.1129804573995,27644.49741962702
2017-06-30 13:55:00.528937995,0.4432,-0.9634,-0.0444,11302.22035947785,-25208.84638965318,-1886.5918781369369,27690.889300742547
2017-06-30 13:55:00.729691982,0.2858,-0.7874,-0.1001,11321.031329639456,-25251.5345163183,-1890.1012806993735,27737.668046301118
2017-06-30 13:55:00.929804027,0.4611,-0.9231,-0.1998,11339.80061347873,-25294.123106462772,-1893.6074623601346,27784.33895020453
2017-06-30 13:55:01.129705011,0.5091,-0.9375,-0.3205,11358.570444930638,-25336.70424069794,-1897.122753310872,27831.003917828453
2017-06-30 13:55:01.329753994,0.2964,-0.8639,-0.0152,11377.366034651965,-25379.35147329579,-1900.641255145678,27877.73979848967
2017-06-30 13:55:01.529075026,0.4075,-0.9708,-0.0134,11396.10941929856,-25421.882087213973,-1904.1474859984794,27924.347376461108
2017-06-30 13:55:01.729767024,0.3871,-1.0496,-0.0334,11414.997315658931,-25464.747509394932,-1907.679178600423,27971.32047798605
2017-06-30 13:55:01.929750978,0.5212,-0.8346,-0.1898,11433.839419928188,-25507.495080447894,-1911.2060021264033,28018.167276650005
2017-06-30 13:55:02.129958987,0.5823,-1.2468,-0.2585,11452.725974704113,-25550.340520170656,-1914.7471385009396,28065.1222971277
2017-06-30 13:55:02.329968988,0.3021,-0.8532,-0.0891,11471.60593567092,-25593.17771667902,-1918.288337007735,28112.06713361249
2017-06-30 13:55:02.528976023,0.2916,-0.8956,0.0692,11490.40277004537,-25635.835571834083,-1921.8090373110338,28158.813385152975
2017-06-30 13:55:02.729704022,0.5227,-1.0815,-0.2939,11509.383215317577,-25678.905897157325,-1925.3720255058583,28206.012967250364
2017-06-30 13:55:02.929724991,0.3995,-0.7314,-0.1191,11528.312788572908,-25721.85377677081,-1928.927228683976,28253.079791737942
2017-06-30 13:55:03.129687011,0.4733,-1.294,-0.2479,11547.255707826389,-25764.840739381998,-1932.491296327847,28300.18825587615
2017-06-30 13:55:03.329917013,0.3745,-1.0143,-0.0602,11566.239028181839,-25807.92597696439,-1936.062553950273,28347.40317387677
2017-06-30 13:55:03.528945028,0.3051,-0.877,0.0079,11585.120476735294,-25850.787312366592,-1939.612060264871,28394.371204061023
2017-06-30 13:55:03.730068027,0.4082,-0.8642,-0.1218,11604.21718472814,-25894.13476672827,-1943.203855818601,28441.87253000572
2017-06-30 13:55:03.929674983,0.3126,-0.7108,-0.1112,11623.182398742922,-25937.183793115983,-1946.7730073478926,28489.04697132679
2017-06-30 13:55:04.129827976,0.5626,-1.1738,-0.308,11642.222031699835,-25980.39760660122,-1950.3642613647835,28536.403318997585
2017-06-30 13:55:04.329693019,0.4874,-1.1959,-0.097,11661.25374299629,-26023.597022019752,-1953.9542235913727,28583.74324560922
2017-06-30 13:55:04.528931021,0.285,-0.8171,0.0047,11680.237058983568,-26066.693342384155,-1957.5327363802526,28630.968792095526
2017-06-30 13:55:04.730008006,0.4884,-1.1082,-0.09,11699.41533949118,-26110.232251989964,-1961.1479180097388,28678.679340149058
2017-06-30 13:55:04.929672002,0.3128,-0.6879,-0.1299,11718.471322210706,-26153.49263274796,-1964.7428739357765,28726.08503749437
2017-06-30 13:55:05.129683017,0.4485,-0.8239,-0.2252,11737.578366488273,-26196.861160322485,-1968.3530869410363,28773.611077470563
2017-06-30 13:55:05.329694986,0.5133,-1.0325,-0.3051,11756.706036358972,-26240.271199696843,-1971.9755226268044,28821.184169302243
2017-06-30 13:55:05.528949975,0.166,-0.86,-0.0051,11775.767904867682,-26283.551090438825,-1975.5844510592128,28868.611009126966
2017-06-30 13:55:05.729743003,0.4295,-0.8713,-0.0116,11794.994227470192,-26327.20018536294,-1979.2217043113042,28916.44302090156
2017-06-30 13:55:05.929709017,0.418,-1.32,-0.1151,11814.158076193211,-26370.722283130774,-1982.8485791033556,28964.13322146795
2017-06-30 13:55:06.129742980,0.3854,-0.7409,-0.1249,11833.343858080767,-26414.288815892924,-1986.4816840143444,29011.87325895914
2017-06-30 13:55:06.329783976,0.5513,-1.3998,-0.3147,11852.552375563158,-26457.912895368918,-1990.1275098228812,29059.675842991615
2017-06-30 13:55:06.528998970,0.2627,-0.8758,-0.0791,11871.692003607728,-26501.391601420077,-1993.761420631337,29107.317163262232
2017-06-30 13:55:06.729700982,0.2946,-0.8626,0.0237,11890.986364131455,-26545.229596047946,-1997.4215016930768,29155.35051537343
2017-06-30 13:55:06.929862022,0.4794,-1.0306,-0.2019,11910.24792554882,-26588.99072020332,-2001.079806386854,29203.300388117565
2017-06-30 13:55:07.129696011,0.3402,-0.7017,-0.134,11929.491600161602,-26632.708362759222,-2004.7374847381336,29251.203342030654
2017-06-30 13:55:07.329770028,0.4732,-1.2202,-0.273,11948.777331076695,-26676.52736032648,-2008.4104845464028,29299.216787967824
2017-06-30 13:55:07.528913974,0.3892,-1.0202,-0.0989,11967.988844690306,-26720.183118794183,-2012.0703321276212,29347.050446509158
2017-06-30 13:55:07.729798972,0.2865,-0.8031,0.0039,11987.37988008481,-26764.252954559288,-2015.7620192052286,29395.33651998507
2017-06-30 13:55:07.929674983,0.4901,-1.1532,-0.0792,12006.693099641185,-26808.147511163053,-2019.4383280841034,29443.430223569132
2017-06-30 13:55:08.129721999,0.1907,-0.7177,-0.1057,12026.030474313591,-26852.10834349057,-2023.1220122369518,29491.59463535454
2017-06-30 13:55:08.330174028,0.5775,-1.0883,-0.328,12045.4302037599,-26896.201907437906,-2026.82633370966,29539.90675046786
2017-06-30 13:55:08.529035985,0.531,-1.2936,-0.0965,12064.697045147588,-26939.996859013663,-2030.5050871023516,29587.891044540625
2017-06-30 13:55:08.729704022,0.3319,-0.8441,-0.0083,12084.152234347204,-26984.22354973136,-2034.2175854454981,29636.347564936044
2017-06-30 13:55:08.929747998,0.4717,-1.157,-0.0385,12103.56579581564,-27028.35899945276,-2037.9200789031227,29684.70335753642
2017-06-30 13:55:09.129763007,0.2287,-0.7356,-0.1021,12122.98569551209,-27072.51748663796,-2041.6261208409826,29733.08296250507
2017-06-30 13:55:09.329971015,0.4684,-0.7977,-0.2657,12142.443108901047,-27116.750557750576,-2045.3463889410045,29781.54675826826
2017-06-30 13:55:17.280111014,0.4919,-1.2205,-0.1887,12946.175737107287,-28950.360667742807,-2205.0027371725687,31789.76071126352
2017-06-30 13:55:17.479920029,0.2644,-0.7238,-0.1438,12966.38631767081,-28996.473259858918,-2209.0210839681868,31840.2639718676
2017-06-30 13:55:17.680056989,0.5776,-1.0888,-0.3169,12986.653205358885,-29042.705147887154,-2213.058719412498,31890.900154729672
2017-06-30 13:55:17.879936993,0.5163,-1.2788,-0.1173,13006.914699599814,-29088.92876939613,-2217.09585730497,31941.52659147879
2017-06-30 13:55:18.279851019,0.5211,-1.1213,-0.0929,13047.536640785995,-29181.590961018865,-2225.1881015269664,32043.01679767447
2017-06-30 13:55:18.479852974,0.3494,-0.8389,-0.1185,13067.86615271171,-29227.966026784976,-2229.2398731301932,32093.809905650633
2017-06-30 13:55:18.680033028,0.4911,-0.9095,-0.2847,13088.233447174918,-29274.418834444736,-2233.306661294285,32144.690253689216
2017-06-30 13:55:18.791929960,0.309,-0.7447,-0.0196,13099.622255438811,-29300.39441543407,-2235.5801657507404,32173.141512955895
2017-06-30 13:55:18.879849970,0.4966,-1.2586,-0.2067,13108.574544436551,-29320.81375966605,-2237.3681086122647,32195.50686306254
2017-06-30 13:55:19.279841005,0.316,-0.8637,0.0287,13149.353434000775,-29413.849508078507,-2245.4977415037183,32297.40390067376
2017-06-30 13:55:19.479923009,0.4783,-1.23,-0.2733,13169.770843731307,-29460.43673893047,-2249.575256714095,32348.427871544853
2017-06-30 13:55:19.680122971,0.4292,-0.6961,-0.1821,13190.21749285713,-29507.0793349092,-2253.6624743890366,32399.514856459948
2017-06-30 13:55:19.792099830,0.2682,-0.7477,-0.0684,13201.657179348082,-29533.177083732393,-2255.949415381581,32428.09906092075
2017-06-30 13:55:19.879840016,0.4648,-1.3388,-0.2649,13210.624397251664,-29553.636448730933,-2257.7434019532398,32450.507385526067
2017-06-30 13:55:20.279928028,0.2751,-0.7988,0.025,13251.558206714168,-29647.05733003692,-2265.919831004859,32552.82162757893
2017-06-30 13:55:20.479833006,0.4408,-0.9165,-0.2043,13272.028502460724,-29693.77193271028,-2270.013368511032,32603.984309515938
2017-06-30 13:55:20.680033028,0.3315,-0.6867,-0.1954,13292.542297287433,-29740.583005426754,-2274.120779397632,32655.253536715074
2017-06-30 13:55:20.792499780,0.3242,-0.9189,-0.0945,13304.070472053854,-29766.891774872896,-2276.4294028322097,32684.0674930225
2017-06-30 13:55:20.879855990,0.4915,-1.1322,-0.3177,13313.02849267541,-29787.335204185667,-2278.2250024621662,32706.45770142572
2017-06-30 13:55:21.279769003,0.2988,-0.8091,0.0048,13354.085717190277,-29881.053753559456,-2286.44441351222,32809.09640360819
2017-06-30 13:55:21.479853987,0.4818,-1.0469,-0.0994,13374.646808021651,-29927.98504820172,-2290.5607390146306,32860.49504775947
2017-06-30 13:55:21.680154025,0.2422,-0.7006,-0.1285,13395.2397152762,-29974.99489336892,-2294.6866442319197,32911.97886305869
2017-06-30 13:55:21.790849920,0.4321,-1.1836,-0.0928,13406.625688364793,-30000.989406180153,-2296.967964509864,32940.44686290156
2017-06-30 13:55:21.879862010,0.5194,-1.0398,-0.3347,13415.785421040351,-30021.90018955911,-2298.805057367028,32963.34773876926
2017-06-30 13:55:22.279830992,0.2968,-0.7198,0.0034,13456.991456133155,-30115.976336916905,-2307.059348945306,33066.37525668237
2017-06-30 13:55:22.479817986,0.3966,-0.988,-0.053,13477.610593483114,-30163.054514183143,-2311.1886661139615,33117.93227219245
2017-06-30 13:55:22.679830014,0.2886,-1.0152,-0.0963,13498.243857286894,-30210.17919749254,-2315.322352646194,33169.53771115988
2017-06-30 13:55:22.792090290,0.4667,-1.2646,-0.1725,13509.83052179145,-30236.644693546237,-2317.6446309788935,33198.51923936956
2017-06-30 13:55:22.879882991,0.4381,-0.8038,-0.2433,13518.895203225262,-30257.348124490243,-2319.462634733541,33221.191278403996
2017-06-30 13:55:23.279853999,0.2666,-0.7754,-0.0307,13560.235247119068,-30351.79404521154,-2327.7501114969173,33324.61256041431
2017-06-30 13:55:23.479855000,0.3729,-0.9223,-0.0312,13580.921786948024,-30399.05755727779,-2331.8954189919396,33376.3669862225
2017-06-30 13:55:23.679834008,0.4181,-1.2054,-0.1609,13601.622772482495,-30446.364077916976,-2336.0467052995305,33428.166892896304
2017-06-30 13:55:23.790809980,0.4577,-1.0161,-0.2795,13613.116175074107,-30472.62878284489,-2338.3538544905373,33456.92657256404
2017-06-30 13:55:23.879962980,0.3776,-0.6639,-0.1472,13622.352448212741,-30493.73391758329,-2340.2084821921167,33480.03689065801
2017-06-30 13:55:24.279922008,0.3008,-0.9319,-0.1051,13663.836421870335,-30588.565045213454,-2348.5455430040233,33583.871180321796
2017-06-30 13:55:24.479834973,0.2743,-0.7736,0.0286,13684.5824686523,-30635.99574719427,-2352.7115432056994,33635.80360819382
2017-06-30 13:55:24.679822981,0.4838,-0.9834,-0.2837,13705.35565273056,-30683.483584916954,-2356.890453872868,33687.80003332451
2017-06-30 13:55:24.791599750,0.4871,-1.3085,-0.3017,13716.972231736132,-30710.041710158384,-2359.2298890346674,33716.879373916
2017-06-30 13:55:24.879817008,0.3254,-0.6353,-0.1596,13726.142883338323,-30731.007047064057,-2361.077476773332,33739.835201610666
2017-06-30 13:55:25.280025005,0.5629,-1.3332,-0.1024,13767.83678378872,-30826.332304900865,-2369.4756775342585,33844.20937270727
2017-06-30 13:55:25.479900002,0.3066,-0.723,0.0094,13788.672125179706,-30873.969271975475,-2373.6695968819827,33896.368019859525
2017-06-30 13:55:25.679826021,0.5179,-1.1613,-0.0969,13809.533485875787,-30921.664816957804,-2377.868459942627,33948.59096579121
2017-06-30 13:55:25.791209930,0.5657,-1.1069,-0.3392,13821.162902852559,-30948.25096005208,-2380.2119624069696,33977.70137103947
2017-06-30 13:55:25.879844009,0.2064,-0.6652,-0.1483,13830.418667701364,-30969.412188812687,-2382.0779765527345,34000.87156722397
2017-06-30 13:55:26.279021978,0.5533,-1.3174,-0.1591,13872.191672349378,-31064.925137666643,-2390.507225779321,34105.45118305482
2017-06-30 13:55:26.479816019,0.2965,-0.7281,-0.0249,13893.216235268617,-31112.999306617414,-2394.748300915621,34158.08839262299
2017-06-30 13:55:26.679912984,0.4623,-1.1089,-0.0633,13914.186319312405,-31160.950980445392,-2398.977187203746,34210.59102791101
2017-06-30 13:55:26.793190000,0.5343,-1.0785,-0.3395,13926.064562463742,-31188.110770996027,-2401.3755609790205,34240.329032395326
2017-06-30 13:55:26.880047023,0.1768,-0.7414,-0.1361,13935.173735395838,-31208.941582222724,-2403.215580442632,34263.13685062036
2017-06-30 13:55:27.279847025,0.5881,-1.2272,-0.2316,13977.196958827444,-31305.02127252203,-2411.7221480847124,34368.340015462985
2017-06-30 13:55:27.479887008,0.2588,-0.7297,-0.0665,13998.233640276581,-31353.12395773113,-2415.9810713744737,34421.00944908305
2017-06-30 13:55:27.679939985,0.3354,-0.8781,0.0048,14019.285111314068,-31401.26491015714,-2420.240079209446,34473.71977363612
2017-06-30 13:55:27.791460270,0.5614,-0.8888,-0.2954,14031.027315083604,-31428.112319087515,-2422.617952980389,34503.11651436585
2017-06-30 13:55:27.879875004,0.5232,-1.28,-0.2143,14040.340777062507,-31449.40730042616,-2424.5048374856433,34526.433531297924
2017-06-30 13:55:36.296742975,0.5735,-0.9953,-0.1865,14967.588583403947,-33547.14851247128,-2617.3440040783453,36827.847764368926
2017-06-30 13:55:36.496209979,0.3678,-0.7002,-0.1922,14989.577583632037,-33596.889656208594,-2621.921646901262,36882.41998336971
2017-06-30 13:55:36.696870982,0.4852,-1.1446,-0.2964,15011.717745358994,-33646.974634951155,-2626.5386257514915,36937.36965329201
2017-06-30 13:55:36.895990014,0.4345,-1.1576,-0.1143,15033.704999173518,-33696.72063476556,-2631.124657433657,36991.94621133856
2017-06-30 13:55:36.969740150,0.4142,-0.668,-0.1671,15041.850938472693,-33715.14929864321,-2632.824150597691,37012.16468801851
2017-06-30 13:55:37.297173023,0.5206,-1.0885,-0.1022,15078.072765249082,-33797.084836256174,-2640.380448753384,37102.059655191675
2017-06-30 13:55:37.496837019,0.2623,-0.8454,-0.1413,15100.17078644815,-33847.0816859969,-2644.99380693106,37156.91172147051
2017-06-30 13:55:37.696981012,0.4968,-0.8421,-0.2732,15122.341832440883,-33897.232461874795,-2649.6291994728504,37211.93526230891
2017-06-30 13:55:37.896121025,0.5403,-1.1694,-0.2771,15144.423088610927,-33947.17804159234,-2654.25232843256,37266.73453761962
2017-06-30 13:55:37.973150130,0.26,-0.767,-0.0124,15152.965855023544,-33966.50198121094,-2656.0406688693465,37287.93616007466
2017-06-30 13:55:38.296869993,0.3413,-0.879,-0.0136,15188.90315722846,-34047.80421854642,-2663.5577119860627,37377.135937752275
2017-06-30 13:55:38.496493995,0.5066,-1.2925,-0.2268,15211.084321023089,-34097.99128858208,-2668.202184435019,37432.19735781641
2017-06-30 13:55:38.696739971,0.4127,-0.7309,-0.1978,15233.351143911235,-34148.3640358116,-2672.869059268266,37487.46433681541
2017-06-30 13:55:38.896188974,0.497,-1.335,-0.301,15255.549116122429,-34198.58940718548,-2677.5293338304937,37542.56863360851
2017-06-30 13:55:38.963810080,0.2925,-0.7514,-0.0474,15263.076444764143,-34215.62123181105,-2679.109568097786,37561.25486342736
2017-06-30 13:55:39.296064972,0.2639,-0.7653,0.0181,15300.090949625166,-34299.3912303856,-2686.8720180464634,37653.15794303601
2017-06-30 13:55:39.496833026,0.4631,-0.9588,-0.1759,15322.475968902618,-34350.04866448379,-2691.5696394904,37708.73453451109
2017-06-30 13:55:39.696739971,0.3145,-0.715,-0.1757,15344.77754547681,-34400.51739850114,-2696.2541339509016,37764.10440563362
2017-06-30 13:55:39.895964026,0.5068,-1.0707,-0.3304,15367.023053992363,-34450.85622565768,-2700.935739643807,37819.33296731388
2017-06-30 13:55:39.967890020,0.4992,-1.1004,-0.1171,15375.056947365512,-34469.035778891484,-2702.6265486815814,37839.27845404656
2017-06-30 13:55:40.296900987,0.2515,-0.7854,0.0095,15411.833598257632,-34552.279500263896,-2710.359785581374,37930.6035239625
2017-06-30 13:55:40.496725976,0.4888,-1.125,-0.0835,15434.18943489204,-34602.88254080379,-2715.0599053579795,37986.11896383308
2017-06-30 13:55:40.696915984,0.3121,-0.9332,-0.1151,15456.598616518824,-34653.61541654663,-2719.7732235647527,38041.77530843835
2017-06-30 13:55:40.896116018,0.4519,-0.7761,-0.2834,15478.914912577913,-34704.128205653724,-2724.474479100041,38097.192581245996
2017-06-30 13:55:40.967119930,0.5251,-1.223,-0.1788,15486.87209830781,-34722.13941675957,-2726.1511208782704,38116.95256706784
2017-06-30 13:55:41.296714007,0.289,-0.7183,-0.0684,15523.840067540703,-34805.823946343415,-2733.9413788306633,38208.761122147334
2017-06-30 13:55:41.496797025,0.3379,-0.8406,-0.0194,15546.295329520552,-34856.6590367825,-2738.6713009023274,38264.53054949935
2017-06-30 13:55:41.696799993,0.4443,-1.2193,-0.1432,15568.759380038433,-34907.522562366416,-2743.405058778193,38320.3297401286
2017-06-30 13:55:41.895968973,0.4114,-0.7014,-0.1943,15591.146077735055,-34958.20181658136,-2748.1267850079794,38375.92879778395
2017-06-30 13:55:41.965340130,0.5092,-1.0756,-0.3264,15598.945882577802,-34975.85872999034,-2749.7729472615724,38395.2999442552
2017-06-30 13:55:42.296727001,0.3285,-0.6986,-0.092,15636.241721302396,-35060.28274105151,-2757.646787800239,38487.921441092876
2017-06-30 13:55:42.496712982,0.2633,-0.8675,0.0214,15658.759615717749,-35111.26579941305,-2762.3976522271137,38543.85268144449
2017-06-30 13:55:42.696767985,0.4943,-1.2612,-0.2428,15681.305064705088,-35162.31692952298,-2767.1598736823703,38599.85795506353
2017-06-30 13:55:42.895982027,0.4082,-0.6608,-0.1419,15703.771940460772,-35213.179683268056,-2771.9077079071653,38655.65869190797
2017-06-30 13:55:42.968130230,0.6002,-1.3713,-0.3469,15711.911763802435,-35231.60749216212,-2773.629009442341,38675.87562857895
2017-06-30 13:55:43.296766996,0.3671,-0.9008,-0.1198,15749.028498649519,-35315.64388453612,-2781.4825171797265,38768.06993679237
2017-06-30 13:55:43.496776998,0.2599,-0.7467,0.0086,15771.628328701845,-35366.81872999305,-2786.261857772149,38824.21129088102
2017-06-30 13:55:43.696758985,0.4877,-1.0701,-0.1434,15794.244497727464,-35418.02920378204,-2791.0462638987374,38880.39211712216
2017-06-30 13:55:43.896264970,0.2803,-0.7866,-0.1077,15816.817991875749,-35469.149093908156,-2795.823568809362,38936.4725965504
2017-06-30 13:55:43.968449710,0.4952,-1.4097,-0.3141,15824.98805550934,-35487.65250590222,-2797.5537175892887,38956.7713515825
2017-06-30 13:55:44.296712994,0.4769,-1.1729,-0.2208,15862.193168884032,-35571.923974724436,-2805.445438055605,39049.21857728363
2017-06-30 13:55:44.496991991,0.2959,-0.7314,-0.0358,15884.904508607553,-35623.36876479943,-2810.261746555782,39105.65386852166
2017-06-30 13:55:44.696825027,0.3711,-1.0397,-0.0167,15907.580096244634,-35674.740521414686,-2815.0679974728023,39162.00740027381
2017-06-30 13:55:44.895949006,0.4241,-1.1306,-0.1564,15930.192041009817,-35725.97482703695,-2819.863395939865,39218.20910466581
2017-06-30 13:55:44.968419900,0.4858,-0.9689,-0.2546,15938.4241781568,-35744.62656969111,-2821.6100116802013,39238.66940847427
2017-06-30 13:55:45.296706974,0.4392,-1.1639,-0.3008,15975.7624029055,-35829.2428364881,-2829.5544524898387,39331.48872074038
2017-06-30 13:55:45.496733009,0.3232,-0.7925,-0.0804,15998.525596593523,-35880.83142189098,-2834.398234555903,39388.07812197837
2017-06-30 13:55:45.696841001,0.2927,-0.8271,0.0291,16021.309837729872,-35932.47426450848,-2839.2428360154827,39444.72557349042
2017-06-30 13:55:45.895982980,0.4243,-1.0259,-0.2221,16044.00091557979,-35983.90848811113,-2844.0728583001433,39501.14410853438
2017-06-30 13:55:45.967379800,0.4364,-0.6749,-0.2159,16052.138395234244,-36002.35223930981,-2845.805629056944,39521.375526434575
2017-06-30 13:55:46.297038972,0.5202,-1.2726,-0.3422,16089.767957291224,-36087.65051912723,-2853.8435069877496,39614.94131855448
2017-06-30 13:55:46.496766984,0.5255,-1.0243,-0.1791,16112.587247219697,-36139.37037826303,-2858.7204974541723,39671.67556354416
2017-06-30 13:55:46.696740984,0.2717,-0.7515,0.0187,16135.445506900669,-36191.18398853404,-2863.6027466892974,39728.51143560415
2017-06-30 13:55:46.968340030,0.3722,-0.6749,-0.1641,16166.51840614194,-36261.60555716466,-2870.2457848910412,39805.76171643002
2017-06-30 20:33:44.257565021,1.2842,0.0526,-0.2362,734902350.3437405,23761286.46221531,-135250395.6124618,747622052.1014751
2017-06-30 20:33:44.457401990,0.3057,0.4504,-0.1,734908500.862656,23761485.649790704,-135251527.5479438,747628309.0844901
2017-06-30 20:33:44.658038020,1.0601,-0.9857,-0.0732,734914676.017492,23761685.594151285,-135252664.0124894,747634591.1276752
2017-06-30 20:33:44.858160972,-0.1065,-0.7203,0.2003,734920835.3766016,23761884.998355206,-135253797.56278065,747640857.0994971
2017-06-30 20:33:45.257212996,0.0997,0.4844,-0.0588,734933117.3656082,23762282.69430798,-135256057.91026878,747653351.6817812
2017-06-30 20:33:45.457786977,1.5466,-1.1082,-0.2509,734939290.6766312,23762482.542109326,-135257194.03010973,747659631.8470943
2017-06-30 20:33:45.579919810,1.0069,0.3441,-0.276,734943049.7234077,23762604.2378922,-135257885.8364939,747663455.9598777
2017-06-30 20:33:45.657424986,0.1127,-0.6124,-0.0212,734945435.2053255,23762681.462038614,-135258324.85514107,747665882.7324077
2017-06-30 20:33:45.857703983,1.3669,0.1981,-0.2247,734951599.5184722,23762881.022780906,-135259459.32018477,747672153.7444419
2017-06-30 20:33:46.257853984,0.9711,-0.9115,-0.1347,734963915.7427926,23763279.59178626,-135261725.96079522,747684683.1457961
2017-06-30 20:33:46.457340002,0.3394,-0.7747,0.0451,734970055.7401558,23763478.258804582,-135262855.94302768,747690929.4163656
2017-06-30 20:33:46.578380220,0.1656,0.5072,-0.0166,734973781.2498972,23763598.809516855,-135263541.57175314,747694719.4087201
2017-06-30 20:33:46.657504975,0.9977,0.4357,-0.183,734976216.645392,23763677.617006667,-135263989.77272713,747697196.9570941
2017-06-30 20:33:46.857765972,0.3497,0.3292,-0.1137,734982380.5297484,23763877.088222936,-135265124.15266562,747703467.5293918
2017-06-30 20:33:47.257952988,-0.0965,-0.8837,0.159,734994697.9726336,23764275.5554743,-135267390.98959333,747715998.1608598
2017-06-30 20:33:47.457442998,1.3233,0.238,-0.1522,735000838.1715429,23764474.197666965,-135268520.99563357,747722244.6330645
2017-06-30 20:33:47.577080240,0.855,-0.7477,0.0615,735004520.5559597,23764593.315757927,-135269198.67683926,747725990.7505114
2017-06-30 20:33:47.657810986,0.5254,0.3091,-0.0492,735007005.4180789,23764673.69819737,-135269655.9738041,747728518.6194953
2017-06-30 20:33:47.857769012,0.9342,-0.956,-0.0508,735013160.088565,23764872.75529598,-135270788.6322631,747734779.810093
2017-06-30 20:33:48.257858991,1.0814,0.6762,-0.0028,735025474.9560794,23765271.150877245,-135273054.93483552,747747307.8110597
2017-06-30 20:33:48.457419991,1.1158,0.3075,-0.1805,735031617.5369575,23765469.878974155,-135274185.35176015,747753556.7017698
2017-06-30 20:33:48.574210280,0.2579,-0.8286,0.0826,735035212.4001721,23765586.17051617,-135274846.91135585,747757213.7807064
2017-06-30 20:33:48.657175004,0.6192,-0.7648,-0.1519,735037766.0999252,23765668.77567931,-135275316.86679348,747759811.6768078
2017-06-30 20:33:48.857740998,0.3125,-0.7024,-0.0331,735043939.6439039,23765868.444184996,-135276452.97844923,747766092.0639341
2017-06-30 20:33:49.257641017,0.1548,0.4953,0.0827,735056248.8358575,23766266.633948546,-135278718.21001264,747778614.2856066
2017-06-30 20:33:49.457383990,1.1965,-1.0103,-0.0942,735062397.1068485,23766465.48237106,-135279849.6567955,747784868.9597538
2017-06-30 20:33:49.576840040,0.7884,0.7344,-0.0879,735066074.0843313,23766584.413915895,-135280526.31846714,747788609.5718876
2017-06-30 20:33:49.657984018,0.0777,-0.7522,0.0706,735068571.7781783,23766665.196655843,-135280985.96001956,747791150.4911621
2017-06-30 20:33:49.857900023,1.1841,0.1708,-0.1742,735074725.4426647,23766864.229497854,-135282118.39486057,747797410.6516507
2017-06-30 20:33:50.257781982,0.6119,-0.9305,-0.079,735087034.4069765,23767262.196118075,-135284383.56011388,747809932.6304662
2017-06-30 20:33:50.457813978,0.2711,-0.8276,-0.0399,735093191.7016037,23767461.236894146,-135285516.65990773,747816196.479881
2017-06-30 20:33:50.574219820,0.7611,0.4497,-0.1464,735096774.8640118,23767577.07200305,-135286176.05357987,747819841.650745
2017-06-30 20:33:50.657656013,0.9386,0.4057,-0.3624,735099343.1731765,23767660.101936124,-135286648.6895784,747822454.4061338
2017-06-30 20:33:50.857744991,1.013,0.3192,-0.2431,735105502.2957507,23767859.22943842,-135287782.13134477,747828720.1170176
2017-06-30 20:33:51.257892012,1.0273,-0.8275,-0.2073,735117819.7531495,23768257.321159314,-135290048.87283272,747841250.7335513
2017-06-30 20:33:51.457328021,0.7452,0.573,-0.2485,735123958.8877078,23768455.755583614,-135291178.6421603,747847496.1100869
2017-06-30 20:33:51.579839940,0.1867,-0.8794,-0.0647,735127730.1109607,23768577.639038213,-135291872.6512448,747851332.5966312
2017-06-30 20:33:51.657395005,1.3745,0.3329,-0.0108,735130117.4580836,23768654.798261818,-135292311.9874992,747853761.2580266
2017-06-30 20:33:51.857653975,0.4057,-0.7318,-0.0543,735136281.967619,23768854.005761288,-135293446.42268643,747860032.4464799
2017-06-30 20:33:52.257640004,0.7,0.7352,-0.2448,735148594.7250309,23769252.00926584,-135295712.31903496,747872558.2872945
2017-06-30 20:33:52.457455992,0.9264,0.3085,-0.0591,735154745.6913235,23769450.84718635,-135296844.26672462,747878815.7011708
2017-06-30 20:33:52.577480190,1.5584,-1.0274,-0.331,735158440.4371216,23769570.269084457,-135297524.20263854,747882574.3872373
2017-06-30 20:33:52.657890021,0.1864,-0.84,0.1047,735160915.7215627,23769650.26997533,-135297979.72287184,747885092.5079428
2017-06-30 20:33:52.857888996,0.8097,-0.907,-0.2722,735167072.3935666,23769849.215536293,-135299112.72432348,747891355.7245104
2017-06-30 20:33:53.258247017,1.0764,0.2838,-0.121,735179396.9943589,23770247.510322005,-135301380.78643668,747903893.608268
2017-06-30 20:33:53.457641005,0.3169,-0.7918,0.1145,735185535.1412619,23770445.845257603,-135302510.365722,747910137.9764098
2017-06-30 20:33:53.577700130,0.7128,0.8523,-0.2439,735189231.0530713,23770565.278991096,-135303190.5116129,747913897.847012
2017-06-30 20:33:53.658051013,1.0789,-0.924,-0.0786,735191704.5894531,23770645.2053584,-135303645.70719948,747916414.1882995
2017-06-30 20:33:53.857743978,0.5458,1.0347,-0.2085,735197851.9962336,23770843.88455186,-135304776.99563113,747922667.9789141
2017-06-30 20:33:54.257741987,0.586,-0.6371,-0.158,735210165.7459729,23771241.74997548,-135307043.06528684,747935194.822137
2017-06-30 20:33:54.587869880,3.388,-0.149,-0.1416,735220328.9464386,23771570.101556245,-135308913.32203025,747945533.8897287
2017-06-30 20:34:01.757506012,2.169,-0.8969,-0.4853,735441162.3213035,23778655.05621472,-135349556.0427662,748170187.8541849
2017-06-30 20:34:01.957579970,3.4887,-1.0723,-0.1066,735447324.9783481,23778852.724150326,-135350690.21198285,748176457.1246177
2017-06-30 20:34:02.157679021,-0.5946,-0.4305,0.0742,735453488.3844972,23779050.399640113,-135351824.5204745,748182727.156846
2017-06-30 20:34:02.357500016,2.6972,-0.8657,-0.6055,735459643.3337225,23779247.76587562,-135352957.27691704,748188988.5854269
2017-06-30 20:34:02.556809008,-0.0775,0.8829,-0.1928,735465782.5089915,23779444.66147036,-135354087.13854712,748195233.969771
2017-06-30 20:34:02.757448017,3.2452,-0.802,-0.23,735471962.7824813,23779642.838691838,-135355224.549162,748201521.1595105
2017-06-30 20:34:02.957453012,-0.5386,-0.6799,0.2686,735478123.5049242,23779840.362481143,-135356358.35484466,748207788.4579087
2017-06-30 20:34:03.157454013,2.8889,-0.9917,-0.6115,735484284.2198976,23780037.8426576,-135357492.16234604,748214055.7479075
2017-06-30 20:34:03.357452988,0.0456,1.0885,-0.2076,735490444.8742874,23780235.364373144,-135358625.96666592,748220322.9790981
2017-06-30 20:34:03.556751012,3.2264,-0.6621,-0.5487,735496584.0651338,23780432.167521507,-135359755.8190533,748226568.3741444
2017-06-30 20:34:03.757471978,-0.354,-0.4236,0.0791,735502767.074127,23780630.358732652,-135360893.73513967,748232858.3447348
2017-06-30 20:34:03.957686007,2.8641,-1.0998,-0.8614,735508934.5822412,23780828.00530969,-135362028.81185693,748239132.5471982
2017-06-30 20:34:04.157447993,0.1848,0.9479,-0.264,735515088.1727372,23781025.243466325,-135363161.33633417,748245392.5941317
2017-06-30 20:34:04.357837975,4.0475,-0.3555,-0.3066,735521261.2709385,23781223.087409236,-135364297.43346456,748251672.4824481
2017-06-30 20:34:04.556756019,-0.4507,-0.517,0.2088,735527389.0076332,23781419.457658883,-135365425.17728248,748257906.223004
2017-06-30 20:34:04.757453978,2.8314,-0.9437,-0.9767,735533571.6892511,23781617.547013987,-135366563.0514725,748264195.8609722
2017-06-30 20:34:04.957527995,-0.0065,0.9514,-0.0914,735539735.1495128,23781815.05862105,-135367697.39182886,748270465.9469486
2017-06-30 20:34:05.157447993,3.8201,-0.5413,-0.6279,735545894.0177623,23782012.396547,-135368830.88405445,748276731.3600861
2017-06-30 20:34:05.357451021,-0.5588,-0.3299,0.1755,735552055.4215364,23782209.803234175,-135369964.84001744,748282999.3516889
2017-06-30 20:34:05.556971013,3.0883,-1.4509,-1.0165,735558202.0675764,23782406.67539813,-135371096.09777918,748289252.3315257
2017-06-30 20:34:05.757667005,0.1477,1.0921,-0.2145,735564384.9487959,23782604.751943965,-135372234.03197938,748295542.1761489
2017-06-30 20:34:05.957445025,4.4313,-1.1276,-0.5928,735570539.7267288,23782801.87749506,-135373366.78499296,748301803.4280818
2017-06-30 20:34:06.157880008,-0.6298,-0.256,0.1996,735576714.719131,23782999.641002018,-135374503.25500625,748308085.2432729
2017-06-30 20:34:06.357590019,2.7703,-1.5968,-1.1892,735582867.4871176,23783196.62551277,-135375635.66184524,748314344.4523478
2017-06-30 20:34:06.557254016,0.1846,0.8647,-0.1803,735589018.8448406,23783393.599109374,-135376767.81496087,748320602.2289052
2017-06-30 20:34:06.757507026,3.1003,-0.9753,-0.9276,735595188.4735246,23783591.114671472,-135377903.34515,748326878.5937325
2017-06-30 20:34:06.957497000,-0.3584,-0.4086,0.2746,735601349.9839536,23783788.354450896,-135379037.3728165,748333146.6978426
2017-06-30 20:34:07.157517015,2.4375,-1.5556,-1.1245,735607512.5174382,23783985.56162175,-135380171.61581716,748339415.8455216
2017-06-30 20:34:07.358224987,-0.001,1.2657,-0.1924,735613696.2465515,23784183.498062063,-135381309.76773006,748345706.558546
2017-06-30 20:34:07.556797027,3.5383,-1.04,-0.5612,735619814.3080068,23784379.287056893,-135382435.82957157,748351930.4657167
2017-06-30 20:34:07.757510006,-0.4626,-0.591,0.2547,735625998.3137699,23784577.16317599,-135383574.021984,748358221.4560937
2017-06-30 20:34:07.957704007,2.7244,-0.9675,-1.1253,735632166.438908,23784774.488877162,-135384709.31650317,748364496.2942871
2017-06-30 20:34:08.157523989,0.0393,1.0446,-0.2309,735638323.0418134,23784971.487626944,-135385842.49919054,748370759.4138445
2017-06-30 20:34:08.357522010,3.4591,-0.8639,-0.5479,735644485.2685946,23785168.627346702,-135386976.71345583,748377028.2526962
2017-06-30 20:34:08.556991994,-0.5025,-0.4661,0.0176,735650631.2058026,23785365.228030663,-135388107.93245572,748383280.5201201
2017-06-30 20:34:08.757454991,2.9969,-1.2482,-0.7094,735656807.8595018,23785562.757284075,-135389244.8114629,748389564.0348889
2017-06-30 20:34:08.957454979,0.1079,1.124,-0.2376,735662970.2513119,23785759.875264544,-135390379.07412684,748395833.0440264
2017-06-30 20:34:09.157118976,3.3986,-1.3005,-0.3822,735669122.4260681,23785956.610250298,-135391511.4465171,748402091.6558012
2017-06-30 20:34:09.357618987,-0.5083,-0.3965,0.1287,735675300.3401884,23786154.153046574,-135392648.55509502,748408376.4515082
2017-06-30 20:34:09.556834995,2.9531,-1.1787,-0.9984,735681438.8081177,23786350.38399878,-135393778.42124784,748414621.1202414
2017-06-30 20:34:09.757457971,0.0971,0.9451,-0.2686,735687620.6330374,23786548.038876835,-135394916.27791944,748420909.8991094
2017-06-30 20:34:09.957553029,3.5865,-0.7089,-0.407,735693786.3347394,23786745.14526416,-135396051.15673783,748427182.2729243
2017-06-30 20:34:10.157477021,-0.593,-0.4543,0.0788,735699946.7415352,23786942.06498238,-135397185.06217188,748433449.2598928
2017-06-30 20:34:10.357445001,3.1935,-1.2121,-0.7962,735706108.6314651,23787138.979559112,-135398319.24892968,748439717.7554923
2017-06-30 20:34:10.556738018,0.1546,0.951,-0.289,735712249.7289668,23787335.267250706,-135399449.6188825,748445965.1020043
2017-06-30 20:34:10.757521986,3.5644,-0.7968,-0.5089,735718436.9129457,23787532.9912875,-135400588.4658754,748452259.3301092
2017-06-30 20:34:10.957457005,-0.5205,-0.3186,0.0872,735724597.9156448,23787729.866577487,-135401722.49414244,748458526.923652
2017-06-30 20:34:11.157607018,2.6827,-1.4362,-0.7252,735730765.6508584,23787926.896037076,-135402857.7709036,748464801.3659273
2017-06-30 20:34:11.357460021,0.177,1.0291,-0.1846,735736924.2406114,23788123.674220882,-135403991.37035877,748471066.5069155
2017-06-30 20:34:11.556726992,3.3624,-0.6308,-0.5406,735743064.90495,23788319.850341648,-135405121.6672088,748477313.410863
2017-06-30 20:34:11.757445991,-0.2582,-0.4886,0.0105,735749250.3049699,23788517.436283085,-135406260.1999364,748483605.8241185
2017-06-30 20:34:11.957448005,2.6451,-0.8845,-0.6549,735755413.7160313,23788714.281050354,-135407394.6919267,748489875.86797
2017-06-30 20:34:12.157449007,0.2458,1.2398,-0.267,735761577.1057383,23788911.174414095,-135408529.18885663,748496145.8932683
2017-06-30 20:34:12.357451021,3.6693,-0.5573,-0.4015,735767740.6734067,23789108.04648166,-135409663.70758742,748502416.0967675
2017-06-30 20:34:20.823455989,-0.4821,-0.5633,0.0581,736028607.4649711,23797401.188537396,-135457683.26582894,748767795.2916366
2017-06-30 20:34:21.222721993,-0.4764,-0.4119,0.2234,736040910.1506996,23797792.23647605,-135459947.88482055,748780310.7799771
2017-06-30 20:34:21.234419700,2.6559,-0.7742,-0.3304,736041270.5955074,23797803.69330399,-135460014.23373887,748780677.4594805
2017-06-30 20:34:21.423292994,1.7442,-0.5955,-0.3761,736047090.4648199,23797988.656077817,-135461085.52879676,748786597.9960122
2017-06-30 20:34:21.622677028,-0.0351,0.7579,-0.1007,736053234.206652,23798183.942101963,-135462216.4450943,748792848.0088685
2017-06-30 20:34:21.823436975,1.9895,-1.0213,-0.4164,736059420.4255165,23798380.534596443,-135463355.18242255,748799141.2324775
2017-06-30 20:34:22.223488986,1.997,-0.5513,-0.8103,736071747.9514881,23798772.193942346,-135465624.4607317,748811682.000778
2017-06-30 20:34:22.231760140,-0.369,-0.4366,0.1833,736072002.8254867,23798780.291546475,-135465671.37849444,748811941.2836008
2017-06-30 20:34:22.423722028,0.4097,0.354,-0.3583,736077918.1087501,23798968.23862999,-135466760.2871917,748817958.8920411
2017-06-30 20:34:22.622868001,0.9754,-0.7695,-0.4306,736084054.8074412,23799163.18902861,-135467889.96487123,748824201.746843
2017-06-30 20:34:22.823442995,0.206,-0.6472,-0.067,736090235.5498134,23799359.512304783,-135469027.75152674,748830489.4065944
2017-06-30 20:34:23.223462998,0.0417,0.6218,-0.1006,736102562.2206076,23799751.1523231,-135471296.93095464,748843029.3157645
2017-06-30 20:34:23.234879850,1.0621,-0.1929,-0.7685,736102914.0325931,23799762.329979304,-135471361.69503033,748843387.2137381
2017-06-30 20:34:23.423444986,1.1458,-0.8341,-0.4767,736108724.7359309,23799946.914807253,-135472431.3804619,748849298.4370354
2017-06-30 20:34:23.622672021,-0.2596,-0.5145,0.1429,736114863.9792653,23800141.916057356,-135473561.54265368,748855543.8824553
2017-06-30 20:34:23.823562026,1.6047,-0.4743,-0.7672,736121054.5323005,23800338.52586314,-135474701.16939545,748861841.5279475
2017-06-30 20:34:24.223675012,1.4008,-0.8608,-0.3373,736133384.4922225,23800729.97616281,-135476971.02003503,748874384.7856835
2017-06-30 20:34:24.232459900,0.325,0.397,-0.2671,736133655.209072,23800738.57088335,-135477020.8569376,748874660.1857079
2017-06-30 20:34:24.423471987,-0.3763,-0.516,0.1537,736139541.4616671,23800925.429283597,-135478104.4679639,748880648.2644055
2017-06-30 20:34:24.622927010,1.6827,-0.4922,-0.7959,736145687.9597858,23801120.527441654,-135479236.0074049,748886901.093415
2017-06-30 20:34:24.823487997,0.0763,0.4468,-0.1306,736151868.5428712,23801316.725377604,-135480373.8264054,748893188.5984577
2017-06-30 20:34:25.223438978,0.2939,-0.7247,0.0721,736164193.6701754,23801707.859806977,-135482642.80961674,748905726.9388326
2017-06-30 20:34:25.235099790,0.7905,-0.5339,-0.3049,736164553.0168009,23801719.263494503,-135482708.9632318,748906092.5018171
2017-06-30 20:34:25.423464000,0.8577,0.1663,-0.4026,736170357.7924956,23801903.480116494,-135483777.59721804,748911997.696405
2017-06-30 20:34:25.622675001,0.4673,0.3008,-0.1931,736176496.8497503,23802098.31663145,-135484907.7752363,748918242.9565388
2017-06-30 20:34:25.823559999,1.6925,-0.7237,-0.4773,736182687.5626342,23802294.761179253,-135486047.46955475,748924540.7661333
2017-06-30 20:34:26.223437011,1.6208,-0.4855,-0.5535,736195010.9111068,23802685.721501973,-135488316.20710424,748937077.3079655
2017-06-30 20:34:26.234310030,0.0025,-0.4831,0.1796,736195345.9941403,23802696.352010984,-135488377.89611673,748937418.1879144
2017-06-30 20:34:26.423657000,0.6416,0.3815,-0.2372,736201181.2830513,23802881.489495598,-135489452.1810108,748943354.4281392
2017-06-30 20:34:26.622677981,0.8396,-0.7802,-0.2427,736207314.7385823,23803076.05501929,-135490581.3622896,748949593.9929243
2017-06-30 20:34:26.823439002,0.4449,-0.8162,0.0784,736213501.8368331,23803272.288731996,-135491720.41283792,748955888.1262199
2017-06-30 20:34:27.223517000,-0.0307,0.6906,-0.1627,736225831.5255486,23803663.45521676,-135493990.3469565,748968431.1234457
2017-06-30 20:34:27.232499830,1.322,-0.1163,-0.5591,736226108.3604181,23803672.23794987,-135494041.3131442,748968712.7476727
2017-06-30 20:34:27.423569023,2.0077,-0.6714,-0.4901,736231996.8469543,23803859.026472952,-135495125.40680742,748974703.1073964
2017-06-30 20:34:27.622943997,0.0874,-0.5035,0.2611,736238141.3095726,23804053.914681926,-135496256.6156614,748980953.8690583
2017-06-30 20:34:27.823644995,1.5898,-0.3323,-0.7156,736244326.7024661,23804250.085688513,-135497395.37690297,748987246.2716801
2017-06-30 20:34:28.223424017,1.1544,-0.5261,-0.4103,736256647.6544079,23804640.757276557,-135499663.75633824,748999780.3837932
2017-06-30 20:34:28.238000150,0.1321,0.4387,-0.1167,736257096.882195,23804655.001441397,-135499746.4625545,749000237.3835086
2017-06-30 20:34:28.423449993,-0.0061,-0.704,0.2546,736262812.3363242,23804836.203494105,-135500798.7119538,749006051.7163035
2017-06-30 20:34:28.622731983,1.2545,-0.193,-0.6424,736268954.1388375,23805030.91319922,-135501929.47098833,749012299.7760695
2017-06-30 20:34:28.823467016,0.2499,0.5397,-0.1678,736275140.7337067,23805227.064355988,-135503068.48159108,749018593.4046978
2017-06-30 20:34:29.223430991,-0.1622,-0.7815,0.1963,736287467.4802147,23805617.769953318,-135505337.92553356,749031133.4064494
2017-06-30 20:34:29.236459970,2.05,-0.6793,-0.6166,736287869.0290307,23805630.49722182,-135505411.85364005,749031541.9021457
2017-06-30 20:34:29.423810005,2.0495,-0.4677,-0.7692,736293643.1669729,23805813.492398344,-135506474.9288899,749037415.9358011
2017-06-30 20:34:29.622677028,0.0132,0.7259,-0.159,736299772.2596136,23806007.765564166,-135507603.36096224,749043651.0670956
2017-06-30 20:34:29.823688983,1.2711,-0.7848,-0.3188,736305967.5105369,23806204.10240327,-135508743.97691357,749049953.5008289
2017-06-30 20:34:30.223417997,2.7215,-0.5159,-0.2514,736318287.7178259,23806594.452127736,-135511012.22689962,749062486.847311
2017-06-30 20:34:30.235069990,-0.1518,-0.6312,0.3126,736318646.8485265,23806605.83063128,-135511078.3457328,749062852.1909516
2017-06-30 20:34:30.423497021,0.1885,0.5835,-0.1118,736324454.4395231,23806789.85571901,-135512147.57240343,749068760.2540774
2017-06-30 20:34:30.622662007,1.498,-0.8996,-0.1898,736330593.0490944,23806984.332222555,-135513277.738985,749075005.0606341
2017-06-30 20:34:30.823450028,-0.515,-0.5727,0.2651,736336781.6626508,23807180.37046485,-135514417.10483062,749081300.7342823
2017-06-30 20:34:31.223492980,0.1201,0.7031,-0.119,736349111.6566552,23807571.062645897,-135516687.15609092,749093844.0377214
2017-06-30 20:34:31.234289760,1.3238,-0.3521,-0.5447,736349444.4316578,23807581.60701641,-135516748.4226857,749094182.5697509
2017-06-30 20:34:31.423546016,2.7474,-0.7081,-0.4079,736355277.7276549,23807766.413435537,-135517822.3765955,749100116.7805697
2017-06-30 20:34:40.640335023,-0.3541,-0.6354,0.3477,736639329.4500766,23816712.518445812,-135570094.44816524,749389076.5126812
2017-06-30 20:34:40.840089976,3.217,-1.082,-0.5744,736645485.8155452,23816906.363705672,-135571227.3607705,749395339.2497606
2017-06-30 20:34:41.240249991,2.7954,-1.5323,-1.3792,736657819.0301962,23817294.43973691,-135573497.09393054,749407885.5783627
2017-06-30 20:34:41.403609870,-0.4271,-0.4911,0.3034,736662853.8857955,23817452.853388317,-135574423.67350003,749413007.4331442
2017-06-30 20:34:41.439588010,0.2894,1.4028,-0.5542,736663962.755378,23817487.743994232,-135574627.7427419,749414135.4634801
2017-06-30 20:34:41.640215992,1.8398,-0.6768,-2.077,736670146.313811,23817682.280224543,-135575765.7951274,749420425.8826607
2017-06-30 20:34:41.840471982,-0.0494,-0.3568,-0.071,736676318.405091,23817876.441449244,-135576901.74025378,749426704.636648
2017-06-30 20:34:42.240117013,-0.4418,0.3335,-0.3227,736688635.7968475,23818263.976600464,-135579168.76430893,749439234.9042717
2017-06-30 20:34:42.400999780,0.0248,-0.1755,-1.9373,736693594.3379798,23818419.979821347,-135580081.43709156,749444279.1505153
2017-06-30 20:34:42.439590990,-0.2464,-0.0813,-2.2483,736694783.7509086,23818457.400445633,-135580300.3647391,749445489.1222762
2017-06-30 20:34:42.640157997,-0.0682,-0.6349,0.1655,736700965.3887827,23818651.858121,-135581438.17322168,749451777.6069531
2017-06-30 20:34:42.840102970,1.9242,-1.0366,-2.2915,736707127.9319899,23818845.671268523,-135582572.54454023,749458046.679538
2017-06-30 20:34:43.240095973,3.6988,-0.8705,-1.6681,736719456.7865317,23819233.258184936,-135584842.13874936,749470588.6815304
2017-06-30 20:34:43.401039710,0.2247,1.4678,-0.5198,736724417.5089346,23819389.248150032,-135585755.3606217,749475635.1708467
2017-06-30 20:34:43.439350008,-0.2857,-0.4606,0.2648,736725598.335785,23819426.378599215,-135585972.7393167,749476836.4131694
2017-06-30 20:34:43.640269994,2.6513,-0.9451,-1.3856,736731791.3394159,23819621.072665352,-135587112.8470561,749483136.4936974
2017-06-30 20:34:43.840155005,0.0274,0.8649,-0.2379,736737952.4428655,23819814.798383553,-135588247.09140044,749489404.1252711
2017-06-30 20:34:44.240100979,-0.7046,-0.4154,0.2768,736750279.9604696,23820202.35390409,-135590516.53424996,749501944.7846923
2017-06-30 20:34:44.400949710,4.0215,-1.1729,-0.866,736755237.8980523,23820358.189144615,-135591429.2724374,749506988.4441487
2017-06-30 20:34:44.439342021,2.321,-0.9141,-0.9376,736756421.290863,23820395.38345918,-135591647.13148066,749508192.297704
2017-06-30 20:34:44.640147984,0.2926,0.9283,-0.3383,736762610.8840326,23820589.96089035,-135592786.62836328,749514488.9115795
2017-06-30 20:34:44.840050995,3.1437,-0.2131,-0.6996,736768772.7704599,23820783.65486124,-135593921.02929622,749520757.3401288
2017-06-30 20:34:45.239852011,3.0975,-0.9026,-1.1444,736781096.8841146,23821170.893680163,-135596189.9856761,749533294.555443
2017-06-30 20:34:45.400279760,-0.4069,-0.5281,0.0567,736786042.1582537,23821326.267017312,-135597100.44604668,749538325.3401515
2017-06-30 20:34:45.439363002,0.5731,1.1913,-0.3083,736787246.9216913,23821364.120728444,-135597322.2519298,749539550.9357136
2017-06-30 20:34:45.640227019,4.2238,-0.5313,-0.0497,736793438.8410816,23821558.644270975,-135598462.20083803,749545849.9162952
2017-06-30 20:34:45.840185999,-0.3394,-0.4036,-0.0262,736799602.8478471,23821752.275207527,-135599597.01450336,749552120.5017716
2017-06-30 20:34:46.240236997,0.629,0.875,-0.2939,736811935.0631205,23822139.80594412,-135601867.44389156,749564665.9566237
2017-06-30 20:34:46.401629800,2.0223,-0.9981,-0.3139,736816910.3084599,23822296.12169275,-135602783.41269493,749569727.229085
2017-06-30 20:34:46.439342975,2.5231,0.4203,-0.0623,736818072.8936175,23822332.649093926,-135602997.4501578,749570909.9164507
2017-06-30 20:34:46.640102028,-0.0907,-0.6535,0.0121,736824261.695208,23822527.069562335,-135604136.8381822,749577205.7275333
2017-06-30 20:34:46.839649021,2.8116,-0.9735,-0.0479,736830413.2445662,23822720.277475428,-135605269.34918806,749583463.6375344
2017-06-30 20:34:47.240276992,3.7266,-1.0659,0.1835,736842764.2304457,23823108.00747607,-135607543.04774135,749596028.1413884
2017-06-30 20:34:47.400909780,0.388,0.9028,-0.2194,736847716.3991681,23823263.492085412,-135608454.69852996,749601065.9222714
2017-06-30 20:34:47.439556002,0.096,-0.5346,-0.0084,736848907.8286219,23823300.89892214,-135608674.03021944,749602277.9489052
2017-06-30 20:34:47.640263020,2.4385,-1.0021,-0.3412,736855095.549871,23823495.128893346,-135609813.13097107,749608572.6400031
2017-06-30 20:34:47.839932024,0.0766,0.9368,-0.308,736861251.2725959,23823688.39169653,-135610946.3528152,749614834.7827079
2017-06-30 20:34:48.240221023,-0.1822,-0.5644,0.0186,736873592.0075581,23824075.74734767,-135613218.19087458,749627388.8615745
2017-06-30 20:34:48.401459930,3.8419,-0.9718,-0.0695,736878563.032501,23824231.751356594,-135614133.3032303,749632445.8205982
2017-06-30 20:34:48.439580976,3.0238,-1.0193,-0.1693,736879738.3157037,23824268.633256093,-135614349.6596949,749633641.4207621
2017-06-30 20:34:48.640300989,0.3469,1.0577,-0.3449,736885926.5874666,23824462.871362932,-135615488.8624886,749639936.6717263
2017-06-30 20:34:48.840098977,2.8429,0.0454,0.0422,736892086.5463462,23824656.21903231,-135616622.83056965,749646203.1162112
2017-06-30 20:34:49.240095019,2.0575,-1.358,-0.7387,736904419.127708,23825043.08424555,-135618893.15552524,749658748.8908808
2017-06-30 20:34:49.400949710,-0.2414,-0.3678,-0.0039,736909378.554446,23825198.648979254,-135619806.14570817,749663794.0511483
2017-06-30 20:34:49.439171016,0.5782,0.4832,-0.3719,736910556.9838821,23825235.61402391,-135620023.0853842,749664992.8521668
2017-06-30 20:34:49.639164984,1.4363,0.206,-0.3038,736916723.2037044,23825429.042811565,-135621158.23997724,749671265.6683007
2017-06-30 20:34:49.840169012,0.0461,-0.688,-0.0844,736922920.5675884,23825623.420705087,-135622299.13102442,749677570.1665581
2017-06-30 20:34:50.240227997,0.4769,0.5727,-0.2918,736935255.2778513,23826010.383331638,-135624569.89696932,749690118.1167833
2017-06-30 20:34:50.403900140,3.0629,-1.2855,-0.3976,736940301.7369057,23826168.6630554,-135625498.9234466,749695251.8160135
2017-06-30 20:34:50.439328014,1.73,0.1921,-0.2747,736941394.0771637,23826202.923947148,-135625700.0174679,749696363.0399942
2017-06-30 20:34:50.640105009,0.0475,-0.6596,-0.01,736947584.5943357,23826397.06082607,-135626839.6587456,749702660.5742738
2017-06-30 20:34:50.840243995,1.5798,-1.1152,-0.1888,736953755.5031829,23826590.536126267,-135627975.68614802,749708938.1590322
2017-06-30 20:34:51.239763021,1.6883,-0.1998,-0.3919,736966074.189685,23826976.721158817,-135630243.4955826,749721469.7985499
2017-06-30 20:34:51.400869840,0.6327,0.6182,-0.2927,736971041.7402354,23827132.467064835,-135631158.00171506,749726523.2244202
2017-06-30 20:35:01.773505985,0.4011,-0.6534,-0.1626,737290913.6567266,23837089.64802211,-135690054.68832913,750051924.2992316
2017-06-30 20:35:01.973505973,-0.4398,-0.4562,0.2005,737297081.249621,23837281.619162746,-135691190.29679576,750058198.5008649
2017-06-30 20:35:02.173506021,1.1243,-0.2109,-0.5155,737303248.8893378,23837473.581924967,-135692325.92622307,750064472.7520496
2017-06-30 20:35:02.373907029,0.0973,0.5464,-0.1315,737309428.8978432,23837665.951477773,-135693463.83764082,750070759.5873439
2017-06-30 20:35:02.572992026,1.4922,-0.704,-0.1622,737315568.3820673,23837857.02985832,-135694594.28295037,750077005.1961075
2017-06-30 20:35:02.773612976,-0.4356,-0.5608,0.0157,737321755.2152575,23838049.559848823,-135695733.44908312,750083298.9720612
2017-06-30 20:35:02.973519027,1.4637,-0.3769,-0.5461,737327920.0605849,23838241.388710067,-135696868.57769895,750089570.3815432
2017-06-30 20:35:03.173663020,0.0256,0.9131,-0.2198,737334092.2447628,23838433.48247589,-135698005.066228,750095849.2594535
2017-06-30 20:35:03.373748004,2.281,-0.7054,-0.1844,737340262.7004963,23838625.491366204,-135699141.2270653,750102126.3763472
2017-06-30 20:35:03.572508990,-0.2009,-0.6638,0.2423,737346392.3172878,23838816.20347543,-135700269.86015156,750108361.9460729
2017-06-30 20:35:03.772743999,1.7307,-0.3938,-0.6408,737352567.4610636,23839008.31412768,-135701406.88893852,750114643.8315017
2017-06-30 20:35:03.973492980,0.1028,0.7029,-0.1704,737358758.4596121,23839200.94622495,-135702546.84316796,750120941.8477645
2017-06-30 20:35:04.173750996,3.0143,-0.8024,-0.4528,737364934.437928,23839393.075029545,-135703684.02760863,750127224.5822709
2017-06-30 20:35:04.373557984,-0.4811,-0.6248,0.2323,737371096.4872859,23839584.746171243,-135704818.64156926,750133493.1452357
2017-06-30 20:35:04.573032975,3.4826,-0.922,-0.6781,737377248.4364268,23839776.06214774,-135705951.39725012,750139751.4323595
2017-06-30 20:35:04.773483991,0.1818,1.1204,-0.2775,737383430.4941707,23839968.359245785,-135707089.70661983,750146040.3517183
2017-06-30 20:35:04.973487019,2.7128,-0.6601,-0.4324,737389598.8441482,23840160.20017422,-135708225.48927832,750152315.3249296
2017-06-30 20:35:05.173523008,-0.5716,-0.4141,0.2387,737395768.187813,23840352.05614856,-135709361.4495652,750158591.3075346
2017-06-30 20:35:05.372713029,2.7507,-0.9311,-0.8094,737401911.5499748,23840543.063805886,-135710492.6379006,750164840.860431
2017-06-30 20:35:05.572951018,0.0942,0.7557,-0.0995,737408087.2370455,23840735.106682576,-135711629.78157368,750171123.2985419
2017-06-30 20:35:05.773533999,3.1302,-0.8786,-0.3861,737414273.6902071,23840927.445082646,-135712768.89997694,750177416.6862103
2017-06-30 20:35:05.973497986,-0.5773,-0.2979,0.1232,737420441.0290473,23841119.178019572,-135713904.49816343,750183690.6286831
2017-06-30 20:35:06.173745989,2.6117,-0.8966,-0.8188,737426617.2323065,23841311.147328645,-135715041.7421139,750189973.5900035
2017-06-30 20:35:06.373492002,0.0309,0.9411,-0.1196,737432777.9540361,23841502.67294954,-135716176.1399459,750196240.8042043
2017-06-30 20:35:06.572997987,4.2949,-0.7483,-0.342,737438931.443584,23841693.938636288,-135717309.18822306,750202500.6568629
2017-06-30 20:35:06.773491978,-0.4326,-0.5739,0.3469,737445115.3894376,23841886.128451377,-135718447.83370805,750208791.4896051
2017-06-30 20:35:06.973098993,2.3081,-0.4963,-0.0715,737451272.0697666,23842077.448253687,-135719581.44472766,750215054.5822828
2017-06-30 20:35:07.173488020,-0.0152,0.934,-0.1933,737457452.8698696,23842269.555106185,-135720719.50472313,750221342.2142388
2017-06-30 20:35:07.373700976,3.7657,-0.9491,-0.2964,737463628.3901868,23842461.455119893,-135721856.57664812,750227624.4709139
2017-06-30 20:35:07.572910010,-0.319,-0.509,-0.0381,737469772.9321128,23842652.372695666,-135722987.9484984,750233875.2138399
2017-06-30 20:35:07.773527979,2.5845,-0.9431,-0.2919,737475961.0362293,23842844.60260641,-135724127.33388966,750240170.2692279
2017-06-30 20:35:07.973595976,0.4767,0.8574,-0.3544,737482132.1954228,23843036.33985941,-135725263.60996738,750246448.08983
2017-06-30 20:35:08.173551976,2.4473,0.25,-0.1825,737488299.9978832,23843227.97977452,-135726399.2572606,750252722.4939637
2017-06-30 20:35:08.373612999,-0.5744,-0.4027,0.0527,737494471.0168719,23843419.704226933,-135727535.49892116,750259000.1701137
2017-06-30 20:35:08.572726011,3.1518,-1.124,-0.8093,737500612.9187696,23843610.475610003,-135728666.38846207,750265248.2260283
2017-06-30 20:35:08.773488998,0.2984,0.8782,-0.2918,737506805.7283366,23843802.863240648,-135729806.6610225,750271548.0723189
2017-06-30 20:35:08.973646998,3.3174,0.0111,-0.1234,737512980.0091559,23843994.671567623,-135730943.50238505,750277829.0659606
2017-06-30 20:35:09.173577010,-0.2283,-0.4534,-0.0542,737519147.2480958,23844186.2432939,-135732079.0510061,750284102.8961442
2017-06-30 20:35:09.373596012,2.531,-0.9287,-0.4232,737525317.3333684,23844377.863134798,-135733215.1219976,750290379.6202642
2017-06-30 20:35:09.572714984,0.1156,0.7463,-0.217,737531459.659553,23844568.650329165,-135734346.0895886,750296628.10787
2017-06-30 20:35:09.773478984,2.8718,-0.0728,-0.1544,737537652.8465208,23844761.01078398,-135735486.40692922,750302928.3323784
2017-06-30 20:35:09.973486006,-0.5399,-0.3993,0.1271,737543822.6605617,23844952.629973132,-135736622.41963404,750309204.7793163
2017-06-30 20:35:10.173484981,2.9398,-0.9477,-0.7688,737549992.3439596,23845144.203545146,-135737758.41738468,750315481.0936791
2017-06-30 20:35:10.373584985,0.1894,0.9067,-0.2074,737556165.1515417,23845335.910194367,-135738894.99728617,750321760.5886174
2017-06-30 20:35:10.572870016,3.0987,0.2282,-0.1623,737562312.9414006,23845526.845118135,-135740026.9545383,750328014.6306738
2017-06-30 20:35:10.773717999,-0.4515,-0.0754,-0.419,737568508.9289126,23845719.274464082,-135741167.80640352,750334317.7069687
2017-06-30 20:35:10.973532974,2.9825,-1.1201,-0.5483,737574673.1680957,23845910.6693799,-135742302.8124931,750340588.4846653
2017-06-30 20:35:11.173489987,0.0942,0.8212,-0.1923,737580841.7928799,23846102.23318222,-135743438.63308772,750346863.7260661
2017-06-30 20:35:11.373470008,3.5811,-0.738,-0.4606,737587011.2706707,23846293.789512675,-135744574.60279557,750353139.8326992
2017-06-30 20:35:11.572762012,-0.5993,-0.579,0.2173,737593159.4990104,23846484.66381092,-135745706.65565008,750359394.3211452
2017-06-30 20:35:11.773501992,3.2631,-0.6898,-0.8467,737599352.5294102,23846676.89712893,-135746846.96766698,750365694.3867466
2017-06-30 20:35:11.973496973,0.057,1.182,-0.2292,737605522.5781211,23846868.464296028,-135747983.05685285,750371971.0765455
2017-06-30 20:35:12.172873020,4.2646,-0.8769,0.1481,737611673.7016094,23847059.4037536,-135749115.62424228,750378228.5060378
2017-06-30 20:35:12.373676002,-0.5958,-0.3252,-0.0428,737617868.8246841,23847251.696652815,-135750256.29914585,750384530.6962533
2017-06-30 20:35:26.506226003,3.433,-0.9768,-0.5693,738054568.3708476,23860590.210238844,-135830650.90978897,750828768.3519033
2017-06-30 20:35:26.707037985,1.8339,-0.8181,-0.27,738060773.5883448,23860779.70662227,-135831793.26237062,750835080.6794428
2017-06-30 20:35:26.907042026,-0.3589,-0.6168,0.1673,738066953.8255966,23860968.41591854,-135832931.01215234,750841367.5940431
2017-06-30 20:35:27.107526004,1.8156,-0.5145,-0.8282,738073148.9661472,23861157.557368807,-135834071.5254085,750847669.6720526
2017-06-30 20:35:27.306277990,0.3673,0.4833,-0.1574,738079290.6010505,23861345.083907276,-135835202.19192624,750853917.3220612
2017-06-30 20:35:27.507026970,1.0838,-0.972,-0.097,738085493.9887406,23861534.455478426,-135836344.22291505,750860227.7887806
2017-06-30 20:35:27.707153022,0.0943,-0.7963,-0.0082,738091678.1309744,23861723.207533732,-135837482.71048784,750866518.6767572
2017-06-30 20:35:27.907027006,1.7155,-0.6117,-0.5585,738097854.5525292,23861911.697409935,-135838619.78639483,750872801.7116976
2017-06-30 20:35:28.107025980,-0.0737,0.7162,-0.1786,738104034.8335243,23862100.333804864,-135839757.58050936,750879088.6750014
2017-06-30 20:35:28.306290984,1.5065,-1.1658,-0.5037,738110192.4935168,23862288.23163908,-135840891.21906894,750885352.6269221
2017-06-30 20:35:28.507135987,-0.1114,-0.3176,0.0997,738116398.9739293,23862477.6065289,-135842033.84237924,750891666.2410078
2017-06-30 20:35:28.706193983,1.4153,-1.2017,-0.3017,738122550.288615,23862665.24885014,-135843166.31121817,750897923.7358464
2017-06-30 20:35:28.907029986,0.4162,0.269,-0.281,738128756.5642792,23862854.578062512,-135844308.90672228,750904237.1421856
2017-06-30 20:35:29.107141971,0.0054,-1.8055,0.0457,738134940.4664059,23863043.152438205,-135845447.38131562,750910527.7861466
2017-06-30 20:35:29.306536018,0.2369,0.1521,-0.0139,738141102.1920819,23863231.056316353,-135846581.77197772,750916795.8708338
2017-06-30 20:35:29.507187008,0.7278,-1.1502,-0.2004,738147302.7894329,23863420.098397616,-135847723.32169592,750923103.4971526
2017-06-30 20:35:29.707014977,0.2957,-1.4956,-0.14,738153477.9652666,23863608.30535364,-135848860.19464839,750929385.2618606
2017-06-30 20:35:29.907023012,0.4849,0.6276,-0.0993,738159658.7249801,23863796.707009926,-135849998.09601516,750935672.7076826
2017-06-30 20:35:30.107026994,1.9186,-1.6849,-0.0995,738165839.4361928,23863985.037449725,-135851135.97830343,750941960.1001147
2017-06-30 20:35:30.306410014,-0.4445,-0.7503,0.3621,738172000.9401829,23864172.753343813,-135852270.313359,750948227.9508547
2017-06-30 20:35:30.507126986,2.3389,-1.2721,-1.1428,738178203.7613225,23864361.673882693,-135853412.28360924,750954537.8353437
2017-06-30 20:35:30.707017004,0.0198,0.7983,-0.1494,738184381.0276278,23864549.847965773,-135854549.55491105,750960821.7259778
2017-06-30 20:35:30.907480001,2.8327,-1.0411,-0.522,738190576.114723,23864738.51960743,-135855690.1071452,750967123.743566
2017-06-30 20:35:31.107015013,-0.3841,-0.3891,0.2153,738196742.5081758,23864926.30235701,-135856825.3709533,750973396.5707258
2017-06-30 20:35:31.306271016,2.5768,-1.1741,-1.1246,738202900.3814924,23865113.775915496,-135857959.09197655,750979660.7337792
2017-06-30 20:35:31.507228970,0.0412,0.9776,-0.186,738209110.8541285,23865302.89026438,-135859102.50422266,750985978.4066143
2017-06-30 20:35:31.707018017,3.4646,-1.3415,-0.9971,738215285.3407587,23865490.8510498,-135860239.30541185,750992259.4730408
2017-06-30 20:35:31.907021999,-0.478,-0.588,0.4134,738221466.450841,23865678.99052432,-135861377.31304616,750998547.2741654
2017-06-30 20:35:32.107192993,2.1048,-0.8591,-1.1546,738227652.8067542,23865867.25268068,-135862516.3172292,751004840.4160532
2017-06-30 20:35:32.306273996,0.0539,1.103,-0.1547,738233805.4782435,23866054.533408698,-135863649.1253247,751011099.2944977
2017-06-30 20:35:32.506687998,3.3864,-0.9567,-0.6034,738239999.4825735,23866243.029697288,-135864789.5426695,751017400.217769
2017-06-30 20:35:32.707233011,-0.1014,-0.8244,0.2327,738246197.5318574,23866431.616050277,-135865930.69614843,751023705.25321
2017-06-30 20:35:32.907027006,1.9767,-0.5574,-0.8998,738252372.449065,23866619.473918978,-135867067.61205676,751029986.7603723
2017-06-30 20:35:33.107056021,-0.0263,0.8264,-0.1595,738258554.6288472,23866807.585832667,-135868205.87171435,751036275.6577157
2017-06-30 20:35:33.306339025,3.1714,-0.9791,-0.5271,738264713.8780519,23866994.957296655,-135869339.9071498,751042541.2268856
2017-06-30 20:35:33.506633996,-0.4274,-0.5622,0.3604,738270904.3870219,23867183.257685985,-135870479.6868036,751048838.5926772
2017-06-30 20:35:33.707192003,2.8791,-1.1682,-1.2623,738277103.141443,23867371.758370407,-135871621.0140394,751055144.349971
2017-06-30 20:35:33.907024025,-0.0287,0.8841,-0.2292,738283279.4563084,23867559.61201985,-135872758.21902227,751061427.2831749
2017-06-30 20:35:34.107367992,4.0733,-1.4406,-1.4376,738289471.7576237,23867747.889104806,-135873898.39508608,751067726.4817914
2017-06-30 20:35:34.306286990,-0.5723,-0.5994,0.3602,738295619.9928541,23867934.8033303,-135875030.4472667,751073980.8510574
2017-06-30 20:35:34.507000029,2.1859,-0.7875,-1.469,738301823.7667868,23868123.37160131,-135876172.76855192,751080291.7244433
2017-06-30 20:35:34.707235991,0.1986,0.9646,-0.275,738308012.8028648,23868311.53033745,-135877312.38566726,751086587.6084971
2017-06-30 20:35:34.907038986,3.6346,-1.1758,-1.1972,738314188.6015873,23868499.235281587,-135878449.58640057,751092870.0288459
2017-06-30 20:35:35.107087016,-0.5727,-0.3636,0.2151,738320371.9512855,23868687.155872896,-135879588.1731694,751099160.1292999
2017-06-30 20:35:35.306273996,2.004,-1.1992,-1.5419,738326528.7660184,23868874.22003452,-135880721.92039004,751105423.2435127
2017-06-30 20:35:35.507017016,0.2816,1.0035,-0.2032,738332733.6888673,23869062.78597202,-135881864.532583,751111735.2988222
2017-06-30 20:35:35.707224011,2.1083,-1.163,-0.9092,738338922.1278074,23869250.801783483,-135883004.13021058,751118030.5878309
2017-06-30 20:35:35.907024025,-0.3487,-0.3036,0.2212,738345097.9729619,23869438.42327647,-135884141.40243253,751124313.0641036
2017-06-30 20:35:36.107016026,3.049,-1.4392,-1.1444,738351279.8744105,23869626.16749077,-135885279.81322697,751130601.7035086
2017-06-30 20:35:36.306334018,0.3841,0.8725,-0.2556,738357440.9569992,23869813.3136357,-135886414.39752674,751136869.1670066
2017-06-30 20:35:36.507089972,3.5548,-1.292,-1.5319,738363646.6314414,23870001.7578585,-135887557.22892454,751143181.9969109
2017-06-30 20:35:36.707198977,-0.4284,-0.3165,0.2492,738369832.2905431,23870189.582133844,-135888696.36749566,751149474.4642435
2017-06-30 20:35:36.907068014,1.924,-0.8788,-1.3249,738376010.6087457,23870377.146066893,-135889834.19295388,751155759.4697458
2017-06-30 20:35:37.107565999,-0.0448,0.9791,-0.1265,738382208.3670826,23870565.339585505,-135890975.60400715,751162064.2533076
2017-06-30 20:35:53.990238010,3.8116,-0.3927,-0.8557,738905168.9453664,23886300.00084445,-135987330.53251544,751694058.8346235
2017-06-30 20:35:54.190303981,2.323,-0.9296,-0.4523,738911366.3165878,23886486.425250586,-135988472.39252213,751700363.262678
2017-06-30 20:35:54.389981985,-0.1973,-0.7251,0.3757,738917551.6620291,23886672.4592327,-135989612.02325955,751706655.4538537
2017-06-30 20:35:54.590910017,1.7671,-0.2994,-0.6273,738923775.800428,23886859.645740848,-135990758.81366017,751712987.1098487
2017-06-30 20:35:54.789467990,-0.0003,0.5509,-0.0339,738929926.5216066,23887044.64599837,-135991892.07836038,751719244.0813254
2017-06-30 20:35:54.990231990,1.2782,-0.8779,-0.4586,738936145.6303011,23887231.666268602,-135993037.95238933,751725570.6221278
2017-06-30 20:35:55.190216004,0.3797,-0.8698,0.11,738942340.5923908,23887417.92516201,-135994179.37019643,751731872.5967826
2017-06-30 20:35:55.390214025,1.0034,-0.1077,-0.5644,738948536.0285144,23887604.192793187,-135995320.8905247,751738175.0562313
2017-06-30 20:35:55.590359985,0.4588,0.4234,-0.2403,738954736.0657953,23887790.615167692,-135996463.2648642,751744482.1979705
2017-06-30 20:35:55.789570987,0.7131,-0.9219,-0.4869,738960907.1686404,23887976.13010667,-135997600.3220608,751750759.9068002
2017-06-30 20:35:55.990226984,-0.1096,-0.566,0.289,738967123.0297246,23888162.96790625,-135998745.61536852,751757083.1443912
2017-06-30 20:35:56.190213024,1.2352,-0.3476,-0.9165,738973318.1864836,23888349.16798344,-135999887.12138724,751763385.3244939
2017-06-30 20:35:56.390340983,0.3113,0.5441,-0.2698,738979517.7520697,23888535.52198835,-136001029.4482753,751769691.9918077
2017-06-30 20:35:56.590222001,1.8011,-0.649,-0.5687,738985709.7398738,23888721.62011904,-136002170.38834938,751775990.9512475
2017-06-30 20:35:56.789461970,0.1349,-0.8809,0.3209,738991881.8743808,23888907.08643585,-136003307.6565155,751782269.7108094
2017-06-30 20:35:56.990390002,2.3919,-0.4421,-0.9301,738998106.3989366,23889094.106269736,-136004454.5977497,751788601.7683852
2017-06-30 20:35:57.190222978,-0.1105,0.7753,-0.1093,739004296.995476,23889280.137807403,-136005595.29252902,751794899.3137394
2017-06-30 20:35:57.390209019,2.8297,-0.3251,-0.6379,739010492.4469658,23889466.29883647,-136006736.88655266,751801201.7982401
2017-06-30 20:35:57.590228974,-0.0273,-0.5784,0.1586,739016688.9479994,23889652.46829445,-136007878.66782466,751807505.3485711
2017-06-30 20:35:57.789462983,1.8732,-0.2106,-0.7187,739022861.1752415,23889837.897870116,-136009015.9911804,751813784.2081082
2017-06-30 20:35:57.990365982,0.0863,0.8216,-0.0785,739029085.1109222,23890024.91395701,-136010162.84510058,751820115.6709143
2017-06-30 20:35:58.190263986,2.0751,-1.0356,-0.4238,739035277.9949734,23890210.953134887,-136011303.97894576,751826415.5445365
2017-06-30 20:35:58.390224993,-0.2492,-0.717,0.3146,739041472.8209072,23890397.02227898,-136012445.45986956,751832717.390745
2017-06-30 20:35:58.590210974,2.164,-0.2197,-0.4886,739047668.5070877,23890583.105875287,-136013587.10289913,751839020.1123502
2017-06-30 20:35:58.789460003,-0.0011,0.6745,-0.0982,739053841.3620075,23890768.530527905,-136014724.5428518,751845299.6098243
2017-06-30 20:35:58.989543974,2.762,-0.632,-0.3367,739060040.1945062,23890954.706891008,-136015866.7626628,751851605.5315106
2017-06-30 20:35:59.190226972,-0.2951,-0.662,0.291,739066257.5736684,23891141.413982265,-136017012.3904209,751857930.3177075
2017-06-30 20:35:59.390456974,2.216,-0.4512,-0.6534,739072461.0073621,23891327.6815354,-136018155.45838237,751864240.9186422
2017-06-30 20:35:59.590713024,-0.0057,0.7439,-0.1041,739078665.2478344,23891514.003152397,-136019298.67922065,751870552.3420041
2017-06-30 20:35:59.789740025,2.8052,-0.7857,-0.3907,739084831.521597,23891699.15011846,-136020434.89914584,751876825.140754
2017-06-30 20:35:59.990220010,-0.3984,-0.4893,0.1428,739091042.7958376,23891885.629072152,-136021579.40823308,751883143.7162703
2017-06-30 20:36:00.190376996,1.967,-0.3132,-0.5467,739097244.1417214,23892071.79503663,-136022722.09527156,751889452.1927768
2017-06-30 20:36:00.390681028,-0.0167,0.7959,-0.1272,739103450.0427746,23892258.12970142,-136023865.6268924,751895765.3051062
2017-06-30 20:36:00.590214014,2.627,-0.6773,-0.3661,739109632.1595566,23892443.720127966,-136025004.77120307,751902054.2204685
2017-06-30 20:36:00.789623022,-0.3455,-0.4868,0.0943,739115810.4213984,23892629.175882503,-136026143.20396706,751908339.2134728
2017-06-30 20:36:00.990336000,1.5632,-0.4641,-0.5788,739122029.1469377,23892815.82566771,-136027289.10445723,751914665.3706613
2017-06-30 20:36:01.190217971,0.0206,0.7541,-0.1025,739128222.1260638,23893001.732799813,-136028430.26469895,751920965.3383244
2017-06-30 20:36:01.390236973,2.7095,-1.083,-0.4547,739134419.4592468,23893187.7240541,-136029572.22546548,751927269.7334615
2017-06-30 20:36:01.590216994,-0.4477,-0.4633,0.1947,739140615.5667487,23893373.66053291,-136030713.95589283,751933572.8803602
2017-06-30 20:36:01.789467990,1.0844,-0.2524,-0.7184,739146789.1294597,23893558.909161776,-136031851.55267546,751939853.0963662
2017-06-30 20:36:01.990204989,0.0375,0.7257,-0.1868,739153008.7357739,23893745.56860709,-136032997.64111966,751946180.1536552
2017-06-30 20:36:02.189414024,2.8818,-0.7261,-0.0546,739159181.1142333,23893930.77842878,-136034135.00796825,751952459.1627282
2017-06-30 20:36:02.390504002,-0.3932,-0.5626,0.174,739165411.75674,23894117.714262154,-136035283.10686302,751958797.4409359
2017-06-30 20:36:02.590255022,1.5817,-0.6067,-0.5184,739171600.9756123,23894303.38117531,-136036423.58182353,751965093.5807158
2017-06-30 20:36:02.789734005,0.2831,0.6609,-0.1,739177781.7767738,23894488.821530778,-136037562.5075727,751971381.1585357
2017-06-30 20:36:02.990064978,2.7903,-0.8052,-0.5299,739183989.0885917,23894675.021601506,-136038706.31902713,751977695.7039788
2017-06-30 20:36:03.190199971,-0.3064,-0.9323,0.2594,739190190.3156413,23894861.002173867,-136039849.00112242,751984004.0568918
2017-06-30 20:36:03.390209019,2.492,-0.6335,-0.6206,739196387.7399462,23895046.84036632,-136040990.98895383,751990308.541636
2017-06-30 20:36:03.590188026,0.1036,0.8475,-0.147,739202584.2375523,23895232.68453909,-136042132.8111395,751996612.0856713
2017-06-30 20:36:03.789452016,3.3077,-0.8766,-0.3214,739208758.7111632,23895417.829427,-136043270.56354684,752002893.2219397
2017-06-30 20:36:03.990297973,-0.4,-0.602,0.2442,739214982.1881,23895604.4199055,-136044417.33877787,752009224.2060553
2017-06-30 20:36:04.190446019,1.8901,-0.3418,-0.5641,739221184.1150597,23895790.3483165,-136045560.15172625,752015533.2689869
2017-06-30 20:36:04.389599978,0.2248,0.733,-0.1192,739227355.2474624,23895975.38233846,-136046697.2933265,752021811.0068705
2017-06-30 20:36:04.590210020,1.858,-0.7646,-0.4637,739233571.5739079,23896161.73843685,-136047842.76762092,752028134.7193526
2017-06-30 20:36:23.722128987,-0.2623,-0.6538,0.3171,739826318.5377171,23913694.96670264,-136156969.09405795,752631095.9832263
2017-06-30 20:36:23.922644019,0.1149,0.9208,-0.1648,739832530.9184513,23913878.76343174,-136158112.81600466,752637415.4188251
2017-06-30 20:36:24.122636020,3.3095,-0.8778,-0.2967,739838727.2269459,23914062.045629304,-136159253.56649083,752643718.501718
2017-06-30 20:36:24.322750985,-0.4255,-0.686,0.2512,739844927.3281677,23914245.41304538,-136160395.0083017,752650025.4405854
2017-06-30 20:36:24.521961987,2.0017,-0.8094,-1.0,739851099.5016156,23914427.920029733,-136161531.33365566,752656303.9738775
2017-06-30 20:36:24.722672998,0.2962,0.7564,-0.1415,739857318.1619178,23914611.83171752,-136162676.22095552,752662629.7966837
2017-06-30 20:36:24.922967016,2.647,-1.036,-0.6667,739863524.0086528,23914795.3197523,-136163818.75640792,752668942.5849959
2017-06-30 20:36:25.122628986,-0.5148,-0.4333,0.1438,739869710.2516893,23914978.211498592,-136164957.68074176,752675235.4309084
2017-06-30 20:36:25.322625994,2.4838,-1.2419,-1.0938,739875906.9747522,23915161.360467497,-136166098.55997106,752681538.9403763
2017-06-30 20:36:25.521920025,0.0885,0.7311,-0.142,739882081.9202354,23915343.89471712,-136167235.43472105,752687820.2988003
2017-06-30 20:36:25.722630023,2.6859,-0.9184,-0.5793,739888300.8463769,23915527.688859645,-136168380.41020548,752694146.3951435
2017-06-30 20:36:25.922695994,-0.5675,-0.3858,0.2005,739894499.7948616,23915710.877811637,-136169521.7037314,752700452.1683924
2017-06-30 20:36:26.122578978,2.5379,-1.5497,-1.0846,739900693.1749787,23915893.83729743,-136170661.9967255,752706752.2797158
2017-06-30 20:36:26.322628021,-0.0037,1.049,-0.1534,739906891.7002908,23916076.99076308,-136171803.24319243,752713057.6273515
2017-06-30 20:36:26.521911978,2.9216,-0.9571,-0.5361,739913066.63542,23916259.405749373,-136172940.14626193,752719338.9769336
2017-06-30 20:36:26.722679018,-0.3309,-0.6255,0.0737,739919287.511444,23916443.153066505,-136174085.50726068,752725667.0582421
2017-06-30 20:36:26.922634005,2.9944,-1.0018,-0.9018,739925483.3452859,23916626.11711724,-136175226.27161336,752731969.6669632
2017-06-30 20:36:27.122635006,0.0733,1.0287,-0.2347,739931680.6078562,23916809.164420404,-136176367.30786887,752738273.7319403
2017-06-30 20:36:27.322619020,3.0602,-0.8299,-0.8612,739937877.4664531,23916992.162985828,-136177508.28165343,752744577.3869672
2017-06-30 20:36:27.521669983,-0.2425,-0.6864,0.2781,739944045.4032053,23917174.280551985,-136178643.92106017,752750851.6191834
2017-06-30 20:36:27.722927987,1.8179,-0.8541,-1.3728,739950281.8025559,23917358.382809572,-136179792.2078358,752757195.5002908
2017-06-30 20:36:27.922685980,0.0647,0.9939,-0.427,739956471.7235165,23917541.152580775,-136180931.95326853,752763492.1062268
2017-06-30 20:36:28.122623026,3.8431,-1.1822,-0.7579,739962667.3464375,23917724.038919356,-136182072.75060856,752769794.5111164
2017-06-30 20:36:28.322618007,-0.3959,-0.3369,0.1996,739968864.7488054,23917906.964776896,-136183213.8705295,752776098.7247921
2017-06-30 20:36:28.522183001,2.2587,-1.009,-0.8496,739975048.9167821,23918089.45716124,-136184352.57089156,752782389.4777479
2017-06-30 20:36:28.722783982,0.3506,1.0047,-0.2136,739981265.2022814,23918272.93733469,-136185497.19110003,752788712.9041328
2017-06-30 20:36:28.922864973,3.0571,-0.3707,-0.5357,739987465.496552,23918455.927058015,-136186638.86571422,752795020.0628892
2017-06-30 20:36:29.122628986,-0.2391,-0.5706,0.1469,739993655.9584746,23918638.604109984,-136187778.72577006,752801317.2183765
2017-06-30 20:36:29.322713971,2.514,-0.8755,-0.5217,739999856.4676037,23918821.539629612,-136188920.43818846,752807624.5934534
2017-06-30 20:36:29.522386014,0.3737,1.0798,-0.317,740006044.1948162,23919004.140651338,-136190059.8069415,752813918.9694616
2017-06-30 20:36:29.722627997,2.7195,-0.1281,-0.3843,740012249.6932006,23919187.257749464,-136191202.4432958,752820231.4218276
2017-06-30 20:36:29.923035979,-0.1912,-0.3584,0.0508,740018460.3282142,23919370.51225565,-136192346.0248462,752826549.0987912
2017-06-30 20:36:30.122624993,2.2904,-1.3012,-0.5302,740024645.6746833,23919552.966057274,-136193484.95426705,752832841.0504053
2017-06-30 20:36:30.322681009,0.3589,0.9328,-0.1869,740030845.5081025,23919735.88410052,-136194626.55605584,752839147.7407014
2017-06-30 20:36:30.522279024,3.5475,-0.6199,-0.1,740037031.2891778,23919918.358681396,-136195765.54828677,752845440.1315514
2017-06-30 20:36:30.722576975,-0.5966,-0.4161,0.0755,740043238.7381712,23920101.456457414,-136196908.5316249,752851754.5635003
2017-06-30 20:36:30.922639012,3.321,-1.0755,-0.2665,740049439.0088583,23920284.29553137,-136198050.17940637,752858061.6894376
2017-06-30 20:36:31.121999025,0.1055,0.9403,-0.2269,740055617.526793,23920466.530388918,-136199187.83012775,752864346.690412
2017-06-30 20:36:31.322665989,3.2064,-0.366,-0.1395,740061836.6785539,23920649.945191715,-136200332.94460067,752870673.0216386
2017-06-30 20:36:31.521912992,-0.4231,-0.3474,-0.029,740068011.8055121,23920832.048321817,-136201469.9571577,752876954.5696948
2017-06-30 20:36:31.722621023,3.2036,-0.9115,-0.5456,740074232.3421711,23921015.45004962,-136202615.3291197,752883282.308425
2017-06-30 20:36:31.922622025,0.071,0.9415,-0.148,740080430.9687462,23921198.243373267,-136203756.67222956,752889587.761653
2017-06-30 20:36:32.122618019,3.4464,-0.5653,-0.3016,740086629.577959,23921381.0095087,-136204897.99882382,752895893.1939629
2017-06-30 20:36:32.323011994,-0.3888,-0.4642,0.1427,740092840.5064489,23921564.12069744,-136206041.59086457,752902211.156759
2017-06-30 20:36:32.521902978,2.1328,-0.5928,-0.4868,740099004.9362221,23921745.835069437,-136207176.62501514,752908481.8193655
2017-06-30 20:36:32.722617983,0.0234,0.8069,-0.0888,740105225.9006689,23921929.248443622,-136208322.07209447,752914809.9925668
2017-06-30 20:36:32.922730028,3.1633,-0.9491,-0.3267,740111428.3036364,23922112.072826404,-136209464.09126422,752921119.2812319
2017-06-30 20:36:33.122676014,-0.5412,-0.4169,0.1237,740117625.5380269,23922294.728829015,-136210605.15780675,752927423.3115672
2017-06-30 20:36:33.322614014,2.7751,-1.0689,-0.8597,740123822.6358303,23922477.334806703,-136211746.21314088,752933727.2040225
2017-06-30 20:36:33.521929025,0.0516,0.8735,-0.1416,740130000.4260787,23922659.406501506,-136212883.71867347,752940011.458246
2017-06-30 20:36:33.722607016,3.0552,-0.7449,-0.3178,740136220.585077,23922842.69326262,-136214029.01563224,752946338.8085235
2017-06-30 20:36:33.922613978,-0.3814,-0.4638,0.1365,740142419.9297907,23923025.34859441,-136215170.4774756,752952644.984772
2017-06-30 20:36:34.122650027,0.8844,-0.5342,-0.9628,740148620.2114635,23923208.009114046,-136216312.1438476,752958952.1192046
2017-06-30 20:36:34.322602987,0.2414,0.7835,-0.157,740154817.9273759,23923390.625087216,-136217453.34228253,752965256.6454606
2017-06-30 20:37:01.173524022,2.7258,-1.0553,-0.4366,740989050.804906,23947152.586517558,-136371015.30768627,753813832.0207496
2017-06-30 20:37:01.373529016,-0.2485,-0.7869,0.3792,740995264.7621306,23947329.55123863,-136372159.13260886,753820152.8077008
2017-06-30 20:37:01.573535978,2.4816,-0.6141,-0.6396,741001478.8797699,23947506.49313528,-136373302.9943722,753826473.7582779
2017-06-30 20:37:01.773763000,0.0151,0.7959,-0.2068,741007699.8351703,23947683.66162264,-136374448.1229736,753832801.6666644
2017-06-30 20:37:01.972774028,2.5498,-0.889,-0.2536,741013883.111219,23947859.718943052,-136375586.30716544,753839091.2451468
2017-06-30 20:37:02.173533976,-0.4253,-0.5791,0.4281,741020120.7091007,23948037.300124634,-136376734.476529,753845436.0760832
2017-06-30 20:37:02.373601019,1.9587,-0.4579,-0.6461,741026336.8568718,23948214.25007237,-136377878.70895004,753851759.089567
2017-06-30 20:37:02.573629975,0.057,0.5877,-0.1094,741032551.8235482,23948391.189848747,-136379022.72791946,753858080.9031128
2017-06-30 20:37:02.773549020,2.3727,-0.6199,-0.5291,741038763.4700842,23948568.00762513,-136380166.13942543,753864399.3392342
2017-06-30 20:37:02.972970008,-0.333,-0.5845,0.2864,741044959.6283431,23948744.361651726,-136381306.69096807,753870702.0184617
2017-06-30 20:37:03.173586010,1.8629,-0.5143,-0.6631,741051192.9915506,23948921.751766518,-136382454.1038604,753877042.5438516
2017-06-30 20:37:03.373525023,-0.0588,0.8786,-0.1098,741057405.3176032,23949098.57839183,-136383597.64913836,753883361.6724129
2017-06-30 20:37:03.573580026,3.0173,-1.2551,-0.3531,741063621.3683517,23949275.45736741,-136384741.87194946,753889684.586536
2017-06-30 20:37:03.773521006,0.1407,-0.7514,0.1237,741069833.8818355,23949452.205491092,-136385885.43765625,753896003.9005432
2017-06-30 20:37:03.972747027,1.3793,-0.42,-0.7547,741076024.2350472,23949628.30491973,-136387024.94409814,753902300.6763345
2017-06-30 20:37:04.173520982,0.2332,0.5468,-0.1843,741082262.6950823,23949805.794636413,-136388173.31163576,753908646.3877096
2017-06-30 20:37:04.373688995,1.7294,-0.8369,-0.4003,741088482.3965446,23949982.715151377,-136389318.2294036,753914973.0174824
2017-06-30 20:37:04.573504984,-0.1187,-0.7431,0.2354,741094691.1550355,23950159.29485705,-136390461.12427154,753921288.5136737
2017-06-30 20:37:04.773567974,1.339,-0.3249,-0.6266,741100907.6420293,23950336.079836186,-136391605.45700002,753927611.8735237
2017-06-30 20:37:04.972819983,0.2101,0.5741,-0.1315,741107098.9380366,23950512.17098728,-136392745.15624967,753933909.6106919
2017-06-30 20:37:05.173610985,1.46,-1.0725,-0.4107,741113338.11356,23950689.579000324,-136393893.67492568,753940256.0501332
2017-06-30 20:37:05.373495995,0.127,-0.8137,0.1147,741119549.1422828,23950866.154017508,-136395037.00677115,753946573.8568395
2017-06-30 20:37:05.573517978,0.9388,0.0341,-0.4231,741125764.4647293,23951042.85139861,-136396181.13902277,753952896.0329074
2017-06-30 20:37:05.773540019,0.2691,0.4861,-0.1794,741131979.7997444,23951219.568279237,-136397325.27878374,753959218.2233088
2017-06-30 20:37:05.972751975,0.9935,-0.5425,-0.2921,741138170.0022126,23951395.547930934,-136398464.79639518,753965514.8491445
2017-06-30 20:37:06.173521995,-0.0715,-0.7569,0.3088,741144408.6162204,23951572.873434015,-136399613.21388268,753971860.7157001
2017-06-30 20:37:06.373543024,1.224,-0.3381,-0.5354,741150624.0054759,23951749.523881175,-136400757.36851376,753978182.9600012
2017-06-30 20:37:06.573872983,0.408,0.4703,-0.1401,741156849.0106969,23951926.466036886,-136401903.2959,753984514.9866431
2017-06-30 20:37:06.773665010,1.0787,-0.74,-0.2684,741163057.343406,23952102.903523754,-136403046.15692142,753990830.053664
2017-06-30 20:37:06.972759008,0.0761,-0.9866,-0.0701,741169243.9885949,23952278.685469937,-136404185.02781874,753997123.0594684
2017-06-30 20:37:07.173582971,0.8701,0.4501,-0.3575,741175484.4257928,23952456.01297099,-136405333.80899644,754003470.784058
2017-06-30 20:37:07.374458014,1.9043,0.0692,-0.3406,741181726.5270991,23952633.388367943,-136406482.89611253,754009820.2013131
2017-06-30 20:37:07.573853015,0.0021,-0.6182,-0.0858,741187922.6368518,23952809.432289045,-136407623.52019644,754016122.8361493
2017-06-30 20:37:07.773564994,1.8615,-1.0738,-0.3941,741194128.6707985,23952985.713238586,-136408765.97324774,754022435.564743
2017-06-30 20:37:07.972855985,0.3049,0.6504,-0.3519,741200321.6346861,23953161.648424037,-136409906.03201213,754028735.0015117
2017-06-30 20:37:08.173498988,2.7903,-0.1497,-0.4471,741206556.7246526,23953338.77114657,-136411053.84305975,754035077.2878376
2017-06-30 20:37:08.373520016,0.1378,-0.498,-0.0914,741212772.4919224,23953515.324880637,-136412198.09965464,754041399.9191033
2017-06-30 20:37:08.573656976,2.4456,-1.5694,-0.8289,741218991.959803,23953691.918083075,-136413343.052661,754047726.3152617
2017-06-30 20:37:08.773563981,0.2609,0.921,-0.4986,741225204.292015,23953868.34518776,-136414486.71005535,754054045.4574896
2017-06-30 20:37:08.972590029,2.9779,-0.2855,-0.6568,741231389.3654684,23954043.983498424,-136415625.3535581,754060336.8726062
2017-06-30 20:37:09.173529028,-0.3134,-0.4665,0.0177,741237633.8744786,23954221.2911318,-136416774.94048765,754066688.7448773
2017-06-30 20:37:09.373520016,2.1224,-1.1224,-0.3451,741243849.0073801,23954397.71735274,-136417919.11757866,754073010.7341378
2017-06-30 20:37:09.573584020,0.2756,1.0395,-0.4076,741250066.4204358,23954574.24959289,-136419063.7287191,754079335.0466515
2017-06-30 20:37:09.773576974,2.3353,-0.048,-1.0435,741256281.7188674,23954750.717220157,-136420207.97510356,754085657.2124785
2017-06-30 20:37:09.972751975,0.5261,-0.6665,-0.4961,741262471.6181643,23954926.436670363,-136421347.56130496,754091953.544459
2017-06-30 20:37:10.172726988,0.2743,-0.5922,-1.1181,741268686.3909568,23955102.838238254,-136422491.7695137,754098275.1845864
2017-06-30 20:37:10.373670995,0.0695,0.3805,-0.5371,741274931.2807056,23955280.109937254,-136423641.54375684,754104627.4638684
2017-06-30 20:37:10.573521018,-0.3189,0.007,-1.5999,741281142.1591446,23955456.41680916,-136424785.12227258,754110945.1589745
2017-06-30 20:37:10.773519992,-0.3257,-0.4236,-0.5247,741287357.6536099,23955632.838141203,-136425929.57410106,754117267.5531998
2017-06-30 20:37:10.972751021,-0.5748,-0.0874,-1.4373,741293549.2593477,23955808.5785912,-136427069.68857744,754123565.6588296
2017-06-30 20:37:11.173524022,-0.1025,0.0304,-0.1536,741299788.7816151,23955985.680430517,-136428218.63329563,754129912.5064875
2017-06-30 20:37:11.373237013,0.3203,-0.2195,-1.4058,741305995.3742006,23956161.838480324,-136429361.56806526,754136225.8674726
2017-06-30 20:37:11.573597013,0.4189,-0.5354,-0.1984,741312222.0910639,23956338.54573516,-136430508.21355852,754142559.6991053
2017-06-30 20:37:11.773514986,1.1146,0.0362,-0.2574,741318435.1153166,23956514.864591643,-136431652.33965147,754148879.6029646
2017-06-30 20:37:26.990844011,1.0438,0.3317,-0.3159,741791598.9584471,23970012.69008947,-136518813.92572486,754630190.45714
2017-06-30 20:37:27.190899014,-0.0837,-0.8015,0.1913,741797819.4155934,23970190.107517987,-136519959.79007646,754636518.0168555
2017-06-30 20:37:27.390886008,1.242,-0.106,-0.4097,741804037.8077594,23970367.460393734,-136521105.28127563,754642843.4771664
2017-06-30 20:37:27.590945005,0.1398,0.4816,-0.1442,741810258.4443808,23970544.896398697,-136522251.19066703,754649171.2220433
2017-06-30 20:37:27.790283977,0.9641,-0.7592,-0.1805,741816456.7308465,23970721.66363265,-136523392.98303032,754655476.2309633
2017-06-30 20:37:27.990750014,0.0432,-0.9571,0.1377,741822690.0642363,23970899.39184809,-136524541.22556797,754661816.8879659
2017-06-30 20:37:28.190899014,1.039,0.0878,-0.4872,741828913.5812324,23971076.842503626,-136525687.6716773,754668147.5617777
2017-06-30 20:37:28.390825986,0.4535,0.3266,-0.1711,741835130.2125235,23971254.109365206,-136526832.8528574,754674471.2323582
2017-06-30 20:37:28.590826988,1.0079,-0.8009,-0.3288,741841349.1860576,23971431.40982976,-136527978.4712333,754680797.2854934
2017-06-30 20:37:28.790130972,0.0327,-1.0758,0.1243,741847546.4873166,23971608.049656324,-136529120.0921086,754687101.2909013
2017-06-30 20:37:28.990832984,0.755,0.3673,-0.4242,741853787.2902751,23971785.943327315,-136530269.73802933,754693449.549535
2017-06-30 20:37:29.190836012,1.0142,0.1064,-0.275,741860006.3989862,23971963.22170494,-136531415.39108366,754699775.7411216
2017-06-30 20:37:29.391134023,0.0484,-0.6018,-0.0343,741866234.6821569,23972140.737405356,-136532562.73522937,754706111.2645534
2017-06-30 20:37:29.590933024,1.7403,-1.2019,-0.4046,741872447.5180427,23972317.762874786,-136533707.23710477,754712431.0737453
2017-06-30 20:37:29.790241003,0.6584,0.3557,-0.4188,741878645.1115422,23972494.367419697,-136534848.94291168,754718735.3806696
2017-06-30 20:37:29.990815997,0.9993,0.1466,-0.3123,741884882.1437867,23972672.10055003,-136535997.91918758,754725079.8065009
2017-06-30 20:37:30.190903007,0.3953,-0.509,-0.1629,741891104.0176226,23972849.380891193,-136537144.10661155,754731408.8129071
2017-06-30 20:37:30.390996992,1.1217,-1.3361,-0.3456,741897326.1532623,23973026.61391808,-136538290.34782842,754737738.0848923
2017-06-30 20:37:30.590879023,0.6997,0.2242,-0.3943,741903541.7259214,23973203.66816437,-136539435.39061722,754744060.6830701
2017-06-30 20:37:30.790126979,1.0664,0.2415,-0.3508,741909737.62359,23973380.170338497,-136540576.8149751,754750363.2688506
2017-06-30 20:37:30.990985989,0.3068,-0.6203,-0.1119,741915983.6316444,23973558.074626055,-136541727.4730327,754756716.827474
2017-06-30 20:37:31.190998017,1.4713,-1.562,-0.4403,741922203.3603996,23973735.16623954,-136542873.2966111,754763043.6534804
2017-06-30 20:37:31.390899002,0.6292,0.6249,-0.2878,741928419.6612189,23973912.184506275,-136544018.4955499,754769366.994539
2017-06-30 20:37:31.591114997,1.9154,0.1315,-0.4487,741934645.834654,23974089.4869951,-136545165.5171145,754775700.3790066
2017-06-30 20:37:31.790120005,-0.0804,-0.4803,-0.0259,741940834.3464997,23974265.698065724,-136546305.6020563,754781995.4530658
2017-06-30 20:37:31.990896999,2.4931,-1.2744,-0.9603,741947078.0627674,23974443.42678708,-136547455.8772856,754788346.6840633
2017-06-30 20:37:32.190946996,0.3634,0.8928,-0.0882,741953299.1855947,23974620.54769719,-136548601.99099255,754794674.9338453
2017-06-30 20:37:32.390502989,2.6343,-0.4409,-0.3954,741959505.0508692,23974797.21366667,-136549745.29022908,754800987.6620418
2017-06-30 20:37:32.590981006,-0.5318,-0.4561,0.1078,741965739.5682096,23974974.67756829,-136550893.86760694,754807329.5350494
2017-06-30 20:37:32.790123999,2.5272,-1.3549,-0.8687,741971932.6688511,23975150.905969065,-136552034.83082464,754813629.2792764
2017-06-30 20:37:32.990830004,0.0953,0.7849,-0.1177,741978174.3810706,23975328.549150314,-136553184.75385243,754819978.4738914
2017-06-30 20:37:33.190998971,3.9768,-0.8224,0.2887,741984399.5514034,23975505.68405218,-136554331.58841243,754826310.8331748
2017-06-30 20:37:33.390817999,-0.2568,-0.5655,0.1879,741990613.8285277,23975682.486704532,-136555476.41055316,754832632.109961
2017-06-30 20:37:33.591139972,2.1685,-0.7135,-0.8711,741996843.8340228,23975859.705737643,-136556624.1491704,754838969.388371
2017-06-30 20:37:33.790283024,0.0567,0.9338,-0.1131,742003037.1773696,23976035.918846175,-136557765.13768113,754845269.375268
2017-06-30 20:37:33.990857005,3.4922,-0.8759,-0.0249,742009275.1630592,23976213.362884752,-136558914.32568976,754851614.7674602
2017-06-30 20:37:34.191015005,-0.4081,-0.6001,0.1388,742015500.1951103,23976390.414870802,-136560061.12477574,754857946.9817673
2017-06-30 20:37:34.390895009,2.0656,-0.6278,-0.7087,742021716.6638464,23976567.19587052,-136561206.3594062,754864270.4868181
2017-06-30 20:37:34.590817987,0.1993,0.767,-0.1014,742027934.4770828,23976744.04553435,-136562351.84431386,754870595.360954
2017-06-30 20:37:34.790169000,2.4021,-1.16,-0.5817,742034134.5970725,23976920.343144882,-136563494.0751903,754876902.2366444
2017-06-30 20:37:34.990867972,-0.6471,-0.3892,0.3105,742040376.6145738,23977097.81715638,-136564644.0170239,754883251.729384
2017-06-30 20:37:35.191043019,1.2158,-0.2357,-0.7761,742046602.3859953,23977274.81842716,-136565790.98803076,754889584.6999773
2017-06-30 20:37:35.390884995,0.4389,0.4587,-0.2859,742052817.815892,23977451.54350478,-136566936.06201202,754895907.1530274
2017-06-30 20:37:35.590822994,2.3342,-1.1927,-0.1832,742059036.3255796,23977628.305819426,-136568081.69351864,754902232.7355162
2017-06-30 20:37:35.790234982,-0.2721,-0.7267,0.3891,742065238.464353,23977804.57419797,-136569224.29554442,754908541.6618639
2017-06-30 20:37:35.990971982,1.1915,-0.3613,-0.6193,742071481.8618417,23977981.999249883,-136570374.51465338,754914892.5597234
2017-06-30 20:37:36.190815985,0.7728,0.1364,-0.2591,742077697.5158664,23978158.640457634,-136571519.62725472,754921215.2374142
2017-06-30 20:37:36.390829026,1.0344,-0.9465,-0.2521,742083918.468782,23978335.393212367,-136572665.7185346,754927543.3044405
2017-06-30 20:37:36.590618014,1.1559,-1.2016,0.0213,742090132.4991746,23978511.900007453,-136573810.52512202,754933864.326494
2017-06-30 20:37:36.790117979,0.8811,0.6443,-0.3311,742096337.5751623,23978688.177103814,-136574953.6887628,754940176.2419667
2017-06-30 20:37:36.990939021,0.5728,0.1897,-0.1459,742102583.7638977,23978865.62914714,-136576104.42824984,754946529.978587
2017-06-30 20:37:37.190836012,0.4118,-0.723,-0.1569,742108801.2280911,23979042.235778548,-136577249.8790335,754952854.4957358
2017-06-30 20:37:37.390817999,0.6632,-1.1519,0.0215,742115021.3624673,23979218.871435218,-136578395.81600186,754959181.7265168
2017-06-30 20:37:37.590819001,0.7776,0.3403,-0.5157,742121242.1193804,23979395.53749917,-136579541.8825582,754965509.5936537
2017-06-30 20:37:48.840381026,1.689,0.1919,-0.4366,742471358.0674689,23989356.852388185,-136644060.5465322,755321657.3588945
2017-06-30 20:37:49.240328013,2.8426,-1.5056,-1.2242,742483805.9239589,23989710.758487936,-136646354.52456394,755334319.6800048
2017-06-30 20:37:49.403329730,-0.4997,-0.3135,0.2069,742488879.1380017,23989854.98752931,-136647289.44887012,755339480.299853
2017-06-30 20:37:49.439916014,0.0647,0.8642,-0.0904,742490017.8380553,23989887.36137986,-136647499.29589835,755340638.618491
2017-06-30 20:37:49.639616012,3.9471,-1.4489,-1.0569,742496233.3957077,23990064.010745298,-136648644.7522995,755346961.2639565
2017-06-30 20:37:49.840393006,-0.2913,-0.5036,0.0577,742502482.4625529,23990241.592492245,-136649796.38390082,755353317.9952818
2017-06-30 20:37:50.240342020,0.0173,0.9427,-0.1374,742514930.6451309,23990595.48722419,-136652090.46315277,755365980.6548908
2017-06-30 20:37:50.404430030,2.6285,-1.4767,-1.6718,742520037.8606534,23990740.64067707,-136653031.70538357,755371175.8700798
2017-06-30 20:37:50.440491974,4.2558,-1.382,-0.877,742521160.2889668,23990772.539539047,-136653238.56517643,755372317.6383077
2017-06-30 20:37:50.639581024,-0.6675,-0.4936,0.1364,742527356.9108824,23990948.625681035,-136654380.5813883,755378621.0299467
2017-06-30 20:37:50.840331971,1.7113,-1.2661,-0.6069,742533605.3281024,23991126.130678095,-136655532.15504578,755384977.1097827
2017-06-30 20:37:51.240390002,2.7221,-0.2531,-0.6573,742546057.6576525,23991479.823493533,-136657827.12508476,755397644.0005572
2017-06-30 20:37:51.407019850,0.4741,0.8796,-0.307,742551244.2428117,23991627.16599372,-136658783.0212029,755402919.9556062
2017-06-30 20:37:51.440315008,-0.8,-0.3435,0.32,742552280.5999029,23991656.606867798,-136658974.0233166,755403974.1700889
2017-06-30 20:37:51.639580011,1.983,-0.9472,-0.8461,742558483.0729617,23991832.76712597,-136660117.16717356,755410283.519684
2017-06-30 20:37:51.840398013,0.1278,0.6879,-0.1006,742564733.8909948,23992010.328054704,-136661269.2243352,755416642.0487384
2017-06-30 20:37:52.239596009,-0.3959,-0.5116,0.3151,742577159.5766288,23992363.212725922,-136663559.30202615,755429281.8381637
2017-06-30 20:37:52.404009810,2.7582,-0.8456,-0.5155,742582277.2976333,23992508.529049538,-136664502.50801498,755434487.7405446
2017-06-30 20:37:52.440317988,2.3766,-1.3025,-0.9504,742583407.46821,23992540.61813575,-136664710.80133778,755435637.3846973
2017-06-30 20:37:52.639406025,0.1925,0.721,-0.1251,742589604.5216293,23992716.600273535,-136665852.93765736,755441941.218932
2017-06-30 20:37:52.840435028,2.4583,-1.4602,-0.5341,742595862.0912347,23992894.239100758,-136667006.23057377,755448306.6107306
2017-06-30 20:37:53.240424990,2.5549,-0.7882,-0.747,742608313.2657648,23993247.5632271,-136669301.07165992,755460972.331113
2017-06-30 20:37:53.404059880,-0.3613,-0.6314,0.2748,742613407.0003545,23993392.090334196,-136670239.87803304,755466153.83417
2017-06-30 20:37:53.440409004,0.0626,0.813,-0.1992,742614538.4999006,23993424.19601478,-136670448.42055315,755467304.830292
2017-06-30 20:37:53.639585018,2.8877,-0.9394,-0.262,742620738.6970091,23993600.082698118,-136671591.1453602,755473611.858167
2017-06-30 20:37:53.840403974,-0.4416,-0.6532,0.4106,742626990.0198376,23993777.393874478,-136672743.27959576,755479970.8894479
2017-06-30 20:37:54.240324974,0.076,0.7566,-0.4893,742639439.2316437,23994130.621304356,-136675037.77609304,755492634.6150959
2017-06-30 20:37:54.403209920,1.6902,-1.006,-1.5219,742644509.7508879,23994274.461604495,-136675972.34838653,755497792.5099797
2017-06-30 20:37:54.440953016,0.9564,-0.8189,-1.6745,742645684.6741772,23994307.79057918,-136676188.90640002,755498987.6799997
2017-06-30 20:37:54.639732003,-0.0066,-0.3243,-0.2275,742651872.5621923,23994483.309200723,-136677329.4466947,755505282.2013136
2017-06-30 20:37:54.840568006,1.0167,-0.958,-1.2896,742658124.5250703,23994660.605493005,-136678481.84160936,755511641.9084452
2017-06-30 20:37:55.240321993,2.3832,-1.0461,-0.8463,742670569.1243291,23995013.337696746,-136680775.76110694,755524300.9799149
2017-06-30 20:37:55.403900140,0.5211,1.3512,-0.359,742675661.4314157,23995157.710824516,-136681714.43577448,755529481.0510446
2017-06-30 20:37:55.440436005,-0.1565,-0.8425,0.3086,742676798.8193461,23995189.956043318,-136681924.0922853,755530638.0413353
2017-06-30 20:37:55.639639973,1.2393,-0.2011,-0.8838,742683000.2322773,23995365.758203056,-136683067.23451632,755536946.3371874
2017-06-30 20:37:55.840399026,0.3229,0.5239,-0.2426,742689250.0695286,23995542.95387704,-136684219.3104605,755543303.8939596
2017-06-30 20:37:56.240450024,-0.2635,-0.6218,0.3366,742701704.029269,23995895.95080021,-136686514.98933285,755555972.4933623
2017-06-30 20:37:56.403249850,2.0021,-0.7006,-0.7478,742706772.1923704,23996039.583511017,-136687449.2303463,755561128.0056707
2017-06-30 20:37:56.440379977,0.5529,-0.3578,-1.2587,742707928.1006311,23996072.341657132,-136687662.30655673,755562303.8361493
2017-06-30 20:37:56.639577984,0.3231,0.3893,-0.299,742714129.4017423,23996248.100037433,-136688805.4428832,755568612.0196292
2017-06-30 20:37:56.839820981,1.3876,-0.5287,-0.8856,742720363.2904327,23996424.759244356,-136689954.6115972,755574953.3561968
2017-06-30 20:37:57.240316987,1.0688,-0.3763,-1.0355,742732831.5509356,23996778.02613362,-136692253.17257398,755587636.5430427
2017-06-30 20:37:57.393980140,-0.2568,-0.8008,0.2373,742737615.3933814,23996913.54941063,-136693135.08369842,755592502.8473711
2017-06-30 20:37:57.440306007,0.3273,0.4546,-0.1506,742739057.6113269,23996954.407502495,-136693400.9597157,755593969.9257343
2017-06-30 20:37:57.639573991,1.2015,-0.7615,-0.695,742745261.2744477,23997130.125936877,-136694544.63731605,755600280.5276953
2017-06-30 20:37:57.840300023,0.1662,-1.0107,0.0738,742751510.3365974,23997307.08938466,-136695696.6802558,755606637.3092148
2017-06-30 20:37:58.240410983,0.2779,0.4785,-0.2434,742763966.7537395,23997659.910542857,-136697993.1079957,755619308.4541223
2017-06-30 20:37:58.403180120,0.922,0.0346,-0.6206,742769034.1731422,23997803.442632582,-136698927.33419144,755624463.2295147
2017-06-30 20:37:58.440495014,0.7219,-0.6531,-0.4056,742770195.8822043,23997836.34651592,-136699141.50650957,755625644.9650309
2017-06-30 20:37:58.639553010,0.7258,-0.8351,-0.3663,742776393.1006923,23998011.840685233,-136700284.03297758,755631949.0166337
2017-06-30 20:37:58.840806007,0.6847,0.1393,-0.702,742782658.6832821,23998189.27566063,-136701439.1864518,755638322.615233
2017-06-30 20:37:59.240320980,0.1566,-0.3532,-0.0976,742795096.7544011,23998541.452198703,-136703732.3410934,755650975.1136422
2017-06-30 20:37:59.403800010,0.5265,0.3481,-0.3085,742800186.3494364,23998685.569940105,-136704670.6938854,755656152.4525331
2017-06-30 20:37:59.441111028,1.5728,-1.3765,-1.0427,742801347.9560958,23998718.4601914,-136704884.8567368,755657334.085244
2017-06-30 20:38:12.689022004,0.415,0.761,-0.2277,743213868.9754345,24010530.26376302,-136780966.97943008,756076975.9282513
2017-06-30 20:38:12.888983011,0.978,0.265,-0.5582,743220095.5145954,24010708.559081737,-136782115.36830285,756083309.9512653
2017-06-30 20:38:13.289295017,0.7663,-0.5645,-0.255,743232560.8595864,24011065.406994745,-136784414.42666113,756095990.4760257
2017-06-30 20:38:13.488758981,0.7743,-1.0483,-0.2218,743238772.0134348,24011243.172343228,-136785559.99016982,756102308.8475158
2017-06-30 20:38:13.688984990,0.8928,0.5106,-0.3622,743245006.9325689,24011421.637308106,-136786709.94478405,756108651.3965816
2017-06-30 20:38:13.889186024,0.9068,0.2199,-0.3574,743251241.1103413,24011600.08882602,-136787859.77028453,756114993.1931144
2017-06-30 20:38:13.894029730,0.5538,0.3049,-0.2948,743251391.9413649,24011604.406326797,-136787887.58941188,756115146.6278902
2017-06-30 20:38:14.288986980,0.9263,-1.0784,-0.3053,743263690.8930731,24011956.28842318,-136790156.0170812,756127657.8911581
2017-06-30 20:38:14.488237977,0.4537,0.7443,-0.4024,743269895.5785271,24012133.8380929,-136791300.4264684,756133969.688664
2017-06-30 20:38:14.689051985,1.2534,0.3661,-0.5098,743276148.9867623,24012312.79530247,-136792453.83365613,756140331.052513
2017-06-30 20:38:14.888988971,0.1963,-0.6345,-0.0233,743282375.0921173,24012490.945581984,-136793602.20445997,756146664.6412339
2017-06-30 20:38:14.891709920,0.4528,-0.5705,-0.1904,743282459.8233926,24012493.370030757,-136793617.8326773,756146750.835254
2017-06-30 20:38:15.288987994,0.4418,0.977,-0.2514,743294831.2671798,24012847.511144333,-136795899.70420417,756159335.861154
2017-06-30 20:38:15.488427996,2.1318,0.3776,-0.6382,743301042.0163312,24013025.310715854,-136797045.26590684,756165653.8355993
2017-06-30 20:38:15.688986003,0.0987,-0.5189,-0.0731,743307287.5851792,24013204.08611018,-136798197.2522491,756172007.2306186
2017-06-30 20:38:15.888996005,3.2518,-0.8736,-0.7403,743313516.2187105,24013382.33807085,-136799346.1205171,756178343.3977323
2017-06-30 20:38:15.889869920,1.4558,-0.926,-0.5584,743313543.4338319,24013383.116916504,-136799351.14033255,756178371.0827062
2017-06-30 20:38:16.289093971,2.7237,0.2582,-0.7635,743325976.3482473,24013738.95230122,-136801644.4267528,756191018.6523032
2017-06-30 20:38:16.488249003,-0.4139,-0.374,0.0864,743332178.5570276,24013916.44783341,-136802788.44140118,756197327.942147
2017-06-30 20:38:16.688974022,2.713,-1.2078,-1.2974,743338429.7686192,24014095.293942653,-136803941.526865,756203687.0850002
2017-06-30 20:38:16.887389770,0.3185,0.7934,-0.2506,743344609.074751,24014272.113725297,-136805081.3563505,756209973.0832464
2017-06-30 20:38:16.889158010,0.0862,0.9476,-0.2429,743344664.1434461,24014273.689509496,-136805091.51427528,756210029.1027596
2017-06-30 20:38:17.288972020,-0.3297,-0.4521,0.108,743357115.5881702,24014629.915367194,-136807388.28966,756222695.5310017
2017-06-30 20:38:17.488250970,2.2418,-0.9899,-1.1264,743363321.8399838,24014807.429401264,-136808533.11415333,756229008.942194
2017-06-30 20:38:17.689257025,0.1202,0.7137,-0.1385,743369581.8848164,24014986.510744724,-136809687.8661741,756235377.0769773
2017-06-30 20:38:17.888966023,2.5776,-0.5495,-1.3464,743375801.6374761,24015164.41459144,-136810835.22048095,756241704.2293724
2017-06-30 20:38:17.889779920,3.2418,-0.5856,-0.9088,743375826.98555,24015165.139623016,-136810839.89642623,756241730.015145
2017-06-30 20:38:18.289031028,2.2397,-1.006,-1.8326,743388261.6513615,24015520.638101906,-136813133.93866095,756254379.4323906
2017-06-30 20:38:18.488335013,0.0275,0.886,-0.134,743394468.970101,24015698.13620581,-136814279.11740962,756260693.9559429
2017-06-30 20:38:18.688974022,2.4411,-0.9614,-1.2869,743400717.966406,24015876.784566395,-136815432.0188646,756267050.8816366
2017-06-30 20:38:18.889168977,-0.125,-0.5779,0.1624,743406953.1274306,24016055.014381565,-136816582.3622109,756273393.7313538
2017-06-30 20:38:18.889769790,-0.3125,-0.5708,0.4625,743406971.8400189,24016055.54927391,-136816585.81455165,756273412.7671309
2017-06-30 20:38:19.288987994,0.0979,0.6831,-0.2287,743419405.6842908,24016411.07448864,-136818879.80482432,756286061.3682694
2017-06-30 20:38:19.488390982,2.0701,-0.847,-0.7697,743425616.2692168,24016588.619862404,-136820025.6461915,756292379.223819
2017-06-30 20:38:19.688974976,-0.2526,-0.6273,0.3479,743431863.627471,24016767.191547114,-136821178.26004702,756298734.4848695
2017-06-30 20:38:19.889214992,3.0221,-0.655,-0.7142,743438100.3934135,24016945.43073943,-136822328.92594168,756305078.9708534
2017-06-30 20:38:19.890399810,1.7333,-0.5397,-1.0737,743438137.2962923,24016946.48537804,-136822335.73442078,756305116.5111108
2017-06-30 20:38:20.288987994,2.4819,-0.5849,-0.6346,743450552.2989497,24017301.186596867,-136824626.29615936,756317745.9447746
2017-06-30 20:38:20.488245010,-0.0874,-0.8304,0.2724,743456758.6419858,24017478.4712429,-136825771.35314927,756324059.4804245
2017-06-30 20:38:20.689022004,1.6935,-0.51,-0.9074,743463012.3966905,24017657.087697867,-136826925.18147382,756330421.2502366
2017-06-30 20:38:20.888984024,0.063,0.7633,-0.0779,743469240.7692953,24017835.009651095,-136828074.32940805,756336757.2009953
2017-06-30 20:38:20.891159770,0.2718,0.5185,-0.0797,743469308.53895,24017836.945586074,-136828086.83305296,756336826.141186
2017-06-30 20:38:21.288980007,-0.4124,-0.4702,0.2622,743481699.6903393,24018190.843607854,-136830372.9972941,756349431.308317
2017-06-30 20:38:21.488285005,1.4574,-0.555,-0.9618,743487907.62348,24018368.12185473,-136831518.3868844,756355746.4669899
2017-06-30 20:38:21.689020991,0.3716,0.5522,-0.2611,743494160.1438725,24018546.695190817,-136832672.01076716,756362106.9851382
2017-06-30 20:38:21.888975977,0.9364,-0.9491,-0.5743,743500388.3751321,24018724.535807826,-136833821.16922727,756368442.7962812
2017-06-30 20:38:21.889869920,2.498,-0.8339,-0.8743,743500416.2198198,24018725.33088298,-136833826.3067951,756368471.1219286
2017-06-30 20:38:22.288545012,0.4466,-0.4042,-1.2754,743512834.2899644,24019079.84926921,-136836117.72978002,756381103.7209086
2017-06-30 20:38:22.488219976,0.2348,0.4417,-0.2475,743519053.8444113,24019257.426118992,-136837265.39048237,756387430.7235254
2017-06-30 20:38:22.688977003,0.9075,-1.0367,-1.2192,743525307.139958,24019435.923496876,-136838419.31963602,756393792.0564581
2017-06-30 20:38:22.889189004,0.0225,-0.5969,0.2903,743531543.4596229,24019613.912353814,-136839570.10440394,756400136.1173236
2017-06-30 20:38:22.889710180,-0.091,-0.7496,0.1579,743531559.6935155,24019614.375680085,-136839573.10003552,756400152.6316795
2017-06-30 20:38:23.289034008,0.0732,0.7373,-0.1082,743543998.0756401,24019969.492750637,-136841868.3631777,756412805.9108105
2017-06-30 20:38:23.889710180,0.8371,-0.4419,-1.1988,743562708.605407,24020503.512206286,-136845321.40681127,756431839.76385
2017-06-30 20:38:49.856347978,1.4875,-1.0752,-1.2488,744372549.3032359,24042863.674871754,-136995435.09722674,757255769.6626452
2017-06-30 20:38:50.257121026,0.245,0.6234,-0.3567,744385048.5474284,24043208.885162435,-136997752.0321116,757268486.3747499
2017-06-30 20:38:50.457118988,1.1543,0.1525,-0.603,744391286.0972877,24043381.16171548,-136998908.2773327,757274832.4514967
2017-06-30 20:38:50.575240250,2.1438,-1.0408,-1.3399,744394970.1010448,24043482.895849694,-136999591.18871,757278580.5549845
2017-06-30 20:38:50.656396985,0.5269,-0.4063,-0.2442,744397501.2467633,24043552.790921345,-137000060.3933792,757281155.741396
2017-06-30 20:38:50.857114017,0.564,-1.476,-0.5425,744403761.3051583,24043725.5961164,-137001220.85335034,757287524.7230188
2017-06-30 20:38:51.257762014,0.9932,0.2172,-0.6847,744416257.0651433,24044070.56461517,-137003537.3384969,757300237.9211661
2017-06-30 20:38:51.457560002,0.2561,-0.5628,-0.0621,744422488.5496839,24044242.57348909,-137004692.54223728,757306577.8388764
2017-06-30 20:38:51.572710030,0.7784,0.5745,-0.4059,744426079.965637,24044341.715371482,-137005358.32881352,757310231.7494047
2017-06-30 20:38:51.656395971,0.9597,-0.9393,-0.6575,744428690.054429,24044413.76072293,-137005842.1976179,757312887.2569968
2017-06-30 20:38:51.857097983,0.6677,0.5758,-0.4645,744434949.795511,24044586.56857844,-137007002.667432,757319255.9285764
2017-06-30 20:38:52.257237970,0.4077,-0.4888,-0.2063,744447429.9186128,24044931.017669294,-137009316.33136153,757331953.2290049
2017-06-30 20:38:52.457211017,0.5726,-1.2113,-0.3785,744453666.9793591,24045103.11032215,-137010472.61790434,757338298.826609
2017-06-30 20:38:52.571190110,0.8934,0.1836,-0.5341,744457221.9426829,24045201.2007486,-137011131.67611697,757341915.6540668
2017-06-30 20:38:52.656419992,0.6962,0.5694,-0.2635,744459880.234419,24045274.553735465,-137011624.50046206,757344620.2061949
2017-06-30 20:38:52.857131004,1.1492,0.2375,-0.537,744466140.390573,24045447.304974023,-137012785.09243402,757350989.3060932
2017-06-30 20:38:53.257098019,0.6405,-1.0701,-0.0999,744478615.4237607,24045791.383942418,-137015097.87891078,757363681.4327232
2017-06-30 20:38:53.457140028,1.4541,-0.2995,-0.4629,744484854.8232138,24045963.46176857,-137016254.62895453,757370029.4126333
2017-06-30 20:38:53.571079850,0.4701,-0.6534,-0.2053,744488408.6631671,24046061.465283427,-137016913.49269974,757373645.0978956
2017-06-30 20:38:53.656390011,0.5899,0.1967,-0.2684,744491069.5339885,24046134.844884995,-137017406.80569392,757376352.2744801
2017-06-30 20:38:53.857109010,1.4529,-0.7427,-0.2433,744497330.1284484,24046307.463566665,-137018567.48954967,757382721.8176478
2017-06-30 20:38:54.257332026,1.3231,-0.1071,-0.6991,744509813.6329894,24046651.638888296,-137020881.94344965,757395422.5762336
2017-06-30 20:38:54.457120001,0.9801,0.2964,-0.5287,744516045.3329431,24046823.460154925,-137022037.32054043,757401762.7311151
2017-06-30 20:38:54.574150080,0.2615,-0.8218,0.0813,744519695.6880429,24046924.096881,-137022714.10626665,757405476.6153892
2017-06-30 20:38:54.656422972,0.5921,-0.4128,-0.4575,744522261.9149692,24046994.842347156,-137023189.8940457,757408087.5041338
2017-06-30 20:38:54.857212007,0.4551,-0.9772,-0.1958,744528524.8738265,24047167.45901624,-137024351.07382384,757414459.4611332
2017-06-30 20:38:55.257100999,0.2925,0.424,-0.2427,744540998.1530378,24047511.308070403,-137026663.70411125,757427149.8280962
2017-06-30 20:38:55.457221984,1.3472,-0.6416,-1.0206,744547240.3516158,24047683.358658478,-137027821.08079612,757433500.6720232
2017-06-30 20:38:55.570960040,1.0137,-0.0461,-1.0007,744550788.096275,24047781.142407026,-137028478.8846983,757437110.1669837
2017-06-30 20:38:55.656535029,0.0364,-0.7255,0.1718,744553457.3720757,24047854.708276026,-137028973.80628023,757439825.9024831
2017-06-30 20:38:55.857150971,1.3097,-0.4317,-1.5309,744559715.0858802,24048027.153513312,-137030134.12698993,757446192.542813
2017-06-30 20:38:56.257107973,2.3084,-0.7961,-1.4215,744572191.1159904,24048370.820777558,-137032447.62214923,757458885.764579
2017-06-30 20:38:56.457162022,0.1494,-0.7702,0.0485,744578431.4936259,24048542.68850044,-137033604.80478463,757465234.7776383
2017-06-30 20:38:56.571079850,0.1091,0.6509,-0.0854,744581984.9860592,24048640.564487606,-137034263.7464796,757468850.1313567
2017-06-30 20:38:56.656383991,1.191,-0.4092,-1.2659,744584645.9269513,24048713.853172503,-137034757.18552792,757471557.3967459
2017-06-30 20:38:56.857097983,0.1382,0.5358,-0.1707,744590906.9189453,24048886.317318518,-137035918.2160085,757477927.3885051
2017-06-30 20:38:57.257106006,-0.2,-0.7618,0.2182,744603384.5772365,24049229.90361158,-137038232.0282891,757490622.2655644
2017-06-30 20:38:57.457293987,2.0899,-0.2633,-0.9853,744609629.2287916,24049401.844226632,-137039390.0380714,757496975.631791
2017-06-30 20:38:57.571230050,3.209,-0.3891,-0.3564,744613183.3849839,24049499.698380947,-137040049.11860678,757500591.6624041
2017-06-30 20:38:57.656466007,-0.0074,0.5079,-0.1034,744615842.2612895,24049572.907097235,-137040542.17975253,757503296.8274288
2017-06-30 20:38:57.857119023,2.6324,-0.5721,-0.9875,744622101.5983388,24049745.223886296,-137041702.9292565,757509665.1368953
2017-06-30 20:38:58.257098019,1.8703,-0.7474,-1.0099,744634579.1749896,24050088.598261055,-137044016.9131147,757522359.958028
2017-06-30 20:38:58.457095026,0.1152,0.698,-0.1252,744640818.2021704,24050260.319813933,-137045173.95349318,757528707.613244
2017-06-30 20:38:58.571249720,-0.3589,-0.4471,0.1276,744644379.321979,24050358.329561055,-137045834.3696653,757532330.7355756
2017-06-30 20:38:58.656392991,2.6158,-0.6838,-0.8439,744647035.4331123,24050431.426025935,-137046326.95292678,757535033.0924566
2017-06-30 20:38:58.857195019,-0.0964,-0.5935,0.0582,744653299.6060168,24050603.79291612,-137047488.65974048,757541406.3302901
2017-06-30 20:38:59.257107019,-0.0585,0.8501,-0.1079,744665775.1574882,24050947.21020501,-137049802.30151504,757554099.1001866
2017-06-30 20:38:59.457103013,2.6897,-0.3663,-0.7481,744672014.2884501,24051118.938542176,-137050959.3837055,757560446.8652041
2017-06-30 20:38:59.570979710,2.2763,-0.5334,-1.2136,744675566.8472565,24051216.712862745,-137051618.23612988,757564061.2818125
2017-06-30 20:38:59.656385004,-0.1064,-0.4465,0.0979,744678231.196056,24051290.03843277,-137052112.36183926,757566772.0225338
2017-06-30 20:38:59.857204020,2.0999,-0.9943,-0.9075,744684496.1371588,24051462.413510643,-137053274.26831776,757573146.051884
2017-06-30 20:39:00.257189989,1.6213,0.2706,-0.648,744696974.7394246,24051805.788894,-137055588.62637708,757585841.9489375
2017-06-30 20:39:00.457177996,0.1279,-0.638,0.0052,744703213.8903868,24051977.446795713,-137056745.77639845,757592189.7436568
2017-06-30 20:39:00.571849940,0.4692,0.6738,-0.4171,744706791.3889297,24052075.883284625,-137057409.28488237,757595829.5390583
2017-06-30 20:39:08.273778021,2.428,-0.2742,-0.9777,744947217.7000391,24058671.093409874,-137102031.75363415,757840447.5381246
2017-06-30 20:39:08.473780989,0.1621,-0.3679,-0.058,744953461.075106,24058842.342510205,-137103190.50816482,757846799.7624319
2017-06-30 20:39:08.674037992,1.8558,-0.9693,-1.0825,744959712.4546571,24059013.770251926,-137104350.77790606,757853160.1348336
2017-06-30 20:39:08.737810130,1.3723,-0.9111,-0.5073,744961703.2212774,24059068.357963808,-137104720.26957977,757855185.6105489
2017-06-30 20:39:08.873052000,0.4848,0.2839,-0.3791,744965925.0581858,24059184.127571207,-137105503.85922655,757859481.0564656
2017-06-30 20:39:09.274155020,0.6477,-0.484,-0.085,744978446.3700156,24059527.40150095,-137107827.85861534,757872220.6775846
2017-06-30 20:39:09.473863005,1.2533,-0.9445,-0.4462,744984680.7434305,24059698.278886415,-137108984.98870394,757878563.747712
2017-06-30 20:39:09.673947989,0.7168,0.393,-0.576,744990926.914488,24059869.49457924,-137110144.3262259,757884918.8248587
2017-06-30 20:39:09.739089840,1.1599,0.4035,-0.5627,744992960.4910264,24059925.23914098,-137110521.77518967,757886987.858455
2017-06-30 20:39:09.873133003,0.9239,0.2639,-0.3956,744997145.022301,24060039.950131536,-137111298.4635279,757891245.3512944
2017-06-30 20:39:10.273760974,0.5425,-1.0827,-0.2402,745009651.8291241,24060382.624363016,-137113619.86682668,757903970.225495
2017-06-30 20:39:10.473884999,0.8386,0.1996,-0.6035,745015899.3359331,24060553.806991324,-137114779.49193674,757910326.6666517
2017-06-30 20:39:10.673905014,0.4119,0.3449,-0.2182,745022143.612219,24060724.91445004,-137115938.52308726,757916679.8224075
2017-06-30 20:39:10.737760060,0.556,-0.3911,-0.2398,745024137.0577396,24060779.53776199,-137116308.53697315,757918708.0270554
2017-06-30 20:39:10.873048007,1.098,-0.69,-0.3567,745028360.5365733,24060895.254056517,-137117092.48184523,757923005.149544
2017-06-30 20:39:11.273046016,0.9172,0.2672,-0.6432,745040847.9976927,24061237.428449865,-137119410.42899108,757935710.3660595
2017-06-30 20:39:11.473755002,0.8251,0.2167,-0.2926,745047113.9262671,24061409.13172285,-137120573.5286206,757942085.5606859
2017-06-30 20:39:11.673901975,0.6065,-0.413,-0.1148,745053362.3336681,24061580.337658565,-137121733.37600857,757948442.9280734
2017-06-30 20:39:11.737550250,0.3652,-0.8037,0.0069,745055349.3767031,24061634.779205505,-137122102.21636027,757950464.6210879
2017-06-30 20:39:11.873025000,0.0201,-0.8645,0.1658,745059578.7793363,24061750.64165558,-137122887.28650954,757954767.7748139
2017-06-30 20:39:12.272912979,0.4207,0.3509,-0.2089,745072062.9978741,24062092.695084993,-137125204.65296298,757967469.6950338
2017-06-30 20:39:12.473767995,0.4782,-0.7167,-0.1062,745078333.5680349,24062264.47215364,-137126368.61990824,757973849.6115355
2017-06-30 20:39:12.673865973,0.6428,-1.0334,-0.2284,745084580.5296717,24062435.5604048,-137127528.20891753,757980205.507283
2017-06-30 20:39:12.737599730,1.0912,0.1115,-0.7368,745086570.2710266,24062490.054646876,-137127897.55579323,757982229.9460216
2017-06-30 20:39:12.873030006,0.7719,0.2452,-0.6425,745090798.3620082,24062605.856024697,-137128682.40675336,757986531.7688233
2017-06-30 20:39:13.274064004,0.8709,-0.4768,-0.1901,745103318.6584252,24062948.688555982,-137131006.52561542,757999270.399461
2017-06-30 20:39:13.473761022,0.5914,-1.2288,-0.3754,745109553.2303805,24063119.354840055,-137132163.84796774,758005613.6928594
2017-06-30 20:39:13.673135995,0.9077,-0.0663,-0.5337,745115777.7841223,24063289.743260615,-137133319.32515806,758011946.7958546
2017-06-30 20:39:13.739060040,0.5916,0.0873,-0.3768,745117835.9575602,24063346.083178204,-137133701.38944444,758014040.8617545
2017-06-30 20:39:13.873039007,0.3073,0.3698,-0.4102,745122018.8367319,24063460.590738628,-137134477.87492603,758018296.6874597
2017-06-30 20:39:14.274287998,0.2103,-0.9904,0.1811,745134546.0312688,24063803.36602996,-137136803.3153779,758031042.3361465
2017-06-30 20:39:14.473837971,0.8358,0.2694,-0.7511,745140776.1146882,24063973.846470002,-137137959.83811247,758037381.0668199
2017-06-30 20:39:14.673919022,0.4203,0.2799,-0.2186,745147022.795543,24064144.791828092,-137139119.44754285,758043736.6857343
2017-06-30 20:39:14.744479890,1.5577,-0.489,-0.6309,745149225.7666527,24064205.075226545,-137139528.40019488,758045978.0754545
2017-06-30 20:39:14.873503029,1.6695,-0.8119,-0.6235,745153254.0080392,24064315.292119287,-137140276.1955203,758050076.5676576
2017-06-30 20:39:15.273815989,1.5371,-0.4712,-1.1641,745165752.4561986,24064657.18046875,-137142596.5252803,758062793.0063063
2017-06-30 20:39:15.474159002,0.3783,0.6881,-0.2385,745172007.5193381,24064828.311570976,-137143757.78093228,758069157.1686194
2017-06-30 20:39:15.673564970,1.7496,-0.5282,-0.8538,745178233.3958447,24064998.62125557,-137144913.63910493,758075491.6383134
2017-06-30 20:39:15.737680190,0.0782,-0.7344,0.1365,745180235.2090803,24065053.37809665,-137145285.28289214,758077528.3674334
2017-06-30 20:39:15.873436987,-0.0913,-0.527,0.0867,745184473.8227072,24065169.309861936,-137146072.19538698,758081840.9109663
2017-06-30 20:39:16.273912012,0.3467,0.5987,-0.4417,745196977.5535281,24065511.398162093,-137148393.61446148,758094562.745833
2017-06-30 20:39:16.473784029,1.3299,0.276,-0.7037,745203218.0604751,24065682.14112948,-137149552.2334562,758100912.1102833
2017-06-30 20:39:16.673762023,0.0601,-0.6864,0.1391,745209461.8786939,24065852.947178975,-137150711.46121606,758107264.841807
2017-06-30 20:39:16.737609860,1.8745,-0.939,-1.2811,745211455.3771187,24065907.477335505,-137151081.5780872,758109293.114146
2017-06-30 20:39:16.873055994,1.2595,-0.8196,-0.6017,745215684.386945,24066023.14200346,-137151866.75118735,758113595.8941177
2017-06-30 20:39:17.274203002,0.6254,0.2787,-0.3517,745228209.4271188,24066365.74764759,-137154192.23288384,758126339.4272119
2017-06-30 20:39:17.473751008,1.2411,-0.7559,-0.5992,745234439.9774321,24066536.144528154,-137155349.0526969,758132678.6679492
2017-06-30 20:39:17.673753023,0.0834,-0.6491,0.1093,745240684.7067477,24066706.903128937,-137156508.50011912,758139032.3333092
2017-06-30 20:39:17.737990140,0.7046,0.1158,-0.6249,745242690.4064862,24066761.7482553,-137156880.89674443,758141073.0218148
2017-06-30 20:39:17.873063981,1.0997,-0.2609,-1.2539,745246907.8880461,24066877.068438534,-137157663.97223845,758145364.0792396
2017-06-30 20:39:18.273755013,2.4161,-0.3458,-0.5584,745259419.2627364,24067219.1055323,-137159987.02335835,758158093.7215884
2017-06-30 20:39:18.473761022,-0.1857,-0.6886,0.1451,745265664.3417189,24067389.806724228,-137161146.5747841,758164447.747665
2017-06-30 20:39:18.673932015,2.4005,-1.0373,-1.3425,745271914.6684214,24067560.607163776,-137162307.13651013,758170807.1181089
2017-06-30 20:39:18.738499760,0.1239,0.4646,-0.2878,745273930.7927262,24067615.70299347,-137162681.49191815,758172858.416154
2017-06-30 20:39:34.256884992,0.0882,0.6369,-0.3894,745758512.7628366,24081010.961100895,-137252748.85143888,758665915.6139959
2017-06-30 20:39:34.456887006,0.3767,0.5177,-0.3041,745764758.1035957,24081183.620815206,-137253909.65791455,758672270.1867237
2017-06-30 20:39:34.657049000,1.8514,-0.7473,-0.7191,745771008.5141287,24081356.38869819,-137255071.4217206,758678629.9196002
2017-06-30 20:39:34.857379019,-0.0111,-0.5441,0.1811,745777264.1710925,24081529.27977444,-137256234.1534956,758684994.9886787
2017-06-30 20:39:35.256866991,0.525,0.2581,-0.5697,745789738.9689842,24081874.091587637,-137258552.90519774,758697687.986999
2017-06-30 20:39:35.456916987,1.0617,0.0426,-0.6076,745795985.9661837,24082046.763326846,-137259714.0815416,758704044.2552878
2017-06-30 20:39:35.562530150,1.9949,-1.3382,-1.2278,745799283.9896681,24082137.90765508,-137260327.11952522,758707399.968304
2017-06-30 20:39:35.657133996,0.8554,-0.4595,-0.5021,745802238.2285671,24082219.546812695,-137260876.2577571,758710405.8836207
2017-06-30 20:39:35.856920003,0.2351,-0.2197,-0.0994,745808477.0497785,24082391.945001606,-137262035.94115916,758716753.8362486
2017-06-30 20:39:36.256986021,0.9464,0.1624,-0.6588,745820970.270194,24082737.193655092,-137264358.28091544,758729465.6066706
2017-06-30 20:39:36.456880986,0.5858,0.0453,-0.4092,745827212.5929854,24082909.700662833,-137265518.66581398,758735817.131673
2017-06-30 20:39:36.564320080,1.2991,-1.0829,-1.0418,745830567.7175266,24083002.40683938,-137266142.3588923,758739230.9514959
2017-06-30 20:39:36.657169997,1.5445,-0.6019,-0.7669,745833467.2623212,24083082.519235816,-137266681.36716884,758742181.222133
2017-06-30 20:39:36.856863021,0.1553,-0.6434,0.2653,745839703.3415984,24083254.791920226,-137267840.60579696,758748526.3950334
2017-06-30 20:39:37.256869018,0.2792,0.4792,-0.1907,745852194.904797,24083599.948785625,-137270162.71243408,758761236.4913579
2017-06-30 20:39:37.456912994,2.3073,-0.4401,-0.8124,745858442.0583922,24083772.544965215,-137271324.03614467,758767592.9376569
2017-06-30 20:39:37.562959900,1.1587,-0.5504,-1.3735,745861753.7997904,24083864.035111398,-137271939.69015625,758770962.619458
2017-06-30 20:39:37.656984984,0.3757,-0.2292,-0.1859,745864690.1147394,24083945.1516109,-137272485.5532712,758773950.3066741
2017-06-30 20:39:37.856891989,1.0366,-1.163,-0.2784,745870933.063932,24084117.567160048,-137273646.1255557,758780302.4784272
2017-06-30 20:39:38.256874024,0.1582,0.5251,-0.12,745883424.2349242,24084462.627184793,-137275968.26480234,758793012.192057
2017-06-30 20:39:38.456915020,2.5491,-0.6093,-0.8499,745889671.4832212,24084635.175931066,-137277129.6585912,758799368.7426255
2017-06-30 20:39:38.561019770,1.1928,-0.3304,-1.1284,745892922.6708335,24084724.96966407,-137277734.079979,758802676.8148856
2017-06-30 20:39:38.656877994,0.1073,-0.3318,0.0573,745895916.3207202,24084807.64745133,-137278290.6223651,758805722.8431662
2017-06-30 20:39:38.856858015,0.7873,-0.9871,-0.2514,745902161.7231531,24084980.0908874,-137279451.69459417,758812077.5177605
2017-06-30 20:39:39.257270991,0.1208,0.3755,-0.1296,745914666.6925753,24085325.42853016,-137281776.48953933,758824801.2843398
2017-06-30 20:39:39.457050025,2.252,-0.7399,-1.031,745920905.9177021,24085497.699161626,-137282936.4463659,758831149.6794518
2017-06-30 20:39:39.561159840,1.3226,-0.3496,-1.2066,745924157.3471669,24085587.469875786,-137283540.94174734,758834458.0021089
2017-06-30 20:39:39.656934976,0.0271,-0.4568,0.0701,745927148.4784553,24085670.0496606,-137284097.04263395,758837501.4716603
2017-06-30 20:39:39.857092976,1.2229,-0.8143,-0.5518,745933399.6160027,24085842.598411147,-137285259.24571922,758843861.9917321
2017-06-30 20:39:40.256470024,0.827,0.2181,-0.546,745945872.6985815,24086186.921264116,-137287578.28702036,758856553.3408598
2017-06-30 20:39:40.456957995,1.0014,-0.7252,-0.0345,745952134.247928,24086359.74278397,-137288742.4511637,758862924.4590354
2017-06-30 20:39:40.562580220,1.046,0.3007,-0.6908,745955433.0050064,24086450.792964816,-137289355.77051425,758866280.9410967
2017-06-30 20:39:40.656075000,0.518,-1.1359,-0.05,745958353.0064131,24086531.378919918,-137289898.66954818,758869252.0392449
2017-06-30 20:39:40.856880009,1.4316,-0.0609,-1.0732,745964624.5469828,24086704.456324335,-137291064.7334858,758875633.3304828
2017-06-30 20:39:41.257097005,2.2641,-0.7469,-0.636,745977124.4839182,24087049.290829066,-137293388.87402722,758888352.0158607
2017-06-30 20:39:41.456878006,0.0619,-0.5205,0.0196,745983364.2261759,24087221.405129418,-137294549.04167476,758894700.9524971
2017-06-30 20:39:41.562829970,0.4914,0.3552,-0.1474,745986673.4199722,24087312.68830786,-137295164.3272664,758898068.0568317
2017-06-30 20:39:41.656868994,1.6185,-1.1902,-0.829,745989610.5516644,24087393.697337836,-137295710.43921262,758901056.5885137
2017-06-30 20:39:41.856873989,0.4449,0.4926,-0.5082,745995857.3485581,24087566.009458736,-137296871.94668207,758907412.708437
2017-06-30 20:39:42.257085025,1.0859,-0.5302,-0.2734,746008357.3955836,24087910.72198799,-137299196.17296413,758920131.5136853
2017-06-30 20:39:42.456862986,0.1811,-0.7044,0.0938,746014597.1955272,24088082.768005487,-137300356.38007364,758926480.5120046
2017-06-30 20:39:42.562369820,1.3006,-0.1641,-0.8358,746017892.5761883,24088173.627205275,-137300969.1185209,758929833.5639447
2017-06-30 20:39:42.656229972,1.3867,-0.6654,-1.3196,746020824.1987852,24088254.45078323,-137301514.22965884,758932816.4933163
2017-06-30 20:39:42.856271028,0.4166,0.5019,-0.4191,746027072.28631,24088426.727501832,-137302676.02387577,758939173.9326721
2017-06-30 20:39:43.256612002,0.9723,-0.4807,-0.4713,746039576.7024953,24088771.42682957,-137305001.1912595,758951897.2025988
2017-06-30 20:39:43.456862986,0.1553,-0.6379,-0.0517,746045831.4310924,24088943.82022243,-137306164.24454853,758958261.401531
2017-06-30 20:39:43.561209910,1.578,-0.2921,-0.7935,746049090.6666635,24089033.647912722,-137306770.29781663,758961577.6811519
2017-06-30 20:39:43.656327009,1.1918,-0.2486,-0.9573,746052061.6230245,24089115.527802333,-137307322.75236186,758964600.6371431
2017-06-30 20:39:43.856851994,0.2753,0.4068,-0.3705,746058324.9767108,24089288.16258294,-137308487.4468028,758970973.6189944
2017-06-30 20:39:44.256927013,0.2448,-0.4797,-0.0338,746070821.2708867,24089632.516014334,-137310811.17835888,758983688.6343677
2017-06-30 20:39:44.456860005,1.446,-0.8403,-1.1082,746077066.2111845,24089804.56918002,-137311972.48137257,758990042.8840913
2017-06-30 20:39:44.561119910,2.2778,-0.1162,-1.0238,746080322.8114384,24089894.28921068,-137312578.08210754,758993356.4879473
2017-06-30 20:39:44.656015992,0.726,0.4045,-0.6167,746083286.9354358,24089975.954920687,-137313129.2979946,758996372.4969312
2017-06-30 20:39:44.857702016,2.2654,-0.2164,-1.3727,746089586.7859224,24090149.51316116,-137314300.87259558,759002782.6286836
2017-06-30 20:39:52.840049982,0.4259,-0.6022,0.0276,746338949.984048,24096980.246222842,-137360667.80105066,759256508.5523001
2017-06-30 20:39:53.240043997,1.0265,-0.5199,-0.4284,746351445.6931072,24097322.449841455,-137362991.30800384,759269222.8837711
2017-06-30 20:39:53.400369760,1.051,-0.0251,-0.5275,746356454.2552856,24097459.6113892,-137363922.63056037,759274319.0762476
2017-06-30 20:39:53.440362989,0.3464,-0.8454,0.0839,746357703.6406573,24097493.824957233,-137364154.94864863,759275590.3209028
2017-06-30 20:39:53.639382004,1.1682,-0.4533,-1.1711,746363921.0255185,24097664.06458825,-137365311.0836585,759281916.4915404
2017-06-30 20:39:53.840045988,0.396,0.4185,-0.3852,746370189.8154114,24097835.72816688,-137366476.79008105,759288294.9694371
2017-06-30 20:39:54.240134000,0.3008,-0.3608,-0.1265,746382688.7068305,24098177.936815932,-137368801.01996583,759301012.5600879
2017-06-30 20:39:54.400300020,2.3638,-0.8267,-1.0745,746387692.4107503,24098314.910958704,-137369731.49942833,759306103.8184913
2017-06-30 20:39:54.440249979,1.7511,-0.9121,-1.2336,746388940.4795609,24098349.074748453,-137369963.58942917,759307373.7261419
2017-06-30 20:39:54.639358997,0.564,0.3226,-0.4496,746395160.8275847,24098519.358516697,-137371120.33465204,759313702.921333
2017-06-30 20:39:54.839806020,0.5119,0.1513,-0.4105,746401422.9966775,24098690.792664446,-137372284.86965215,759320074.6718701
2017-06-30 20:39:55.240040004,0.3623,-1.0537,-0.0087,746413926.7718899,24099032.927646592,-137374610.1062906,759332797.2430372
2017-06-30 20:39:55.393199920,1.2077,-0.4846,-0.8321,746418711.6941516,24099163.843104724,-137375499.93792605,759337665.8959366
2017-06-30 20:39:55.440219998,1.1491,-0.0786,-1.0365,746420180.66732,24099204.033962738,-137375773.11843553,759339160.5747678
2017-06-30 20:39:55.639400005,0.5572,0.2621,-0.3503,746426403.352135,24099374.295362666,-137376930.34214842,759345492.1528562
2017-06-30 20:39:55.840039014,2.5861,-0.8092,-0.2252,746432671.7224861,24099545.771359406,-137378096.05163974,759351870.2129654
2017-06-30 20:39:56.240047991,1.1602,-0.8913,-0.1887,746445169.0014093,24099887.49615343,-137380420.12770745,759364586.1753991
2017-06-30 20:39:56.400390020,0.4279,-0.4847,0.0248,746450178.4976338,24100024.462734934,-137381351.72384313,759369683.3293545
2017-06-30 20:39:56.440177977,0.9797,0.1671,-0.5303,746451421.5770079,24100058.45047293,-137381582.894933,759370948.1606269
2017-06-30 20:39:56.639338016,0.6399,-0.0532,-0.4175,746457643.8805684,24100228.57519849,-137382740.04663503,759377279.3465891
2017-06-30 20:39:56.839694976,0.9265,-0.4143,-0.5473,746463903.6164024,24100399.705716107,-137383904.17460987,759383648.6220068
2017-06-30 20:39:57.239718019,2.2236,-1.052,-0.9601,746476401.8588748,24100741.208314456,-137386228.57001153,759396365.5823314
2017-06-30 20:39:57.402160280,0.2429,-0.3631,-0.0911,746481477.1798224,24100879.876879793,-137387172.4681512,759401529.7207421
2017-06-30 20:39:57.440090000,0.6694,0.4965,-0.3272,746482662.2511069,24100912.256236345,-137387392.86565363,759402735.5306962
2017-06-30 20:39:57.639303982,1.7116,-0.1037,-0.8384,746488886.5350188,24101082.314556178,-137388550.46782193,759409068.7427129
2017-06-30 20:39:57.840135991,0.4846,-0.4992,-0.2947,746495161.3924552,24101253.733964626,-137389717.48398545,759415453.4141546
2017-06-30 20:39:58.240028977,0.8526,0.4333,-0.3209,746507655.9089991,24101595.130414706,-137392041.27632645,759428166.5994848
2017-06-30 20:39:58.400360220,0.8117,-1.2861,-0.2754,746512665.4235001,24101731.975266706,-137392972.973952,759433263.785915
2017-06-30 20:39:58.440244972,2.5977,0.4478,-1.1094,746513911.6179556,24101766.01814628,-137393204.74918804,759434531.7903227
2017-06-30 20:39:58.639285027,0.5534,-0.5537,-0.5129,746520130.6233386,24101935.883104075,-137394361.41593048,759440859.6382546
2017-06-30 20:39:58.840020000,0.7465,-1.193,-0.2971,746526402.6165048,24102107.146469068,-137395527.94419596,759447241.4009442
2017-06-30 20:39:59.240032970,0.7122,0.1004,-0.3162,746538901.1933714,24102448.446199127,-137397852.5844185,759459958.7278566
2017-06-30 20:39:59.399230120,0.9693,0.3918,-0.8,746543875.4011898,24102584.2865853,-137398777.76494068,759465019.9973786
2017-06-30 20:39:59.440021991,0.6115,-0.3979,-0.6882,746545149.9680123,24102619.0929754,-137399014.82965457,759466316.8726199
2017-06-30 20:39:59.639371991,0.6253,-1.1297,-0.1154,746551378.8048742,24102789.14701693,-137400173.3702321,759472654.7297764
2017-06-30 20:39:59.840111970,0.8458,0.1486,-0.7129,746557651.1067314,24102960.392757826,-137401340.01752588,759479036.8168871
2017-06-30 20:40:00.240034997,0.9408,-0.5698,-0.5366,746570147.2132014,24103301.46493179,-137403664.34946808,759491751.6524533
2017-06-30 20:40:00.400410290,0.2819,0.3456,-0.2558,746575158.3515977,24103438.24901528,-137404596.44895294,759496850.5059365
2017-06-30 20:40:00.440038025,0.4051,-0.8072,0.1468,746576396.5732883,24103472.0462419,-137404826.7646937,759498110.4013857
2017-06-30 20:40:00.639274001,1.0333,0.1031,-0.93,746582622.0093988,24103641.972320464,-137405984.75780916,759504444.8125514
2017-06-30 20:40:00.840090990,0.0952,0.6516,-0.3068,746588896.8505441,24103813.273104254,-137407151.95241144,759510829.4965189
2017-06-30 20:40:01.240225970,-0.1504,-0.6442,0.2463,746601399.6702155,24104154.492855914,-137409477.5896597,759523551.1719196
2017-06-30 20:40:01.401520130,2.7822,-0.3792,-0.9465,746606439.6213809,24104292.02845905,-137410415.07720286,759528679.3466045
2017-06-30 20:40:01.440109014,1.4764,-0.3418,-1.1891,746607645.4086549,24104324.932708904,-137410639.36854517,759529906.2412156
2017-06-30 20:40:01.639298975,0.1968,0.7579,-0.4199,746613869.50732,24104494.809522357,-137411797.14306465,759536239.2965872
2017-06-30 20:40:01.840156972,2.5032,0.1245,-0.869,746620145.8281784,24104666.113923494,-137412964.64795882,759542625.4913514
2017-06-30 20:40:02.239650011,1.5455,-0.3267,-1.1048,746632629.254645,24105006.774709594,-137415286.91294459,759555327.475675
2017-06-30 20:40:02.400329820,0.1284,-0.628,0.1152,746637650.2079754,24105143.7754266,-137416220.9465065,759560436.3338971
2017-06-30 20:40:02.440029025,0.7808,1.3669,-0.5129,746638890.7375387,24105177.626386043,-137416451.71924618,759561698.5823402
2017-06-30 20:40:02.639288008,2.7391,-0.4709,-1.4265,746645117.3351896,24105347.513050232,-137417610.07468167,759568034.1995977
2017-06-30 20:40:02.840031027,0.1124,-0.4043,0.1092,746651390.3116659,24105518.648699626,-137418777.05288687,759574417.0062454
2017-06-30 20:40:03.240033984,0.4888,1.1302,-0.3158,746663889.9983408,24105859.83649009,-137421102.43824005,759587135.5553964
2017-06-30 20:40:03.403270120,2.3118,-0.7701,-1.2301,746668991.0236174,24105999.050382104,-137422051.43130156,759592325.8999074
2017-06-30 20:40:03.439646005,2.3276,0.2985,-0.7145,746670127.7499338,24106030.07349454,-137422262.90786335,759593482.5304418
2017-06-30 20:40:39.123377025,0.0888,-0.3854,-0.0145,747785337.708377,24135972.142705496,-137629733.99386516,760728203.842954
2017-06-30 20:40:39.323427975,2.2914,-0.9594,-1.6662,747791589.915687,24136139.966224022,-137630897.18970054,760734565.4447036
2017-06-30 20:40:39.523436009,0.1397,0.8372,-0.308,747797840.7873285,24136307.78723084,-137632060.14832193,760740925.6905152
2017-06-30 20:40:39.723577022,1.8326,0.3208,-1.0177,747804095.8883837,24136475.732666627,-137633223.92092305,760747290.2449956
2017-06-30 20:40:39.922604978,-0.1674,-0.3908,0.2193,747810316.1959149,24136642.728616312,-137634381.21267432,760753619.3952934
2017-06-30 20:40:40.122928977,0.9495,-0.9008,-0.5472,747816577.0473464,24136810.77587209,-137635546.06251118,760759989.8004401
2017-06-30 20:40:40.323484003,0.8561,0.6824,-0.4877,747822845.1536437,24136979.044378884,-137636712.275347,760766367.5906329
2017-06-30 20:40:40.523352026,0.8851,0.3565,-0.4403,747829091.8238454,24137146.75072162,-137637874.51089928,760772723.572041
2017-06-30 20:40:40.722936987,0.0826,-0.2782,-0.0368,747835329.6505246,24137314.208469294,-137639035.10190767,760779070.5549748
2017-06-30 20:40:40.922711014,0.5625,-0.9997,-0.3176,747841573.4087201,24137481.784951307,-137640196.8050144,760785423.5734752
2017-06-30 20:40:41.123480975,0.5311,0.6319,-0.4983,747847848.3153483,24137650.2223238,-137641364.31964853,760791808.2891834
2017-06-30 20:40:41.323471009,0.7192,0.0773,-0.4436,747854098.8747389,24137818.00846274,-137642527.31660447,760798168.2339014
2017-06-30 20:40:41.523352026,0.6399,-0.7423,-0.5085,747860346.0524392,24137985.673482727,-137643689.69991243,760804524.739603
2017-06-30 20:40:41.723415970,1.3461,-0.9826,-0.5703,747866599.0013065,24138153.452617165,-137644853.16983628,760810887.1184934
2017-06-30 20:40:41.922604024,0.8029,0.3834,-0.5619,747872824.6063054,24138320.512417853,-137646011.56832424,760817221.6784009
2017-06-30 20:40:42.123409986,1.2998,0.4158,-0.7897,747879100.8312874,24138488.94593063,-137647179.40776464,760823607.7486825
2017-06-30 20:40:42.323342025,0.5943,-0.5011,-0.3416,747885349.7654111,24138656.62637742,-137648342.17833263,760829966.051483
2017-06-30 20:40:42.523335993,0.5612,-0.8751,-0.4454,747891600.6575905,24138824.323761377,-137649505.32688403,760836326.3479487
2017-06-30 20:40:42.723385989,0.7677,0.4127,-0.6254,747897853.3316709,24138992.084641755,-137650668.8263182,760842688.4614958
2017-06-30 20:40:42.922595024,0.7543,0.2019,-0.4887,747904079.7509805,24139159.148308884,-137651827.4540805,760849023.8634708
2017-06-30 20:40:43.123603999,0.3725,-0.642,-0.2288,747910362.4437388,24139327.69552892,-137652996.55979154,760855416.5241954
2017-06-30 20:40:43.323348999,0.7682,-1.0606,-0.221,747916605.6606195,24139495.14058252,-137654158.32280555,760861769.0172801
2017-06-30 20:40:43.523351013,0.8502,0.5193,-0.5224,747922856.9447219,24139662.821861856,-137655321.60156873,760868129.722056
2017-06-30 20:40:43.723469972,0.5087,0.3066,-0.3105,747929111.9044418,24139830.613466233,-137656485.572958,760874494.1687243
2017-06-30 20:40:43.922752022,0.5008,-0.5616,-0.2904,747935340.7254487,24139997.681053456,-137657644.6880847,760880832.0198408
2017-06-30 20:40:44.123355984,-0.05,-0.7317,0.2284,747941610.8625313,24140165.827417124,-137658811.48286214,760887211.9077095
2017-06-30 20:40:44.323418021,0.5719,-0.0646,-0.9243,747947864.0839351,24140333.516953323,-137659975.16257685,760893574.5896345
2017-06-30 20:40:44.523347020,0.5575,0.2303,-0.3445,747954113.1693326,24140501.10418417,-137661138.0822337,760899933.0651697
2017-06-30 20:40:44.723941028,0.535,-0.4159,-0.4699,747960383.0621266,24140669.232113026,-137662304.88893175,760906312.7144831
2017-06-30 20:40:44.922595977,0.2228,-0.9057,-0.0443,747966592.3552625,24140835.699076638,-137663460.41834208,760912630.702202
2017-06-30 20:40:45.123344004,0.7339,0.0775,-0.6636,747972867.1006328,24141003.923100855,-137664628.1494409,760919015.2918246
2017-06-30 20:40:45.323916018,0.6372,0.3086,-0.4136,747979136.3700299,24141172.012043364,-137665794.87332857,760925394.3121338
2017-06-30 20:40:45.523419976,0.9313,-0.658,-0.8527,747985372.2923217,24141339.179714248,-137666955.41829222,760931739.405589
2017-06-30 20:40:45.723506987,0.2522,-1.0175,0.1196,747991626.4492769,24141506.795199476,-137668119.35017598,760938103.0504332
2017-06-30 20:40:45.923363983,0.7191,0.4222,-0.7915,747997873.4453334,24141674.234862015,-137669281.97564763,760944459.4142818
2017-06-30 20:40:46.123318016,0.1593,0.3881,-0.2159,748004123.4808764,24141841.771338757,-137670445.17424336,760950818.872666
2017-06-30 20:40:46.323345005,0.7047,-0.2859,-0.3934,748010375.8250272,24142009.35750442,-137671608.8129885,760957180.6815892
2017-06-30 20:40:46.523504972,0.6648,-1.0392,-0.3254,748016632.3523728,24142177.01344689,-137672773.2383578,760963546.7470658
2017-06-30 20:40:46.723331987,0.6568,0.5802,-0.4884,748022878.4986525,24142344.413673386,-137673935.74628982,760969902.2530863
2017-06-30 20:40:46.922621011,0.7447,0.1938,-0.4332,748029107.8581114,24142511.370907977,-137675095.14162576,760976240.6807141
2017-06-30 20:40:47.123404979,0.8082,-0.3807,-0.5077,748035383.9789854,24142679.565205704,-137676263.2545018,760982626.6905831
2017-06-30 20:40:47.323509991,0.4048,-0.7935,-0.2739,748041638.8932091,24142847.158976875,-137677427.42834246,760988991.1229113
2017-06-30 20:40:47.523473978,0.7094,0.2511,-0.6495,748047889.4276167,24143014.644675888,-137678590.8076965,760995351.1027764
2017-06-30 20:40:47.723338007,0.2901,0.4938,-0.3111,748054136.8490953,24143182.066377297,-137679753.61792752,761001707.9176817
2017-06-30 20:40:47.922582983,0.7775,-0.5391,-0.6328,748060364.950859,24143348.94811013,-137680912.8516254,761008045.0773824
2017-06-30 20:40:48.123335003,0.618,-0.8951,-0.3564,748066640.1854839,24143517.056024943,-137682080.86786857,761014430.1958663
2017-06-30 20:40:48.323346018,0.9114,0.4434,-0.5903,748072892.2937623,24143684.561166864,-137683244.59640795,761020791.7866228
2017-06-30 20:40:48.523635029,1.0869,0.3485,-0.6044,748079153.1354693,24143852.313105077,-137684409.96666357,761027162.267068
2017-06-30 20:40:48.723344027,0.4362,-0.4208,-0.1678,748085395.8639255,24144019.562470704,-137685571.9688389,761033514.3171458
2017-06-30 20:40:48.922587990,0.7113,-1.1175,-0.3406,748091624.0840318,24144186.378022943,-137686731.27874005,761039851.6048716
2017-06-30 20:40:49.122632026,0.5997,0.3335,-0.5621,748097877.3378317,24144353.87677633,-137687895.2663956,761046214.3683434
2017-06-30 20:40:49.323342978,1.175,0.2679,-0.6965,748104151.4863513,24144521.94473708,-137689063.16266513,761052598.3962382
2017-06-30 20:40:49.523348987,0.2991,-0.3879,-0.3354,748110403.6105837,24144689.406887587,-137690226.9704313,761058960.0156575
2017-06-30 20:40:49.723330974,0.6093,-1.1263,-0.2442,748116655.0082637,24144856.803880934,-137691390.64818296,761065320.8952987
2017-06-30 20:41:11.740266025,0.7299,0.4781,-0.5711,748805253.894237,24163518.064174898,-137819782.11233413,761766024.5812633
2017-06-30 20:41:11.939337015,-0.5097,-0.5593,0.4872,748811479.9932333,24163686.77192442,-137820942.97285935,761772360.1247267
2017-06-30 20:41:12.139989972,1.2578,-0.9525,-1.4548,748817755.6201108,24163856.78200274,-137822113.11702326,761778746.0743195
2017-06-30 20:41:12.340193986,0.0022,0.6721,-0.1689,748824017.2059238,24164026.438637625,-137823280.64986432,761785117.7380903
2017-06-30 20:41:12.539277970,2.2374,-1.0361,-1.1831,748830243.8503283,24164195.105072856,-137824441.69790062,761791453.8503016
2017-06-30 20:41:12.739979028,-0.5084,-0.2694,0.261,748836521.0506217,24164365.130661678,-137825612.1661199,761797841.4056658
2017-06-30 20:41:12.939965009,1.3691,-1.0391,-1.329,748842775.9406595,24164534.50890883,-137826778.5172352,761804206.2649589
2017-06-30 20:41:13.139980971,0.0235,0.7957,-0.2158,748849031.7693425,24164703.94438149,-137827945.05183795,761810572.0819408
2017-06-30 20:41:13.340169012,2.08,-1.065,-0.9471,748855293.0634363,24164873.482943807,-137829112.62799644,761816943.4630556
2017-06-30 20:41:13.539229989,-0.4168,-0.4368,0.2835,748861519.0897617,24165042.049691185,-137830273.61943632,761823278.9543108
2017-06-30 20:41:13.739979982,2.0204,-0.8648,-0.9975,748867798.0248312,24165212.011861615,-137831444.50199276,761829668.2878946
2017-06-30 20:41:13.940097987,0.0151,0.7258,-0.1395,748874057.1935725,24165381.46803452,-137832611.7040399,761836037.5095251
2017-06-30 20:41:14.139967978,1.157,-0.8467,-0.531,748880308.6513033,24165550.680369843,-137833777.4807407,761842398.8857322
2017-06-30 20:41:14.340026974,-0.391,-0.5084,0.1061,748886566.0050116,24165720.032371067,-137834944.35559973,761848766.2607145
2017-06-30 20:41:14.539313971,0.7749,0.2318,-0.6304,748892799.2432638,24165888.740073193,-137836106.7526924,761855109.099984
2017-06-30 20:41:14.739952981,0.2853,0.3748,-0.3247,748899074.7808537,24166058.607418664,-137837277.0488498,761861494.9848019
2017-06-30 20:41:14.939969003,1.6602,-0.6574,-0.9314,748905330.8991969,24166227.92102253,-137838443.74847698,761867861.1125215
2017-06-30 20:41:15.140344023,-0.2543,-0.621,0.2084,748911598.2361001,24166397.51358504,-137839612.53378332,761874238.654122
2017-06-30 20:41:15.339998006,1.0018,0.1718,-0.746,748917843.0603162,24166566.50272754,-137840777.14302552,761880593.2913901
2017-06-30 20:41:15.539177000,0.3515,0.2819,-0.3292,748924073.0416596,24166735.10101818,-137841938.99465144,761886932.8270154
2017-06-30 20:41:15.739962995,0.7776,-0.3409,-0.6432,748930353.3186195,24166905.045837495,-137843110.24617198,761893323.5458788
2017-06-30 20:41:15.939957022,0.1674,-0.736,0.0834,748936608.8307346,24167074.290898617,-137844276.87454388,761899689.0626276
2017-06-30 20:41:16.139954984,0.7275,-0.5054,-1.3766,748942864.49503,24167243.51907415,-137845443.58093274,761906054.7425485
2017-06-30 20:41:16.339968025,0.0336,0.591,-0.2782,748949120.6323202,24167412.78365185,-137846610.38641578,761912420.9065012
2017-06-30 20:41:16.539237022,1.3965,-0.6112,-1.0349,748955353.5523732,24167581.394299533,-137847772.8925027,761918763.4496433
2017-06-30 20:41:16.740795016,0.4109,-1.0734,-0.1942,748961658.0864851,24167751.89816513,-137848948.7601517,761925178.8658433
2017-06-30 20:41:16.939966022,0.6964,0.254,-0.6424,748967887.985606,24167920.392882958,-137850110.727853,761931518.3383722
2017-06-30 20:41:17.139959990,0.4645,0.3874,-0.3609,748974143.6448548,24168089.59930537,-137851277.51116645,761937884.0265683
2017-06-30 20:41:17.340169012,0.9236,-0.6968,-0.5825,748980406.0678505,24168258.95974557,-137852445.5724736,761944256.5995358
2017-06-30 20:41:17.539333999,0.23,-1.0121,-0.1497,748986635.8431555,24168427.396870986,-137853607.54860026,761950595.9500582
2017-06-30 20:41:17.740103006,0.7781,-0.0213,-1.0334,748992915.8227203,24168597.189684093,-137854778.9246174,761956986.3943062
2017-06-30 20:41:17.940284013,0.2056,0.3147,-0.2816,748999177.4181036,24168766.49782918,-137855946.88126445,761963358.1331536
2017-06-30 20:41:18.139981985,1.2911,-0.9041,-0.9645,749005423.9558008,24168935.361380354,-137857112.058106,761969714.5534805
2017-06-30 20:41:18.339982986,0.14,-0.755,0.1056,749011679.9778225,24169104.450970948,-137858278.99880543,761976080.6230564
2017-06-30 20:41:18.539647996,0.8637,0.1009,-0.7647,749017925.5244938,24169273.26052255,-137859444.0095924,761982436.0374666
2017-06-30 20:41:18.740109980,0.7096,0.306,-0.391,749024196.0291275,24169442.756183486,-137860613.68629715,761988816.8511318
2017-06-30 20:41:18.939974009,1.1678,-0.6302,-0.6262,749030447.8762169,24169611.721084658,-137861779.899005,761995178.6811486
2017-06-30 20:41:19.139980971,0.3861,-0.8806,0.0308,749036704.2097673,24169780.77159483,-137862946.94449916,762001545.0746797
2017-06-30 20:41:19.340157985,0.7463,0.7666,-0.3831,749042965.8925476,24169949.99655519,-137864114.99760205,762007916.9142617
2017-06-30 20:41:19.539174973,0.5906,0.3287,-0.2993,749049191.3122622,24170118.253875803,-137865276.2936906,762014251.8545804
2017-06-30 20:41:19.740234971,-0.01,-0.3435,-0.094,749055480.6386533,24170288.22455685,-137866449.51487058,762020651.8261158
2017-06-30 20:41:19.940093994,1.2329,-1.0679,-0.5498,749061732.4467795,24170457.13731033,-137867615.75010687,762027013.6202629
2017-06-30 20:41:20.139976978,0.5549,0.5911,-0.4558,749067985.0266019,24170626.09393102,-137868782.1433732,762033376.2029607
2017-06-30 20:41:20.339950025,1.0289,0.3327,-0.6098,749074240.464848,24170795.139984366,-137869949.08657682,762039741.6977826
2017-06-30 20:41:20.539186000,0.2852,-0.5726,-0.3085,749080472.857766,24170963.540228836,-137871111.74084088,762046083.7429274
2017-06-30 20:41:20.740118026,1.0098,-0.886,-0.5551,749086758.3464112,24171133.338255595,-137872284.31493038,762052479.8194724
2017-06-30 20:41:20.939985990,0.5774,0.6523,-0.5112,749093010.5724891,24171302.263152108,-137873450.69992042,762058842.0519477
2017-06-30 20:41:21.139961004,1.3765,-0.0496,-0.7834,749099266.2023281,24171471.276541896,-137874617.7409586,762065207.7517741
2017-06-30 20:41:21.340117990,0.4337,-0.5366,-0.3731,749105527.5420008,24171640.422231715,-137875785.85892087,762071579.2633235
2017-06-30 20:41:21.539348006,0.5814,-0.4688,-0.0164,749111759.9071417,24171808.765963618,-137876948.56772888,762077921.2892482
2017-06-30 20:41:21.740229010,0.3389,0.7883,-0.4046,749118043.932594,24171978.53654412,-137878120.92804992,762084315.8879579
2017-06-30 20:41:21.939976990,1.4017,0.4311,-0.8989,749124292.5703447,24172147.36677252,-137879286.7118024,762090674.4813873
2017-06-30 20:41:22.139957010,0.3449,-0.2151,-0.1458,749130548.480705,24172316.384522606,-137880453.8556345,762097040.4757068
2017-06-30 20:41:22.340360999,0.4182,-1.0015,-0.339,749136817.6707462,24172485.72037792,-137881623.48749268,762103419.9839951
2017-06-30 20:41:35.940268993,0.6439,0.8801,-0.5895,749562379.4328765,24184140.049438294,-137961106.6169162,762536491.0808994
2017-06-30 20:41:36.140205979,0.1927,0.5193,-0.211,749568635.772322,24184311.404549412,-137962275.13453063,762542857.8198003
2017-06-30 20:41:36.340264022,1.8703,-0.9729,-0.9949,749574895.974685,24184482.824473307,-137963444.39947328,762549228.49316
2017-06-30 20:41:36.540573000,-0.2908,-0.5405,0.3404,749581164.0176204,24184654.43772424,-137964615.11737967,762555607.1426986
2017-06-30 20:41:36.739561975,1.3808,-0.6947,-1.3972,749587390.8098658,24184824.892564498,-137965778.17577326,762561943.8208762
2017-06-30 20:41:36.940191984,0.0815,0.5851,-0.1386,749593668.9568689,24184996.77667345,-137966950.8313243,762568332.7617275
2017-06-30 20:41:37.140188992,1.9017,-0.9208,-0.9738,749599927.371967,24185168.08164573,-137968119.82602006,762574701.6256982
2017-06-30 20:41:37.339707970,-0.4476,-0.6864,0.4364,749606170.8104725,24185338.949843217,-137969286.0092292,762581055.2453783
2017-06-30 20:41:37.540189981,1.7189,-0.619,-1.2889,749612444.4537319,24185510.61790337,-137970457.87314588,762587439.6090416
2017-06-30 20:41:37.739489018,0.2868,0.4893,-0.2877,749618681.0898155,24185681.292445585,-137971622.83373225,762593786.3146985
2017-06-30 20:41:37.940436005,1.229,-0.798,-0.5124,749624969.344588,24185853.346026577,-137972797.44775414,762600185.5510587
2017-06-30 20:41:38.140398979,0.0289,-0.8819,0.1612,749631226.8076959,24186024.52181913,-137973966.30338818,762606553.4499881
2017-06-30 20:41:38.340231001,1.3589,0.3059,-0.7448,749637480.2271732,24186195.597727325,-137975134.42330256,762612917.2378117
2017-06-30 20:41:38.540175974,0.3901,0.3598,-0.2114,749643737.1968646,24186366.78471679,-137976303.21192437,762619284.6399542
2017-06-30 20:41:38.739444017,1.087,-0.6716,-0.2654,749649973.0262376,24186537.365471024,-137977468.0540555,762625630.5282285
2017-06-30 20:41:38.940222024,0.0993,-0.8054,0.112,749656256.1119362,24186709.2063427,-137978641.7183238,762632024.5048923
2017-06-30 20:41:39.140327990,1.0841,-0.2092,-0.6902,749662518.2103987,24186880.463654432,-137979811.48175868,762638397.1271452
2017-06-30 20:41:39.340188026,0.6695,0.4477,-0.3255,749668772.6394919,24187051.528374072,-137980979.82055745,762644761.9466612
2017-06-30 20:41:39.540336012,1.9191,-0.737,-0.6037,749675036.1565833,24187222.81003298,-137982149.86683375,762651136.015354
2017-06-30 20:41:39.739519000,0.1288,-0.7186,0.1636,749681269.4797225,24187393.237361006,-137983314.26533198,762657479.3549149
2017-06-30 20:41:39.940195977,1.0694,-0.5013,-1.1622,749687549.5995,24187564.922805775,-137984487.44430378,762663870.323398
2017-06-30 20:41:40.140188992,0.1785,0.6329,-0.1764,749693808.3220519,24187736.048413843,-137985656.63181642,762670239.5188124
2017-06-30 20:41:40.340187013,1.4289,-0.771,-0.998,749700067.25842,24187907.147465944,-137986825.88851404,762676608.9360818
2017-06-30 20:41:40.540350973,-0.0775,-0.7165,0.1937,749706331.3847425,24188078.35977247,-137987996.107587,762682983.6327118
2017-06-30 20:41:40.739477992,0.8377,-0.0194,-0.7504,749712563.0932375,24188248.684351582,-137989160.29414368,762689325.3435048
2017-06-30 20:41:40.940410971,0.4231,0.3392,-0.3084,749718851.3365909,24188420.5673651,-137990335.05161014,762695724.5892078
2017-06-30 20:41:41.139496028,1.0364,-0.8677,-0.7306,749725081.7898818,24188590.83522951,-137991499.03413206,762702065.027443
2017-06-30 20:41:41.340179979,0.3807,-0.8629,-0.0495,749731362.296587,24188762.435798503,-137992672.3668362,762708456.4014043
2017-06-30 20:41:41.540275990,0.9119,-0.1046,-0.7385,749737624.4399207,24188933.529444516,-137993842.29161793,762714829.0917853
2017-06-30 20:41:41.739441990,0.1181,0.6192,-0.1224,749743857.4826003,24189103.852439277,-137995006.7836507,762721172.1692886
2017-06-30 20:41:41.940201997,1.1931,-0.8138,-0.586,749750140.4589586,24189275.505798794,-137996180.6192082,762727566.0635406
2017-06-30 20:41:42.140317976,0.0689,-0.805,0.1247,749756403.2826041,24189446.57626562,-137997350.6841665,762733939.4472896
2017-06-30 20:41:42.340237975,1.113,-0.0189,-0.9324,749762660.0173498,24189617.478442248,-137998519.64050883,762740306.639827
2017-06-30 20:41:42.540192008,0.7095,0.2107,-0.4117,749768917.8455971,24189788.418137066,-137999688.81231248,762746674.9474344
2017-06-30 20:41:42.739627003,0.841,-0.5448,-0.4807,749775159.4633079,24189958.892439865,-138000854.96831515,762753026.7599287
2017-06-30 20:41:42.940171003,0.0971,-1.0573,0.1354,749781435.7929009,24190130.272182573,-138002027.6035559,762759413.8946708
2017-06-30 20:41:43.140183985,1.1157,0.1003,-0.8034,749787695.5481116,24190301.20214348,-138003197.16593033,762765784.1668154
2017-06-30 20:41:43.340170979,0.4651,0.4513,-0.3437,749793954.5085839,24190472.127944842,-138004366.59008792,762772153.6326065
2017-06-30 20:41:43.540199995,0.5557,-0.821,-0.2566,749800214.8064464,24190643.05681223,-138005536.27023616,762778524.4594468
2017-06-30 20:41:43.739418983,0.4008,-0.8606,-0.0883,749806449.7688112,24190813.259338528,-138006701.21720773,762784869.5024782
2017-06-30 20:41:43.940437972,0.7617,0.3062,-0.5521,749812741.0966381,24190985.012066852,-138007876.71212068,762791271.9094889
2017-06-30 20:41:44.140187978,0.8603,0.6266,-0.2865,749818992.7431993,24191155.705564197,-138009044.79785728,762797633.9362977
2017-06-30 20:41:44.340183973,0.6715,-0.8848,-0.7511,749825252.1154243,24191326.573877327,-138010214.35211596,762804003.8285592
2017-06-30 20:41:44.540178000,0.5937,-1.1326,-0.2292,749831511.4498023,24191497.395207785,-138011383.90403342,762810373.681706
2017-06-30 20:41:44.739439010,1.4191,0.0004,-1.0827,749837747.8988479,24191667.59046073,-138012549.21230423,762816720.2512686
2017-06-30 20:41:44.940183997,0.5722,0.3174,-0.374,749844030.8163004,24191839.06601703,-138013723.21416676,762823114.1120919
2017-06-30 20:41:45.139347016,0.8137,-0.6992,-0.0905,749850264.2535878,24192009.162528265,-138014887.96791416,762829457.6176848
2017-06-30 20:41:45.340183973,0.0683,-0.8434,0.1273,749856550.08482,24192180.65465852,-138016062.5061232,762835854.4402786
2017-06-30 20:41:45.540262997,1.1812,0.12,-0.8505,749862812.2414142,24192351.50440319,-138017232.64582205,762842227.1748765
2017-06-30 20:41:45.739468991,0.773,0.2488,-0.4256,749869047.1042268,24192521.618530795,-138018397.69659212,762848572.1360426
2017-06-30 20:41:45.940244019,0.1906,-0.714,-0.1084,749875331.0832437,24192693.04377029,-138019571.928184,762854967.0803446
2017-06-30 20:41:46.140178024,1.7455,-1.0486,-0.7718,749881588.8091848,24192863.70901328,-138020741.27190936,762861335.3098173
2017-06-30 20:41:46.340174973,0.5027,0.9035,-0.3989,749887848.5253149,24193034.46412466,-138021910.99972755,762867705.5679607
2017-06-30 20:41:46.540292978,0.6766,0.3044,-0.3694,749894112.0574797,24193205.334782645,-138023081.45036283,762874079.7116523
2017-06-30 20:42:23.340601980,0.497,-0.3067,-0.2511,751046605.1190155,24224211.907743666,-138238659.23534724,764046950.3967253
2017-06-30 20:42:23.539930999,0.757,-0.3269,-0.4605,751052847.6323105,24224379.84198012,-138239826.93156734,764053303.288063
2017-06-30 20:42:23.740104019,0.3562,-0.8441,-0.0405,751059116.5919929,24224548.45346301,-138240999.57368168,764059683.0921322
2017-06-30 20:42:23.940119028,1.0191,0.0796,-0.7765,751065380.6439034,24224716.93503318,-138242171.3212097,764066057.9059619
2017-06-30 20:42:24.139119982,0.121,0.6263,-0.2846,751071612.9425231,24224884.587221902,-138243337.1393719,764072400.4076953
2017-06-30 20:42:24.339905977,2.1084,-0.2869,-1.0875,751077901.2299381,24225053.731686436,-138244513.4587799,764078799.8928688
2017-06-30 20:42:24.540161013,0.0002,-0.6367,0.1151,751084172.8885978,24225222.40333192,-138245686.6629101,764085182.4535923
2017-06-30 20:42:24.739895999,2.3158,-1.0579,-1.4383,751090428.3525327,24225390.594743595,-138246856.87768105,764091548.5390589
2017-06-30 20:42:24.939902007,0.3885,0.5952,-0.3336,751096692.3200977,24225559.03818497,-138248028.69367057,764097923.2811656
2017-06-30 20:42:25.139304995,1.9517,-0.2069,-1.3929,751102937.4793439,24225726.965541117,-138249197.0320077,764104278.8894086
2017-06-30 20:42:25.339901983,0.3442,-0.3169,-0.1936,751109220.0476682,24225895.885673355,-138250372.37399805,764110672.5688558
2017-06-30 20:42:25.539947986,1.6407,-1.1817,-0.3933,751115485.4251558,24226064.294538494,-138251544.50338504,764117048.7525074
2017-06-30 20:42:25.739899992,0.9405,0.4155,-0.4805,751121747.896289,24226232.640884217,-138252716.10122624,764123421.9811043
2017-06-30 20:42:25.939891993,0.6638,0.1657,-0.3992,751128011.6466104,24226401.02753055,-138253887.9493807,764129796.5136925
2017-06-30 20:42:26.139102995,0.7909,-0.5585,-0.3347,751134250.9674265,24226568.734437488,-138255055.2345735,764136146.1853223
2017-06-30 20:42:26.339963972,0.6295,-1.1067,-0.1421,751140541.991124,24226737.78573524,-138256232.19359684,764142548.473011
2017-06-30 20:42:26.539891004,1.0795,0.0582,-0.7614,751146803.8065434,24226906.053320028,-138257403.71053752,764148921.0399244
2017-06-30 20:42:26.739836990,0.413,0.1689,-0.3064,751153066.2321227,24227074.34360971,-138258575.35079277,764155294.229649
2017-06-30 20:42:26.939894020,2.3065,-0.7446,-1.14,751159332.2279778,24227242.697561778,-138259747.68736786,764161671.0569057
2017-06-30 20:42:27.139104008,0.06,-0.632,0.1731,751165571.6959708,24227410.313622084,-138260915.05339736,764168020.8849635
2017-06-30 20:42:27.339887022,1.6008,-0.6452,-1.0218,751171860.4973398,24227579.22722212,-138262091.67851633,764174420.923368
2017-06-30 20:42:27.539897024,0.3702,0.4985,-0.3488,751178125.1017147,24227747.51044898,-138263263.78759727,764180796.3394239
2017-06-30 20:42:27.739889979,2.4201,-0.2782,-1.1665,751184389.26895,24227915.768205725,-138264435.8434352,764187171.3153394
2017-06-30 20:42:27.939899027,-0.005,-0.4276,0.206,751190653.9400492,24228084.022396255,-138265607.98534516,764193546.8020076
2017-06-30 20:42:28.139083027,1.5649,-1.0428,-0.6614,751196892.8311319,24228251.541156944,-138266775.31834772,764199896.0539206
2017-06-30 20:42:28.339941978,0.5503,0.371,-0.4768,751203184.2076504,24228420.483561352,-138267952.48676437,764206298.7228799
2017-06-30 20:42:28.540319979,1.0827,0.0225,-0.8647,751209460.5631514,24228589.02234226,-138269126.87120974,764212686.1099082
2017-06-30 20:42:28.739902019,0.2591,-0.4678,-0.2616,751215711.9974228,24228756.873003148,-138270296.6010712,764219048.1357777
2017-06-30 20:42:28.939989984,0.3196,-0.9066,-0.008,751221979.2913908,24228925.11285654,-138271469.29642746,764225426.3003764
2017-06-30 20:42:29.139117002,1.1242,-0.1272,-0.8654,751228216.5304868,24229092.53967372,-138272636.39408487,764231773.8829254
2017-06-30 20:42:29.339931011,0.3114,0.5168,-0.2738,751234506.6236199,24229261.405760493,-138273813.3903582,764238175.2567807
2017-06-30 20:42:29.540134012,2.1706,-0.498,-0.9333,751240777.6651621,24229429.738085356,-138274986.8428443,764244557.2451133
2017-06-30 20:42:29.739892005,0.1111,-0.4051,0.0831,751247034.7719675,24229597.680079035,-138276157.6836832,764250925.0509123
2017-06-30 20:42:29.939885973,1.4419,-0.5797,-1.1513,751253299.3279935,24229765.79727673,-138277329.95369074,764257300.4433184
2017-06-30 20:42:30.139265000,0.5601,0.5046,-0.4437,751259544.6440419,24229933.417606905,-138278498.6368431,764263656.2583977
2017-06-30 20:42:30.339941978,1.8492,-0.0833,-1.0484,751265830.6913648,24230102.1257854,-138279674.97030523,764270053.530364
2017-06-30 20:42:30.539923012,0.2848,-0.3557,-0.2561,751272094.9501832,24230270.234661788,-138280847.23450702,764276428.6293113
2017-06-30 20:42:30.739893972,0.4442,-0.877,-0.1028,751278358.9112037,24230438.299999915,-138282019.44376707,764282803.4242089
2017-06-30 20:42:30.939944982,0.9306,0.0118,-0.8831,751284625.4169818,24230606.433088206,-138283192.15761405,764289180.8140093
2017-06-30 20:42:31.139147996,0.3921,0.2184,-0.3726,751290865.3752348,24230773.86214385,-138284359.91523108,764295531.1889458
2017-06-30 20:42:31.339879989,1.7067,-0.6656,-0.9077,751297153.2969391,24230942.549478833,-138285536.67252406,764301930.3794336
2017-06-30 20:42:31.539956986,0.0189,-0.4117,0.0366,751303420.7016764,24231110.66990005,-138286709.58854887,764308308.6890818
2017-06-30 20:42:31.739953994,1.5999,-1.0851,-1.3622,751309685.6647551,24231278.67970552,-138287882.09013867,764314684.520128
2017-06-30 20:42:31.939890980,0.2602,0.5936,-0.3211,751315948.7580291,24231446.66281785,-138289054.25267968,764321058.450996
2017-06-30 20:42:32.139102995,2.1352,-0.2615,-1.3731,751322189.2260792,24231614.026446108,-138290222.21945435,764327409.362834
2017-06-30 20:42:32.340131998,0.3791,-0.3279,-0.1632,751328486.6279824,24231782.90332588,-138291400.845704,764333818.2163833
2017-06-30 20:42:32.539946973,0.7745,-0.8091,-0.4339,751334746.0303642,24231950.728042398,-138292572.3714724,764340188.3989334
2017-06-30 20:42:32.739987015,1.0463,0.1252,-0.9376,751341012.5250618,24232118.746802825,-138293745.25433955,764346565.8048164
2017-06-30 20:42:32.939972996,0.3557,0.3449,-0.3326,751347277.3404598,24232286.7339501,-138294917.8335362,764352941.5040298
2017-06-30 20:42:33.139150023,1.0788,-0.496,-0.963,751353516.8571416,24232454.021903314,-138296085.70779088,764359291.4615582
2017-06-30 20:42:33.339887976,0.1757,-0.6753,0.0665,751359805.2792325,24232622.59366005,-138297262.73185357,764365691.1885412
2017-06-30 20:42:33.539451003,0.887,-0.3738,-1.1573,751366056.9303023,24232790.16387388,-138298432.91284472,764372053.5002998
2017-06-30 20:42:33.740139007,0.1439,0.5423,-0.2731,751372343.8289846,24232958.70055628,-138299609.70138124,764378451.6860735
2017-06-30 20:42:33.939309000,1.8736,-0.8841,-1.2641,751378583.2476712,24233125.927350298,-138300777.63879377,764384801.5567706
2017-06-30 20:43:18.308340013,0.1461,-0.3769,0.0603,752768824.022039,24269637.01343151,-138560839.94826785,765799597.8501534
2017-06-30 20:43:18.506815016,0.6748,0.4398,-0.6124,752775042.9818625,24269800.354988363,-138562003.30335644,765805926.6583508
2017-06-30 20:43:18.707327008,0.7635,0.3584,-0.5259,752781325.798822,24269965.387362063,-138563178.61933687,765812320.4548423
2017-06-30 20:43:18.907126009,0.7895,-0.6591,-0.5518,752787586.3065299,24270129.806594003,-138564349.7780951,765818691.5500734
2017-06-30 20:43:19.106436014,0.0672,-0.8975,0.0031,752793831.4946922,24270293.787767075,-138565518.07038978,765825047.0539072
2017-06-30 20:43:19.307076990,0.4904,-0.0522,-0.9547,752800118.4072983,24270458.861887563,-138566694.20284924,765831445.0254148
2017-06-30 20:43:19.507174015,0.1604,0.4336,-0.3217,752806388.2820895,24270623.50584199,-138567867.15961602,765837825.6607931
2017-06-30 20:43:19.707074999,0.9014,-0.5729,-0.7611,752812652.0501183,24270787.965596527,-138569038.99761608,765844200.0850606
2017-06-30 20:43:19.907441020,0.0441,-0.6959,0.2861,752818930.3915513,24270952.78000185,-138570213.55021998,765850589.3371643
2017-06-30 20:43:20.106423020,0.9837,-0.7133,-1.2473,752825165.4045175,24271116.42771538,-138571380.0390299,765856934.5020702
2017-06-30 20:43:20.307226002,0.062,0.6799,-0.1627,752831457.4796494,24271281.60046432,-138572557.20951214,765863337.7392117
2017-06-30 20:43:20.507139980,1.379,-1.133,-1.1914,752837721.7533356,24271445.996672012,-138573729.21598727,765869712.6890107
2017-06-30 20:43:20.708207011,-0.1679,-0.6655,0.3461,752844022.150972,24271611.31417043,-138574907.96830565,765876124.3978453
2017-06-30 20:43:20.907486975,1.4884,-0.3223,-1.4476,752850266.6103078,24271775.149541374,-138576076.30145955,765882479.1880472
2017-06-30 20:43:21.106712996,0.0767,0.6055,-0.1546,752856509.3823782,24271938.964596704,-138577244.32449415,765888832.2629405
2017-06-30 20:43:21.307169973,1.6642,-0.6531,-0.8667,752862790.79348,24272103.765571102,-138578419.59920862,765895224.6627265
2017-06-30 20:43:21.507122993,-0.5288,-0.4701,0.2435,752869056.3917166,24272268.13343398,-138579591.9094992,765901600.9686221
2017-06-30 20:43:21.707046985,1.7104,-0.5774,-1.3371,752875321.1487145,24272432.45435645,-138580764.10304403,765907976.4249847
2017-06-30 20:43:21.907140016,-0.0316,0.6857,-0.1219,752881591.2014016,24272596.941668466,-138581937.2925782,765914357.2724115
2017-06-30 20:43:22.106083989,2.5422,-0.5456,-1.2454,752887825.3481833,24272760.462798413,-138583103.7942234,765920701.5842054
2017-06-30 20:43:22.307128012,-0.3995,-0.4119,0.2706,752894125.2863903,24272925.693406824,-138584282.59850755,765927112.8480957
2017-06-30 20:43:22.507198989,1.4177,-0.6781,-1.3075,752900394.7898662,24273090.097161647,-138585455.74975756,765933493.1460886
2017-06-30 20:43:22.707076013,0.0132,0.797,-0.2123,752906658.2160814,24273254.37338083,-138586627.7722117,765939867.2619513
2017-06-30 20:43:22.907212018,3.1498,-0.7734,-1.501,752912929.883992,24273418.8314749,-138587801.37337902,765946249.7706822
2017-06-30 20:43:23.106294989,-0.3573,-0.3755,0.1293,752919168.5387837,24273582.409375004,-138588968.79441118,765952598.6819395
2017-06-30 20:43:23.307053029,2.5861,-1.2357,-1.5461,752925459.7893727,24273747.313803744,-138590146.10034895,765959001.124609
2017-06-30 20:43:23.507652997,0.1384,0.7996,-0.2775,752931746.0919533,24273912.120566927,-138591322.49047133,765965398.5346677
2017-06-30 20:43:23.707103013,3.3511,-0.9802,-1.5075,752937996.4912146,24274075.94357226,-138592492.19683176,765971759.4118255
2017-06-30 20:43:23.907171010,-0.5312,-0.4103,0.2202,752944266.2356095,24274240.257747795,-138593665.51862612,765978139.9746733
2017-06-30 20:43:24.106326997,2.3315,-1.1992,-1.579,752950507.491848,24274403.775333136,-138594833.55446094,765984491.5524518
2017-06-30 20:43:24.307183027,-0.1251,0.6508,-0.1215,752956802.0198911,24274568.714998897,-138596011.56582987,765990897.3455732
2017-06-30 20:43:24.507508993,3.2304,-0.6706,-1.3245,752963080.0661577,24274733.19247332,-138597186.5215507,765997286.3698475
2017-06-30 20:43:24.707127988,-0.4676,-0.3433,0.1609,752969335.9379184,24274897.075810034,-138598357.32432005,766003652.8266891
2017-06-30 20:43:24.907058000,2.1572,-1.1344,-1.2737,752975601.6428874,24275061.16914145,-138599530.00217468,766010029.2953464
2017-06-30 20:43:25.106522977,-0.0487,0.6654,-0.1062,752981852.7719582,24275224.907267377,-138600699.95661888,766016390.9321092
2017-06-30 20:43:25.307174026,2.7911,-0.9969,-1.2586,752988141.1842833,24275389.578887876,-138601876.9185968,766022790.5152214
2017-06-30 20:43:25.506682991,-0.3773,-0.4776,0.3517,752994393.7886297,24275553.29420507,-138603047.16743585,766029153.6547053
2017-06-30 20:43:25.706884980,1.3955,-0.7766,-1.1402,753000668.1682581,24275717.54708494,-138604221.52700812,766035538.9597645
2017-06-30 20:43:25.906835019,0.1431,0.6859,-0.3065,753006934.6574326,24275881.620678302,-138605394.42092738,766041916.2377636
2017-06-30 20:43:26.106320977,3.0517,-0.9469,-1.4181,753013186.7236223,24276045.2757778,-138606564.64901048,766048278.8425915
2017-06-30 20:43:26.307190001,-0.0494,-0.3404,-0.0046,753019482.1343293,24276210.051788006,-138607742.99064562,766054685.5579522
2017-06-30 20:43:26.507146000,2.4298,-1.2808,-1.6428,753025749.0271844,24276374.02762003,-138608916.04195946,766061063.2581503
2017-06-30 20:43:26.707333028,-0.0117,0.7022,-0.1444,753032023.1603335,24276538.221050154,-138610090.45440266,766067448.3286188
2017-06-30 20:43:26.907058000,2.98,-0.9488,-1.2,753038282.930893,24276701.997654185,-138611262.2040272,766073818.7858818
2017-06-30 20:43:27.106324017,-0.6813,-0.5052,0.34,753044528.2898543,24276865.37785028,-138612431.24754694,766080174.5745803
2017-06-30 20:43:27.307069003,1.7548,-0.8052,-1.2051,753050820.0731066,24277029.938219424,-138613609.016369,766086577.6137462
2017-06-30 20:43:27.507062971,-0.1804,0.5354,-0.1118,753057088.3106105,24277193.90435752,-138614782.38344768,766092956.6925511
2017-06-30 20:43:27.707062005,2.2244,-0.5491,-0.739,753063356.7958688,24277357.852685213,-138615955.80980837,766099336.0250589
2017-06-30 20:43:27.907058000,-0.5644,-0.3816,0.118,753069625.1633018,24277521.78325831,-138617129.21361896,766105715.2371058
2017-06-30 20:43:28.106391012,2.2388,-0.8615,-1.1448,753075872.8401692,24277685.136174075,-138618298.77310485,766112073.3967737
2017-06-30 20:43:28.307133018,0.2775,0.7416,-0.3718,753082164.6901927,24277849.67364149,-138619476.614655,766118476.5140202
2017-06-30 20:43:28.507071018,2.6431,-0.8586,-0.8788,753088431.4459413,24278013.517785553,-138620649.77387887,766124854.0948207
2017-06-30 20:43:28.707058012,-0.558,-0.4578,0.2458,753094699.7150161,24278177.383769345,-138621823.21074998,766131233.2141279
2017-06-30 20:43:28.907049000,1.6866,-0.4539,-1.0412,753100968.1767343,24278341.234871387,-138622996.7127004,766137612.5341066
2017-06-30 20:43:48.590267002,0.0246,0.7045,-0.1386,753717922.9997243,24294740.49011039,-138738547.08822873,766765496.2990006
2017-06-30 20:43:48.790380001,0.3151,0.6539,-0.3886,753724195.3952355,24294907.24229304,-138739721.86760077,766771879.8091164
2017-06-30 20:43:48.990319013,2.0685,-0.0285,-1.4214,753730462.4199412,24295073.848354742,-138740895.68238956,766778257.8606589
2017-06-30 20:43:49.190375983,0.7036,-0.2184,-0.475,753736733.1701628,24295240.543968026,-138742070.20870456,766784639.7059057
2017-06-30 20:43:49.389476001,0.4853,-1.0875,-0.4645,753742973.9441315,24295406.39910055,-138743239.13520655,766790991.0451285
2017-06-30 20:43:49.590249001,0.8019,0.3417,-0.5887,753749267.1899102,24295573.66164142,-138744417.90760276,766797395.7893926
2017-06-30 20:43:49.790552020,1.5214,0.3786,-0.9308,753755545.7651373,24295740.547834422,-138745593.95800555,766803785.608305
2017-06-30 20:43:49.990298986,-0.0733,-0.3438,0.05,753761806.9077445,24295906.957024284,-138746766.74162808,766810157.6850349
2017-06-30 20:43:50.190264999,1.8564,-1.0986,-1.1627,753768074.9906919,24296073.504773125,-138747940.85784364,766816536.8295172
2017-06-30 20:43:50.390056014,0.3519,0.4967,-0.3692,753774337.6022438,24296239.926596083,-138749113.96128178,766822910.4084677
2017-06-30 20:43:50.590232014,1.936,0.4204,-0.9921,753780612.3590393,24296406.68594927,-138750289.36497197,766829296.352898
2017-06-30 20:43:50.790350019,0.2807,-0.3701,-0.1211,753786885.3091533,24296573.382167455,-138751464.43297386,766835680.4586525
2017-06-30 20:43:50.990604996,2.0376,-1.2234,-1.28,753793162.6345385,24296740.14342104,-138752640.35658893,766842069.0221043
2017-06-30 20:43:51.190253973,0.3868,0.4969,-0.4234,753799420.9792634,24296906.419837676,-138753812.73856872,766848438.2716945
2017-06-30 20:43:51.389549970,1.0527,0.1549,-0.783,753805668.3010278,24297072.40842956,-138754983.07887352,766854796.3073571
2017-06-30 20:43:51.623450994,-0.2643,-0.5755,0.2551,753813000.3704028,24297267.18718718,-138756356.61882603,766862258.311312
2017-06-30 20:43:51.790301024,1.7487,-0.9648,-1.5949,753818230.6484112,24297406.10303564,-138757336.4587756,766867581.282695
2017-06-30 20:43:51.990633010,0.0435,0.6166,-0.2578,753824510.4930837,24297572.92000697,-138758512.93449655,766873972.4242395
2017-06-30 20:43:52.190281987,2.8324,-0.7299,-1.7258,753830769.0402427,24297739.139141306,-138759685.46794793,766880341.8984225
2017-06-30 20:43:52.389554977,0.3894,-0.254,-0.1977,753837015.8165163,24297905.035158798,-138760855.80108768,766886699.3936578
2017-06-30 20:43:52.590249001,2.1346,-0.9849,-1.3813,753843307.225103,24298072.074526142,-138762034.5356167,766893102.3181025
2017-06-30 20:43:52.790383994,0.4024,0.6555,-0.307,753849581.125158,24298238.674862567,-138763209.99909022,766899487.4261739
2017-06-30 20:43:52.990234017,2.6384,-0.2005,-1.1805,753855846.197254,24298405.029970642,-138764383.83598354,766905863.5544251
2017-06-30 20:43:53.190243005,0.1395,-0.3445,-0.0658,753862116.2583033,24298571.503619906,-138765558.60920417,766912244.7599128
2017-06-30 20:43:53.389487981,1.8875,-1.1294,-1.424,753868362.4433506,24298737.296522863,-138766728.95145303,766918601.6723746
2017-06-30 20:43:53.590272009,0.1107,0.6415,-0.2584,753874656.8810211,24298904.395941515,-138767908.34433487,766925007.6953954
2017-06-30 20:43:53.789848983,2.1203,-0.9372,-1.401,753880913.5628538,24299070.45347846,-138769080.70285985,766931375.2992395
2017-06-30 20:43:53.990227997,-0.2973,-0.3675,0.2039,753887195.3764771,24299237.163595073,-138770257.76455516,766937768.478893
2017-06-30 20:43:54.189549028,1.4149,-0.924,-1.4782,753893444.0789073,24299402.95678793,-138771428.6701988,766944127.9678599
2017-06-30 20:43:54.389554023,0.1735,0.6789,-0.3817,753899714.2305083,24299569.346052393,-138772603.609038,766950509.2896652
2017-06-30 20:43:54.590240001,2.2318,-0.8134,-1.8634,753906005.8207948,24299736.26908444,-138773782.62339234,766956912.4396858
2017-06-30 20:43:54.790383994,0.0333,-0.3619,-0.0809,753912280.4209563,24299902.726816937,-138774958.45686805,766963298.2984028
2017-06-30 20:43:54.990234017,1.831,-1.1266,-1.5171,753918545.8781621,24300068.895061124,-138776132.62388137,766969674.8590444
2017-06-30 20:43:55.190294981,0.2313,0.5955,-0.3858,753924817.9577938,24300235.262529835,-138777308.04566526,766976058.1627749
2017-06-30 20:43:55.389678001,1.9181,-0.2605,-1.5026,753931068.8595618,24300401.055875447,-138778479.5440463,766982419.920923
2017-06-30 20:43:55.590285003,-0.5423,-0.3386,0.2306,753937358.11284,24300567.853374824,-138779658.22479746,766988820.7093744
2017-06-30 20:43:55.790239989,2.1121,-1.3214,-1.631,753943627.0091354,24300734.055914164,-138780833.1397927,766995200.7870203
2017-06-30 20:43:55.990736007,0.0087,0.543,-0.2775,753949912.8679656,24300900.729987048,-138782011.24499166,767001598.1307383
2017-06-30 20:43:56.190225005,2.4961,-0.7862,-1.7268,753956167.2545029,24301066.535627995,-138783183.50170782,767007963.4519694
2017-06-30 20:43:56.389485001,-0.2463,-0.3993,0.3688,753962414.4515817,24301232.135079492,-138784354.39809704,767014321.4534122
2017-06-30 20:43:56.590300023,1.5035,-0.964,-1.4627,753968710.4624487,24301398.98799502,-138785534.49115333,767020729.1417726
2017-06-30 20:43:56.790274024,0.0083,0.6348,-0.2336,753974980.1057131,24301565.16750955,-138786709.6512763,767027109.9973122
2017-06-30 20:43:56.990429997,2.7182,0.0931,-1.6868,753981255.5631145,24301731.50197364,-138787885.94834673,767033496.7786844
2017-06-30 20:43:57.190240979,-0.2236,-0.4604,0.3241,753987520.1951425,24301897.53136064,-138789060.2049993,767039872.5400343
2017-06-30 20:43:57.389488995,1.59,-0.2604,-1.5795,753993767.2397376,24302063.082623225,-138790231.215898,767046230.410792
2017-06-30 20:43:57.590219974,-0.2334,0.5071,-0.0902,754000060.7704277,24302229.886483174,-138791410.9460303,767052635.5939689
2017-06-30 20:43:57.790233016,2.0238,-0.5077,-1.4006,754006331.8725575,24302396.073439647,-138792586.5127559,767059017.9573672
2017-06-30 20:43:57.990229010,-0.454,-0.4305,0.2657,754012602.4220142,24302562.229011957,-138793761.96865517,767065399.7564517
2017-06-30 20:43:58.190276980,1.2845,-0.9062,-1.476,754018874.6524986,24302728.39150025,-138794937.78910637,767071783.2741426
2017-06-30 20:43:58.389703989,-0.1012,0.7333,-0.2041,754025127.4095753,24302894.0673743,-138796109.96785706,767078146.9754472
2017-06-30 20:43:58.590224027,2.3772,-0.6071,-1.7023,754031414.5326424,24303060.62688208,-138797288.63958713,767084545.6607977
2017-06-30 20:43:58.790224015,-0.2339,-0.4711,0.1766,754037685.3406596,24303226.735572714,-138798464.24736056,767090927.7400471
2017-06-30 20:43:58.990454971,1.5516,-1.3168,-1.8033,754043963.4526646,24303392.983298603,-138799641.28507164,767097317.2621377
2017-06-30 20:43:59.190235018,-0.1314,0.9624,-0.1295,754050227.4214654,24303558.895055212,-138800815.67732772,767103692.3923783
2017-06-30 20:44:36.724475026,2.019,-1.151,-2.3627,755229932.6395586,24333108.483578812,-139024786.5530383,768304784.964498
2017-06-30 20:44:36.924346983,0.7637,0.2213,-0.7543,755236214.6672672,24333265.845654435,-139025979.24078855,768311180.8867016
2017-06-30 20:44:37.124346971,0.3452,-0.4069,-0.3089,755242500.7328315,24333423.292254712,-139027172.70488894,768317580.9212074
2017-06-30 20:44:37.324781000,0.7047,-0.8151,-0.4121,755248800.468758,24333581.047800746,-139028368.77560687,768323994.8748925
2017-06-30 20:44:37.524212002,0.7525,0.5845,-0.5305,755255068.7090025,24333738.0371418,-139029558.88195744,768330376.7653677
2017-06-30 20:44:37.724349021,1.0218,0.4025,-0.3593,755261359.1807278,24333895.598371793,-139030753.2158627,768336781.2920861
2017-06-30 20:44:37.924573004,0.4119,-0.488,-0.2315,755267652.4023163,24334053.20850191,-139031948.07801345,768343188.6190101
2017-06-30 20:44:38.124302029,0.341,-0.6915,-0.2336,755273930.0805286,24334210.40143129,-139033139.9957579,768349580.1210724
2017-06-30 20:44:38.324410974,0.7811,0.2068,-0.666,755280219.7312753,24334367.901650492,-139034334.20741016,768355983.8167424
2017-06-30 20:44:38.524322986,0.0235,0.5043,-0.193,755286503.1931341,24334525.26702343,-139035527.25151742,768362381.213312
2017-06-30 20:44:38.724478006,2.3733,-1.0065,-1.1269,755292794.3880898,24334682.78336331,-139036721.7910049,768368786.4867531
2017-06-30 20:44:38.924733996,-0.3519,-0.7359,0.4545,755299088.7425833,24334840.34965232,-139037916.914862,768375194.9732915
2017-06-30 20:44:39.124539017,1.1007,-0.1141,-1.0241,755305368.9663681,24334997.55655284,-139039109.38822904,768381589.0786105
2017-06-30 20:44:39.324406027,0.0997,0.4758,-0.1217,755311651.142559,24335154.831233095,-139040302.23641944,768387985.1730855
2017-06-30 20:44:39.524142026,1.0982,-0.9086,-0.9288,755317929.244653,24335311.96657312,-139041494.33976272,768394377.1236066
2017-06-30 20:44:39.724296987,-0.1347,-0.5637,0.1918,755324220.5101645,24335469.40893395,-139042688.9359528,768400782.4743419
2017-06-30 20:44:39.924013972,0.8843,-0.389,-1.3009,755330498.0444977,24335626.49126584,-139043880.97003478,768407173.8525614
2017-06-30 20:44:40.124647021,0.3907,0.3878,-0.3653,755336804.3884196,24335784.309715003,-139045078.48645607,768413594.565442
2017-06-30 20:44:40.324428975,2.4053,-0.7855,-0.5886,755343084.076531,24335941.42733922,-139046270.94644806,768419988.138982
2017-06-30 20:44:40.524143993,-0.3122,-0.6745,0.3151,755349361.6482102,24336098.465418752,-139047462.99434385,768426379.5550232
2017-06-30 20:44:40.724548995,1.4209,-0.4259,-1.1172,755355660.9649793,24336256.028935105,-139048659.20544693,768432793.1160793
2017-06-30 20:44:40.923915982,0.1885,0.3743,-0.2466,755361927.661386,24336412.791215003,-139049849.23047307,768439173.4671565
2017-06-30 20:44:41.124481976,1.9129,-0.7129,-0.9932,755368232.1230928,24336570.467596587,-139051046.4523461,768445592.2720771
2017-06-30 20:44:41.323890984,-0.1896,-0.5679,0.2932,755374500.2093108,24336727.211823456,-139052236.75626022,768451974.0392159
2017-06-30 20:44:41.524151027,1.2686,-0.879,-1.5035,755380795.0972563,24336884.58974967,-139053432.20043337,768458383.1021811
2017-06-30 20:44:41.724911987,0.0964,0.78,-0.1726,755387105.7346965,24337042.392768316,-139054630.64176682,768464808.2024232
2017-06-30 20:44:41.924344003,2.2014,-0.994,-1.5146,755393374.6862142,24337199.111670025,-139055821.21021748,768471190.8672155
2017-06-30 20:44:42.124409019,-0.1057,-0.5099,0.2363,755399663.5312407,24337356.30759045,-139057015.54809085,768477593.7841625
2017-06-30 20:44:42.323920011,1.3921,-0.8104,-1.6559,755405935.0164852,24337513.035943147,-139058206.64449266,768483979.0354041
2017-06-30 20:44:42.524142980,-0.1053,0.9329,-0.1563,755412228.8779957,24337670.36099752,-139059401.9977194,768490387.0712928
2017-06-30 20:44:42.724363029,1.9484,-0.8336,-1.4548,755418522.7258258,24337827.65034009,-139060597.39183357,768496795.1000059
2017-06-30 20:44:42.924408018,-0.3537,-0.2621,0.4351,755424811.0565511,24337984.791669894,-139061791.72335738,768503197.5085438
2017-06-30 20:44:43.124311983,1.7788,-1.3093,-1.9429,755431095.0253295,24338141.769899406,-139062985.29056492,768509595.4859015
2017-06-30 20:44:43.324582993,0.0917,0.7332,-0.2712,755437390.5358226,24338299.065765224,-139064181.06016657,768516005.2171474
2017-06-30 20:44:43.524146974,3.1434,-1.1609,-1.8981,755443663.9460783,24338455.760086074,-139065372.68386295,768522392.4550036
2017-06-30 20:44:43.724398970,-0.3725,-0.4484,0.2607,755449958.9695497,24338612.97664364,-139066568.40533626,768528801.6963041
2017-06-30 20:44:43.924431979,1.4508,-0.6306,-1.3451,755456247.1671042,24338769.99604359,-139067762.87304157,768535203.9947407
2017-06-30 20:44:44.124365985,-0.0233,0.7838,-0.2133,755462532.251489,24338926.96906072,-139068956.7580914,768541603.1260905
2017-06-30 20:44:44.324770987,3.22,-0.9315,-1.6437,755468832.2713296,24339084.274457127,-139070153.52165923,768548017.4701275
2017-06-30 20:44:44.524197995,-0.0349,-0.6753,0.2109,755475101.5451324,24339240.78533195,-139071344.4365281,768554400.5078743
2017-06-30 20:44:44.724206984,1.7053,-0.5653,-1.5657,755481389.1825601,24339397.73033306,-139072538.8894366,768560802.2507002
2017-06-30 20:44:44.924647986,0.1858,0.4865,-0.1946,755487690.4085478,24339555.03387625,-139073735.93014345,768567217.8304615
2017-06-30 20:44:45.124422013,1.3375,-0.5215,-0.8092,755493970.7203473,24339711.793173075,-139074929.01994705,768573612.1197989
2017-06-30 20:44:45.324531018,0.34,-0.8543,-0.0957,755500261.5764914,24339868.781112205,-139076124.11413738,768580017.1439793
2017-06-30 20:44:45.524142026,0.6794,0.2972,-0.7126,755506536.8041011,24340025.390208457,-139077316.2625753,768586406.2605603
2017-06-30 20:44:45.724390983,1.0551,0.3167,-0.5863,755512832.1294028,24340182.51252083,-139078512.24458358,768592815.8427587
2017-06-30 20:44:45.924395978,0.268,-0.3385,-0.4106,755519119.7958711,24340339.42987144,-139079706.78595957,768599217.6292907
2017-06-30 20:44:46.124382019,0.4171,-0.9175,0.0871,755525406.8831539,24340496.295656487,-139080901.2106482,768605618.8237504
2017-06-30 20:44:46.324490010,0.6502,0.1023,-0.8866,755531697.8302919,24340653.261193544,-139082096.39919046,768612023.9537622
2017-06-30 20:44:46.524217009,0.2616,0.4112,-0.3091,755537976.8103299,24340809.94428202,-139083289.3245053,768618416.9018553
2017-06-30 20:44:46.724592983,0.9188,-0.5914,-0.295,755544276.229613,24340967.112737454,-139084486.1378491,768624830.6602789
2017-06-30 20:44:46.924344003,0.6267,-0.8323,-0.2788,755550556.0265995,24341123.75778995,-139085679.22956777,768631224.4403332
2017-06-30 20:44:47.124388992,0.7265,0.4528,-0.5199,755556845.0944926,24341280.651493534,-139086874.09793755,768637627.6628885
2017-06-30 20:44:47.324618995,0.8781,0.2365,-0.5634,755563140.0141101,24341437.699783906,-139088070.0939835,768644036.8465387
2017-06-30 20:45:06.823478996,0.6912,-0.3726,-0.4482,756176416.6188056,24356589.76032255,-139204709.3584844,769268462.6466825
2017-06-30 20:45:07.223501026,1.2423,0.3861,-1.1457,756188998.2788886,24356900.66889409,-139207102.41377735,769281273.0664015
2017-06-30 20:45:07.234770170,0.4263,0.4001,-0.4903,756189352.7207699,24356909.427646175,-139207169.82933846,769281633.9527532
2017-06-30 20:45:07.423216998,0.2789,-0.2821,-0.257,756195279.8399781,24357055.88474648,-139208297.18661565,769287668.8399682
2017-06-30 20:45:07.622758984,0.3905,-0.7637,-0.3102,756201555.944918,24357210.93437311,-139209490.93150356,769294059.0589693
2017-06-30 20:45:07.823532998,0.7924,0.3996,-0.7903,756207870.8322262,24357366.957427435,-139210692.07876328,769300488.7706467
2017-06-30 20:45:08.223483026,0.4178,-0.2854,-0.2272,756220450.4122393,24357677.716065213,-139213084.84945753,769313297.0894966
2017-06-30 20:45:08.235589740,0.614,0.2188,-0.4888,756220831.2033452,24357687.122937355,-139213157.2800541,769313684.8046694
2017-06-30 20:45:08.423457026,1.6399,-1.0599,-1.2977,756226740.229718,24357833.057717714,-139214281.2757228,769319701.2821451
2017-06-30 20:45:08.622889995,0.353,0.7213,-0.4206,756233013.047813,24357988.005376793,-139215474.4847211,769326088.170062
2017-06-30 20:45:08.823090016,0.4572,0.2482,-0.5724,756239310.0105228,24358143.558937922,-139216672.30593926,769332499.6454841
2017-06-30 20:45:09.223469972,0.3031,-1.016,-0.3287,756251903.3527584,24358454.48758457,-139219067.88089055,769345322.0052212
2017-06-30 20:45:09.235170120,0.5841,-0.2376,-0.6041,756252271.363189,24358463.57369916,-139219137.8859299,769345696.7081542
2017-06-30 20:45:09.423516988,0.745,0.246,-0.7305,756258195.5550197,24358609.849056516,-139220264.84031633,769351728.6391971
2017-06-30 20:45:09.623088002,1.2045,0.1196,-0.8087,756264472.8349078,24358764.846157823,-139221458.98545158,769358120.0839627
2017-06-30 20:45:09.823463976,0.508,-0.3988,-0.3233,756270775.454296,24358920.452420384,-139222657.96009398,769364537.3302066
2017-06-30 20:45:10.223462998,0.7209,0.3769,-0.6971,756283357.125906,24359231.14054837,-139225051.51568753,769377347.8449539
2017-06-30 20:45:10.234619970,0.5668,-0.8771,-0.3998,756283708.0602293,24359239.80630724,-139225118.27798238,769377705.1622887
2017-06-30 20:45:10.423461973,1.0045,0.3083,-0.8163,756289647.9819381,24359386.493233275,-139226248.32027936,769383753.1273394
2017-06-30 20:45:10.622794985,0.851,-0.5661,-0.5188,756295917.9263986,24359541.306774,-139227441.16204086,769390137.119875
2017-06-30 20:45:10.823759973,1.5224,-1.068,-1.0543,756302239.2655318,24359697.3446684,-139228643.81239697,769396573.4461136
2017-06-30 20:45:11.223453998,0.4552,0.3352,-0.3388,756314811.684842,24360007.737918273,-139231035.78645945,769409374.5705466
2017-06-30 20:45:11.234699840,0.565,0.5944,-0.4495,756315165.4241046,24360016.471257463,-139231103.0874032,769409734.7446975
2017-06-30 20:45:11.423224985,0.6182,-0.3459,-0.382,756321095.5263479,24360162.864545032,-139232231.33310187,769415772.7230165
2017-06-30 20:45:11.622747004,1.2901,-0.9112,-0.7055,756327371.5891758,24360317.760836158,-139233425.41866806,769422162.9575119
2017-06-30 20:45:11.823531985,0.7654,0.5204,-0.4714,756333687.4099488,24360473.658590917,-139234627.0817261,769428593.6762348
2017-06-30 20:45:12.223585009,0.5678,-0.3403,-0.4797,756346271.426106,24360784.22182466,-139237021.4060054,769441406.6308697
2017-06-30 20:45:12.234670040,0.5993,0.4122,-0.4063,756346620.1154804,24360792.827242266,-139237087.75015792,769441761.6638883
2017-06-30 20:45:12.423566997,1.8729,-1.3489,-1.3898,756352562.1018009,24360939.421659555,-139238218.35215977,769447811.756813
2017-06-30 20:45:12.622708022,0.2794,0.6428,-0.3775,756358826.3389713,24361093.991528075,-139239410.28279215,769454189.9666477
2017-06-30 20:45:12.823962986,2.3,-0.1382,-1.72,756365157.165971,24361250.19660241,-139240614.9357756,769460635.987013
2017-06-30 20:45:13.223502993,2.1652,-1.2092,-1.7032,756377725.7415452,24361560.108604368,-139243006.73655507,769473433.2866298
2017-06-30 20:45:13.242639780,0.0415,-0.3112,-0.0497,756378327.7392313,24361574.95236052,-139243121.29677066,769474046.2395225
2017-06-30 20:45:13.423461019,0.5238,0.6036,-0.4916,756384015.9613568,24361715.228993814,-139244203.7787838,769479837.979343
2017-06-30 20:45:13.622895002,1.688,0.1695,-1.1861,756390289.7649264,24361869.951674033,-139245397.73271862,769486225.9637626
2017-06-30 20:45:13.823466002,0.0653,-0.3576,0.1688,756396599.339457,24362025.542076487,-139246598.4868568,769492650.368389
2017-06-30 20:45:14.223470985,0.7221,0.5982,-0.6197,756409182.8357081,24362335.936569303,-139248993.28733212,769505462.892893
2017-06-30 20:45:14.234599700,1.6788,-1.0132,-1.293,756409532.9269135,24362344.572065864,-139249059.9142922,769505819.356016
2017-06-30 20:45:14.423658013,2.2574,0.0879,-1.2122,756415480.4734737,24362491.277896296,-139250191.83858457,769511875.1574041
2017-06-30 20:45:14.622820973,-0.4603,-0.1835,-0.2844,756421745.8817861,24362645.817471296,-139251384.27239907,769518254.6085936
2017-06-30 20:45:14.823459982,2.2849,-1.2101,-1.3165,756428057.8166659,24362801.45366587,-139252585.59665075,769524681.4380398
2017-06-30 20:45:15.223456025,1.926,0.2395,-0.9736,756440641.6647215,24363111.76994296,-139254980.7251133,769537494.3652855
2017-06-30 20:45:15.234670040,0.1602,0.6898,-0.3962,756440994.4568838,24363120.469844233,-139255047.87334365,769537853.5797669
2017-06-30 20:45:15.423704028,0.3091,-0.3037,-0.2487,756446941.4645551,24363267.112713378,-139256179.7959806,769543908.8491677
2017-06-30 20:45:15.623116016,2.3046,-0.8552,-1.3993,756453215.0556619,24363421.77229531,-139257373.91701764,769550296.6530299
2017-06-30 20:45:15.823481976,0.3296,0.8331,-0.4513,756459518.6723905,24363577.205203153,-139258573.7687583,769556715.0330164
2017-06-30 20:45:16.223185002,-0.0886,-0.4025,0.1171,756472093.5221553,24363887.20855497,-139260967.29220414,769569518.8148137
2017-06-30 20:45:16.235319730,2.5582,-0.1119,-1.568,756472475.286921,24363896.620041803,-139261039.95827463,769569907.5298446
2017-06-30 20:45:16.423467993,2.4609,-1.3585,-1.9493,756478394.6148762,24364042.496515848,-139262166.71054274,769575934.6307467
2017-06-30 20:45:16.622768998,-0.0428,0.7831,-0.277,756484664.8172777,24364197.05112003,-139263360.26357362,769582318.9974914
2017-06-30 20:45:16.823459029,2.6284,-0.4607,-1.684,756490978.8256435,24364352.664335325,-139264562.20288384,769588747.975757
2017-06-30 20:45:17.223448991,2.054,-1.0006,-2.0278,756503563.4363748,24364662.652807117,-139266958.0805806,769601561.7779998
2017-06-30 20:45:17.229359860,-0.0497,-0.4672,0.0633,756503749.4060036,24364667.233658873,-139266993.4857649,769601751.1345154
2017-06-30 20:45:17.423539996,0.2054,0.7552,-0.3404,756509858.770564,24364817.749383666,-139268156.60735804,769607971.7660356
2017-06-30 20:45:49.723128020,2.4236,-0.1476,-1.7534,757528608.3596691,24389700.28908116,-139463457.49978307,770645512.5032015
2017-06-30 20:45:49.923076987,0.6767,0.8096,-0.6106,757534914.9045594,24389854.355552882,-139464666.5244972,770651935.3792166
2017-06-30 20:45:50.123081982,1.3908,0.3167,-0.9589,757541223.2722509,24390008.477864437,-139465875.92635188,770658360.1170322
2017-06-30 20:45:50.323514997,0.1502,-0.3134,-0.0572,757547545.1461769,24390162.91741457,-139467087.91868073,770664798.6100404
2017-06-30 20:45:50.522306978,2.183,-1.1286,-1.4333,757553815.3463854,24390316.047899302,-139468290.0445323,770671184.4818953
2017-06-30 20:45:50.723070979,0.3067,0.6812,-0.4039,757560147.7594537,24390470.72489775,-139469504.11177343,770677633.7176857
2017-06-30 20:45:50.923197984,2.4379,-0.2982,-1.2546,757566460.1783038,24390624.899184633,-139470714.37719736,770684062.5956554
2017-06-30 20:45:51.123160004,-0.1638,-0.3195,0.1036,757572767.3866371,24390778.93359486,-139471923.64073426,770690486.1660627
2017-06-30 20:45:51.323077023,2.0416,-1.2795,-1.2662,757579073.2571436,24390932.882202454,-139473132.68273512,770696908.3786132
2017-06-30 20:45:51.522324979,0.2902,0.92,-0.366,757585358.0352917,24391086.35211346,-139474337.6929609,770703309.1130383
2017-06-30 20:45:51.723070979,2.5861,-0.6709,-1.6003,757591690.169706,24391240.94885007,-139475551.82753584,770709758.0845933
2017-06-30 20:45:51.923074007,-0.2914,-0.3557,0.1841,757597998.8568858,24391394.959187213,-139476761.46116766,770716183.1749145
2017-06-30 20:45:52.123072981,1.8686,-1.1351,-1.7845,757604307.4909337,24391548.92099908,-139477971.14165986,770722608.219959
2017-06-30 20:45:52.323212027,0.3338,0.636,-0.4026,757610620.5566897,24391703.01611558,-139479181.6854946,770729037.7817447
2017-06-30 20:45:52.522258996,2.2903,-0.1359,-1.7477,757616899.2653664,24391856.265013672,-139480385.6931296,770735432.3616021
2017-06-30 20:45:52.723057985,-0.1005,-0.5005,-0.0071,757623233.2354553,24392010.842634894,-139481600.29877797,770741883.2222629
2017-06-30 20:45:52.923206984,2.5197,-1.0243,-1.4722,757629546.8033053,24392164.87885246,-139482811.03170142,770748313.3099704
2017-06-30 20:45:53.123058974,0.7202,0.4975,-0.5418,757635851.0309682,24392318.706360158,-139484019.98961043,770754733.8886437
2017-06-30 20:45:53.323342025,1.3183,0.3234,-1.0248,757642168.9091088,24392472.878631234,-139485231.59623033,770761168.3757085
2017-06-30 20:45:53.522319972,0.1372,-0.3765,0.0037,757648445.6235061,24392626.031363413,-139486435.30751422,770767560.9385867
2017-06-30 20:45:53.723052978,2.3456,-1.111,-1.5184,757654777.7953562,24392780.490192924,-139487649.69715834,770774009.9887972
2017-06-30 20:45:53.923059999,0.6724,0.6334,-0.4968,757661087.0927294,24392934.415733628,-139488859.7146295,770780435.745767
2017-06-30 20:45:54.123143017,1.1374,0.2641,-0.7271,757667398.8329908,24393088.41033445,-139490070.22098115,770786863.9947095
2017-06-30 20:45:54.323069989,0.275,-0.6427,-0.0193,757673705.6616782,24393242.259144686,-139491279.78402275,770793287.2403582
2017-06-30 20:45:54.522302985,1.0816,-0.8565,-0.6942,757679990.6413661,24393395.53992529,-139492485.1760481,770799688.2360928
2017-06-30 20:45:54.723069012,0.5823,0.6237,-0.4447,757686324.005333,24393550.0252895,-139493699.86108482,770806138.512457
2017-06-30 20:45:54.923059999,2.374,-0.5098,-1.493,757692633.0148437,24393703.89388607,-139494909.91664892,770812563.9915862
2017-06-30 20:45:55.123090982,0.4515,-0.3547,-0.1233,757698943.3041526,24393857.779062275,-139496120.21914437,770818990.7739484
2017-06-30 20:45:55.323176026,1.2585,-1.127,-0.8669,757705255.3492829,24394011.660709623,-139497330.88344547,770825419.3476174
2017-06-30 20:45:55.522581994,0.6194,0.4724,-0.5499,757711545.9963597,24394165.0388763,-139498537.46069393,770831826.1318808
2017-06-30 20:45:55.723333001,2.2503,-0.0037,-1.6249,757717879.1659836,24394319.451464783,-139499752.24206778,770838276.2323719
2017-06-30 20:45:55.923250019,0.0306,-0.3789,0.0399,757724186.026657,24394473.20742663,-139500961.9752257,770844699.5373589
2017-06-30 20:45:56.123048007,1.9213,-1.1832,-1.5102,757730489.2089411,24394626.824610192,-139502171.04839808,770851119.102742
2017-06-30 20:45:56.323131024,0.3671,0.7154,-0.4337,757736801.3979526,24394780.689581633,-139503381.86377966,770857547.8446873
2017-06-30 20:45:56.522723019,1.8084,0.032,-1.4008,757743098.1683168,24394934.17822916,-139504589.76351333,770863960.8908732
2017-06-30 20:45:56.721957027,-0.2877,-0.5549,0.3046,757749383.6334116,24395087.36955407,-139505795.48467445,770870362.4205533
2017-06-30 20:45:56.922825992,1.6845,-0.8465,-1.6778,757755720.7463479,24395241.783844974,-139507011.16793847,770876816.5605453
2017-06-30 20:45:57.122825980,-0.0109,0.6555,-0.1799,757762030.4439342,24395395.556345925,-139508221.5992446,770883242.7810637
2017-06-30 20:45:57.323069989,2.1803,-0.5243,-1.5871,757768347.9274395,24395549.49544228,-139509433.5710431,770889676.9390409
2017-06-30 20:45:57.522108018,-0.1961,-0.4164,0.2136,757774627.3558017,24395702.490936227,-139510638.23521617,770896072.3372818
2017-06-30 20:45:57.722901999,1.3884,-0.6344,-1.487,757780962.2384737,24395856.810608145,-139511853.58712283,770902524.2220352
2017-06-30 20:45:57.923076987,-0.0738,0.5974,-0.2451,757787277.5894755,24396010.678492498,-139513065.2022527,770908956.2170243
2017-06-30 20:45:58.123125016,2.6875,-0.4387,-1.7625,757793589.0425802,24396164.43123124,-139514276.11946154,770915384.2505207
2017-06-30 20:45:58.322425007,-0.3961,-0.4674,0.3244,757799876.8795854,24396317.590478238,-139515482.49581197,770921788.229344
2017-06-30 20:45:58.522230982,1.7476,-0.7814,-1.5902,757806180.749957,24396471.107371457,-139516691.9984025,770928208.5457156
2017-06-30 20:45:58.723056972,0.211,0.6721,-0.3065,757812516.8102701,24396625.435079157,-139517907.68789852,770934661.649445
2017-06-30 20:45:58.923201978,1.9112,-0.3388,-1.6058,757818831.4620957,24396779.225902952,-139519119.31941912,770941092.9577175
2017-06-30 20:45:59.123090028,-0.4599,-0.7968,0.4782,757825137.9884855,24396932.787446197,-139520329.376281,770947515.9866384
2017-06-30 20:45:59.323128998,1.8629,-0.857,-1.7728,757831449.3509903,24397086.430638522,-139521540.41770282,770953943.9501269
2017-06-30 20:45:59.522526025,0.4206,0.5903,-0.4649,757837740.4764894,24397239.6042459,-139522747.59126812,770960351.3062359
2017-06-30 20:45:59.723069012,2.568,-0.6964,-1.9435,757844067.8611631,24397393.630153965,-139523961.7807757,770966795.6010189
2017-06-30 20:45:59.923075020,0.0003,-0.3305,0.0283,757850378.3034828,24397547.23041755,-139525172.7180065,770973222.6397892
2017-06-30 20:46:00.123082995,1.2806,-0.5549,-1.3767,757856688.8590918,24397700.809993975,-139526383.7222189,770979649.801394
2017-06-30 20:46:00.323055982,0.075,0.4956,-0.4289,757862998.3137754,24397854.382522907,-139527594.53173804,770986075.8453614
2017-06-30 20:46:26.174241006,2.182,-0.692,-1.5199,758680101.076127,24417244.77087999,-139685135.70188528,771818394.9266417
2017-06-30 20:46:26.374018013,1.4632,-0.8095,-1.0044,758686415.6746172,24417394.586780157,-139686353.2143399,771824827.1220134
2017-06-30 20:46:26.574256002,0.4051,0.5696,-0.4752,758692744.860177,24417544.771216184,-139687573.55523682,771831274.1797093
2017-06-30 20:46:26.774388015,3.2642,-0.4511,-2.0653,758699070.8267545,24417694.858099237,-139688793.33298913,771837717.9682205
2017-06-30 20:46:26.973333001,-0.5687,-0.2505,0.1882,758705359.2501237,24417844.0448694,-139690005.86852244,771844123.5134246
2017-06-30 20:46:27.174212992,1.1173,-1.0195,-0.6676,758711708.8818731,24417994.641539983,-139691230.2245185,771850591.408989
2017-06-30 20:46:27.374248981,0.0879,0.8297,-0.2832,758718031.8390129,24418144.638675064,-139692449.4476862,771857032.1361042
2017-06-30 20:46:27.574257016,3.1178,-0.4352,-1.973,758724354.0372739,24418294.597439416,-139693668.57940006,771863472.099501
2017-06-30 20:46:27.773739993,-0.1023,-0.343,-0.0807,758730659.634527,24418444.148885183,-139694884.51387954,771869895.1529609
2017-06-30 20:46:27.973538994,0.7034,-0.7935,-0.478,758736975.2492837,24418593.905576415,-139696102.3937427,771876328.4119811
2017-06-30 20:46:28.174425005,0.6713,0.6458,-0.3977,758743325.2513446,24418744.503082957,-139697326.91555208,771882796.7016269
2017-06-30 20:46:28.374229013,1.7815,0.6116,-1.0528,758749641.1224366,24418894.31386421,-139698544.88392785,771889230.2303646
2017-06-30 20:46:28.574288010,0.2315,-0.4862,-0.2333,758755965.0630813,24419044.296373848,-139699764.41600704,771895671.9797332
2017-06-30 20:46:28.774218022,1.5673,-1.0348,-0.9155,758762284.9891093,24419194.140821505,-139700983.19840583,771902109.6427854
2017-06-30 20:46:28.973523974,0.1774,0.6092,-0.4192,758768585.1952157,24419343.541745026,-139702198.19315845,771908527.2220794
2017-06-30 20:46:29.174944996,3.0105,-0.3275,-1.8396,758774952.3823605,24419494.514850747,-139703426.15628353,771915013.0390122
2017-06-30 20:46:29.374220013,-0.2523,-0.4084,0.1055,758781251.721406,24419643.863222174,-139704641.03210112,771921429.7428324
2017-06-30 20:46:29.574202001,2.3092,-1.0576,-1.7748,758787573.5010636,24419793.699142702,-139705860.28893128,771927869.3135849
2017-06-30 20:46:29.774578988,0.2379,0.6679,-0.3461,758793907.7768809,24419943.857831888,-139707081.96790072,771934321.6163633
2017-06-30 20:46:29.973662972,2.1339,0.4696,-1.3639,758800201.263131,24420093.066181637,-139708295.81761423,771940732.3769041
2017-06-30 20:46:30.174223005,0.1106,-0.4152,-0.1517,758806541.4150124,24420243.364091188,-139709518.6731575,771947190.6730794
2017-06-30 20:46:30.374386012,2.0049,-1.4286,-1.2864,758812869.0963392,24420393.30723579,-139710739.159492,771953636.2709808
2017-06-30 20:46:30.574322998,0.7811,0.2807,-0.663,758819189.6637697,24420543.092287812,-139711958.2941753,771960074.6264639
2017-06-30 20:46:30.774285972,1.051,0.4752,-0.7988,758825511.094778,24420692.915810004,-139713177.61926305,771966513.866509
2017-06-30 20:46:30.973757028,0.6991,-0.3462,-0.6852,758831817.0025951,24420842.356984675,-139714393.97201893,771972937.2975799
2017-06-30 20:46:31.174638986,1.1162,-1.1898,-1.1894,758838167.5585071,24420992.80717649,-139715618.97629791,771979406.2144217
2017-06-30 20:46:31.374234974,0.6486,0.5239,-0.4777,758844477.4864115,24421142.315114737,-139716836.15759566,771985833.7492265
2017-06-30 20:46:31.574283003,0.903,0.4794,-0.5936,758850801.7410517,24421292.180840783,-139718056.11929667,771992275.8814195
2017-06-30 20:46:31.774420022,0.1899,-0.4761,-0.1481,758857128.8165997,24421442.09416347,-139719276.62962142,771998720.8873061
2017-06-30 20:46:31.973528027,1.1173,-0.7366,-0.6504,758863423.4054823,24421591.207497913,-139720490.89041874,772005132.803179
2017-06-30 20:46:32.174443006,0.7137,0.574,-0.5864,758869775.1487455,24421741.697257992,-139721716.1947238,772011602.9427499
2017-06-30 20:46:32.374269008,1.054,0.0979,-0.8095,758876092.5070838,24421891.375259418,-139722934.8900946,772018038.0609423
2017-06-30 20:46:32.574325978,0.0069,-0.3546,-0.021,758882417.1675888,24422041.212073416,-139724154.99492952,772024480.6171198
2017-06-30 20:46:32.774323999,2.1644,-1.5149,-1.7604,758888740.051037,24422190.944141537,-139725374.81066167,772030921.3708622
2017-06-30 20:46:32.973556995,0.4814,0.5965,-0.453,758895038.7675349,24422340.12713746,-139726589.97838128,772037337.5104668
2017-06-30 20:46:33.174225986,1.1581,-0.0632,-0.9714,758901382.9293991,24422490.382842243,-139727813.94368,772043799.9479914
2017-06-30 20:46:33.374228000,0.2084,-0.3807,-0.3536,758907706.0130829,24422640.123903744,-139729033.85494733,772050240.9161586
2017-06-30 20:46:33.574240982,1.6012,-1.1875,-0.9519,758914029.5075773,24422789.825670794,-139730253.87119487,772056682.3059077
2017-06-30 20:46:33.774366021,0.3558,0.8,-0.4313,758920356.5590507,24422939.64334808,-139731474.58822843,772063127.3225914
2017-06-30 20:46:33.973756015,1.1915,0.3304,-1.0186,758926660.4190848,24423088.923891224,-139732690.8621512,772069548.7215039
2017-06-30 20:46:34.174220979,0.1704,-0.2886,-0.4988,758932998.271927,24423238.997651868,-139733913.71340868,772076004.7500631
2017-06-30 20:46:34.374282002,0.7494,-0.6583,-0.6426,758939323.3838605,24423388.742662746,-139735134.12631556,772082447.8029057
2017-06-30 20:46:34.574226975,0.7971,0.8851,-0.6096,758945644.8586336,24423538.436195105,-139736353.85566443,772088887.1551688
2017-06-30 20:46:34.774369001,1.083,0.4746,-0.9455,758951972.6068304,24423688.296266824,-139737574.82497442,772095332.9037532
2017-06-30 20:46:34.973544001,0.4219,-0.3074,-0.5591,758958269.7979903,24423837.420065038,-139738789.91710824,772101747.5285097
2017-06-30 20:46:35.174376010,0.718,-0.7597,-0.3449,758964619.4067249,24423987.75383681,-139740015.13194486,772108215.5488768
2017-06-30 20:46:35.374221980,0.5088,0.3142,-0.7409,758970937.8606608,24424137.36205297,-139741234.36084864,772114651.8384851
2017-06-30 20:46:35.574250996,0.9776,0.4864,-0.8498,758977262.1410077,24424287.126762237,-139742454.7404892,772121094.0685457
2017-06-30 20:46:35.774215996,0.457,-0.6503,-0.6212,758983584.4156462,24424436.817538872,-139743674.75440663,772127534.2585198
2017-06-30 20:46:35.973321020,0.0267,-0.5955,0.2867,758989879.5015627,24424585.84094318,-139744889.51012683,772133946.7498472
2017-06-30 20:46:36.173785984,1.1917,-0.4746,-1.2041,758996217.6324717,24424735.8631444,-139746112.61133823,772140403.0954238
2017-06-30 20:46:36.374221026,0.3396,0.52,-0.3374,759002554.8309754,24424885.883843444,-139747335.54354066,772146858.4938396
2017-06-30 20:46:36.574277997,0.6049,-1.0957,-0.8323,759008880.1001356,24425035.57771267,-139748556.20229575,772153301.7441943
2017-06-30 20:46:36.773496985,0.1619,-0.7971,0.0788,759015178.8809283,24425184.612920452,-139749771.74492344,772159718.0103227
2017-06-30 20:47:10.757100999,0.7859,-0.084,-0.8941,760090558.745036,24450510.648498617,-139958156.64776543,773255307.4997635
2017-06-30 20:47:10.957197010,0.0073,-0.487,0.2077,760096890.5993903,24450659.7491077,-139959383.6131334,773261758.3473246
2017-06-30 20:47:11.157105028,1.0438,-0.9575,-1.5062,760103216.5465925,24450808.671369895,-139960609.48594287,773268203.1849211
2017-06-30 20:47:11.357613027,0.1433,0.5192,-0.2627,760109561.4855283,24450958.061463926,-139961839.04850784,773274667.3735576
2017-06-30 20:47:11.556502997,2.2371,-0.7552,-1.7083,760115855.311533,24451106.216158852,-139963058.75651115,773281079.496748
2017-06-30 20:47:11.757125020,0.0264,-0.331,0.0506,760122203.9490073,24451255.647751126,-139964289.0844258,773287547.4608114
2017-06-30 20:47:11.957166016,1.7686,-1.4685,-1.5737,760128534.2707896,24451404.58780634,-139965515.9121275,773293996.7719415
2017-06-30 20:47:12.157096982,0.0618,0.546,-0.2482,760134861.1131295,24451553.4677639,-139966742.07494938,773300442.5406331
2017-06-30 20:47:12.357246994,2.1638,-0.8482,-1.6042,760141194.9738914,24451702.476856645,-139967969.64542958,773306895.4671335
2017-06-30 20:47:12.556450009,-0.044,-0.3013,0.0971,760147498.8646495,24451850.768966243,-139969191.40388533,773313317.8592411
2017-06-30 20:47:12.756330013,1.3457,-1.1965,-1.2095,760153824.2328665,24451999.517242167,-139970417.36279416,773319762.1378609
2017-06-30 20:47:12.957222998,0.8192,0.2275,-0.8905,760160181.6907672,24452149.028547715,-139971649.57073492,773326239.1150368
2017-06-30 20:47:13.157229006,1.2124,-0.0107,-1.0455,760166511.1278992,24452297.87930717,-139972876.3800887,773332687.5504853
2017-06-30 20:47:13.356624007,0.4068,-0.3839,-0.2297,760172821.2451339,24452446.260072768,-139974099.45074204,773339116.3034068
2017-06-30 20:47:13.556358993,0.5147,-0.9805,-0.3019,760179142.1421748,24452594.854723737,-139975324.61887622,773345556.0390204
2017-06-30 20:47:13.757099986,0.2921,0.512,-0.4599,760185494.8875054,24452744.218434755,-139976555.97635832,773352028.2252944
2017-06-30 20:47:13.957074999,1.8794,-0.1845,-1.2748,760191823.4674244,24452893.004831135,-139977782.6862517,773358475.798121
2017-06-30 20:47:14.157202005,0.3286,-0.3777,-0.2617,760198156.8706043,24453041.889186904,-139979010.33899945,773364928.2858539
2017-06-30 20:47:14.357221007,1.1332,-0.9366,-0.895,760204486.9011269,24453190.655722048,-139980237.36501768,773371377.3411952
2017-06-30 20:47:14.556333005,0.6213,0.0669,-0.7913,760210788.2521935,24453338.750314362,-139981458.85834858,773377797.1827033
2017-06-30 20:47:14.757080972,0.9511,0.2046,-0.6843,760217141.4155409,24453488.06994539,-139982690.41544348,773384269.8146565
2017-06-30 20:47:14.957081019,0.7168,-0.472,-0.6707,760223470.9377918,24453636.814381246,-139983917.41099524,773390718.3641924
2017-06-30 20:47:15.157077014,0.188,-0.7797,-0.0671,760229800.3393264,24453785.52461679,-139985144.38437197,773397166.7899809
2017-06-30 20:47:15.357074975,0.9365,-0.0107,-0.9318,760236129.8405393,24453934.23588619,-139986371.4070813,773403615.3227212
2017-06-30 20:47:15.556383013,0.2975,0.4161,-0.272,760242437.5190052,24454082.450682767,-139987594.2077964,773410041.6243831
2017-06-30 20:47:15.757449984,1.2798,-0.5743,-1.0106,760248800.9157254,24454231.950286586,-139988827.84082702,773416524.6969613
2017-06-30 20:47:15.957113027,-0.0869,-0.6887,0.2393,760255119.8772638,24454380.37857062,-139990052.85061097,773422962.4962071
2017-06-30 20:47:16.157149970,1.0122,-0.2273,-1.0546,760261450.7125403,24454529.075714264,-139991280.19661522,773429412.3984027
2017-06-30 20:47:16.357164025,0.3333,0.3848,-0.2277,760267780.8367836,24454677.771238312,-139992507.41129723,773435861.5778589
2017-06-30 20:47:16.556501984,1.6956,-0.6535,-1.2241,760274089.631048,24454825.93816821,-139993730.52633643,773442289.031745
2017-06-30 20:47:16.757331013,-0.2258,-0.3403,0.2133,760280445.6066848,24454975.199678063,-139994962.78180864,773448764.5527635
2017-06-30 20:47:16.957186996,1.4068,-0.8882,-1.5139,760286770.8428817,24455123.702517234,-139996189.1272918,773455208.7640023
2017-06-30 20:47:17.157135009,0.0963,0.5225,-0.2823,760293098.9955833,24455272.294628363,-139997416.0487706,773461655.9491781
2017-06-30 20:47:17.357079029,1.9969,-0.8939,-1.4736,760299427.1017418,24455420.84803609,-139998643.00465855,773468103.0936164
2017-06-30 20:47:17.556366026,-0.1169,-0.3932,0.1796,760305734.4088807,24455568.8976761,-139999865.92159393,773474529.0461739
2017-06-30 20:47:17.756883025,0.964,-0.4902,-1.3905,760312080.683563,24455717.841370955,-140001096.44229686,773480994.7074013
2017-06-30 20:47:17.956458985,0.0635,0.5689,-0.2044,760318397.1773047,24455866.10872321,-140002321.19622943,773487430.029555
2017-06-30 20:47:18.157127976,1.3578,-0.8948,-1.042,760324748.3196858,24456015.152069334,-140003552.699813,773493900.6566769
2017-06-30 20:47:18.357084989,-0.051,-0.5311,0.225,760331076.9260348,24456163.645371515,-140004779.82499862,773500348.321576
2017-06-30 20:47:18.556330025,0.936,-0.4492,-1.308,760337383.0355874,24456311.59210837,-140006002.6327463,773506773.0739638
2017-06-30 20:47:18.757129013,0.2115,0.5003,-0.2146,760343738.3362811,24456460.71288371,-140007234.98606962,773513247.9448794
2017-06-30 20:47:18.957260012,1.708,-0.9987,-1.4293,760350072.56349,24456609.2975853,-140008463.29702523,773519701.3524826
2017-06-30 20:47:19.157083988,0.0444,-0.3928,0.1054,760356397.0750695,24456757.638657235,-140009689.71940795,773526144.8603413
2017-06-30 20:47:19.357214987,1.6665,-1.2234,-1.5715,760362731.3708016,24456906.158650246,-140010918.08909088,773532598.3439023
2017-06-30 20:47:19.556326985,0.2713,0.4885,-0.4922,760369033.425146,24457053.941795334,-140012140.22383434,773539018.9831805
2017-06-30 20:47:19.756690979,1.8886,-0.7954,-1.5242,760375375.1819866,24457202.622253902,-140013370.10442692,773545480.0793889
2017-06-30 20:47:19.957342982,0.2362,-0.4403,-0.1327,760381726.0641615,24457351.49870304,-140014601.75822812,773551950.4727268
2017-06-30 20:47:20.156647980,1.3978,-0.8945,-1.2313,760388034.3674991,24457499.340191964,-140015825.19267514,773558377.4917251
2017-06-30 20:47:20.357092022,0.5154,0.3447,-0.6556,760394378.7440023,24457648.040456112,-140017055.6454884,773564841.2672204
2017-06-30 20:47:20.556334972,1.3147,0.1078,-1.1265,760400685.1562015,24457795.853964474,-140018278.7699558,773571266.3703041
2017-06-30 20:47:20.757071971,0.4187,-0.3652,-0.3852,760407038.8747188,24457944.761155665,-140019511.08170182,773577739.6717906
2017-06-30 20:47:20.957216024,0.5322,-0.949,-0.3859,760413373.8466545,24458093.190483376,-140020739.76884803,773584193.874708
2017-06-30 20:47:21.157072007,0.8203,0.2617,-0.7641,760419699.7333456,24458241.416627713,-140021966.71804848,773590638.8260757
2017-06-30 20:47:21.357201993,0.6811,0.0984,-0.8193,760426034.3201209,24458389.84993154,-140023195.38221365,773597092.646374
2017-06-30 20:47:34.707750976,0.8355,-0.4419,-0.6964,760848759.6473327,24468212.98186011,-140105282.94167936,774027789.431089
2017-06-30 20:47:34.907688975,1.7284,-0.6317,-1.2844,760855090.4565442,24468360.067962084,-140106512.33740503,774034239.6285857
2017-06-30 20:47:35.107689023,-0.204,-0.5363,0.2113,760861423.2223067,24468507.17825893,-140107742.10621083,774040691.8176248
2017-06-30 20:47:35.307717978,1.3562,-0.6699,-1.6032,760867756.957639,24468654.283014596,-140108972.1169078,774047145.0033433
2017-06-30 20:47:35.507023990,0.0371,0.3581,-0.2272,760874067.803111,24468800.870330233,-140110197.6911353,774053574.8695525
2017-06-30 20:47:35.707687020,2.1488,-0.6476,-1.5464,760880421.7038593,24468948.429641213,-140111431.67221624,774060048.6103991
2017-06-30 20:47:35.907694995,-0.1862,-0.5337,0.2493,760886754.8551496,24469095.48590208,-140112661.61505133,774066501.2082312
2017-06-30 20:47:36.107904016,1.6223,-1.2189,-1.6017,760893094.4374875,24469242.64112445,-140113892.85841456,774072960.3661562
2017-06-30 20:47:36.308116972,0.305,0.5781,-0.3982,760899434.1566525,24469389.822412346,-140115124.14193913,774079419.6666813
2017-06-30 20:47:36.507408022,2.3217,-0.3704,-1.5997,760905744.7759856,24469536.31127415,-140116349.81939742,774085849.3262216
2017-06-30 20:47:36.707681000,0.2472,-0.2851,-0.0003,760912086.4983201,24469683.51046686,-140117581.5359097,774092310.6747681
2017-06-30 20:47:36.907700002,1.0942,-1.1486,-0.9243,760918420.2221813,24469830.477036312,-140118811.7274008,774098763.8776423
2017-06-30 20:47:37.107783973,0.464,0.5575,-0.5135,760924756.0219011,24469977.513661314,-140120042.33903274,774105219.1993033
2017-06-30 20:47:37.307811975,1.1531,0.0874,-0.9346,760931090.0954602,24470124.512653098,-140121272.64382318,774111672.7674727
2017-06-30 20:47:37.507228970,0.5797,-0.2808,-0.3931,760937404.8439647,24470271.05145407,-140122499.20614803,774118106.6476718
2017-06-30 20:47:37.707665026,0.1213,-0.6997,0.0225,760943751.8669789,24470418.31098765,-140123732.03554943,774124573.410042
2017-06-30 20:47:37.907682001,0.7278,-0.1984,-1.263,760950085.6484599,24470565.25468682,-140124962.33782253,774131026.6889311
2017-06-30 20:47:38.107744991,0.1048,0.5677,-0.2482,760956420.8912567,24470712.2549135,-140126192.93306765,774137481.4590813
2017-06-30 20:47:38.307642996,1.565,-0.5208,-1.1591,760962750.972135,24470859.113103442,-140127422.55980033,774143930.9754134
2017-06-30 20:47:38.507026970,0.1344,-0.8162,0.1006,760969064.7807659,24471005.561205294,-140128649.02058995,774150363.9105428
2017-06-30 20:47:38.707687020,0.9283,-0.1448,-1.1698,760975419.0357375,24471152.94075834,-140129883.3779442,774156838.0621479
2017-06-30 20:47:38.907670021,0.14,0.4851,-0.2237,760981751.8563555,24471299.842437323,-140131113.57938793,774163290.3770015
2017-06-30 20:47:39.107814013,1.4385,-0.7805,-1.1151,760988089.8326654,24471446.83111063,-140132344.8158409,774169747.9498683
2017-06-30 20:47:39.307998001,-0.0863,-0.365,0.1472,760994429.0720736,24471593.83453071,-140133576.29244056,774176206.808271
2017-06-30 20:47:39.506995022,0.9152,-0.6107,-1.3209,761000730.7599621,24471739.942127995,-140134800.51945448,774182627.4139835
2017-06-30 20:47:39.707898974,0.2317,0.5253,-0.3618,761007092.8444582,24471887.47103457,-140136036.49248555,774189109.5590225
2017-06-30 20:47:39.907880008,2.2049,-0.3259,-1.28,761013425.7908181,24472034.309185345,-140137266.83886063,774195562.0217497
2017-06-30 20:47:40.107752978,0.2507,-0.2345,0.004,761019755.3250511,24472181.058620915,-140138496.5202321,774202011.0072807
2017-06-30 20:47:40.307775020,1.923,-1.2932,-1.6491,761026089.657001,24472327.86576776,-140139727.18471995,774208464.8886262
2017-06-30 20:47:40.507004976,0.6924,0.3529,-0.476,761032398.9325204,24472474.105566755,-140140952.994678,774214893.2435303
2017-06-30 20:47:40.707693994,1.557,0.3928,-1.0077,761038754.4767737,24472621.432174407,-140142187.8224502,774221368.7460353
2017-06-30 20:47:40.907890975,0.4582,-0.3522,-0.1804,761045094.4572585,24472768.38345997,-140143419.62997776,774227828.3912249
2017-06-30 20:47:41.107686996,1.8078,-0.9266,-1.2659,761051421.812021,24472915.003439035,-140144649.02094024,774234275.1777829
2017-06-30 20:47:41.307682991,0.6136,0.2837,-0.6088,761057755.5243179,24473061.781516235,-140145879.66673985,774240728.4457713
2017-06-30 20:47:41.506990015,1.1027,0.1716,-0.6439,761064067.4612601,24473208.060770635,-140147106.09863606,774247159.5306537
2017-06-30 20:47:41.707728981,1.0072,-0.3937,-0.6381,761070424.7875546,24473355.37511893,-140148341.36767247,774253636.8643905
2017-06-30 20:47:41.907697975,0.1525,-0.9591,0.2387,761076757.7352285,24473502.086063273,-140149571.8890575,774260089.3561609
2017-06-30 20:47:42.107676982,0.9476,-0.2196,-1.1682,761083091.0379066,24473648.795571685,-140150802.5187763,774266542.2164648
2017-06-30 20:47:42.307772994,0.2938,0.4384,-0.2248,761089428.0578774,24473795.60847068,-140152033.87752047,774272998.8660058
2017-06-30 20:47:42.507048010,1.6243,-0.894,-1.2436,761095739.1414918,24473941.783493616,-140153260.23337105,774279429.0950772
2017-06-30 20:47:42.707803010,0.0436,-0.334,0.0941,761102097.0982822,24474089.030674253,-140154495.69337994,774285907.0810665
2017-06-30 20:47:42.907678008,1.7883,-1.2228,-1.7046,761108427.2566506,24474235.583551526,-140155725.8058951,774292356.7520659
2017-06-30 20:47:43.107676982,0.0655,0.5391,-0.1452,761114761.3440316,24474382.24889459,-140156956.6872172,774298810.4279056
2017-06-30 20:47:43.307716012,2.485,-0.6088,-1.6519,761121096.7994488,24474528.919250436,-140158187.8811633,774305265.5052443
2017-06-30 20:47:43.506985008,0.0724,-0.3878,0.1019,761127407.8699199,24474675.009611845,-140159414.33168203,774311695.7359029
2017-06-30 20:47:43.707937002,1.956,-1.1753,-1.5113,761133772.3217939,24474822.286371347,-140160651.20165873,774318180.3625864
2017-06-30 20:47:43.907676994,0.2556,0.5083,-0.4264,761140098.3979392,24474968.695139524,-140161880.62871176,774324625.8922868
2017-06-30 20:47:44.108242988,1.6175,0.0904,-1.0664,761146450.699919,24475115.71300099,-140163115.1828182,774331098.1485897
2017-06-30 20:47:44.307528972,0.746,-0.2889,-0.3537,761152762.4912037,24475261.781122424,-140164341.87206087,774337529.1303355
2017-06-30 20:47:44.506977021,0.6452,-1.0316,-0.419,761159079.4410814,24475407.926994026,-140165569.57554954,774343965.3688956
2017-06-30 20:47:44.708262026,0.7225,0.2318,-0.6635,761165454.6005901,24475555.428289555,-140166808.61331245,774350460.9204332
2017-06-30 20:47:44.907644987,1.1751,0.1952,-0.9681,761171769.5647008,24475701.5435305,-140168035.98126516,774356895.145353
2017-06-30 20:47:45.107689023,0.4177,-0.4457,-0.262,761178105.483449,24475848.125395916,-140169267.4291689,774363350.7213908
2017-06-30 20:47:45.307891011,0.801,-1.026,-0.4106,761184446.4370556,24475994.781877406,-140170499.86586407,774369811.427909
2017-06-30 20:48:21.255973994,0.282,-0.5046,-0.2511,762323386.5947117,24501676.206700865,-140392119.54160514,775530286.3947691
2017-06-30 20:48:21.455980002,1.1235,-0.1179,-1.1077,762329723.4135622,24501819.08691286,-140393352.62153164,775536743.0358666
2017-06-30 20:48:21.560690160,0.7847,0.0264,-1.1453,762333040.969022,24501893.890003104,-140393998.19466597,775540123.324614
2017-06-30 20:48:21.656311988,0.1412,0.652,-0.2223,762336070.5781717,24501962.206512257,-140394587.73723975,775543210.2226452
2017-06-30 20:48:21.855053007,0.9833,-0.8033,-1.0295,762342367.376047,24502104.16425316,-140395813.0869595,775549626.0958033
2017-06-30 20:48:22.255963027,1.507,-1.0141,-1.748,762355069.8242561,24502390.365296178,-140398285.20278248,775562568.7900633
2017-06-30 20:48:22.455965995,0.1427,0.8,-0.1467,762361406.731553,24502533.175115574,-140399518.4791532,775569025.5514903
2017-06-30 20:48:22.559520120,-0.3145,-0.4814,0.2074,762364687.7439418,24502607.111585453,-140400157.0217304,775572368.6194018
2017-06-30 20:48:22.656023025,1.8034,-0.9815,-1.7033,762367745.3620331,24502676.00442376,-140400752.10045174,775575484.0698228
2017-06-30 20:48:22.855147004,-0.2741,-0.4393,0.2177,762374054.4366853,24502818.1404057,-140401979.97654325,775581912.4737151
2017-06-30 20:48:23.255972027,0.3857,0.6453,-0.3095,762386754.3000786,24503104.355569564,-140404451.66963834,775594852.5512017
2017-06-30 20:48:23.456009984,3.2842,0.2105,-1.7703,762393092.4956931,24503247.20411839,-140405685.2773292,775601310.64026
2017-06-30 20:48:23.559449790,2.6631,-0.9336,-1.8427,762396370.0107937,24503321.061241083,-140406323.19668305,775604650.1551398
2017-06-30 20:48:23.655982017,0.243,-0.5004,-0.2278,762399428.6598588,24503389.98161587,-140406918.51871458,775607766.6639183
2017-06-30 20:48:23.855978012,0.2657,-0.69,-0.4128,762405765.5963207,24503532.74362579,-140408151.92666152,775614223.4763944
2017-06-30 20:48:24.256061017,0.2464,0.5719,-0.1693,762418442.3925241,24503818.424156334,-140410619.33095902,775627140.0863369
2017-06-30 20:48:24.455953001,0.9244,-0.8537,-0.9113,762424776.0900061,24503961.123546325,-140411852.1474053,775633593.6059662
2017-06-30 20:48:24.560079810,1.2394,0.1587,-0.8819,762428075.423881,24504035.459574115,-140412494.350016,775636955.358601
2017-06-30 20:48:24.655938982,-0.1521,-0.5983,0.276,762431112.790251,24504103.887846116,-140413085.55939835,775640050.187094
2017-06-30 20:48:24.855104982,0.7984,-0.1365,-1.1247,762437423.5389639,24504246.055422798,-140414313.9560349,775646480.3318726
2017-06-30 20:48:25.255954027,1.3457,-0.8944,-1.1366,762450125.0073866,24504532.043567203,-140416786.45632157,775659422.1262151
2017-06-30 20:48:25.456381022,-0.4349,-0.5755,0.3564,762456475.8024722,24504675.01628503,-140418022.70739874,775665893.0827339
2017-06-30 20:48:25.560020200,0.0415,0.704,-0.1006,762459759.7476896,24504748.953882728,-140418661.96391213,775669239.1628876
2017-06-30 20:48:25.656005024,0.9865,-0.4729,-1.4521,762462801.1636072,24504817.42640342,-140419254.02100512,775672338.1268481
2017-06-30 20:48:25.855108022,-0.0003,0.7781,-0.2855,762469110.0257897,24504959.490995258,-140420482.1466986,775678766.3649731
2017-06-30 20:48:26.255961000,-0.0103,-0.4386,-0.0991,762481811.6218959,24505245.438386176,-140422954.74137062,775691708.3007275
2017-06-30 20:48:26.456119000,1.9259,-0.7624,-1.1092,762488153.9896513,24505388.190011527,-140424189.4270152,775698170.6831102
2017-06-30 20:48:26.560749760,1.5888,-1.4794,-1.5614,762491469.4216596,24505462.79591945,-140424834.86471325,775701548.8539557
2017-06-30 20:48:26.656690001,0.3793,0.8158,-0.3356,762494509.480923,24505531.212649528,-140425426.69613558,775704646.4417751
2017-06-30 20:48:26.855364024,0.9433,0.9946,-0.9051,762500804.903677,24505672.929965492,-140426652.30236614,775711061.0023267
2017-06-30 20:48:27.256057977,0.0357,-0.7717,-0.0119,762513501.7773285,24505958.6273849,-140429124.15740544,775723998.154361
2017-06-30 20:48:27.456098973,0.9724,0.1252,-0.8007,762519840.5573976,24506101.26293855,-140430358.22939232,775730456.8954502
2017-06-30 20:48:27.557829730,0.4362,-0.4818,-0.5045,762523064.1456162,24506173.79519789,-140430985.82135782,775733741.4905053
2017-06-30 20:48:27.655951023,1.2237,0.6897,-1.0031,762526173.3709083,24506243.760612495,-140431591.155668,775736909.5598376
2017-06-30 20:48:27.855614006,0.572,-0.5169,-0.5731,762532500.2283632,24506386.109750338,-140432822.9484027,775743356.1597136
2017-06-30 20:48:28.255958020,0.9243,-0.0801,-1.0379,762545186.3509984,24506671.521002304,-140435292.98092604,775756282.4049547
2017-06-30 20:48:28.455995976,0.157,0.8798,-0.2682,762551525.170783,24506814.166266676,-140436527.18085524,775762741.2086034
2017-06-30 20:48:28.559459920,0.0289,-0.8115,0.0901,762554803.7453607,24506887.93678615,-140437165.53470558,775766081.8409723
2017-06-30 20:48:28.655946016,0.8611,-1.1709,-1.0324,762557861.2132924,24506956.72115037,-140437760.84610504,775769197.1826357
2017-06-30 20:48:28.855109989,-0.2361,-0.3768,0.243,762564172.346007,24507098.689016413,-140438989.66205248,775775627.7746819
2017-06-30 20:48:29.256021976,0.0061,0.7249,-0.1852,762576876.495829,24507384.58321553,-140441463.2669133,775788572.4021695
2017-06-30 20:48:29.455955982,1.4099,-0.96,-1.3749,762583212.0862927,24507527.119706113,-140442696.9036693,775795027.926157
2017-06-30 20:48:29.559380050,2.4371,-1.0972,-1.6059,762586489.4564812,24507600.840817973,-140443335.07007566,775798367.3391806
2017-06-30 20:48:29.655956983,-0.3527,-0.498,0.2766,762589549.846843,24507669.67661823,-140443930.9844372,775801485.6643097
2017-06-30 20:48:29.855095028,1.0942,-1.1971,-1.8913,762595860.3013715,24507811.56600681,-140445159.8126952,775807915.5895209
2017-06-30 20:48:30.255958020,1.8074,-1.3214,-1.7249,762608563.4767966,24508096.97566025,-140447633.70947608,775820859.2968501
2017-06-30 20:48:30.455958008,0.0286,-0.4086,-0.0939,762614901.3913506,24508239.35691444,-140448867.9986023,775827317.218596
2017-06-30 20:48:30.561040040,0.0225,0.6199,-0.2712,762618231.3964988,24508314.17232155,-140449516.50968316,775830710.2775043
2017-06-30 20:48:30.655951023,0.7004,-0.8029,-0.9529,762621239.0917155,24508381.73899952,-140450102.2589783,775833774.9246325
2017-06-30 20:48:30.855111002,0.8645,0.3434,-0.6604,762627550.4347419,24508523.533663414,-140451331.41391677,775840205.7794098
2017-06-30 20:48:31.256003022,0.3768,-0.4726,-0.4142,762640254.6895226,24508808.8782522,-140453805.66434756,775853150.6097845
2017-06-30 20:48:31.456053972,0.1975,-0.6074,0.0081,762646594.3053788,24508951.245044705,-140455040.3509828,775859610.2754166
2017-06-30 20:48:31.560700290,1.7421,0.8718,-1.2351,762649910.5669279,24509025.726423163,-140455686.22702602,775862989.3372324
2017-06-30 20:48:31.656220018,1.0568,0.2851,-0.8174,762652937.6147614,24509093.71460812,-140456275.7813037,775866073.7095611
2017-06-30 20:48:48.290935993,0.9347,-0.4751,-0.731,763180355.2241453,24520802.35851902,-140559148.66090986,776403502.452583
2017-06-30 20:48:48.490960001,0.8484,0.3884,-0.8148,763186697.1868773,24520943.16455297,-140560385.68762034,776409964.800392
2017-06-30 20:48:48.690954029,1.0678,0.6711,-0.9269,763193038.2417725,24521083.976325028,-140561622.56599656,776416426.2291642
2017-06-30 20:48:48.890468001,0.246,-0.6179,-0.4305,763199364.0856984,24521224.42550329,-140562856.49256608,776422872.1601973
2017-06-30 20:48:48.906900160,0.351,0.5496,-0.3311,763199885.088268,24521235.993178546,-140562958.1200121,776423403.0532743
2017-06-30 20:48:49.290980994,0.8823,-0.1471,-1.0446,763212062.9913801,24521506.351187035,-140565333.6865084,776435812.15944
2017-06-30 20:48:49.490477979,0.3133,0.4771,-0.2797,763218388.3779356,24521646.797925755,-140566567.60027662,776442257.6385309
2017-06-30 20:48:49.691204011,0.9962,-0.999,-1.0011,763224752.7736257,24521788.06966822,-140567809.1561893,776448742.8719727
2017-06-30 20:48:49.890286982,-0.2745,-0.4238,0.2715,763231065.0621026,24521928.168221217,-140569040.53847367,776455175.0067906
2017-06-30 20:48:49.911399720,-0.0102,-0.5901,0.2411,763231734.4799398,24521943.025401935,-140569171.12638897,776455857.1342987
2017-06-30 20:48:50.290948987,0.0179,0.7832,-0.1059,763243768.7837758,24522210.229689475,-140571518.75508672,776468119.9295452
2017-06-30 20:48:50.490966975,1.2334,-1.0914,-1.2951,763250110.7693317,24522350.999534238,-140572755.9795401,776474582.334557
2017-06-30 20:48:50.690966010,-0.4757,-0.4164,0.3433,763256452.1349156,24522491.73938431,-140573993.0730266,776481044.1055096
2017-06-30 20:48:50.890388011,1.4518,-1.539,-2.0849,763262775.2622303,24522632.011969328,-140575226.68018553,776487487.3029069
2017-06-30 20:48:50.909659860,0.9953,-0.0564,-0.9659,763263386.3203278,24522645.567684777,-140575345.89452654,776488109.9644591
2017-06-30 20:48:51.291199028,1.5098,-1.2504,-1.377,763275484.113009,24522913.75827027,-140577706.27020094,776500437.5062094
2017-06-30 20:48:51.490341007,-0.3973,-0.3758,0.2316,763281798.4643695,24523053.723763283,-140578938.2443155,776506871.7718087
2017-06-30 20:48:51.690930008,1.9553,-1.5435,-1.9987,763288158.7762681,24523194.64418101,-140580179.25072238,776513352.8805459
2017-06-30 20:48:51.890317022,0.1001,0.6859,-0.2691,763294480.9793276,24523334.74743113,-140581412.83135995,776519795.1593359
2017-06-30 20:48:51.909479850,0.0914,0.7956,-0.3234,763295088.5981191,24523348.212865423,-140581531.3893181,776520414.3184812
2017-06-30 20:48:52.290938973,-0.5957,-0.3622,0.2913,763307183.8937769,24523616.205814965,-140583891.38558155,776532739.3309127
2017-06-30 20:48:52.490983009,1.2535,-0.6551,-1.4071,763313526.9348758,24523756.719929997,-140585129.06644568,776539202.8481544
2017-06-30 20:48:52.690887987,0.1205,0.7939,-0.3166,763319865.571508,24523897.168094307,-140586365.89960408,776545661.8804034
2017-06-30 20:48:52.890290021,1.6382,-0.6554,-1.6282,763326188.3258039,24524037.236843456,-140587599.68573412,776552104.7372102
2017-06-30 20:48:52.909439920,1.8023,-1.3571,-1.5948,763326795.5424683,24524050.688076165,-140587718.1749788,776552723.4881941
2017-06-30 20:48:53.290834009,1.7121,-0.7946,-0.9521,763338889.2676477,24524318.470544863,-140590078.174354,776565046.9509182
2017-06-30 20:48:53.491262972,0.7231,0.915,-0.4255,763345244.7512413,24524459.231461264,-140591318.41053042,776571523.1692051
2017-06-30 20:48:53.691242992,1.2562,0.1302,-0.9728,763351586.0493566,24524599.682292726,-140592555.90759265,776577984.937942
2017-06-30 20:48:53.890354990,0.2413,-0.4881,-0.2019,763357899.8323572,24524739.504140217,-140593788.04124936,776584418.6693426
2017-06-30 20:48:53.911139840,0.152,-0.5524,-0.0472,763358558.9139142,24524754.0995872,-140593916.6609084,776585090.2720367
2017-06-30 20:48:54.290720999,0.7073,0.5335,-0.5591,763370595.4241357,24525020.724285696,-140596265.64459595,776597355.4635193
2017-06-30 20:48:54.490957021,1.5803,-0.2289,-1.1825,763376944.9673601,24525161.364525802,-140597504.82397768,776603825.6475333
2017-06-30 20:48:54.690389990,-0.1321,-0.4926,0.0803,763383269.0402834,24525301.421131276,-140598739.03039688,776610269.8763162
2017-06-30 20:48:54.891050994,1.2802,-0.6157,-0.9913,763389632.1060729,24525442.31536284,-140599980.8765206,776616753.8434176
2017-06-30 20:48:54.910419820,1.235,-0.6688,-0.7346,763390246.3021778,24525455.9149435,-140600100.7461331,776617379.7095698
2017-06-30 20:48:55.290978014,0.8193,0.4587,-0.7187,763402314.130071,24525723.185584813,-140602456.04527465,776629676.8491962
2017-06-30 20:48:55.490945994,0.3728,-0.6145,-0.582,763408655.3017445,24525863.600953534,-140603693.6832381,776636138.5181352
2017-06-30 20:48:55.690986990,0.135,-0.7254,0.0688,763414998.7942257,24526004.038565412,-140604931.7703576,776642602.5503843
2017-06-30 20:48:55.890437006,0.8038,0.4171,-0.7202,763421323.5781379,24526144.077875603,-140606166.22845304,776649047.523132
2017-06-30 20:48:55.909439920,0.8537,0.2574,-0.863,763421926.182182,24526157.420434106,-140606283.84370145,776649661.578411
2017-06-30 20:48:56.290956974,0.6468,-0.81,-0.6782,763434024.616594,24526425.177956663,-140608645.27621484,776661989.9291534
2017-06-30 20:48:56.491028010,0.4647,-0.7755,-0.2396,763440369.164965,24526565.56141084,-140609883.64263517,776668455.0482088
2017-06-30 20:48:56.691085994,0.8096,-0.2871,-1.0945,763446713.3318406,24526705.924216185,-140611121.9720738,776674919.7849303
2017-06-30 20:48:56.890433013,0.2289,0.5167,-0.1429,763453034.961946,24526845.8087342,-140612355.90642256,776681361.557934
2017-06-30 20:48:56.909810060,0.7516,0.321,-0.482,763453649.4410616,24526859.40599249,-140612475.84822088,776681987.7152832
2017-06-30 20:48:57.290934979,0.0066,-0.6922,0.2908,763465735.5613936,24527126.74836272,-140614834.9274796,776694303.5226358
2017-06-30 20:48:57.491092026,0.8775,0.0165,-0.8942,763472082.9174263,24527267.15039007,-140616073.89131537,776700771.510334
2017-06-30 20:48:57.691106021,0.2834,0.4227,-0.2617,763478425.748349,24527407.468982626,-140617311.98013464,776707234.8889544
2017-06-30 20:48:57.890293002,1.4392,-0.9629,-1.1043,763484742.4101578,24527547.169185083,-140618544.9935418,776713671.605787
2017-06-30 20:48:57.906969900,0.6743,-0.9566,-0.7949,763485271.271841,24527558.865296055,-140618648.2276124,776714210.5190868
2017-06-30 20:48:58.291252970,0.9346,-0.4155,-1.4096,763497457.8842971,24527828.315535784,-140621027.24180627,776726628.7827406
2017-06-30 20:48:58.490936994,0.0134,0.729,-0.1033,763503790.3829406,24527968.35833926,-140622263.44695637,776733081.6553715
2017-06-30 20:48:58.691088974,2.0837,-1.2876,-1.8957,763510137.8051581,24528108.67774828,-140623502.62507477,776739549.7443807
2017-06-30 20:48:58.912539950,-0.1276,-0.4942,0.1946,763517160.6764417,24528263.904887326,-140624873.65969384,776746706.1207327
2017-06-30 20:49:26.742606997,-0.1535,-0.4105,0.2313,764399616.2628498,24547453.588349085,-140796994.4345766,777645899.1483685
2017-06-30 20:49:26.942616999,2.115,-0.9043,-1.5443,764405958.4070481,24547591.4651947,-140798231.49935842,777652361.5911462
2017-06-30 20:49:27.142572999,-0.4355,-0.3933,0.3737,764412298.8214774,24547729.28908897,-140799468.21519566,777658822.2687813
2017-06-30 20:49:27.343236029,1.3045,-0.7113,-1.5426,764418661.7076815,24547867.571677636,-140800709.36608472,777665305.852892
2017-06-30 20:49:27.541999995,-0.0641,0.8457,-0.2812,764424964.3733444,24548004.578978572,-140801938.7818987,777671728.0773038
2017-06-30 20:49:27.742380023,2.2537,-0.8665,-1.3752,764431318.3736883,24548142.665433504,-140803178.24876678,777678202.6158453
2017-06-30 20:49:27.942645013,-0.5244,-0.4164,0.3042,764437668.7051746,24548280.655912954,-140804416.99185774,777684673.4139619
2017-06-30 20:49:28.142556011,1.359,-0.7579,-1.373,764444007.8660122,24548418.37218893,-140805653.60019526,777691132.8365561
2017-06-30 20:49:28.342794001,0.033,0.7734,-0.1985,764450357.3970617,24548556.344735418,-140806892.239197,777697602.8284817
2017-06-30 20:49:28.541818022,2.4811,-0.827,-1.3729,764456668.5315266,24548693.448047366,-140808123.4231691,777704033.7006623
2017-06-30 20:49:28.742577016,-0.5181,-0.4312,0.3639,764463034.6618252,24548831.729165252,-140809365.3252039,777710520.6096421
2017-06-30 20:49:28.942776024,2.0407,-1.0357,-1.5247,764469383.1165836,24548969.583058976,-140810603.82425547,777716989.5145607
2017-06-30 20:49:29.142561972,0.0977,0.7579,-0.3758,764475718.4768115,24549107.18277721,-140811839.78297743,777723445.0800462
2017-06-30 20:49:29.342683017,2.8119,-0.489,-1.4141,764482064.5758255,24549244.993705034,-140813077.8713809,777729911.5936644
2017-06-30 20:49:29.541815996,-0.4132,-0.4467,0.1879,764488379.3255944,24549382.106499787,-140814309.83946776,777736346.161892
2017-06-30 20:49:29.742549002,1.8392,-1.0617,-1.3668,764494744.8882804,24549520.27821152,-140815551.76145157,777742832.5131446
2017-06-30 20:49:29.942542016,0.2982,0.7641,-0.3115,764501086.996571,24549657.97112214,-140816789.1176124,777749294.9677497
2017-06-30 20:49:30.142153024,3.3374,-1.242,-1.3716,764507417.1237985,24549795.35153904,-140818024.16495404,777755745.2174981
2017-06-30 20:49:30.342589974,-0.6281,-0.4122,0.3648,764513773.4183253,24549933.283842713,-140819264.3079666,777762222.1288487
2017-06-30 20:49:30.541911005,1.5145,-1.0477,-1.5798,764520094.3847867,24550070.40659378,-140820497.6093315,777768663.0496447
2017-06-30 20:49:30.742559015,0.0129,0.8347,-0.1403,764526457.4335775,24550208.47584375,-140821739.12704393,777775146.8534517
2017-06-30 20:49:30.942548990,1.4405,-0.8099,-0.9137,764532799.6720517,24550346.05989608,-140822976.6096824,777781609.4555446
2017-06-30 20:49:31.142596006,-0.2582,-0.6165,0.3277,764539143.7091217,24550483.658518445,-140824214.43216065,777788073.8875978
2017-06-30 20:49:31.342657983,0.8992,-0.2607,-0.9926,764545488.2566361,24550621.25699699,-140825452.38694105,777794538.845362
2017-06-30 20:49:31.542082011,0.041,0.5596,-0.0993,764551812.5745618,24550758.4389627,-140826686.3981338,777800983.1909796
2017-06-30 20:49:31.742738008,1.4482,-0.9913,-1.2,764558176.0201285,24550896.428476084,-140827928.0809136,777807467.4122322
2017-06-30 20:49:31.942665994,-0.3035,-0.5103,0.3346,764564516.365999,24551033.89694486,-140829165.2453018,777813928.0927485
2017-06-30 20:49:32.143063008,0.8919,-0.4999,-1.2371,764570871.6220417,24551171.667837102,-140830405.36173943,777820403.9735034
2017-06-30 20:49:32.343002974,0.0233,0.7526,-0.1677,764577212.3845032,24551309.154599458,-140831642.6565318,777826865.087726
2017-06-30 20:49:32.542295992,1.7209,-0.9991,-1.1776,764583532.6984384,24551446.15681239,-140832875.99456707,777833305.370062
2017-06-30 20:49:32.742622971,-0.3237,-0.4789,0.3352,764589885.790086,24551583.850593925,-140834115.71788654,777839779.0497144
2017-06-30 20:49:32.942959010,1.073,-0.5478,-1.4023,764596239.2121233,24551721.528617114,-140835355.55355445,777846253.0739846
2017-06-30 20:49:33.142534971,0.132,0.5724,-0.1507,764602568.5344377,24551858.70708679,-140836590.6912693,777852702.5426937
2017-06-30 20:49:33.342384994,0.8785,-0.7316,-0.8808,764608906.5834008,24551996.044712763,-140837827.560281,777859160.9079003
2017-06-30 20:49:33.542052984,0.0663,-0.7527,0.0551,764615238.8620077,24552133.227236908,-140839063.30049634,777865613.3917826
2017-06-30 20:49:33.742540001,0.8459,0.0973,-0.8269,764621597.1492707,24552270.97638712,-140840304.14288664,777872092.3829703
2017-06-30 20:49:33.942605972,0.3868,0.3823,-0.327,764627942.0988747,24552408.451550223,-140841542.39245257,777878557.7856076
2017-06-30 20:49:34.142552971,0.8115,-0.7518,-0.7643,764634283.3078094,24552545.81490575,-140842779.93623203,777885019.3799893
2017-06-30 20:49:34.342532992,0.1344,-0.7143,-0.0571,764640625.5693935,24552683.172381066,-140844017.68668005,777891482.0463344
2017-06-30 20:49:34.541814029,0.8238,-0.1022,-0.9617,764646945.6957818,24552820.04569637,-140845251.14904904,777897922.1628779
2017-06-30 20:49:34.742846012,0.2723,0.4301,-0.2535,764653321.3637973,24552958.13900576,-140846495.4592521,777904418.877548
2017-06-30 20:49:34.942550003,1.3565,-0.9475,-1.0397,764659654.9690511,24553095.282300223,-140847731.5911634,777910872.7352424
2017-06-30 20:49:35.142592012,-0.1466,-0.7167,0.4152,764665999.2886678,24553232.629042707,-140848969.79873055,777917337.5070366
2017-06-30 20:49:35.342544019,0.7976,-0.1868,-1.1508,764672340.7857654,24553369.906522352,-140850207.49521884,777923799.4096814
2017-06-30 20:49:35.541952013,0.3083,0.3996,-0.2218,764678665.0416976,24553506.826398216,-140851441.83310372,777930243.7454729
2017-06-30 20:49:35.742551028,0.6216,-0.7063,-1.0355,764685027.0960616,24553644.535645522,-140852683.5850914,777936726.6031404
2017-06-30 20:49:35.942234992,0.1554,-0.8017,-0.0725,764691360.1355212,24553781.5847526,-140853919.67560318,777943179.8942686
2017-06-30 20:49:36.142548024,0.8251,0.2221,-0.837,764697713.1591768,24553919.074519787,-140855159.6937781,777949653.5542338
2017-06-30 20:49:36.342665016,0.1839,0.4949,-0.1738,764704059.9726948,24554056.449549273,-140856398.50534678,777956120.8877705
2017-06-30 20:49:36.541948020,0.5529,-0.5734,-0.6207,764710380.3578112,24554193.22929618,-140857632.17881584,777962561.2940204
2017-06-30 20:49:36.742900013,-0.0199,-0.8746,-0.1297,764716753.6751541,24554331.119251404,-140858876.1894996,777969055.6375291
2017-06-30 20:49:36.942692995,0.8598,0.2919,-0.7885,764723090.2680637,24554468.225564167,-140860113.0567003,777975512.5640676
2017-06-30 20:49:37.142540991,0.3755,0.2518,-0.3561,764729428.6207831,24554605.379686538,-140861350.27870095,777981971.2861992
2017-06-30 20:49:37.342607975,0.5646,-0.7951,-0.8391,764735773.9414961,24554742.65227336,-140862588.8900023,777988437.1129254
2017-06-30 20:49:49.290988981,0.0383,-0.7005,0.4028,765114734.0372921,24562840.826336,-140936503.6086977,778374580.417334
2017-06-30 20:49:49.490759015,0.8815,-0.2823,-1.3077,765121070.0665429,24562976.21186614,-140937739.47231966,778381036.5545423
2017-06-30 20:49:49.690645992,0.1522,0.567,-0.1219,765127409.8109108,24563111.69930373,-140938976.06427196,778387496.4786829
2017-06-30 20:49:49.891305983,1.2843,-0.9861,-0.9719,765133774.1244013,24563247.671001095,-140940217.4775742,778393981.4416753
2017-06-30 20:49:50.290760993,0.9033,-0.4593,-1.3204,765146443.7443806,24563518.277361207,-140942688.9769368,778406891.2727356
2017-06-30 20:49:50.490944027,0.0185,0.6082,-0.1875,765152793.0032451,24563653.913506873,-140943927.55257097,778413360.9132065
2017-06-30 20:49:50.690815985,1.3522,-1.1351,-1.2159,765159132.4496477,24563789.293533802,-140945164.25208452,778419820.5606031
2017-06-30 20:49:50.891067981,-0.207,-0.5845,0.2696,765165483.941619,24563924.90753435,-140946403.29225639,778426292.479576
2017-06-30 20:49:50.902209870,-0.2369,-0.5843,0.3546,765165837.3344144,24563932.45293537,-140946472.23159042,778426652.5728409
2017-06-30 20:49:51.290736019,0.0277,0.4821,-0.1678,765178160.4143201,24564195.639585726,-140948876.22396505,778439209.3100536
2017-06-30 20:49:51.490806996,1.2473,-0.8556,-1.1144,765184506.2163745,24564331.132921364,-140950114.2009598,778445675.4397627
2017-06-30 20:49:51.690944015,-0.1235,-0.6814,0.2941,765190854.108186,24564466.643689025,-140951352.5748218,778452143.6960502
2017-06-30 20:49:51.890742003,0.853,-0.0742,-1.0895,765197191.2807552,24564601.921940193,-140952588.89437735,778458601.0364118
2017-06-30 20:49:51.901330110,0.9729,-0.4265,-1.5506,765197527.1133814,24564609.09083643,-140952654.4121466,778458943.2372459
2017-06-30 20:49:52.290753006,1.437,-0.9744,-1.1939,765209879.0117201,24564872.60987266,-140955064.2892349,778471529.378084
2017-06-30 20:49:52.490988016,-0.2272,-0.4773,0.3385,765216230.1507142,24565008.08799953,-140956303.39582738,778478000.9579275
2017-06-30 20:49:52.690755009,0.8818,-0.2467,-1.2584,765222566.4801363,24565143.239623137,-140957539.6564271,778484457.4548826
2017-06-30 20:49:52.890821993,0.2958,0.3458,-0.3467,765228912.336693,24565278.608045816,-140958777.78740224,778490923.6621885
2017-06-30 20:49:52.901119700,0.3131,0.4268,-0.231,765229238.9661889,24565285.57567926,-140958841.51563293,778491256.486299
2017-06-30 20:49:53.290736973,0.1954,-0.8022,-0.0578,765241597.1347522,24565549.076702893,-140961252.7038527,778503849.0274955
2017-06-30 20:49:53.490755021,0.7187,0.0136,-0.9904,765247941.4837502,24565684.35092207,-140962490.57658672,778510313.7032294
2017-06-30 20:49:53.690739989,0.4411,0.3436,-0.4581,765254284.8011291,24565819.616510842,-140963728.2629163,778516777.3309062
2017-06-30 20:49:53.890748023,1.4926,-0.8831,-1.2068,765260628.9098465,24565954.86237413,-140964966.14027485,778523241.7704195
2017-06-30 20:49:53.900989770,0.8409,-0.7011,-0.8139,765260953.7706672,24565961.787791967,-140965029.52794757,778523572.7929924
2017-06-30 20:49:54.291055977,0.825,0.1286,-0.9183,765273326.5146646,24566225.568166945,-140967443.84457248,778536180.2367051
2017-06-30 20:49:54.490738987,0.3575,0.3222,-0.4534,765279660.3940916,24566360.615678262,-140968679.80158168,778542634.2672548
2017-06-30 20:49:54.691070020,0.996,-0.7635,-0.7299,765286014.868567,24566496.070812494,-140969919.79888368,778549109.2864428
2017-06-30 20:49:54.890972971,-0.036,-0.5996,0.1867,765292355.7628981,24566631.21253556,-140971157.13900802,778555570.4658272
2017-06-30 20:49:54.902410140,-0.1236,-0.7725,0.3115,765292718.5483221,24566638.944380026,-140971227.93165964,778555940.1331832
2017-06-30 20:49:55.290746986,0.725,0.2033,-0.5436,765305036.6488779,24566901.501551583,-140973631.70243922,778568491.9163517
2017-06-30 20:49:55.490822017,0.4189,-0.5811,-0.8332,765311383.0743788,24567036.750373587,-140974870.18256387,778574958.7425115
2017-06-30 20:49:55.690741002,0.3078,-0.7864,-0.0582,765317724.5623672,24567171.862279456,-140976107.69907767,778581420.5364857
2017-06-30 20:49:55.890806019,0.6865,-0.0344,-1.0222,765324070.7100106,24567307.071501717,-140977346.16045728,778587887.0849022
2017-06-30 20:49:55.902780290,0.8227,0.1058,-0.7688,765324450.5391103,24567315.16404547,-140977420.28483173,778588274.1202353
2017-06-30 20:49:56.290956974,1.0051,-0.7915,-0.8842,765336763.8243122,24567577.385328025,-140979823.34963962,778600821.0317729
2017-06-30 20:49:56.490751028,-0.0153,-0.7941,-0.0502,765343101.4562021,24567712.318595737,-140981060.20609608,778607278.9102365
2017-06-30 20:49:56.690756022,0.8593,-0.0011,-0.8257,765349445.8136563,24567847.394280262,-140982298.40143937,778613743.6466248
2017-06-30 20:49:56.890757024,0.5235,0.2706,-0.5288,765355790.0654205,24567982.478092853,-140983536.5932211,778620208.2787474
2017-06-30 20:49:56.902479880,0.2344,0.404,-0.3351,765356161.927339,24567990.395949118,-140983609.16862333,778620587.1966485
2017-06-30 20:49:57.290746986,0.2228,-0.8563,-0.2369,765368478.2216499,24568252.510390665,-140986012.9395177,778633137.1906286
2017-06-30 20:49:57.490751981,0.4871,0.491,-0.5274,765374822.6374125,24568387.550992116,-140987251.1962991,778639601.9943982
2017-06-30 20:49:57.690679013,0.5752,0.2467,-0.5246,765381164.6030798,24568522.54881483,-140988488.9913702,778646064.3048729
2017-06-30 20:49:57.890753984,0.6205,-0.5264,-0.5552,765387511.2864181,24568657.625459414,-140989727.72459093,778652531.4250177
2017-06-30 20:49:57.900539750,0.6096,-0.7378,-0.6546,765387821.7059042,24568664.2320544,-140989788.31170943,778652847.7351362
2017-06-30 20:49:58.290877997,0.7524,0.3406,-0.7679,765400203.9476126,24568927.810249425,-140992205.1500604,778665464.9654555
2017-06-30 20:49:58.490756988,1.4325,0.195,-1.0351,765406544.531292,24569062.78750321,-140993442.77244744,778671925.8856173
2017-06-30 20:49:58.690757989,0.2687,-0.4825,-0.1658,765412888.9961342,24569197.827849522,-140994681.1569352,778678390.7608186
2017-06-30 20:49:58.890673995,1.8092,-1.2373,-1.3639,765419230.8370582,24569332.761356916,-140995919.0696533,778684852.9680208
2017-06-30 20:49:58.900570150,1.1503,-1.0829,-1.0457,765419544.7682163,24569339.44067054,-140995980.34837157,778685172.8575115
2017-06-30 20:49:59.290924012,1.6099,0.3979,-1.0087,765431928.0289477,24569602.96684576,-140998397.64128888,778697791.1702791
2017-06-30 20:49:59.490872979,0.2439,-0.5345,-0.2737,765438271.0531591,24569737.93014479,-140999635.8498484,778704254.5951545
2017-06-30 20:49:59.690804004,2.1177,-1.3581,-1.6129,765444613.5928422,24569872.82704664,-141000874.01177135,778710717.533229
2017-06-30 20:49:59.890846014,0.2897,0.7229,-0.3055,765450959.6649662,24570007.827760126,-141002112.8732435,778717184.0735203
2017-06-30 20:49:59.900650020,0.4536,0.6093,-0.3507,765451270.6843262,24570014.444167953,-141002173.5895503,778717500.9970008
2017-06-30 20:50:08.356625020,2.6377,-0.586,-1.4442,765719714.115974,24575679.20823838,-141054644.7923036,778991050.9189936
2017-06-30 20:50:08.556671977,0.3715,0.5786,-0.4481,765726064.8227041,24575813.24536732,-141055886.14603004,778997522.4363534
2017-06-30 20:50:08.756574988,1.0623,0.2991,-1.0112,765732411.0021638,24575947.198000763,-141057126.64693546,779003989.3464956
2017-06-30 20:50:08.956804990,0.7283,-0.6084,-0.6602,765738767.5915744,24576081.345354985,-141058369.20345685,779010466.8676125
2017-06-30 20:50:09.155807018,0.2477,-0.8959,-0.1843,765745085.2069936,24576214.63452875,-141059604.14690483,779016904.6731334
2017-06-30 20:50:09.356823027,0.8652,0.1895,-0.7942,765751466.7941961,24576349.280300062,-141060851.62057152,779023407.6722798
2017-06-30 20:50:09.556518971,0.6267,0.3259,-0.5583,765757806.4987338,24576483.054853763,-141062090.92438704,779029867.9954818
2017-06-30 20:50:09.756596028,0.5582,-0.6137,-0.4517,765764158.3247298,24576617.060144786,-141063332.6114542,779036340.6724699
2017-06-30 20:50:09.955937981,0.6946,-1.1323,-0.3802,765770486.8410553,24576750.52809193,-141064569.75154147,779042789.5966269
2017-06-30 20:50:10.155786991,0.3929,0.6831,-0.4178,765776831.4706303,24576884.36281814,-141065810.05517212,779049254.943937
2017-06-30 20:50:10.356552004,2.5849,-0.2345,-1.4044,765783205.2848467,24577018.801520616,-141067056.10031042,779055750.0373846
2017-06-30 20:50:10.556828975,-0.3402,-0.4731,0.188,765789563.5912384,24577152.89443804,-141068299.10888228,779062229.3264698
2017-06-30 20:50:10.756551980,1.9863,-1.3468,-1.7449,765795904.3897899,24577286.562731642,-141069538.74889585,779068690.782648
2017-06-30 20:50:10.956385016,0.0639,0.6071,-0.2141,765802248.6841533,24577420.328908984,-141070779.08039916,779075155.8033926
2017-06-30 20:50:11.155791997,3.0267,-0.6081,-1.4817,765808579.5724841,24577553.785709526,-141072016.82636467,779081607.1685773
2017-06-30 20:50:11.356558024,-0.0722,-0.4886,0.129,765814953.6056843,24577688.132382676,-141073263.00291198,779088102.4982334
2017-06-30 20:50:11.556786000,1.6761,-0.9058,-1.4059,765821310.6237344,24577822.0826934,-141074505.89608255,779094580.4955946
2017-06-30 20:50:11.756012022,0.3473,0.6734,-0.46,765827635.8446314,24577955.38943586,-141075742.58799157,779101026.0943415
2017-06-30 20:50:11.956620991,2.317,-0.1747,-1.5562,765834005.065916,24578089.61450955,-141076987.92714658,779107516.5386331
2017-06-30 20:50:12.155799984,-0.4966,-0.4138,0.3202,765840328.8665701,24578222.866386928,-141078224.3766021,779113960.6957258
2017-06-30 20:50:12.356531023,1.1778,-0.9185,-1.5505,765846701.9911103,24578357.119582817,-141079470.52321473,779120455.1238974
2017-06-30 20:50:12.556590020,0.0403,0.6912,-0.2806,765853053.7802178,24578490.95096701,-141080712.50899336,779126927.8134065
2017-06-30 20:50:12.756549000,2.2853,-0.5515,-1.3019,765859402.485202,24578624.69339292,-141081953.92591134,779133397.365536
2017-06-30 20:50:12.956543982,-0.3039,-0.6069,0.2317,765865752.3210956,24578758.435623962,-141083195.55707508,779139868.068109
2017-06-30 20:50:13.155934989,1.0832,-0.6461,-1.616,765872083.023862,24578891.7482732,-141084433.5028208,779146319.2826458
2017-06-30 20:50:13.356628000,-0.0286,0.6079,-0.1627,765878455.0643535,24579025.955925956,-141085679.53878573,779152812.6238292
2017-06-30 20:50:13.556545019,2.5978,-0.8032,-1.596,765884802.5707802,24579159.612555135,-141086920.82066217,779159280.9707128
2017-06-30 20:50:13.756552994,-0.4568,-0.3513,0.2399,765891152.9468505,24579293.315940786,-141088162.65768635,779165752.2403617
2017-06-30 20:50:13.956795990,0.9827,-0.4622,-1.2521,765897510.8243856,24579427.157902736,-141089406.00414702,779172231.1613804
2017-06-30 20:50:14.155800998,-0.0079,0.7459,-0.2465,765903829.3944848,24579560.2019362,-141090641.67346928,779178670.0293379
2017-06-30 20:50:14.356657981,2.7319,-0.9351,-1.287,765910206.8765038,24579694.446375202,-141091888.89406592,779185168.935075
2017-06-30 20:50:14.556773006,-0.3004,-0.4173,0.2913,765916560.7883189,24579828.178209186,-141093131.49581206,779191643.819652
2017-06-30 20:50:14.756545007,1.2708,-0.7078,-1.516,765922903.8593928,24579961.652561378,-141094372.0280739,779198107.6653372
2017-06-30 20:50:14.956552028,0.051,0.7032,-0.2089,765929254.3947566,24580095.312068265,-141095614.02810553,779204579.1197753
2017-06-30 20:50:15.155780017,1.804,-0.8136,-1.3208,765935580.2662413,24580228.41867502,-141096851.24294305,779211025.4466188
2017-06-30 20:50:15.356549978,-0.3022,-0.5759,0.2925,765941955.0861189,24580362.53227804,-141098098.0217063,779217521.651501
2017-06-30 20:50:15.556620001,0.9202,-0.6305,-1.4594,765948307.7184963,24580496.153087355,-141099340.51228085,779223995.2548695
2017-06-30 20:50:15.756550014,-0.0514,0.6902,-0.2123,765954655.9032153,24580629.707976844,-141100582.14184037,779230464.3283782
2017-06-30 20:50:15.956643998,1.8476,-0.9561,-1.2647,765961009.3683206,24580763.334120356,-141101824.84034798,779236938.7881331
2017-06-30 20:50:16.155785977,-0.1778,-0.5648,0.1734,765967332.597927,24580896.30210027,-141103061.6194814,779243382.4349034
2017-06-30 20:50:16.356553971,0.8585,-0.1473,-1.1486,765973707.491966,24581030.349840254,-141104308.5433428,779249878.7369444
2017-06-30 20:50:16.556641995,0.2177,0.4245,-0.3344,765980060.8039451,24581163.960576322,-141105551.2574546,779256353.0485601
2017-06-30 20:50:16.756550014,1.1442,-0.683,-0.728,765986408.446026,24581297.42381741,-141106792.8826779,779262821.5850639
2017-06-30 20:50:16.956553995,0.2076,-0.8619,-0.1166,765992759.1434747,24581430.91664759,-141108035.10858372,779269293.2345971
2017-06-30 20:50:17.155826985,0.7982,0.4329,-0.6609,765999086.6615684,24581563.938767534,-141109272.82054424,779275741.2674769
2017-06-30 20:50:17.356603980,0.8428,0.2281,-0.6466,766005461.9703288,24581697.97406169,-141110519.90015215,779282238.0050478
2017-06-30 20:50:17.556546986,0.7546,-0.4855,-0.7207,766011810.8274503,24581831.433190096,-141111761.8284429,779288707.7906919
2017-06-30 20:50:17.756555974,0.5531,-1.0296,-0.559,766018161.8018461,24581964.895172853,-141113004.18893704,779295179.7359033
2017-06-30 20:50:17.956345975,0.7354,0.6987,-0.678,766024505.8520046,24582098.238919318,-141114245.21625137,779301644.629721
2017-06-30 20:50:18.155982971,0.7833,0.203,-0.7673,766030845.0749232,24582231.488637812,-141115485.32373154,779308104.609027
2017-06-30 20:50:18.357178986,0.2346,-0.7655,-0.3928,766037233.8120352,24582365.747951884,-141116735.13144508,779314615.0472987
2017-06-30 20:50:18.556541979,0.8851,-1.1479,-0.6699,766043564.3789203,24582498.738455344,-141117973.57925135,779321066.209365
2017-06-30 20:50:18.756547987,0.5326,0.5139,-0.6195,766049915.385391,24582632.17845667,-141119216.04626405,779327538.2047641
2017-06-30 20:50:18.956659018,1.3334,0.0603,-1.0458,766056269.7801656,24582765.690941922,-141120459.20757368,779334013.6587611
2017-06-30 20:50:32.623537003,-0.1205,-0.4843,0.1309,766490230.0353061,24591793.66375049,-141205338.29265735,779776234.9658527
2017-06-30 20:50:32.823418974,0.29,0.3195,-0.541,766496576.8388392,24591925.713181067,-141206579.69499108,779782702.59419
2017-06-30 20:50:33.223240017,1.2253,-0.6131,-0.7637,766509272.4548922,24592189.751757015,-141209062.9763771,779795639.9100863
2017-06-30 20:50:33.237450000,1.6218,-0.5095,-0.9121,766509723.6683097,24592199.135811724,-141209151.23451293,779796099.7137492
2017-06-30 20:50:33.422788023,0.1989,-0.5436,0.1202,766515608.7633057,24592321.511525206,-141210302.36395022,779802096.8481847
2017-06-30 20:50:33.623507022,1.2515,-1.2632,-0.9554,766521982.3055629,24592453.992157627,-141211549.06270382,779808591.7324164
2017-06-30 20:50:33.823446989,0.6873,0.0589,-0.7949,766528331.1382582,24592585.960959867,-141212790.95453832,779815061.4415065
2017-06-30 20:50:34.223883986,0.8945,-0.6524,-0.5304,766541046.6358904,24592850.161637194,-141215278.28335539,779828019.038406
2017-06-30 20:50:34.234509700,0.9965,-0.0649,-0.805,766541384.0454886,24592857.172272883,-141215344.28545117,779828362.8721948
2017-06-30 20:50:34.422683000,0.4085,-0.6116,-0.0929,766547359.3268901,24592981.30363376,-141216513.13557485,779834451.9207902
2017-06-30 20:50:34.623453974,1.058,-0.8358,-1.5357,766553734.6792483,24593113.71155041,-141217760.2988344,779840948.6661699
2017-06-30 20:50:34.823581993,0.2709,0.5827,-0.3688,766560089.6258365,24593245.718777817,-141219003.48291177,779847424.620266
2017-06-30 20:50:35.223460018,0.7498,-0.3857,-0.1534,766572787.6353289,24593509.422215626,-141221487.52739987,779860364.4167019
2017-06-30 20:50:35.235540270,2.049,-1.0897,-1.0103,766573171.2404898,24593517.388495825,-141221562.57013908,779860755.3262258
2017-06-30 20:50:35.422698020,0.494,-0.5887,-0.2956,766579114.4019276,24593640.78840263,-141222725.20774874,779866811.6541286
2017-06-30 20:50:35.623461008,0.8492,-0.6111,-1.0409,766585489.629533,24593773.134106465,-141223972.40404463,779873308.2809676
2017-06-30 20:50:35.823454022,0.3166,0.319,-0.3676,766591840.4192814,24593904.98499203,-141225214.8317479,779879780.0072168
2017-06-30 20:50:36.223685979,0.165,-0.4024,0.1097,766604549.8346983,24594168.784439918,-141227701.1973804,779892731.4387245
2017-06-30 20:50:36.234479900,1.485,-1.3024,-1.1302,766604892.597171,24594175.89873856,-141227768.2527128,779893080.7281855
2017-06-30 20:50:36.422710001,1.2861,-0.9694,-1.4496,766610869.9159502,24594299.927293144,-141228937.6504107,779899171.8754848
2017-06-30 20:50:36.623453021,0.4794,0.321,-0.5252,766617244.6065722,24594432.21379433,-141230184.80699188,779905667.9654976
2017-06-30 20:50:36.823454976,1.6114,-0.0014,-1.1069,766623595.8287778,24594564.0118893,-141231427.40383384,779912140.1458658
2017-06-30 20:50:37.223649024,0.5287,-0.5633,-0.0709,766636304.3958476,24594827.643161688,-141233913.7901856,779925090.7420616
2017-06-30 20:50:37.235199920,0.4349,-0.2704,-0.46,766636671.2062999,24594835.252377734,-141233985.55540767,779925464.538268
2017-06-30 20:50:37.422688007,0.7259,0.1032,-1.3177,766642625.1067362,24594958.764810264,-141235150.45718077,779931531.835874
2017-06-30 20:50:37.623501002,0.623,0.1616,-0.4433,766649002.1801169,24595091.061873447,-141236398.16720492,779938030.3686671
2017-06-30 20:50:37.823435008,1.1893,-0.9355,-1.3453,766655351.3876188,24595222.74245697,-141237640.46958914,779944500.5116974
2017-06-30 20:50:38.223084986,1.2365,-1.2764,-0.8404,766668043.0761162,24595485.756155662,-141240123.85381857,779957433.953921
2017-06-30 20:50:38.234550230,0.0816,-0.3624,0.0796,766668407.1779996,24595493.301501237,-141240195.09766573,779957804.991284
2017-06-30 20:50:38.422713994,0.893,-0.0386,-0.8941,766674382.7283982,24595617.131831814,-141241364.35960126,779963894.3696226
2017-06-30 20:50:38.623507976,0.1833,0.2725,-0.2155,766680759.3862853,24595749.285079293,-141242612.11522606,779970392.4977907
2017-06-30 20:50:38.823450982,1.6901,-0.8324,-1.1001,766687109.0871091,24595880.844976977,-141243854.62677243,779976863.1598747
2017-06-30 20:50:39.223568022,0.7945,-0.6166,-1.2643,766699815.9528353,24596144.01807202,-141246341.2879555,779989812.1193012
2017-06-30 20:50:39.234410160,0.0642,-0.6212,0.1252,766700160.2760732,24596151.14930991,-141246408.67003405,779990163.0026487
2017-06-30 20:50:39.422878026,0.4815,0.6724,-0.5733,766706145.6316648,24596275.134831775,-141247579.98673713,779996262.3961614
2017-06-30 20:50:39.623498976,2.2329,-0.5275,-1.4523,766712517.0343248,24596407.09415358,-141248826.8925958,780002755.1987145
2017-06-30 20:50:39.823446989,0.3763,-0.4902,-0.0414,766718867.0806189,24596538.59125027,-141250069.61764964,780009226.237132
2017-06-30 20:50:40.223452985,0.6085,0.8428,-0.5794,766731570.7630507,24596801.792618178,-141252555.84395418,780022171.9897773
2017-06-30 20:50:40.235760210,1.6268,-1.5903,-1.1494,766731961.6251332,24596809.890452046,-141252632.33934793,780022570.2998002
2017-06-30 20:50:40.422864973,0.9019,-0.1832,-0.6985,766737903.870106,24596932.99410493,-141253795.31097406,780028625.7783076
2017-06-30 20:50:40.623659014,0.7501,-0.6383,-0.5724,766744280.9019898,24597065.07874223,-141255043.3929933,780035124.3311765
2017-06-30 20:50:40.823437988,0.1813,-0.8512,0.0048,766750625.7035263,24597196.461683955,-141256285.16543618,780041590.0381613
2017-06-30 20:50:41.223442971,0.4319,0.2189,-0.4019,766763329.5731368,24597459.556581043,-141258771.553277,780054536.0008243
2017-06-30 20:50:41.235689870,1.078,-0.2869,-1.1629,766763718.5259732,24597467.611679245,-141258847.67885497,780054932.3658197
2017-06-30 20:50:41.422941029,1.2908,-0.5842,-0.9617,766769665.5353912,24597590.751064256,-141260011.64825445,780060992.709466
2017-06-30 20:50:41.623483002,0.1261,-0.6901,0.1628,766776034.6599303,24597722.602949303,-141261258.22795594,780067483.2103974
2017-06-30 20:50:41.823439002,2.0116,-1.6644,-1.7493,766782385.2546543,24597854.00302343,-141262501.23515892,780073954.8360684
2017-06-30 20:50:42.223441004,1.9463,-0.8971,-1.0831,766795089.6139731,24598116.718778607,-141264987.9823514,780086901.3333486
2017-06-30 20:50:42.230939980,0.3185,0.661,-0.3352,766795327.787013,24598121.644038983,-141265034.6022807,780087144.0458376
2017-06-30 20:50:42.422699987,-0.0029,-0.4628,0.1427,766801418.2269616,24598247.57327874,-141266226.73819628,780093350.564792
2017-06-30 20:50:42.623646020,0.4831,-0.8305,-0.2115,766807800.4414115,24598379.501467984,-141267475.99044892,780099854.4190391
2017-06-30 20:50:42.823584020,0.8871,-0.4753,-0.9484,766814150.6753503,24598510.74884764,-141268719.01381952,780106325.6882522
2017-06-30 20:50:43.223563015,1.8157,-1.0826,-1.2908,766826854.7049353,24598773.138019223,-141271205.9073915,780119271.8777611
2017-06-30 20:50:43.234979980,0.3245,0.3424,-0.3381,766827217.3276727,24598780.627677124,-141271276.89310536,780119641.4126995
2017-06-30 20:50:56.640443980,0.1505,-0.5379,0.0788,767253025.3101201,24607478.09925717,-141354612.0664884,780553559.4553423
2017-06-30 20:50:56.840411007,-0.3221,-0.6156,0.4113,767259377.0025094,24607607.813345917,-141355855.1466527,780560032.1210506
2017-06-30 20:50:57.240523993,0.0073,0.8938,-0.3253,767272086.0719987,24607867.500681352,-141358342.47137624,780572983.259389
2017-06-30 20:50:57.404670230,1.0381,-0.5614,-1.409,767277299.9920584,24607974.02220939,-141359362.93359008,780578296.4940618
2017-06-30 20:50:57.439716994,1.8122,-0.8583,-1.8167,767278413.2152096,24607996.764502328,-141359580.81409293,780579430.9221501
2017-06-30 20:50:57.640069007,0.1156,-0.3538,-0.0346,767284777.1882684,24608126.761281516,-141360826.37405428,780585916.1173135
2017-06-30 20:50:57.840618014,0.5135,-0.8088,-1.5307,767291147.4392895,24608256.853348807,-141362073.22026393,780592407.7194148
2017-06-30 20:50:58.240418970,0.9884,-0.266,-1.7988,767303846.8994879,24608516.153590553,-141364559.13618162,780605349.1450089
2017-06-30 20:50:58.404080150,-0.04,0.5102,-0.6254,767309045.5068996,24608622.313534547,-141365576.7791451,780610646.8060629
2017-06-30 20:50:58.439646005,0.1261,-0.3452,-0.2562,767310175.2368913,24608645.38313304,-141365797.9274658,780611798.0618348
2017-06-30 20:50:58.640404999,1.4692,-1.2557,-0.886,767316552.2960858,24608775.55375313,-141367046.28166467,780618296.6317208
2017-06-30 20:50:58.840412020,0.5551,0.8038,-0.1823,767322905.4912518,24608905.268953845,-141368289.96725768,780624770.8844112
2017-06-30 20:50:59.240396022,0.3715,-0.6212,-0.0225,767335610.9868027,24609164.58048869,-141370777.1552484,780637718.4733764
2017-06-30 20:50:59.406240220,2.6716,-0.528,-1.4048,767340879.1027781,24609272.083550405,-141371808.4493755,780643086.97314
2017-06-30 20:50:59.439644992,0.8956,-0.9976,-0.4398,767341940.2214719,24609293.73598499,-141372016.17582592,780644168.3114369
2017-06-30 20:50:59.640393972,0.8874,0.276,-0.6626,767348317.1454062,24609423.869359735,-141373264.5533045,780650666.7514782
2017-06-30 20:50:59.840439975,0.5821,0.2626,-0.4151,767354671.7621067,24609553.55754601,-141374508.57586238,780657142.4617203
2017-06-30 20:51:00.240675985,0.8438,-1.1061,-0.555,767367385.7050738,24609812.850090265,-141376997.6053981,780670098.6871938
2017-06-30 20:51:00.395820140,0.5207,-0.4294,-0.3328,767372314.0446167,24609913.34975801,-141377962.44009686,780675120.9440364
2017-06-30 20:51:00.439539015,0.794,0.1834,-0.7366,767373702.8284602,24609941.67043046,-141378234.32727182,780676536.1935639
2017-06-30 20:51:00.640402019,0.4882,0.2732,-0.3099,767380083.5085633,24610071.798601296,-141379483.50445995,780683038.4704984
2017-06-30 20:51:00.840404987,0.7456,-0.4587,-0.553,767386436.8983054,24610201.351253234,-141380727.35516134,780689512.9393635
2017-06-30 20:51:01.240522980,0.723,-0.128,-1.1983,767399147.353194,24610460.508650355,-141383215.94530576,780702465.6525006
2017-06-30 20:51:01.404490230,0.2318,-0.8308,0.0854,767404356.0687838,24610566.68830066,-141384235.7603874,780707773.6436423
2017-06-30 20:51:01.439859986,0.3467,0.3628,-0.2425,767405479.6533448,24610589.5930133,-141384455.7473686,780708918.6432261
2017-06-30 20:51:01.640483975,1.4131,-0.7392,-1.0125,767411852.8957366,24610719.483150724,-141385703.59615576,780715413.361185
2017-06-30 20:51:01.840430974,-0.1013,-0.6277,0.3238,767418204.6280693,24610848.909889318,-141386947.2212294,780721886.1561224
2017-06-30 20:51:02.240864992,0.1923,0.4969,-0.2181,767430925.2784281,24611108.192600902,-141389437.8651506,780734849.2670194
2017-06-30 20:51:02.404350160,0.8139,-0.3003,-1.0954,767436118.7591972,24611214.04190885,-141390454.74944404,780740141.7418295
2017-06-30 20:51:02.439764022,1.4409,-1.0106,-1.0882,767437243.7634343,24611236.969527442,-141390675.02644897,780741288.1901546
2017-06-30 20:51:02.640413999,-0.1769,-0.4853,0.213,767443617.8725915,24611366.854661513,-141391923.07650012,780747783.7964691
2017-06-30 20:51:02.840399980,0.9304,-0.5388,-1.2712,767449970.9255955,24611496.288427424,-141393167.0473132,780754257.9524764
2017-06-30 20:51:03.240405976,1.8732,0.564,-1.2128,767462678.4124994,24611755.268229235,-141395655.39469457,780767207.6989183
2017-06-30 20:51:03.404430030,0.0622,0.5974,-0.4713,767467889.1698589,24611861.48000224,-141396675.76414233,780772517.798558
2017-06-30 20:51:03.439682006,0.4735,-0.0758,-0.209,767469009.0640782,24611884.30689458,-141396895.06174538,780773659.0434108
2017-06-30 20:51:03.640392005,0.8899,1.0501,-1.031,767475385.3089554,24612014.31596968,-141398143.6920582,780780156.8581127
2017-06-30 20:51:03.839694976,-0.1963,0.7322,0.1438,767481716.8469415,24612143.442732397,-141399383.56344387,780786609.1137171
2017-06-30 20:51:04.240409970,0.0247,-0.6403,0.2049,767494446.928103,24612402.959880773,-141401876.39380687,780799581.8983408
2017-06-30 20:51:04.413069720,2.6699,0.053,-0.6806,767499932.1346912,24612514.781998143,-141402950.52281147,780805171.683184
2017-06-30 20:51:04.439648985,2.2504,-0.6616,-1.2506,767500776.5297166,24612531.99544245,-141403115.87525755,780806032.177119
2017-06-30 20:51:04.640255987,0.1812,0.8057,0.0074,767507149.6084441,24612661.946336895,-141404363.87254286,780812526.7632184
2017-06-30 20:51:04.840526998,1.7539,0.5733,-0.8396,767513512.0834284,24612791.702574447,-141405609.81326783,780819010.547704
2017-06-30 20:51:05.240446984,2.3713,-1.0413,-1.7275,767526217.6509888,24613050.645489056,-141408098.10115117,780831958.395848
2017-06-30 20:51:05.404899710,0.6351,-0.5783,-0.2045,767531442.3763411,24613157.110819492,-141409121.32567513,780837282.7506176
2017-06-30 20:51:05.439646005,0.2287,0.6693,-0.1722,767532546.2795613,24613179.606090654,-141409337.51725927,780838407.7040387
2017-06-30 20:51:05.640399992,0.9403,0.3757,-0.6426,767538924.3492074,24613309.592366487,-141410586.63525409,780844907.4001538
2017-06-30 20:51:05.840407013,0.59,-0.275,-0.4319,767545278.7109157,24613439.083988246,-141411831.12280437,780851382.9381766
2017-06-30 20:51:06.239727020,0.9498,0.3734,-0.5048,767557965.5358111,24613697.677429993,-141414315.8599606,780864311.7091278
2017-06-30 20:51:06.406720040,0.527,-0.9128,-0.0558,767563271.0978537,24613805.794064175,-141415354.96237397,780869718.4506769
2017-06-30 20:51:06.439824998,0.6538,0.2776,-0.3117,767564322.8815045,24613827.22757941,-141415560.95600653,780870790.2923721
2017-06-30 20:51:06.641341984,0.7203,-0.7499,-0.4758,767570725.3436248,24613957.66753503,-141416814.90279034,780877314.854163
2017-06-30 20:51:06.840945005,1.3663,-1.0307,-0.5582,767577067.0509719,24614086.827535503,-141418056.9620967,780883777.5033237
2017-06-30 20:51:07.239902019,0.7239,0.2064,-0.4423,767589742.6688688,24614345.019246325,-141420539.6014953,780896694.8658221
2017-06-30 20:51:07.404109950,0.7757,0.3954,-0.592,767594959.8859137,24614451.299819652,-141421561.45456025,780902011.5861495
2017-06-30 20:51:26.290027976,0.6384,-0.9516,-0.0338,768195231.2826791,24626335.44938424,-141539099.09568256,781513714.7458973
2017-06-30 20:51:26.490732014,0.7125,0.3651,-0.9398,768201610.5031705,24626461.75908005,-141540348.22713196,781520215.4613111
2017-06-30 20:51:26.691102981,0.2999,0.4268,-0.2838,768207979.1493019,24626587.876298644,-141541595.29702538,781526705.4031552
2017-06-30 20:51:26.889729976,0.8772,-0.822,-0.825,768214292.3991537,24626712.863398675,-141542831.545325,781533138.897294
2017-06-30 20:51:26.904679890,0.57,-0.4906,-0.3967,768214767.5740798,24626722.27060245,-141542924.593218,781533623.1225706
2017-06-30 20:51:27.290412008,1.0938,0.2186,-1.0175,768227028.023448,24626965.024299078,-141545325.5317215,781546117.1114143
2017-06-30 20:51:27.490508973,0.6474,0.2555,-0.4501,768233388.1075381,24627090.9620203,-141546571.02681187,781552598.346322
2017-06-30 20:51:27.690497994,0.4674,-0.4903,-0.4663,768239744.779321,24627216.812193505,-141547815.86865932,781559076.1060221
2017-06-30 20:51:27.889925003,0.4958,-0.86,-0.3076,768246083.6072127,24627342.274497587,-141549057.22446805,781565535.6823646
2017-06-30 20:51:27.905380240,0.1194,-0.7187,0.2359,768246574.855081,24627351.99743039,-141549153.4272697,781566036.2880065
2017-06-30 20:51:28.289676010,1.0969,0.3443,-0.7729,768258789.9367046,24627593.809821032,-141551545.6321812,781578484.0710053
2017-06-30 20:51:28.490719020,0.6421,-0.341,-0.5042,768265180.2405857,24627720.299358662,-141552797.12632975,781584996.1146458
2017-06-30 20:51:28.690024971,0.4902,-0.6664,-0.2658,768271515.3502069,24627845.669525553,-141554037.81783217,781591451.912927
2017-06-30 20:51:28.889669001,0.6376,0.6031,-0.618,768277861.2313707,24627971.27639374,-141555280.63852873,781597918.6922729
2017-06-30 20:51:28.904160140,0.762,0.6456,-0.5587,768278321.8465865,24627980.39368942,-141555370.84864366,781598388.0828927
2017-06-30 20:51:29.290404975,0.3963,-0.3552,-0.5742,768290599.0806109,24628223.351849746,-141557775.38235852,781610899.2281996
2017-06-30 20:51:29.490544974,0.2994,-0.8355,-0.174,768296960.7714734,24628349.21170645,-141559021.3435306,781617382.1246012
2017-06-30 20:51:29.690410971,0.7655,0.2166,-0.7768,768303313.7834314,24628474.907906897,-141560265.6299478,781623856.1815476
2017-06-30 20:51:29.889675021,0.484,0.3072,-0.3405,768309647.6809049,24628600.23773918,-141561506.18240172,781630310.761972
2017-06-30 20:51:29.904960030,0.4818,0.2587,-0.464,768310133.5372463,24628609.851513755,-141561601.34195018,781630805.875598
2017-06-30 20:51:30.290404975,0.2079,-0.7458,-0.1092,768322385.4988201,24628852.17307245,-141564001.0143942,781643291.2788057
2017-06-30 20:51:30.490459024,0.8084,0.1958,-0.782,768328744.557418,24628977.950904127,-141565246.52625826,781649771.5039163
2017-06-30 20:51:30.690708994,0.5038,0.3331,-0.3901,768335109.8639009,24629103.865272436,-141566493.27354535,781656258.0984993
2017-06-30 20:51:30.889760971,0.674,-0.3456,-0.6192,768341437.1167204,24629229.01266632,-141567732.5867158,781662705.9173857
2017-06-30 20:51:30.904179810,0.7198,-0.6176,-0.7143,768341895.4476091,24629238.07790944,-141567822.35968316,781663172.9818066
2017-06-30 20:51:31.290405988,0.7925,0.4592,-0.7102,768354172.5173471,24629480.96999539,-141570227.14398092,781675684.0092103
2017-06-30 20:51:31.490460991,0.8448,0.2592,-0.553,768360531.7504123,24629606.7920819,-141571472.7811369,781682164.4299741
2017-06-30 20:51:31.690940022,0.31,-0.3594,-0.1556,768366904.4746946,24629732.866410553,-141572721.06474578,781688658.5992991
2017-06-30 20:51:31.889657020,0.9619,-1.0129,-0.5687,768373221.2263625,24629857.792659752,-141573958.39950517,781695095.7307894
2017-06-30 20:51:31.905429720,0.0836,-0.7625,0.2674,768373722.60387,24629867.708200824,-141574056.61001024,781695606.6631479
2017-06-30 20:51:32.290843009,0.591,0.3035,-0.474,768385974.0851564,24630110.044159558,-141576456.49996716,781708091.6343832
2017-06-30 20:51:32.490413010,0.5923,-0.5214,-0.5736,768392318.0211191,24630235.506838854,-141577699.20451242,781714556.4763614
2017-06-30 20:51:32.690442025,0.4989,-0.7701,-0.2993,768398676.5681915,24630361.22727126,-141578944.77927226,781721036.2084075
2017-06-30 20:51:32.889778971,0.7983,0.134,-0.8575,768405013.1474097,24630486.51805522,-141580186.07861188,781727493.559131
2017-06-30 20:51:32.904250140,0.7347,0.4511,-0.7126,768405473.1611766,24630495.613824848,-141580276.19277602,781727962.3405172
2017-06-30 20:51:33.290632009,0.4748,-0.5183,-0.2378,768417755.6523004,24630738.39453778,-141582682.28677633,781740478.9308896
2017-06-30 20:51:33.490444004,1.1032,-1.1651,-0.6616,768424107.4153363,24630863.898681186,-141583926.59114704,781746951.7576765
2017-06-30 20:51:33.690410017,0.7989,0.7307,-0.5424,768430464.1063489,24630989.528783083,-141585171.8763343,781753429.6100764
2017-06-30 20:51:33.889656007,1.0713,0.3293,-0.716,768436797.9511827,24631114.719598163,-141586412.7060142,781759884.1848785
2017-06-30 20:51:33.905650250,1.3946,0.317,-0.9201,768437306.3936586,24631124.769228145,-141586512.31242692,781760402.3188536
2017-06-30 20:51:34.290611982,1.4497,-1.226,-0.8742,768449544.1927439,24631366.469757956,-141588909.8456685,781772873.394497
2017-06-30 20:51:34.490248024,0.5218,0.569,-0.4655,768455890.5736301,24631491.83512022,-141590153.1931211,781779340.7532499
2017-06-30 20:51:34.690503001,1.798,0.2206,-1.0122,768462256.7024119,24631617.59800135,-141591400.43593615,781785828.2413844
2017-06-30 20:51:34.889853000,0.1482,-0.4942,-0.1015,768468594.0677283,24631742.772904128,-141592642.04633415,781792286.4176409
2017-06-30 20:51:34.904620280,0.3684,-0.3371,-0.2103,768469063.5217768,24631752.045430806,-141592734.0213411,781792764.821025
2017-06-30 20:51:35.290408015,0.5394,0.3178,-0.6029,768481327.8520793,24631994.332808014,-141595136.91169623,781805262.9646008
2017-06-30 20:51:35.490799009,0.9879,0.2588,-0.7273,768487698.3932384,24632120.19533098,-141596385.0821545,781811754.9611211
2017-06-30 20:51:35.690596997,0.5507,-0.4342,-0.5125,768494050.1043905,24632245.668063004,-141597629.57942954,781818227.7710174
2017-06-30 20:51:35.889662027,1.236,-1.3245,-0.6808,768500378.5632982,24632370.628013078,-141598869.53825,781824676.8868318
2017-06-30 20:51:35.904210200,2.3183,-1.0872,-1.0973,768500841.0634806,24632379.760170374,-141598960.15779108,781825148.2049513
2017-06-30 20:51:36.290464997,1.1187,0.0536,-0.8181,768513120.6357809,24632622.227447875,-141601366.2336686,781837661.9135127
2017-06-30 20:51:36.490688979,0.5859,-0.4011,-0.3756,768519486.055589,24632747.89981032,-141602613.4930244,781844148.7050326
2017-06-30 20:51:36.690916001,0.9636,-1.1161,-0.8145,768525851.6106747,24632873.529335443,-141603860.80397135,781850635.6375337
2017-06-30 20:51:36.904660220,0.7157,0.4559,-0.566,768532646.9329729,24633007.660857223,-141605192.34593374,781857560.536157
2017-06-30 20:51:58.457333981,0.6519,0.3118,-0.5656,769218148.9367977,24646677.5085692,-141739719.712018,782556175.3062885
2017-06-30 20:51:58.657303988,2.4597,-0.2302,-1.5609,769224509.2595081,24646804.330938224,-141740967.94617656,782562657.3020066
2017-06-30 20:51:58.857308983,0.1637,-0.3058,-0.0008,769230870.7016087,24646931.163264267,-141742216.39876595,782569140.4379271
2017-06-30 20:51:59.256603002,0.4325,0.7227,-0.2459,769243570.8822939,24647184.48911055,-141744708.87398237,782582083.5802164
2017-06-30 20:51:59.457360029,1.7236,0.2223,-1.1296,769249956.3479737,24647311.86522638,-141745962.08607432,782588591.2094861
2017-06-30 20:51:59.573109980,1.4463,-0.8682,-0.8025,769253638.0185024,24647385.294506256,-141746684.65802574,782592343.3168118
2017-06-30 20:51:59.657299995,-0.1046,-0.528,-0.0442,769256315.8581778,24647438.69909894,-141747210.2166041,782595072.3882133
2017-06-30 20:51:59.857321023,1.957,-1.3855,-1.9212,769262678.0240057,24647565.52381488,-141748458.93046066,782601556.2826822
2017-06-30 20:52:00.256757020,1.5606,-0.5095,-1.5065,769275383.3274413,24647818.70768058,-141750952.81496093,782614504.7113411
2017-06-30 20:52:00.457387983,0.0387,-0.4271,-0.0214,769281765.0203906,24647945.86110712,-141752205.4581797,782621008.5222079
2017-06-30 20:52:00.576329820,0.4367,0.7694,-0.6256,769285548.3423202,24648021.253487937,-141752948.08264303,782624864.2422353
2017-06-30 20:52:00.657325983,1.889,-0.7617,-1.5121,769288124.6942701,24648072.58865614,-141753453.7996682,782627489.8967562
2017-06-30 20:52:00.857429981,0.1064,0.6665,-0.2254,769294489.6707261,24648199.440763924,-141754703.20119372,782633976.6794392
2017-06-30 20:52:01.256808996,0.2677,-0.4621,-0.1113,769307193.2978256,24648452.54575621,-141757196.84603834,782646923.4145911
2017-06-30 20:52:01.457372009,1.4904,-0.2512,-0.7727,769313572.9561827,24648579.64172862,-141758449.15354127,782653425.1630026
2017-06-30 20:52:01.582900040,2.0552,0.1136,-1.2952,769317565.8780837,24648659.190125603,-141759232.96599978,782657494.5016237
2017-06-30 20:52:01.657337009,0.1908,0.5302,-0.2348,769319933.6451402,24648706.36453187,-141759697.76088682,782659907.583406
2017-06-30 20:52:01.856868982,2.1831,-0.3096,-1.2808,769326280.6486317,24648832.805532433,-141760943.7175374,782666376.0626357
2017-06-30 20:52:02.256783008,2.0731,-0.6347,-1.3635,769339002.0277504,24649086.124710634,-141763441.15714097,782679340.9414562
2017-06-30 20:52:02.457310020,-0.1187,0.5236,-0.1034,769345380.8443673,24649213.166411057,-141764693.44071084,782685841.8565053
2017-06-30 20:52:02.576140280,-0.2993,-0.2638,0.0664,769349160.8617426,24649288.446300656,-141765435.53023136,782689694.2279569
2017-06-30 20:52:02.657043993,2.5684,0.3553,-0.5556,769351734.4439139,24649339.701754715,-141765940.77384296,782692317.0717111
2017-06-30 20:52:02.857513010,0.5086,-0.3592,-0.4118,769358111.4706604,24649466.691755883,-141767192.71921495,782698816.1645424
2017-06-30 20:52:03.256375014,0.1042,0.9422,-0.1513,769370799.5011051,24649719.506562408,-141769683.6690526,782711747.0718994
2017-06-30 20:52:03.456667006,2.2954,-0.3682,-1.8677,769377170.9970003,24649846.444924783,-141770934.5959025,782718240.5420877
2017-06-30 20:52:03.562949770,1.6536,-0.3547,-1.2046,769380551.9805788,24649913.79937748,-141771598.40021765,782721686.2520225
2017-06-30 20:52:03.657320976,0.1599,-0.4787,-0.3669,769383554.0444798,24649973.600869082,-141772187.81244877,782724745.7885606
2017-06-30 20:52:03.857316970,-0.0443,-0.4078,-1.5796,769389916.160767,24650100.318752013,-141773436.98634985,782731229.714593
2017-06-30 20:52:04.256596028,-0.5333,0.3606,-1.4817,769402617.6291485,24650353.36029214,-141775931.11741325,782744174.4143374
2017-06-30 20:52:04.457378983,-0.1593,-0.262,-0.3967,769409004.7304482,24650480.595141742,-141777185.34144655,782750683.8305625
2017-06-30 20:52:04.573760270,-0.2924,0.281,-0.4601,769412706.928547,24650554.349010613,-141777912.3426924,782754456.9282758
2017-06-30 20:52:04.657478988,-0.5273,-0.3546,-1.4076,769415370.0959383,24650607.40126895,-141778435.31989974,782757171.0989815
2017-06-30 20:52:04.857300996,-0.2183,0.2505,-0.444,769421726.6042408,24650734.037777636,-141779683.59319398,782763649.3470033
2017-06-30 20:52:05.256591022,0.2725,-0.5086,-0.4898,769434428.4035677,24650987.00536768,-141782178.0065232,782776594.4209989
2017-06-30 20:52:05.457293987,1.0732,-0.6507,-1.1982,769440813.0009309,24651114.13321,-141783431.87060806,782783101.3074756
2017-06-30 20:52:05.573930140,-0.1363,0.0448,-1.1464,769444523.3322793,24651188.012660597,-141784160.55447844,782786882.7085775
2017-06-30 20:52:05.657298982,0.0737,0.5658,-0.3524,769447175.3923802,24651240.823926736,-141784681.40341395,782789585.568267
2017-06-30 20:52:05.856671988,1.0468,-0.5988,-0.9421,769453517.7218488,24651367.096000068,-141785927.02872744,782796049.3881053
2017-06-30 20:52:06.256714999,1.7229,-0.5816,-1.5712,769466243.9158311,24651620.368519697,-141788426.63407797,782809019.3911272
2017-06-30 20:52:06.457355022,-0.0375,0.8021,-0.142,769472626.687631,24651747.428660795,-141789680.3071782,782815524.4465076
2017-06-30 20:52:06.573260180,0.0044,-0.7858,0.2984,769476313.8691552,24651820.81784539,-141790404.52148142,782819282.2674102
2017-06-30 20:52:06.657302975,2.2259,-0.813,-1.45,769478987.4590847,24651874.02657856,-141790929.65929523,782822007.079341
2017-06-30 20:52:06.857569992,-0.2904,-0.5978,0.3909,769485358.3907158,24652000.79460513,-141792181.0035167,782828500.0653718
2017-06-30 20:52:07.256591975,-0.0595,0.7521,-0.2112,769498052.1428566,24652253.49328576,-141794674.27771887,782841437.0148479
2017-06-30 20:52:07.457405984,2.2787,-0.7545,-0.9483,769504440.5626228,24652380.63739455,-141795929.09491834,782847947.8318744
2017-06-30 20:52:07.572919840,1.3235,-0.4515,-1.3346,769508115.3786926,24652453.768231038,-141796650.9188097,782851693.0570265
2017-06-30 20:52:07.657334029,0.0637,-1.1693,0.2781,769510800.8285723,24652507.201801594,-141797178.4048758,782854429.9592036
2017-06-30 20:52:07.857375979,1.3077,0.0422,-1.1862,769517164.7711074,24652633.828596532,-141798428.47135717,782860915.8394594
2017-06-30 20:52:08.256781995,0.8987,-0.9724,-0.7832,769529871.2339923,24652886.49796275,-141800924.4931482,782873865.779921
2017-06-30 20:52:08.457395017,0.0712,-0.8721,0.1228,769536253.4189386,24653013.37323421,-141802178.18608344,782880370.2563729
2017-06-30 20:52:08.572869770,0.4228,0.6019,-0.3018,769539927.0705986,24653086.41186652,-141802899.82761958,782884114.3010727
2017-06-30 20:52:08.657289981,0.9048,0.0255,-1.0331,769542612.7762167,24653139.80845388,-141803427.4059808,782886851.4702138
2017-06-30 20:52:08.857333004,0.0674,0.7143,-0.2322,769548976.8552932,24653266.36615516,-141804677.57052588,782893337.5003455
2017-06-30 20:52:09.577509990,0.7453,-0.7588,-0.7232,769571888.6297028,24653721.594308067,-141809178.67611286,782916688.3611124
2017-06-30 20:52:35.957024991,0.2504,-0.7796,-0.0173,770411303.1041028,24669853.73539376,-141974062.66249198,783772168.4920821
2017-06-30 20:52:36.157225012,0.5051,0.8361,-0.4216,770417673.627952,24669976.199320257,-141975314.0207254,783778660.946612
2017-06-30 20:52:36.357057988,1.8589,0.3841,-0.9527,770424032.5463692,24670098.454060793,-141976563.12277374,783785141.578288
2017-06-30 20:52:36.556707024,0.0303,-0.5731,0.0442,770430385.6128087,24670220.573426053,-141977811.07330096,783791616.2449101
2017-06-30 20:52:36.756358981,2.9063,-1.3052,-1.6325,770436738.8880457,24670342.64255155,-141979059.10715947,783798091.1302998
2017-06-30 20:52:36.957094013,-0.0525,0.64,-0.2095,770443126.6265122,24670465.399668023,-141980313.9198129,783804601.1410246
2017-06-30 20:52:37.157262980,2.258,-0.7974,-0.8766,770449496.4422767,24670587.778664276,-141981565.2290666,783811092.8880749
2017-06-30 20:52:37.357034027,-0.6481,-0.3797,0.3026,770455853.569489,24670709.899227563,-141982814.03874066,783817571.7019753
2017-06-30 20:52:37.557047009,1.4268,-0.9285,-1.578,770462218.452652,24670832.130541526,-141984064.42392808,783824058.4285057
2017-06-30 20:52:37.756681978,0.0498,0.9559,-0.2437,770468571.3085376,24670954.16894191,-141985312.45567206,783830532.9004223
2017-06-30 20:52:37.955861985,2.6422,-0.8022,-1.3387,770474909.7912818,24671075.897395086,-141986557.69629958,783836992.7288859
2017-06-30 20:52:38.157038986,-0.3297,-0.5657,0.3672,770481311.8107957,24671198.823411938,-141987815.40694362,783843517.3075715
2017-06-30 20:52:38.357026994,1.951,-1.1233,-1.8547,770487676.0712297,24671320.977986857,-141989065.758466,783850003.4135389
2017-06-30 20:52:38.556271016,-0.0346,0.8018,-0.2381,770494016.6542673,24671442.70995806,-141990311.4679415,783856465.3915793
2017-06-30 20:52:38.756352007,2.5173,-0.8304,-1.5885,770500383.9731132,24671564.92004868,-141991562.47388923,783862954.6241457
2017-06-30 20:52:38.957028985,-0.501,-0.566,0.4775,770506770.2382989,24671687.471376482,-141992817.18701482,783869463.1623591
2017-06-30 20:52:39.157027006,0.9778,-0.5975,-1.4725,770513134.9357353,24671809.584172834,-141994067.71392718,783875949.7283992
2017-06-30 20:52:39.357088029,0.0077,0.6449,-0.1991,770519501.6384432,24671931.76124806,-141995318.6427408,783882438.3403676
2017-06-30 20:52:39.557093977,1.9676,-1.2743,-1.7072,770525866.6671638,24672053.853714004,-141996569.295477,783888925.2542287
2017-06-30 20:52:39.756358027,-0.4798,-0.3118,0.3575,770532208.0665252,24672175.480912257,-141997815.29487243,783895388.0839921
2017-06-30 20:52:39.956282973,1.043,-0.5718,-1.4259,770538570.5399966,24672297.488654725,-141999065.483848,783901872.3995218
2017-06-30 20:52:40.156238973,-0.2298,0.4166,-0.296,770544933.9925523,24672419.532005113,-142000315.8788481,783908357.7159021
2017-06-30 20:52:40.357020974,2.737,-0.2867,-1.158,770551323.8423197,24672542.067948207,-142001571.4858051,783914869.9391309
2017-06-30 20:52:40.557075023,-0.4989,-0.4854,0.3516,770557690.5051836,24672664.14020046,-142002822.52638206,783921358.5289768
2017-06-30 20:52:40.756344020,1.4383,-0.3182,-1.355,770564032.2411044,24672785.72078171,-142004068.71143073,783927821.721805
2017-06-30 20:52:40.957080006,0.2075,0.6548,-0.1973,770570420.672312,24672908.222806413,-142005324.0786603,783934332.506212
2017-06-30 20:52:41.157069981,2.3555,-0.7017,-1.2598,770576785.4558986,24673030.24150198,-142006574.83085647,783940819.1949414
2017-06-30 20:52:41.357192993,-0.0806,-0.5555,0.3997,770583154.4702282,24673152.31911928,-142007826.39906827,783947310.1919783
2017-06-30 20:52:41.558283984,0.6489,-0.1485,-1.1467,770589554.3172104,24673274.981211264,-142009084.06738514,783953832.6194682
2017-06-30 20:52:41.756210982,0.0477,0.5372,-0.2247,770595853.4699986,24673395.734366074,-142010321.95618033,783960252.4263065
2017-06-30 20:52:41.956422984,2.3296,-0.3992,-1.719,770602225.4378762,24673517.865575634,-142011574.2049123,783966746.4515492
2017-06-30 20:52:42.157270014,-0.2142,-0.784,0.4315,770608617.60758,24673640.352532074,-142012830.4080926,783973261.0617719
2017-06-30 20:52:42.357082009,0.8982,0.1394,-0.909,770614976.8720577,24673762.213835903,-142014080.17391014,783979742.1419438
2017-06-30 20:52:42.557093024,0.3153,0.2901,-0.3392,770621342.4832071,24673884.208123293,-142015331.19810933,783986229.6927446
2017-06-30 20:52:42.756509006,1.3097,-1.2481,-0.8828,770627689.2087384,24674005.789844677,-142016578.53561616,783992697.9990822
2017-06-30 20:52:42.957336008,0.0204,-0.7334,0.2868,770634080.843011,24674128.20227026,-142017834.68741906,783999212.0714136
2017-06-30 20:52:43.157028019,0.8116,-0.4815,-1.1574,770640436.3867793,24674249.903670806,-142019083.78612602,784005689.3684924
2017-06-30 20:52:43.357039988,0.2495,0.448,-0.3276,770646802.1237457,24674371.817990467,-142020334.89931616,784012177.0566335
2017-06-30 20:52:43.557354986,0.6065,-0.8611,-1.0262,770653177.529486,24674493.88246436,-142021587.94918817,784018674.6042839
2017-06-30 20:52:43.756308972,0.1644,-0.7909,0.1879,770659509.6249385,24674615.086282454,-142022832.47795197,784025128.0093434
2017-06-30 20:52:43.957036018,1.0054,0.0417,-1.2246,770665898.1919643,24674737.371938206,-142024088.1471848,784031638.9753927
2017-06-30 20:52:44.157163977,0.2669,0.6302,-0.4488,770672267.7024561,24674859.31786225,-142025340.08674058,784038130.5234822
2017-06-30 20:52:44.357122004,0.7863,-0.9209,-1.0316,770678631.8359288,24674981.123419426,-142026591.00450024,784044616.5967213
2017-06-30 20:52:44.557193994,0.007,-0.9966,-0.2943,770684999.5968217,24675102.9585051,-142027842.6469817,784051106.3677684
2017-06-30 20:52:44.756368994,0.6959,0.2534,-0.8047,770691338.8365083,24675224.257415675,-142029088.70985207,784057567.0762411
2017-06-30 20:52:44.957027018,0.529,0.1864,-0.5632,770697725.2984211,24675346.46700295,-142030344.0733763,784064075.9153738
2017-06-30 20:52:45.157236993,0.8618,-0.6536,-0.5536,770704097.5345572,24675468.3775097,-142031596.6559917,784070570.2580962
2017-06-30 20:52:45.357492029,0.6127,-1.0688,-0.3722,770710471.2294548,24675590.272593584,-142032849.53545028,784077066.0880146
2017-06-30 20:52:45.557034015,0.9695,0.4914,-0.7389,770716822.2680792,24675711.753210567,-142034097.98318988,784083538.8320761
2017-06-30 20:52:45.756295025,1.3653,0.4097,-1.1294,770723164.4179857,24675833.079037245,-142035344.7178272,784090002.5237727
2017-06-30 20:52:45.957037985,0.971,-0.9755,-1.0026,770729553.7750502,24675955.267881587,-142036600.7651195,784096514.3319924
2017-06-30 20:52:46.157245993,0.163,-0.9675,-0.2172,770735926.1119025,24676077.092329152,-142037853.47392696,784103008.7939463
2017-06-30 20:52:46.357020020,1.0511,0.3209,-1.1361,770742284.6777042,24676198.665510897,-142039103.51264086,784109489.2280425
2017-06-30 20:52:46.557310998,0.6793,0.5771,-0.3432,770748659.7246826,24676320.576436196,-142040356.79982132,784115986.4614457
2017-06-30 20:52:54.690705001,0.9044,-0.912,-0.1013,771007596.7590945,24681210.791167364,-142091256.84899378,784379883.5381228
2017-06-30 20:52:54.890618979,1.9682,-1.0391,-1.6366,771013961.3557631,24681330.94820318,-142092508.0072794,784386370.0592201
2017-06-30 20:52:55.290647983,2.7431,-0.7668,-1.5334,771026697.3887601,24681571.260407653,-142095011.82748577,784399350.0968461
2017-06-30 20:52:55.489910006,0.0338,-0.6617,0.1224,771033041.4493444,24681690.938194916,-142096259.0228902,784405815.6990521
2017-06-30 20:52:55.690618991,2.1973,-1.1772,-1.5928,771039431.6665037,24681811.437612496,-142097515.3390989,784412328.3490592
2017-06-30 20:52:55.890613973,0.2937,0.6227,-0.3668,771045799.1628246,24681931.533271685,-142098767.20075423,784418817.8459426
2017-06-30 20:52:55.906999700,-0.0033,0.9289,-0.2542,771046320.856195,24681941.373041388,-142098869.7667125,784419349.5349243
2017-06-30 20:52:56.290759027,-0.2727,-0.4216,0.3475,771058539.0530828,24682171.76172152,-142101271.8453353,784431801.8219374
2017-06-30 20:52:56.490163981,1.9521,-1.0786,-1.6265,771064887.8206681,24682291.43095793,-142102520.0526429,784438272.2340198
2017-06-30 20:52:56.690621018,0.1995,0.6824,-0.2649,771071270.0930829,24682411.759003602,-142103774.85627735,784444776.7954125
2017-06-30 20:52:56.890622019,2.8748,-0.1871,-1.6566,771077637.9609407,24682531.805821154,-142105026.8715217,784451266.6838679
2017-06-30 20:52:56.907539720,2.4564,-0.0425,-1.538,771078176.60737,24682541.960338995,-142105132.7775296,784451815.6518537
2017-06-30 20:52:57.290602982,1.2219,-0.6308,-1.3744,771090373.2227124,24682771.79397842,-142107530.98238862,784464246.0062065
2017-06-30 20:52:57.490143001,0.045,0.5715,-0.2995,771096726.5167631,24682891.538495634,-142108780.23403612,784470721.0592213
2017-06-30 20:52:57.690946996,2.612,-0.4115,-1.5792,771103120.1607503,24683012.024935737,-142110037.46268088,784477237.2426826
2017-06-30 20:52:57.890712022,-0.0868,-0.5016,0.1179,771109480.7202688,24683131.86795664,-142111288.18166256,784483719.7062441
2017-06-30 20:52:57.907049770,-0.2721,-0.6082,0.2923,771110000.9174532,24683141.669134974,-142111390.4714195,784484249.8733124
2017-06-30 20:52:58.290589988,0.4632,0.7939,-0.4551,771122212.98332,24683371.8755307,-142113791.8629353,784496696.0039412
2017-06-30 20:52:58.490365028,2.1206,-0.2242,-1.5045,771128573.9809228,24683491.774456292,-142115042.73857537,784503178.9283065
2017-06-30 20:52:58.690599977,0.1098,-0.8658,-0.0422,771134949.6267996,24683611.914691914,-142116296.49559128,784509676.7807932
2017-06-30 20:52:58.890600025,1.7503,-1.4371,-1.0817,771141317.8632469,24683731.85650377,-142117548.82505918,784516167.0853394
2017-06-30 20:52:58.907189840,2.1433,-1.2168,-1.7448,771141846.1030327,24683741.80522884,-142117652.7050854,784516705.4506258
2017-06-30 20:52:59.290606975,1.6975,-0.5753,-2.1894,771154054.8181512,24683971.651589047,-142120053.86035168,784529148.2336663
2017-06-30 20:52:59.489946007,0.2064,-0.5083,-0.1151,771160402.152102,24684091.128791746,-142121302.228451,784535617.2598901
2017-06-30 20:52:59.690847992,1.4392,-1.2381,-1.4928,771166799.3115377,24684211.492804915,-142122560.44485343,784542137.0741179
2017-06-30 20:52:59.890609025,0.5039,1.1759,-0.5205,771173160.1606694,24684331.22017677,-142123811.5364296,784548619.88638
2017-06-30 20:52:59.908319950,0.3567,0.7787,-0.4342,771173724.1172258,24684341.835516836,-142123922.45904523,784549194.656287
2017-06-30 20:53:00.290816009,0.4313,-0.5216,-0.1936,771185903.7339207,24684571.014635816,-142126318.04058495,784561607.8064578
2017-06-30 20:53:00.489965021,1.3879,-1.2072,-0.7285,771192245.1840575,24684690.290327463,-142127565.34428093,784568070.8501014
2017-06-30 20:53:00.690847992,0.5424,0.7104,-0.4654,771198641.8700873,24684810.633201182,-142128823.52683395,784574590.1922812
2017-06-30 20:53:00.889868021,2.0865,0.208,-1.1079,771204979.3173811,24684929.868281715,-142130070.0851771,784581049.1650571
2017-06-30 20:53:00.906100270,1.4388,0.3037,-1.1143,771205496.2055479,24684939.59328001,-142130171.755868,784581575.9649992
2017-06-30 20:53:01.290713012,1.6148,-0.6116,-0.8945,771217743.7784246,24685169.930412814,-142132580.91008136,784594058.4081286
2017-06-30 20:53:01.490077972,0.7947,0.524,-0.6141,771224092.36951,24685289.347058762,-142133829.7254966,784600528.7493496
2017-06-30 20:53:01.690819025,1.8337,0.7546,-0.8844,771230484.8548853,24685409.618372045,-142135087.1963508,784607043.8313962
2017-06-30 20:53:01.890614986,0.2895,-0.6411,-0.1669,771236847.2558964,24685529.297854412,-142136338.75367507,784613528.2521132
2017-06-30 20:53:01.906090140,0.2265,-0.3564,-0.3046,771237340.0543785,24685538.567518115,-142136435.6928565,784614030.5016161
2017-06-30 20:53:02.290632009,0.6119,0.6564,-0.3631,771249585.6869296,24685769.00631551,-142138844.58680972,784626510.9937128
2017-06-30 20:53:02.489947974,0.4102,0.4212,-0.2776,771255932.8666054,24685888.46421984,-142140093.17715156,784632979.9081956
2017-06-30 20:53:02.690605998,0.6802,-0.4694,-0.7678,771262322.8112867,24686008.7075732,-142141350.20557132,784639492.4119195
2017-06-30 20:53:02.889724016,0.3254,-0.8611,-0.139,771268663.7274559,24686127.993944515,-142142597.59208676,784645954.9462385
2017-06-30 20:53:02.905330180,0.639,-0.9737,-0.1869,771269160.7061303,24686137.342950054,-142142695.357863,784646461.456911
2017-06-30 20:53:03.290601015,0.7461,0.3962,-0.391,771281429.7760433,24686368.201536447,-142145108.96879223,784658965.8546631
2017-06-30 20:53:03.489916026,0.3633,-0.5113,-0.5969,771287777.0391709,24686487.61300451,-142146357.64370096,784665434.8651173
2017-06-30 20:53:03.690599024,2.0231,-1.4853,-1.2001,771294167.9478478,24686607.78422777,-142147614.93714982,784671948.3622283
2017-06-30 20:53:03.890690982,0.399,0.9361,-0.3983,771300540.0503637,24686727.639008112,-142148868.54363713,784678442.6959502
2017-06-30 20:53:03.907620190,0.972,0.2949,-0.6102,771301079.1760023,24686737.779662628,-142148974.60786968,784678992.1632516
2017-06-30 20:53:04.290610015,0.33,-0.4473,-0.422,771313275.8749512,24686967.12629034,-142151374.1631103,784691422.8302127
2017-06-30 20:53:04.490346014,1.2676,-1.0287,-0.6822,771319636.7207438,24687086.693592463,-142152625.60102144,784697905.6972824
2017-06-30 20:53:04.690672993,0.5207,0.5126,-0.4591,771326016.407939,24687206.63524209,-142153880.76011822,784704407.7704376
2017-06-30 20:53:04.890827000,2.1871,0.1383,-1.3066,771332390.6742225,24687326.47886882,-142155134.88779446,784710904.325187
2017-06-30 20:53:04.910369750,1.5558,0.3721,-1.0051,771333013.0490288,24687338.180370655,-142155257.33940482,784711538.6401283
2017-06-30 20:53:05.290759027,1.8447,-0.8933,-1.0919,771345127.5118841,24687565.814648714,-142157640.95313177,784723885.5314249
2017-06-30 20:53:05.907729860,0.2527,-0.6265,-0.0461,771364776.6115857,24687934.786656454,-142161507.0632213,784743911.6116531
2017-06-30 20:53:18.424033999,0.4857,0.6698,-0.4339,771763468.1530526,24695524.941687625,-142240005.6647885,785150265.1972375
2017-06-30 20:53:18.623045980,-0.2832,-0.5456,0.215,771769807.4247901,24695645.605208457,-142241253.80125523,785156726.2956542
2017-06-30 20:53:18.823364973,1.7184,-0.8245,-1.5211,771776188.3986763,24695767.028102167,-142242510.19590154,785163229.9051749
2017-06-30 20:53:19.222790002,2.9052,-0.8148,-1.423,771788912.1723361,24696009.00866503,-142245015.60459056,785176198.2367169
2017-06-30 20:53:19.236369960,0.1874,0.7711,-0.2413,771789344.7649709,24696017.235847708,-142245100.7854382,785176639.144031
2017-06-30 20:53:19.423543989,0.0185,-0.4534,0.0999,771795307.2366645,24696130.616111383,-142246274.83876887,785182716.2167108
2017-06-30 20:53:19.622906029,1.7645,-1.0289,-1.6872,771801658.030379,24696251.33834253,-142247525.40873235,785189189.0834442
2017-06-30 20:53:19.823306024,0.2972,0.7161,-0.358,771808041.9006892,24696372.717858456,-142248782.50401852,785195695.6656545
2017-06-30 20:53:20.222570002,-0.4356,-0.4628,0.361,771820760.6412228,24696614.472773258,-142251287.00174636,785208658.8779225
2017-06-30 20:53:20.234339830,2.2604,-1.0684,-1.7873,771821135.5749052,24696621.59927309,-142251360.8316132,785209041.0183772
2017-06-30 20:53:20.423667013,1.3489,-1.0244,-1.5965,771827166.734151,24696736.198055424,-142252548.50183713,785215188.1127688
2017-06-30 20:53:20.623591005,0.3907,0.5859,-0.4046,771833535.4783021,24696857.23445062,-142253802.6631801,785221679.284474
2017-06-30 20:53:20.824199020,2.3429,0.0584,-1.4538,771839926.1068584,24696978.68731181,-142255061.17403597,785228192.7685422
2017-06-30 20:53:21.222790002,1.9163,-1.214,-1.8624,771852624.0441133,24697219.81089376,-142257562.02344355,785241134.8515975
2017-06-30 20:53:21.228369830,-0.2633,-0.3983,0.2636,771852801.8010265,24697223.186341856,-142257597.03253034,785241316.0262777
2017-06-30 20:53:21.423651993,0.2647,0.7614,-0.3405,771859022.9266262,24697341.34891274,-142258822.28941002,785247656.7695829
2017-06-30 20:53:21.623537003,2.6182,-0.5836,-1.3382,771865390.7902427,24697462.27328634,-142260076.47935206,785254147.0775086
2017-06-30 20:53:21.823557019,-0.2453,-0.4703,0.1135,771871762.945017,24697583.260518715,-142261331.51185605,785260641.758063
2017-06-30 20:53:22.222802996,0.1072,0.9306,-0.0501,771884481.9749779,24697824.903014123,-142263836.60252434,785273605.3590428
2017-06-30 20:53:22.235369800,1.7921,-0.6713,-1.7305,771884882.3238324,24697832.508930594,-142263915.45389506,785274013.4061414
2017-06-30 20:53:22.422819018,2.3029,0.1855,-1.3788,771890854.0964955,24697945.966974836,-142265091.66676554,785280100.0151209
2017-06-30 20:53:22.623606979,-0.2916,-0.3441,0.0567,771897250.8041782,24698067.48473407,-142266351.57575846,785286619.7301506
2017-06-30 20:53:22.823540985,1.7548,-0.9998,-1.8192,771903620.3766878,24698188.44571036,-142267606.19905454,785293111.7975929
2017-06-30 20:53:23.222787022,3.3472,-0.67,-1.6164,771916340.2401292,24698429.884569008,-142270111.8002872,785306076.3041021
2017-06-30 20:53:23.235509870,-0.0041,0.6795,-0.2136,771916745.5863917,24698437.578656185,-142270191.64678404,785306489.4464617
2017-06-30 20:53:23.423539996,-0.4245,-0.4568,0.4482,771922736.156887,24698551.272909485,-142271371.6770142,785312595.2318444
2017-06-30 20:53:23.623839974,1.6187,-0.7431,-1.5492,771929117.7052861,24698672.356435478,-142272628.771933,785319099.5226771
2017-06-30 20:53:23.823553025,0.049,0.6691,-0.2519,771935480.5561715,24698793.11184494,-142273882.1933091,785325584.7589742
2017-06-30 20:53:24.222886979,-0.2566,-0.2771,0.4555,771948203.2811908,24699034.5227586,-142276388.3850927,785338552.1845472
2017-06-30 20:53:24.237230060,2.6806,-0.4712,-1.4423,771948660.2503362,24699043.193540394,-142276478.40155607,785339017.9427695
2017-06-30 20:53:24.423573970,1.602,-1.0691,-1.5445,771954597.2045505,24699155.806368653,-142277647.94030347,785345069.091423
2017-06-30 20:53:24.623875975,0.3141,0.805,-0.1828,771960978.879063,24699276.886760805,-142278905.0907126,785351573.5162578
2017-06-30 20:53:24.823534011,2.4553,-0.8261,-1.5594,771967340.1344304,24699397.544949573,-142280158.26155826,785358057.1358805
2017-06-30 20:53:25.223037004,1.8418,-1.1384,-1.6965,771980068.8945652,24699638.79259635,-142282666.0472412,785371030.777462
2017-06-30 20:53:25.235480070,-0.3518,-0.5471,0.1219,771980465.3491187,24699646.30649888,-142282744.15563032,785371434.8591784
2017-06-30 20:53:25.423527002,0.1875,0.6259,-0.1748,771986456.8101426,24699759.883146223,-142283924.58172855,785377541.5880839
2017-06-30 20:53:25.623818993,2.4767,-0.1025,-1.7565,771992838.5167123,24699880.851456314,-142285181.9441418,785384046.079397
2017-06-30 20:53:25.823544025,-0.208,-0.5478,0.3199,771999202.1505282,24700001.455494173,-142286435.73462576,785390532.1475534
2017-06-30 20:53:26.222792983,0.0837,0.7368,-0.1962,772011923.0238676,24700242.659577675,-142288942.08440828,785403497.7754761
2017-06-30 20:53:26.235829940,2.257,-0.8676,-1.6901,772012338.4078743,24700250.535636783,-142289023.9262976,785403921.1516683
2017-06-30 20:53:26.423541009,3.4909,-0.4139,-1.4388,772018319.3879106,24700363.923549645,-142290202.36766723,785410017.2128705
2017-06-30 20:53:26.623171985,-0.103,-0.6187,0.206,772024680.1641713,24700484.487091716,-142291455.63344952,785416500.3759305
2017-06-30 20:53:26.823665022,2.1822,-0.903,-1.4813,772031068.4957175,24700605.534961738,-142292714.3707198,785423011.630943
2017-06-30 20:53:27.223385989,2.6485,-0.37,-1.5643,772043805.2717364,24700846.80777474,-142295224.15259257,785435993.5145069
2017-06-30 20:53:27.236049890,0.2947,0.8028,-0.446,772044208.7964518,24700854.451873332,-142295303.66720498,785436404.804701
2017-06-30 20:53:27.423586010,-0.0824,-0.5238,0.1171,772050184.4766749,24700967.63274054,-142296481.17244115,785442495.4804268
2017-06-30 20:53:27.623562991,2.2898,-1.1803,-1.7716,772056556.6660073,24701088.27465322,-142297736.86243168,785448990.3036948
2017-06-30 20:53:27.823750972,0.1706,0.7809,-0.2834,772062935.58561,24701209.075152513,-142298993.88868493,785455491.9895692
2017-06-30 20:53:28.222927987,0.1443,-0.4996,0.1165,772075655.2437842,24701449.87305672,-142301500.39416486,785468456.4388186
2017-06-30 20:53:28.236049890,3.0155,-0.9279,-1.3805,772076073.369883,24701457.788499862,-142301582.78923127,785468882.6118157
2017-06-30 20:53:28.423600018,1.943,-0.7979,-1.6438,772082049.6753144,24701570.895119578,-142302760.51200292,785474973.9392451
2017-06-30 20:53:28.623544991,0.3279,0.8038,-0.2259,772088420.9569522,24701691.508883268,-142304016.07734996,785481467.846914
2017-06-30 20:53:28.823656976,2.6539,-0.5927,-1.5745,772094797.6667316,24701812.19965985,-142305272.7545085,785487967.2940341
2017-06-30 20:53:29.236200090,-0.2475,-0.5567,0.2085,772107943.6023947,24702060.916342337,-142307863.43595767,785501366.2516065
2017-06-30 20:54:08.641245007,1.7849,-0.773,-1.2716,773366380.691533,24724617.405158307,-142557293.07420918,786784244.439604
2017-06-30 20:54:08.840438008,0.6433,0.8351,-0.3905,773372742.1324776,24724731.461629856,-142558553.959683,786790729.4360002
2017-06-30 20:54:09.240916013,-0.1798,-0.5361,0.0332,773385531.7958772,24724960.686457608,-142561088.9676196,786803767.5048157
2017-06-30 20:54:09.407019850,2.0854,0.0867,-1.0288,773390836.5446535,24725055.763043415,-142562140.42589557,786809175.2874628
2017-06-30 20:54:09.439736008,2.1617,-1.2844,-1.4012,773391881.3813447,24725074.4881512,-142562347.52480927,786810240.4181106
2017-06-30 20:54:09.640610992,0.5579,0.9172,-0.4148,773398296.6300459,24725189.496048603,-142563619.11478516,786816780.2741485
2017-06-30 20:54:09.840537011,2.6848,-0.0621,-1.0373,773404681.6794164,24725303.958148457,-142564884.73903143,786823289.3478152
2017-06-30 20:54:10.240424990,2.2406,-1.157,-1.7009,773417453.2843027,24725532.717908863,-142567416.48703876,786836309.0610077
2017-06-30 20:54:10.404210090,-0.4975,-0.6034,0.2208,773422684.2323594,24725626.39656238,-142568453.42801663,786841641.6273016
2017-06-30 20:54:10.439776003,-0.0065,0.8804,-0.0856,773423820.1320362,24725646.73998336,-142568678.59972236,786842799.5934217
2017-06-30 20:54:10.640417993,2.4127,-0.372,-1.3806,773430228.3079222,24725761.49063929,-142569948.941801,786849332.263175
2017-06-30 20:54:10.840728998,-0.1704,-0.5053,0.1902,773436625.9058533,24725876.031724215,-142571217.1806539,786855854.1477214
2017-06-30 20:54:11.240413010,0.7772,0.7955,-0.234,773449391.2677863,24726104.704610556,-142573747.75694796,786868867.5095961
2017-06-30 20:54:11.405259720,1.8446,-0.9813,-1.5724,773454656.2968792,24726198.992382307,-142574791.51712373,786874234.8305006
2017-06-30 20:54:11.439656972,1.7914,-0.1965,-1.2966,773455754.9107484,24726218.666429304,-142575009.311793,786875354.7890248
2017-06-30 20:54:11.640420973,-0.1574,-0.4387,0.1139,773462167.1060513,24726333.47886163,-142576280.49390036,786881891.5638944
2017-06-30 20:54:11.840566992,2.713,-0.9855,-1.7792,773468559.6723245,24726447.89840632,-142577547.83438864,786888408.3360996
2017-06-30 20:54:12.240424990,3.1892,-0.971,-1.7684,773481331.4517547,24726676.33411385,-142580080.0497326,786901428.295755
2017-06-30 20:54:12.404049750,0.0994,0.8454,-0.2397,773486557.75814,24726769.83427734,-142581116.25682634,786906756.16112
2017-06-30 20:54:12.439673006,-0.5367,-0.3479,0.2677,773487695.5928959,24726790.190047584,-142581341.8523596,786907916.1065356
2017-06-30 20:54:12.640425026,1.2727,-1.1354,-1.9124,773494107.8212684,24726904.857610263,-142582613.25507945,786914452.9494327
2017-06-30 20:54:12.840427994,-0.0447,0.8358,-0.1349,773500496.1223528,24727019.130754862,-142583879.91929924,786920965.4021552
2017-06-30 20:54:13.240508973,-0.2878,-0.7657,-0.0392,773513275.0754058,24727247.59735881,-142586413.72927773,786933992.7031989
2017-06-30 20:54:13.404109950,2.4177,-0.0111,-1.5152,773518500.7052249,24727341.02154721,-142587449.89454165,786939319.8936518
2017-06-30 20:54:13.439657986,2.5599,-0.7404,-1.4939,773519636.1593618,24727361.320285063,-142587675.0395843,786940477.4156489
2017-06-30 20:54:13.640703022,0.2343,0.8674,-0.4014,773526057.82931,24727476.156637207,-142588948.3833479,786947023.8962082
2017-06-30 20:54:13.840451002,2.7945,-0.3438,-1.4698,773532438.1809075,24727590.238397293,-142590213.57068977,786953528.2615057
2017-06-30 20:54:14.240522027,2.6451,-1.0253,-1.3723,773545217.6761997,24727818.5662472,-142592747.80743408,786966556.1687098
2017-06-30 20:54:14.406889910,-0.2055,-0.4968,0.0103,773550531.9708352,24727913.501689766,-142593801.65902984,786971973.7640496
2017-06-30 20:54:14.439680993,0.2539,0.686,-0.308,773551579.4177268,24727932.21418786,-142594009.37334117,786973041.5715736
2017-06-30 20:54:14.640406012,3.2163,-1.2739,-1.2198,773557991.3147198,24728046.70822568,-142595280.91019925,786979578.1077975
2017-06-30 20:54:14.840571999,-0.8385,-0.4822,0.266,773564385.3205744,24728160.86407026,-142596548.8950883,786986096.4038098
2017-06-30 20:54:15.240485012,-0.0209,0.7097,-0.1196,773577159.9458528,24728389.05032611,-142599082.23001558,786999119.356406
2017-06-30 20:54:15.404139750,1.5455,-0.9604,-1.1829,773582387.6939845,24728482.40431568,-142600118.9678064,787004448.7307421
2017-06-30 20:54:15.440033018,3.1442,-0.2471,-1.4122,773583534.2640743,24728502.87868574,-142600346.35019433,787005617.5900607
2017-06-30 20:54:15.640062987,-0.6379,-0.3969,0.2409,773589923.9710077,24728616.96463623,-142601613.52224553,787012131.511072
2017-06-30 20:54:15.840426027,2.3815,-1.2563,-1.4222,773596324.4130833,24728731.190117262,-142602882.8613666,787018656.3812056
2017-06-30 20:54:16.240417003,2.9377,-0.4166,-1.3013,773609102.2849177,24728959.155349005,-142605417.09077945,787031682.6803216
2017-06-30 20:54:16.404289960,0.351,0.7622,-0.2464,773614337.2815491,24729052.571265936,-142606455.34998834,787037019.4572369
2017-06-30 20:54:16.439872980,-0.3016,-0.4933,0.2076,773615473.9970309,24729072.854771815,-142606680.795088,787038178.2730107
2017-06-30 20:54:16.640430986,1.5206,-0.6161,-1.3305,773621880.9733583,24729187.154729653,-142607951.533883,787044709.8219903
2017-06-30 20:54:16.840466976,0.2778,0.7753,-0.271,773628271.2846079,24729301.18820866,-142609218.97602004,787051224.3844224
2017-06-30 20:54:17.240548014,-0.6708,-0.3929,0.3294,773641052.0891008,24729529.19744084,-142611753.86496088,787064253.6872692
2017-06-30 20:54:17.404909840,2.7897,-0.7329,-1.5675,773646302.7916238,24729622.848698765,-142612795.29376447,787069606.4840065
2017-06-30 20:54:17.439783990,1.3112,-0.7596,-1.2926,773647416.8827358,24729642.718617793,-142613016.26479882,787070742.2376109
2017-06-30 20:54:17.640411972,0.0693,0.5936,-0.2102,773653826.1557602,24729757.052444346,-142614287.5005929,787077276.1353372
2017-06-30 20:54:17.840421020,2.7585,-0.9803,-1.2762,773660215.7666334,24729870.99433739,-142615554.86569822,787083789.9926038
2017-06-30 20:54:18.240409970,1.0834,-0.6087,-1.2279,773672994.2305984,24730098.76413286,-142618089.60767728,787096816.9608914
2017-06-30 20:54:18.404310220,-0.4219,-0.3595,0.4484,773678230.347509,24730192.085869838,-142619128.23643437,787102154.9031471
2017-06-30 20:54:18.439741015,0.0779,0.6022,-0.1718,773679362.2542686,24730212.260257825,-142619352.76005724,787103308.8218515
2017-06-30 20:54:18.640395998,1.6101,-0.7754,-1.0346,773685772.6390334,24730326.48251414,-142620624.34483597,787109843.8721883
2017-06-30 20:54:18.840439975,-0.205,-0.4093,0.2565,773692163.4956032,24730440.34057789,-142621892.04730117,787116359.0125021
2017-06-30 20:54:19.240783989,0.0737,0.7759,-0.2367,773704953.4009699,24730668.326803453,-142624429.11285138,787129397.6550832
2017-06-30 20:54:19.404289960,1.635,-0.7001,-1.026,773710177.0169653,24730761.420779627,-142625465.31255195,787134722.8624191
2017-06-30 20:54:29.640412986,2.2737,-0.6469,-1.2253,774037434.3541762,24736521.692314025,-142690463.91304445,787468357.3190415
2017-06-30 20:54:29.840408980,0.4665,-0.9436,-0.3721,774043828.4105275,24736634.200232457,-142691733.8872358,787474875.9749278
2017-06-30 20:54:30.240436017,0.4471,0.3986,-0.5716,774056617.7153248,24736859.29957079,-142694274.14964792,787487914.5180516
2017-06-30 20:54:30.405380120,0.632,0.43,-0.8152,774061891.1770934,24736952.12701708,-142695321.60429052,787493290.7529718
2017-06-30 20:54:30.439840018,0.366,-0.437,-0.6209,774062992.9019992,24736971.519882165,-142695540.4378293,787494413.9492166
2017-06-30 20:54:30.640366971,0.5372,-0.7864,-0.1837,774069404.0144985,24737084.33804708,-142696813.8681015,787500950.0064213
2017-06-30 20:54:30.840390026,0.6539,0.1538,-0.9815,774075799.0428727,24737196.87886812,-142698084.1376791,787507469.672415
2017-06-30 20:54:31.240638971,0.4671,-0.5051,-0.3111,774088595.6593806,24737421.993716516,-142700626.0147994,787520515.695828
2017-06-30 20:54:31.403749940,0.2438,0.4054,-0.2067,774093810.591589,24737513.74415958,-142701661.8957091,787525832.2685336
2017-06-30 20:54:31.439634978,0.384,-0.6281,-0.4502,774094957.8971459,24737533.92879969,-142701889.79405707,787527001.9354624
2017-06-30 20:54:31.640429973,0.6456,0.3321,-0.7722,774101377.6798875,24737646.885492228,-142703165.0320793,787533546.8470559
2017-06-30 20:54:31.840371012,0.7498,0.4613,-0.664,774107770.1900705,24737759.380235206,-142704434.87321806,787540063.9588325
2017-06-30 20:54:32.240567982,0.796,-0.8887,-0.7112,774120565.4056414,24737984.40455979,-142706976.66930333,787553108.5878865
2017-06-30 20:54:32.403789870,0.3076,-0.4768,-0.4833,774125783.992185,24738076.16890163,-142708013.36358115,787558428.900506
2017-06-30 20:54:32.439728021,0.4389,0.6615,-0.5491,774126933.0197207,24738096.37440387,-142708241.62335506,787559600.3262091
2017-06-30 20:54:32.640356004,1.5191,0.5108,-1.1681,774133347.6311561,24738209.194010727,-142709515.9512351,787566139.9855778
2017-06-30 20:54:32.840353012,0.1237,-0.3043,-0.2442,774139742.0735866,24738321.646628287,-142710786.28112167,787572659.0839903
2017-06-30 20:54:33.240516006,0.6552,0.6078,-0.6432,774152536.4660463,24738546.74420219,-142713328.11719579,787585702.9137303
2017-06-30 20:54:33.403530000,1.3345,-1.1245,-0.9709,774157748.5402203,24738638.412091155,-142714363.60818586,787591016.6040726
2017-06-30 20:54:33.439657986,2.3111,0.1119,-1.5855,774158903.6694819,24738658.728138488,-142714593.10100684,787592194.2543535
2017-06-30 20:54:33.640353977,-0.0175,-0.4075,0.0766,774165320.5726115,24738771.57019564,-142715867.96248582,787598736.2638301
2017-06-30 20:54:33.840475022,1.988,-1.101,-1.4806,774171719.172465,24738884.044893976,-142717139.23108736,787605259.6196538
2017-06-30 20:54:34.240490019,2.356,-0.0889,-1.6097,774184509.4881687,24739108.85243174,-142719680.58325386,787618299.3455871
2017-06-30 20:54:34.405480260,0.2718,0.7297,-0.3264,774189784.9909521,24739201.596443597,-142720728.7986052,787623677.7222807
2017-06-30 20:54:34.439603984,0.0029,-0.3918,0.0672,774190876.0845853,24739220.777552564,-142720945.5932363,787624790.092545
2017-06-30 20:54:34.640465974,2.3249,-1.3947,-1.9454,774197298.6672797,24739333.626770835,-142722221.78687018,787631337.9264379
2017-06-30 20:54:34.840546011,-0.1201,0.8168,-0.2253,774203696.242139,24739446.06936679,-142723493.0213188,787637860.2676587
2017-06-30 20:54:35.240357995,-0.2546,-0.2889,0.1988,774216480.2209549,24739670.71275571,-142726033.24680296,787650893.555684
2017-06-30 20:54:35.403569930,1.7819,0.1633,-1.4714,774221698.9662169,24739762.421415888,-142727070.26120967,787656214.0808336
2017-06-30 20:54:35.439674019,1.4658,-0.9386,-1.4768,774222853.4060271,24739782.707052134,-142727299.66094455,787657391.0356379
2017-06-30 20:54:35.640336990,0.1092,0.7325,-0.3864,774229269.6731955,24739895.482115153,-142728574.65763757,787663932.4426099
2017-06-30 20:54:35.840362012,2.2093,-0.2496,-1.5456,774235665.6301204,24740007.88865647,-142729845.66269243,787670453.1508988
2017-06-30 20:54:36.240345001,0.8609,-0.7625,-1.4624,774248455.5375663,24740232.542067096,-142732387.48068333,787683492.5555303
2017-06-30 20:54:36.404530160,-0.4747,-0.3756,0.2732,774253705.5305085,24740324.747753702,-142733430.83966798,787688844.9607561
2017-06-30 20:54:36.439603984,-0.0507,0.7959,-0.1445,774254827.0528151,24740344.4460431,-142733653.72594348,787689988.3608086
2017-06-30 20:54:36.639491021,2.29,-0.4964,-1.8301,774261218.7419537,24740456.68749878,-142734924.0362992,787696504.743121
2017-06-30 20:54:36.840351998,-0.3658,-0.5285,0.2437,774267641.5595329,24740569.454523172,-142736200.5263491,787703052.8592571
2017-06-30 20:54:37.240386009,0.2848,0.9795,-0.2632,774280433.2658707,24740794.197676543,-142738742.82153445,787716094.1215993
2017-06-30 20:54:37.403370260,2.0046,-0.9059,-1.8311,774285644.9926763,24740885.739812993,-142739778.6672958,787721407.5311803
2017-06-30 20:54:37.439764976,2.409,-0.9675,-1.5391,774286808.7851032,24740906.18007743,-142740009.9758078,787722594.0298553
2017-06-30 20:54:37.640554010,-0.4238,-0.3604,0.1906,774293229.3911972,24741018.934141416,-142741286.09328064,787729139.9043915
2017-06-30 20:54:37.840349972,0.8688,-0.6728,-1.4812,774299618.276632,24741131.103683848,-142742555.9583979,787735653.4480104
2017-06-30 20:54:38.240450978,2.0263,-0.8188,-1.3869,774312412.6508136,24741355.597503595,-142745099.1462768,787748697.4868358
2017-06-30 20:54:38.403559800,-0.1185,0.8446,-0.0681,774317628.5188277,24741447.13916999,-142746135.9272339,787754015.1365259
2017-06-30 20:54:38.439767003,-0.5665,-0.4136,0.3581,774318786.3462741,24741467.45921901,-142746366.07335076,787755195.5575727
2017-06-30 20:54:38.640356004,1.1893,-0.4142,-1.4621,774325200.7932401,24741580.016240142,-142747641.14863613,787761735.1831018
2017-06-30 20:54:38.840357005,0.0901,0.7995,-0.1315,774331596.4407113,24741692.27529565,-142748912.4914678,787768255.6441091
2017-06-30 20:54:39.240565001,-0.5587,-0.5234,0.4565,774344394.2334607,24741916.825198423,-142751456.41345358,787781303.1781932
2017-06-30 20:54:39.404490230,2.1972,-0.7753,-1.4978,774349636.2694949,24742008.780024126,-142752498.44436213,787786647.5139557
2017-06-30 20:54:39.439586997,1.117,-0.8489,-1.5685,774350758.6027926,24742028.466717273,-142752721.5474985,787787791.7501552
2017-06-30 20:54:39.640525996,0.0319,1.2144,-0.0439,774357184.2822461,24742141.227682434,-142753998.878345,787794342.831819
2017-06-30 20:54:39.840339004,0.9554,-1.0216,-0.939,774363573.9926118,24742253.315987453,-142755269.08897156,787800857.2465686
2017-06-30 20:54:40.240517973,0.9214,-0.0331,-1.0456,774376371.2434791,24742477.797484584,-142757813.19279075,787813904.2790279
2017-06-30 20:54:40.404229760,-0.1932,-0.5036,0.0887,774381606.5479262,24742569.618566077,-142758853.97419974,787819241.7674905
2017-06-30 20:55:01.273359000,0.052,0.4257,-0.1505,775048998.6441866,24754459.894750487,-142891592.9342979,788499677.1815054
2017-06-30 20:55:01.473281025,0.206,0.5421,-0.2363,775055392.1333277,24754573.82285159,-142892864.55605534,788506195.6263454
2017-06-30 20:55:01.673582971,1.4892,-0.7381,-1.4565,775061797.8320577,24754687.93784228,-142894138.65277,788512726.5268954
2017-06-30 20:55:01.873582005,-0.5612,-0.5865,0.3276,775068193.82115,24754801.856799737,-142895410.80959383,788519247.5257607
2017-06-30 20:55:02.273558020,0.0795,0.6323,-0.0958,775080985.1067957,24755029.78330918,-142897954.99829257,788532288.8229672
2017-06-30 20:55:02.472782015,1.494,-0.7368,-0.962,775087356.3756953,24755143.2819473,-142899222.27105257,788538784.6251099
2017-06-30 20:55:02.673802971,-0.0938,-0.6495,0.2767,775093785.1083889,24755257.77807475,-142900500.96318075,788545339.0115474
2017-06-30 20:55:02.729230040,0.684,-0.2563,-1.0709,775095557.6909101,24755289.347054422,-142900853.5374575,788547146.2408403
2017-06-30 20:55:02.873026013,0.6523,-0.1267,-1.1036,775100156.3640954,24755371.2447088,-142901768.2534421,788551834.802931
2017-06-30 20:55:03.273638010,1.3465,-0.7316,-0.9828,775112968.3690783,24755599.29211832,-142904316.78710762,788564897.2574328
2017-06-30 20:55:03.473558008,-0.1026,-0.6394,0.1305,775119362.0227555,24755713.070537686,-142905588.5931434,788571415.8929089
2017-06-30 20:55:03.673277020,0.7263,-0.1075,-1.0141,775125749.2776576,24755826.730284024,-142906859.1610418,788577928.0106843
2017-06-30 20:55:03.730320210,0.1347,0.4866,-0.181,775127573.5881169,24755859.195048735,-142907222.05770814,788579787.9842837
2017-06-30 20:55:03.873826026,-0.1238,0.6838,-0.0271,775132163.0757605,24755940.882027324,-142908135.01180598,788584467.1916981
2017-06-30 20:55:04.273729979,0.1409,-0.7253,0.0557,775144952.5050373,24756168.401029624,-142910679.1085158,788597506.6351616
2017-06-30 20:55:04.473553001,0.7417,0.3759,-0.7579,775151343.1251647,24756282.10217356,-142911950.3667543,788604022.1872438
2017-06-30 20:55:04.673542022,0.4892,0.3561,-0.317,775157739.0737386,24756395.912014894,-142913222.69374388,788610543.1739892
2017-06-30 20:55:04.728949900,1.9146,-0.828,-1.5027,775159511.1065832,24756427.441012852,-142913575.202401,788612349.8498939
2017-06-30 20:55:04.873611986,0.8513,-0.4784,-0.6922,775164137.6500304,24756509.74872902,-142914495.56683543,788617066.8434567
2017-06-30 20:55:05.273606002,0.8424,0.2332,-0.8276,775176930.2845231,24756737.36878013,-142917040.5282105,788630109.5975384
2017-06-30 20:55:05.473538994,0.3595,0.3977,-0.2706,775183324.568776,24756851.158274166,-142918312.61241305,788636628.9038017
2017-06-30 20:55:05.674131989,0.6497,-0.5912,-0.7345,775189739.9874773,24756965.299612656,-142919588.925474,788643169.7614107
2017-06-30 20:55:05.727789990,0.3597,-0.5404,-0.2635,775191456.0930214,24756995.830509063,-142919930.33599874,788644919.4215462
2017-06-30 20:55:05.873449981,-0.1357,-0.6943,0.298,775196114.6296602,24757078.694939066,-142920857.1225688,788649669.0439162
2017-06-30 20:55:06.273672997,0.6536,0.4164,-0.4512,775208914.7734778,24757306.444282882,-142923403.6821348,788662719.4731191
2017-06-30 20:55:06.473613023,0.4284,-0.5467,-0.8159,775215309.3780844,24757420.199517027,-142924675.90341976,788669239.1181439
2017-06-30 20:55:06.673708975,0.3064,-0.7895,-0.0368,775221708.9818798,24757534.01185446,-142925949.11833754,788675763.8589588
2017-06-30 20:55:06.729249710,0.7109,0.6328,-0.5112,775223485.3253478,24757565.604754794,-142926302.5268257,788677574.9370862
2017-06-30 20:55:06.873549997,0.668,0.5179,-0.6036,775228100.4541318,24757647.69699822,-142927220.72937262,788682280.312315
2017-06-30 20:55:07.273793995,0.3595,-0.5363,-0.8123,775240901.439802,24757875.30936938,-142929767.66703504,788695331.6334412
2017-06-30 20:55:07.473541021,0.2921,-1.0401,-0.129,775247289.9515471,24757988.860814985,-142931038.7548866,788701845.0778477
2017-06-30 20:55:07.673704028,0.8463,0.628,-0.8554,775253691.8015252,24758102.673896883,-142932312.52410015,788708372.1271079
2017-06-30 20:55:07.728690020,0.4853,0.3394,-0.3811,775255450.4300083,24758133.94006691,-142932662.4373807,788710165.1488128
2017-06-30 20:55:07.873537003,0.7687,0.4183,-0.7305,775260083.1174898,24758216.31182747,-142933584.21261635,788714888.439508
2017-06-30 20:55:08.273558974,0.5056,-1.0461,0.0491,775272877.2293025,24758443.629419863,-142936129.85906962,788727932.7610004
2017-06-30 20:55:08.473617017,0.9139,0.4195,-0.9824,775279275.8268508,24758557.331746824,-142937403.02107802,788734456.4998829
2017-06-30 20:55:08.673601984,0.4908,0.3079,-0.4131,775285672.1067867,24758671.00485543,-142938675.73455495,788740977.8785093
2017-06-30 20:55:08.728769890,0.9888,-0.6806,-0.9351,775287436.5892745,24758702.360677894,-142939026.82847798,788742776.871158
2017-06-30 20:55:08.873737990,0.367,-0.3319,-0.3779,775292073.2361547,24758784.749326166,-142939949.42751735,788747504.2036074
2017-06-30 20:55:09.273608028,0.7823,0.219,-0.9348,775304862.7691466,24759012.039525162,-142942494.4107339,788760543.9035482
2017-06-30 20:55:09.473553001,0.3425,0.473,-0.3363,775311257.867706,24759125.709192205,-142943766.97913927,788767064.0946379
2017-06-30 20:55:09.673575997,0.6002,-0.4829,-0.3979,775317655.4857893,24759239.40389525,-142945040.06004894,788773586.8559555
2017-06-30 20:55:09.729449980,0.7183,-0.8708,-0.4704,775319442.5845716,24759271.160404548,-142945395.68113387,788775408.9121195
2017-06-30 20:55:09.873696029,0.6835,-0.7921,-0.6749,775324056.2297654,24759353.127536334,-142946313.77786338,788780112.8061926
2017-06-30 20:55:10.273527979,0.8177,0.5294,-0.7482,775336844.8061138,24759580.414774485,-142948858.74642003,788793151.5632724
2017-06-30 20:55:10.473555028,0.1548,-0.3631,-0.4355,775343242.6531701,24759694.107006416,-142950131.95511967,788799674.5728229
2017-06-30 20:55:10.673644006,1.4219,-0.8486,-0.9261,775349642.5379465,24759807.800463606,-142951405.59508568,788806199.6635473
2017-06-30 20:55:10.728080270,0.7994,0.5592,-0.577,775351383.6947794,24759838.73359484,-142951752.10364524,788807974.884271
2017-06-30 20:55:10.873654007,0.7302,0.11,-0.8607,775356039.920806,24759921.457464468,-142952678.756856,788812722.207252
2017-06-30 20:55:11.274049997,0.0977,-0.5786,-0.4575,775368846.7398665,24760148.894109484,-142955227.56074375,788825779.5957946
2017-06-30 20:55:11.473973989,1.6705,-1.0285,-1.2097,775375241.4520751,24760262.41568153,-142956500.2668158,788832299.4276371
2017-06-30 20:55:11.673753023,0.433,0.7963,-0.4229,775381631.5449799,24760375.88672465,-142957772.06697118,788838814.5532387
2017-06-30 20:55:11.727999800,1.0992,0.3468,-0.8661,775383366.6749587,24760406.69897822,-142958117.40635544,788840583.6342736
2017-06-30 20:55:11.873592972,0.886,0.3461,-0.8107,775388023.6169969,24760489.4034624,-142959044.28148732,788845331.7007382
2017-06-30 20:55:27.873476028,0.3683,-0.4846,-0.4886,775899890.0322125,24769454.112326533,-143061027.80361596,789367229.421927
2017-06-30 20:55:28.273191988,0.9761,0.5368,-0.6907,775912677.8551037,24769678.15830513,-143063575.71018365,789380267.8730496
2017-06-30 20:55:28.473299980,0.637,0.2486,-0.4308,775919079.7905095,24769790.33138414,-143064851.2743678,789386795.282369
2017-06-30 20:55:28.672365009,0.3057,-0.6374,-0.3878,775925448.3711371,24769901.894558802,-143066120.2056778,789393288.6847479
2017-06-30 20:55:28.731880060,0.4461,-0.8136,-0.42,775927352.4058001,24769935.246043976,-143066499.5832518,789395230.0378895
2017-06-30 20:55:28.873257994,0.5258,-0.7247,-0.2516,775931875.4484233,24770014.457972873,-143067400.79926378,789399841.7308004
2017-06-30 20:55:29.273176014,0.5428,0.4895,-0.483,775944669.9381459,24770238.60430922,-143069950.1606394,789412887.002043
2017-06-30 20:55:29.473170995,0.742,-0.5507,-0.6616,775951068.363498,24770350.67561155,-143071225.0970946,789419410.8443433
2017-06-30 20:55:29.672354996,0.3377,-0.9238,0.1218,775957440.8566221,24770462.25581347,-143072494.8588479,789425908.2436172
2017-06-30 20:55:29.735920070,1.0378,0.6761,-0.6837,775959474.49803,24770497.86684591,-143072900.07738778,789427981.7465203
2017-06-30 20:55:29.873175978,0.7832,0.4657,-0.7273,775963865.7496767,24770574.77043411,-143073775.0784864,789432459.0735103
2017-06-30 20:55:30.272296011,1.1012,-0.7774,-0.8778,775976635.040302,24770798.270942777,-143076319.59307265,789445478.677121
2017-06-30 20:55:30.473119020,0.296,-0.7594,0.1522,775983060.1052417,24770910.697825167,-143077599.89619833,789452029.6884106
2017-06-30 20:55:30.672488987,1.316,-0.1181,-0.8745,775989438.7343448,24771022.306555778,-143078870.97053283,789458533.3578691
2017-06-30 20:55:30.731520050,0.1872,0.2985,-0.431,775991327.3707938,24771055.353606377,-143079247.32194462,789460459.0175698
2017-06-30 20:55:30.873355984,0.7068,0.3517,-0.3998,775995865.2757623,24771134.7639492,-143080151.60226882,789465085.881004
2017-06-30 20:55:31.273311018,0.4675,-0.789,-0.1758,776008661.5290934,24771358.562419206,-143082701.55873102,789478132.9831421
2017-06-30 20:55:31.473169982,0.8299,0.2578,-0.5618,776015055.8958962,24771470.405614264,-143083975.803555,789484652.7038505
2017-06-30 20:55:31.672546982,0.3897,0.5354,-0.2619,776021434.8580431,24771582.000379942,-143085246.98592225,789491156.7199216
2017-06-30 20:55:31.730789890,0.5462,-0.5323,-0.6195,776023298.3110737,24771614.59814026,-143085618.33154714,789493056.704565
2017-06-30 20:55:31.873103976,0.6476,-0.8204,-0.643,776027851.592973,24771694.232775122,-143086525.71192187,789497699.2515405
2017-06-30 20:55:32.273200988,0.9603,0.1033,-0.917,776040652.6895531,24771918.131432407,-143089076.83723447,789510751.329499
2017-06-30 20:55:32.473324000,0.5422,0.4204,-0.2523,776047055.643376,24772030.139292113,-143090352.88506532,789517279.822771
2017-06-30 20:55:32.672446012,0.7294,-0.9366,-0.816,776053426.599034,24772141.54976128,-143091622.58255658,789523775.6941664
2017-06-30 20:55:32.731660120,0.2515,-0.9469,0.3593,776055321.1692435,24772174.677241147,-143092000.1588615,789525707.4109752
2017-06-30 20:55:32.873269975,0.0768,-0.688,0.3559,776059852.0135458,24772253.887429718,-143092903.12109438,789530327.089196
2017-06-30 20:55:33.273169994,0.5129,0.2746,-0.2383,776072647.0011392,24772477.617441837,-143095453.08494183,789543372.9468231
2017-06-30 20:55:33.473469018,0.9156,-0.6508,-0.5773,776079055.6985512,24772589.651599348,-143096730.31551883,789549907.3009849
2017-06-30 20:55:33.672438979,0.4308,-0.8708,0.0271,776085421.8887839,24772700.90789191,-143097999.0700945,789556398.3126401
2017-06-30 20:55:33.731649990,1.3184,0.2768,-0.1349,776087316.3932493,24772734.017365415,-143098376.63631034,789558329.9624658
2017-06-30 20:55:33.873162984,1.112,0.1483,-0.7035,776091844.2388825,24772813.151237544,-143099279.02522266,789562946.586955
2017-06-30 20:55:34.273180007,0.7582,-0.7317,-0.6693,776104643.293219,24773036.72312613,-143101829.92936036,789575996.607617
2017-06-30 20:55:34.473178029,0.3838,-0.7697,-0.0701,776111042.500114,24773148.472420387,-143103105.31734172,789582521.2904074
2017-06-30 20:55:34.672592997,0.7347,0.5167,-0.549,776117423.0806248,24773259.91647932,-143104377.0090177,789589026.9851387
2017-06-30 20:55:34.733770130,0.8474,0.2052,-0.3391,776119380.537775,24773294.106396116,-143104767.1437436,789591022.8254161
2017-06-30 20:55:34.873175978,0.8161,0.2338,-0.3163,776123841.0597192,24773372.020349894,-143105656.15955204,789595570.8129364
2017-06-30 20:55:35.273150026,0.357,-0.7789,-0.176,776136638.9516702,24773595.441310164,-143108206.89312527,789608619.6556181
2017-06-30 20:55:35.473626971,0.9421,0.5168,-0.6104,776143053.6114167,24773707.446225315,-143109485.40879202,789615160.1026001
2017-06-30 20:55:35.672353029,0.774,0.2549,-0.4896,776149412.2786081,24773818.482999995,-143110752.77773976,789621643.4617714
2017-06-30 20:55:35.731739990,0.4276,-0.6476,-0.403,776151312.493527,24773851.662759062,-143111131.51756623,789623580.9395963
2017-06-30 20:55:35.873171985,0.5696,-0.5657,-0.4534,776155837.9290608,24773930.670127586,-143112033.50795174,789628195.1190648
2017-06-30 20:55:36.273459017,0.8681,0.8262,-0.5634,776168646.154179,24774154.412627097,-143114586.45095345,789641254.5293586
2017-06-30 20:55:36.473174989,0.3698,0.4414,-0.3123,776175036.6011053,24774266.062504817,-143115860.20812887,789647770.3031749
2017-06-30 20:55:36.672367990,0.3527,-0.4819,-0.4689,776181410.3281696,24774377.40089834,-143117130.64848214,789654269.0315068
2017-06-30 20:55:36.732460020,0.5442,-0.8469,-0.2697,776183333.1396513,24774410.9861191,-143117513.9126201,789656229.5530994
2017-06-30 20:55:36.873178005,0.2405,-0.7882,-0.0675,776187835.8073664,24774489.61729031,-143118411.40663946,789660820.5265603
2017-06-30 20:55:37.273166000,0.6386,0.3488,-0.4398,776200634.650447,24774713.180591304,-143120962.58540156,789673870.3897382
2017-06-30 20:55:37.473170995,0.3339,-0.8271,-0.6293,776207034.4372427,24774824.935302924,-143122238.27009946,789680395.6968141
2017-06-30 20:55:37.672479987,0.1687,-0.7035,-0.0069,776213411.9599421,24774936.2731703,-143123509.51578042,789686898.3020728
2017-06-30 20:55:37.732070200,0.9708,0.0789,-0.7895,776215318.7410629,24774969.56169886,-143123889.60078767,789688842.481348
2017-06-30 20:55:37.873421013,0.809,0.3645,-0.6181,776219841.7325287,24775048.530950997,-143124791.1928109,789693454.1852101
2017-06-30 20:55:38.272387981,0.1541,-0.4807,-0.3437,776232608.0380083,24775271.34755126,-143127336.01842108,789706470.891282
2017-06-30 20:55:38.473240971,0.8259,-0.921,-0.5747,776239035.0460703,24775383.483543437,-143128617.18985552,789713023.9616739
2017-06-30 20:55:38.731620190,1.6185,0.3152,-1.1141,776247302.9191345,24775527.75740547,-143130265.3754937,789721454.0148621
2017-06-30 20:56:54.472908020,0.828,0.7963,-0.6869,778675697.366412,24822388.3675148,-143617355.10480446,792198167.9609183
2017-06-30 20:56:54.673354029,1.7027,-1.4164,-1.7854,778682124.074629,24822512.325163078,-143618644.23822632,792204722.5587177
2017-06-30 20:56:54.873938024,-0.0381,0.9761,-0.1507,778688555.2054257,24822636.40741551,-143619934.26514426,792211281.669513
2017-06-30 20:56:55.272782027,-0.4062,-0.4761,0.4131,778701342.8906531,24822883.058554165,-143622499.30687973,792224323.8188283
2017-06-30 20:56:55.473402023,2.2222,-1.5384,-1.8411,778707775.2326527,24823007.063063223,-143623789.60637954,792230884.1671965
2017-06-30 20:56:55.673093020,0.0934,0.9679,-0.2194,778714177.7925158,24823130.53194849,-143625073.93971562,792237414.1434301
2017-06-30 20:56:55.735219710,2.9834,-1.1566,-1.5609,778716169.7308468,24823168.940398656,-143625473.51998362,792239445.723554
2017-06-30 20:56:55.873336970,2.7238,-1.101,-1.6837,778720598.170419,24823254.307332665,-143626361.8809635,792243962.2972605
2017-06-30 20:56:56.272946000,2.1484,-1.443,-1.5694,778733411.1369236,24823501.065569017,-143628932.39013442,792257030.2910736
2017-06-30 20:56:56.473366022,-0.0764,0.5697,-0.1599,778739837.3525734,24823624.847646058,-143630221.61042866,792263584.4151553
2017-06-30 20:56:56.673339009,2.9722,-0.8239,-1.4765,778746249.3534647,24823748.320681226,-143631508.01417303,792270124.0468447
2017-06-30 20:56:56.734120010,-0.5904,-0.4444,0.4581,778748198.253675,24823785.84818171,-143631899.00982708,792272111.739616
2017-06-30 20:56:56.873308002,-0.5389,-0.408,0.274,778752661.2086749,24823871.77794462,-143632794.38134825,792276663.5282373
2017-06-30 20:56:57.272732973,-0.0121,0.7301,-0.1308,778765468.4586186,24824118.48533105,-143635363.83179656,792289725.7097545
2017-06-30 20:56:57.473477005,2.3575,-1.1632,-1.3399,778771905.2543268,24824242.429290727,-143636655.2468247,792296290.6363614
2017-06-30 20:56:57.673393011,-0.5728,-0.3096,0.3151,778778315.476743,24824365.849634603,-143637941.32244995,792302828.4589053
2017-06-30 20:56:57.733019700,1.9728,-1.221,-1.7644,778780227.3883917,24824402.656485427,-143638324.91197315,792304778.4292885
2017-06-30 20:56:57.873417019,1.6781,-0.8107,-1.7989,778784729.2188046,24824489.306112073,-143639228.14936313,792309369.8783708
2017-06-30 20:56:58.272724986,2.4664,-0.7695,-1.6267,778797533.3946632,24824735.62605996,-143641797.3316213,792322428.9777324
2017-06-30 20:56:58.473269999,-0.5602,-0.523,0.3935,778803964.0317396,24824859.314646516,-143643087.63988593,792328987.6422944
2017-06-30 20:56:58.673327982,1.1237,-1.2787,-1.772,778810379.0967815,24824982.651673708,-143644374.88551664,792335530.4344109
2017-06-30 20:56:58.735589860,-0.1159,0.719,-0.03,778812375.5875045,24825021.0393073,-143644775.50114056,792337566.6763676
2017-06-30 20:56:58.873440027,-0.0479,0.8444,-0.2575,778816795.8930229,24825106.0470346,-143645662.48426884,792342074.9940429
2017-06-30 20:56:59.272732019,-0.5909,-0.4008,0.34,778829599.5018053,24825352.21355523,-143648231.63449433,792355133.5256099
2017-06-30 20:56:59.473540008,1.2015,-0.7246,-1.6051,778836038.6148564,24825475.983974326,-143649523.750901,792361700.8519365
2017-06-30 20:56:59.673321008,-0.1067,0.834,-0.0964,778842444.7921987,24825599.15468338,-143650809.26290554,792368234.5886701
2017-06-30 20:56:59.740470290,2.1705,-0.9859,-1.6942,778844598.0107937,24825640.54969372,-143651241.34971195,792370430.6829039
2017-06-30 20:56:59.873337984,2.0577,-1.3508,-1.4314,778848858.6018255,24825722.433789995,-143652096.3413471,792374776.1148063
2017-06-30 20:57:00.272916972,1.605,-1.4162,-1.7641,778861671.9249902,24825968.4613978,-143654667.87778187,792387844.6233972
2017-06-30 20:57:00.473390996,0.0491,0.767,-0.2576,778868100.5394101,24826091.92750412,-143655958.06172353,792394401.2705373
2017-06-30 20:57:00.673314988,2.8134,-1.2185,-1.7558,778874511.6283662,24826215.006158803,-143657244.77602136,792400940.0502348
2017-06-30 20:57:00.733950130,-0.4667,-0.1797,0.3183,778876456.052056,24826252.334143013,-143657635.02368206,792402923.2011745
2017-06-30 20:57:00.873382985,-0.338,-0.5602,0.3526,778880927.3229889,24826338.160395782,-143658532.40642142,792407483.5254525
2017-06-30 20:57:01.272710978,0.0178,0.5816,-0.1083,778893732.7987397,24826584.054785367,-143661102.47827607,792420544.0511103
2017-06-30 20:57:01.473327994,2.098,-0.7583,-1.3693,778900166.1820669,24826707.558301993,-143662393.70293996,792427105.5757087
2017-06-30 20:57:01.673317015,-0.433,-0.4864,0.3501,778906579.4095422,24826830.655759506,-143663680.87165794,792433646.5405017
2017-06-30 20:57:01.733619920,0.7782,-0.4219,-1.3041,778908513.1997633,24826867.7719343,-143664068.99777073,792435618.8482615
2017-06-30 20:57:01.873383998,1.6087,-0.5733,-1.4179,778912995.1779081,24826953.784915373,-143664968.58558542,792440190.1026697
2017-06-30 20:57:02.272857010,1.6837,-0.9235,-1.1134,778925805.8148543,24827199.479431093,-143667539.96080288,792453255.9316671
2017-06-30 20:57:02.473330974,-0.0899,-0.6382,0.196,778932234.7791384,24827322.754610848,-143668830.38749143,792459812.9609439
2017-06-30 20:57:02.673331022,0.659,-0.2152,-1.1201,778938648.5718538,24827445.72976281,-143670117.808444,792466354.523334
2017-06-30 20:57:02.733940000,0.0482,0.7765,-0.1968,778940592.2386723,24827482.9995977,-143670507.95541424,792468336.9103119
2017-06-30 20:57:02.873337984,-0.0657,0.8065,-0.1548,778945062.5856016,24827568.73425067,-143671405.27929637,792472896.3129708
2017-06-30 20:57:03.272729992,0.1992,-0.7706,0.1579,778957870.6995692,24827814.251432613,-143673976.19507128,792485959.573425
2017-06-30 20:57:03.472863018,0.8547,-0.1177,-1.1214,778964288.8056579,24827937.273958687,-143675264.51101723,792492505.5393866
2017-06-30 20:57:03.673331022,0.2847,0.5531,-0.2563,778970717.6656643,24828060.524624664,-143676554.99361646,792499062.4756651
2017-06-30 20:57:03.733180040,2.0351,-0.5056,-1.2971,778972636.986513,24828097.318866786,-143676940.26730683,792501020.0339
2017-06-30 20:57:03.873318970,1.1099,-1.1098,-0.8531,778977131.176787,24828183.452298336,-143677842.4182065,792505603.7605723
2017-06-30 20:57:04.272912025,0.6594,-0.2776,-0.8761,778989946.0454068,24828429.009398703,-143680414.95703092,792518673.9560937
2017-06-30 20:57:04.473402976,0.2518,0.5066,-0.203,778996375.7598597,24828552.23504819,-143681705.70522982,792525231.7796887
2017-06-30 20:57:04.673509001,0.8564,-0.7071,-0.8082,779002793.1640863,24828675.195800655,-143682994.0076615,792531777.0515152
2017-06-30 20:57:04.735639920,-0.1573,-0.5507,0.1636,779004785.703295,24828713.371758416,-143683394.01204744,792533809.2921681
2017-06-30 20:57:04.873405992,0.0294,-0.7524,0.1392,779009203.8631929,24828798.00698658,-143684280.95963773,792538315.4831856
2017-06-30 20:57:05.738360280,0.9541,-0.5206,-1.1552,779036943.6733763,24829328.993641473,-143689850.45999268,792566608.122904
2017-06-30 20:57:22.556697010,0.2911,0.4462,-0.3006,779576404.1915545,24839779.810339376,-143798229.91755775,793116836.0088462
2017-06-30 20:57:22.756678998,-0.0543,0.8673,-0.0933,779582818.7587072,24839904.1126702,-143799518.63013884,793123378.6103884
2017-06-30 20:57:22.956686019,2.3709,-1.1019,-1.7969,779589234.223654,24840028.386481635,-143800807.5759172,793129922.1358064
2017-06-30 20:57:23.156828999,-0.5105,-0.3686,0.39,779595654.0291996,24840152.73000573,-143802097.38226143,793136470.0859512
2017-06-30 20:57:23.355908989,1.8482,-1.1513,-1.9157,779602039.8114247,24840276.367493045,-143803380.41417134,793142983.3432876
2017-06-30 20:57:23.556680023,0.1389,0.9148,-0.1909,779608479.8419616,24840401.09206823,-143804674.35222673,793149551.9342232
2017-06-30 20:57:23.756832003,2.2708,-0.701,-1.5177,779614900.1063877,24840525.403987143,-143805964.36137578,793156100.37126
2017-06-30 20:57:23.956776976,-0.2208,-0.7578,0.2248,779621313.7218341,24840649.557041246,-143807253.027347,793162642.024349
2017-06-30 20:57:24.156669020,2.3725,-0.5306,-1.7112,779627725.7342796,24840773.65602873,-143808541.4205595,793169182.0506794
2017-06-30 20:57:24.355925023,0.0684,1.0109,-0.2854,779634117.3469139,24840897.40027856,-143809825.7255358,793175701.2731553
2017-06-30 20:57:24.556695997,3.4776,-0.377,-1.6143,779640557.6960433,24841022.070176587,-143811119.8603316,793182270.211312
2017-06-30 20:57:24.756658971,-0.3092,-0.601,0.2914,779646972.1137134,24841146.214311235,-143812408.77524817,793188812.697873
2017-06-30 20:57:24.956686973,2.9372,-0.3822,-1.6702,779653388.7348744,24841270.3835253,-143813698.17614686,793195357.4392253
2017-06-30 20:57:25.157189011,0.0466,1.0116,-0.2574,779659820.5643269,24841394.887668956,-143814990.6430777,793201917.6956344
2017-06-30 20:57:25.355915009,2.7874,-0.5425,-1.3968,779666195.5309404,24841518.267534863,-143816271.7165444,793208419.959076
2017-06-30 20:57:25.556661009,0.0975,-0.5165,0.2326,779672635.3014863,24841642.88071304,-143817565.8024414,793214988.317995
2017-06-30 20:57:25.756663978,1.8826,-0.8293,-1.8919,779679051.3115003,24841766.99948137,-143818855.17415312,793221532.4518502
2017-06-30 20:57:25.956665992,0.3072,0.9544,-0.0994,779685467.3031666,24841891.15583381,-143820144.54368427,793228076.5684747
2017-06-30 20:57:26.156705021,2.4591,-0.6311,-1.4291,779691884.580663,24842015.309910405,-143821434.2090294,793234622.002561
2017-06-30 20:57:26.355911016,-0.2746,-0.4592,0.3231,779698275.1234257,24842138.92874261,-143822718.4909256,793241140.1655365
2017-06-30 20:57:26.556658983,1.1813,-0.3403,-1.4175,779704715.1803681,24842263.49074355,-143824012.77104673,793247708.8396844
2017-06-30 20:57:26.756798982,0.0218,0.6634,-0.1,779711135.734382,24842387.70207991,-143825303.13542816,793254257.6229504
2017-06-30 20:57:26.956736981,1.7,-0.7993,-1.3559,779717549.8761303,24842511.756098393,-143826592.25165558,793260799.8722184
2017-06-30 20:57:27.156654000,-0.3782,-0.5423,0.454,779723963.3297111,24842635.775425572,-143827881.21446785,793267341.4161875
2017-06-30 20:57:27.355916023,1.0727,-0.4779,-1.2782,779730355.8132333,24842759.369448155,-143829166.0049519,793273861.5783325
2017-06-30 20:57:27.557039022,-0.003,0.8856,-0.065,779736807.9982182,24842884.1535804,-143830462.7971618,793280442.6359974
2017-06-30 20:57:27.756669998,0.9819,-0.6615,-0.7554,779743212.3570557,24843007.98564406,-143831749.99927464,793286974.9154645
2017-06-30 20:57:27.955729007,0.1389,-0.776,0.2024,779749598.3721308,24843131.43216521,-143833033.50537705,793293488.482172
2017-06-30 20:57:28.156809985,0.9273,0.0646,-0.8561,779756049.291518,24843256.13522322,-143834330.0834827,793300068.2545544
2017-06-30 20:57:28.355913996,0.3854,0.413,-0.3107,779762436.8027065,24843379.62861102,-143835613.9263438,793306583.3544017
2017-06-30 20:57:28.556843996,0.6839,-0.8398,-0.658,779768882.9215673,24843504.22065534,-143836909.56993255,793313158.2353463
2017-06-30 20:57:28.755607008,0.5528,-0.9377,-0.1068,779775259.5422246,24843627.43195507,-143838191.24449566,793319662.2286692
2017-06-30 20:57:28.956728994,0.9553,0.4269,-0.7277,779781711.8810086,24843752.12282846,-143839488.15975988,793326243.4570525
2017-06-30 20:57:29.156762003,0.6643,0.3417,-0.4598,779788129.3101207,24843876.152234387,-143840778.07126155,793332789.0812222
2017-06-30 20:57:29.355928003,0.4583,-0.4279,-0.4563,779794518.9421589,24843999.627082434,-143842062.40996167,793339306.3551401
2017-06-30 20:57:29.556717991,0.4327,-0.7697,-0.092,779800960.6923308,24844124.077705517,-143843357.2247941,793345876.7874012
2017-06-30 20:57:29.756460011,1.4215,0.158,-1.0754,779807368.8782766,24844247.885096584,-143844645.32460248,793352412.9908457
2017-06-30 20:57:29.956677019,0.8033,0.4765,-0.513,779813792.3351377,24844372.006003924,-143845936.5080863,793358964.7734312
2017-06-30 20:57:30.156681001,1.0734,-0.2918,-0.9421,779820209.0005355,24844495.98317719,-143847226.35546795,793365509.6337742
2017-06-30 20:57:30.356148004,0.2933,-0.7963,-0.0237,779826608.449873,24844619.595808934,-143848512.74075672,793372036.9328753
2017-06-30 20:57:30.556575000,0.9461,0.2876,-0.995,779833038.7364285,24844743.814915616,-143849805.35711917,793378595.6914907
2017-06-30 20:57:30.756684005,0.4543,0.3857,-0.6007,779839458.8390908,24844867.852385096,-143851095.94671246,793385144.0669398
2017-06-30 20:57:30.956544995,0.5123,-0.5446,-0.8302,779845871.0051447,24844991.714368872,-143852384.96991152,793391684.3518033
2017-06-30 20:57:31.156534016,0.6447,-0.8048,-0.7742,779852287.304619,24845115.6235102,-143853674.84982374,793398228.8563482
2017-06-30 20:57:31.355937004,0.9801,0.4469,-0.8219,779858684.8412151,24845239.187326804,-143854960.9826475,793404754.2281709
2017-06-30 20:57:31.556958973,0.5379,0.4661,-0.5627,779865134.3420503,24845363.773210496,-143856257.5805038,793411332.6065085
2017-06-30 20:57:31.756675004,0.5665,-0.5731,-0.6699,779871541.9663382,24845487.526863802,-143857545.78173995,793417868.274812
2017-06-30 20:57:31.956852972,0.5895,-0.9232,-0.5389,779877964.4348847,24845611.529761728,-143858836.9841401,793424419.0859118
2017-06-30 20:57:32.156660974,0.4683,0.8046,-0.4047,779884375.0522146,24845735.335601546,-143860125.81631574,793430957.8122323
2017-06-30 20:57:32.356494009,1.5403,0.5166,-1.1948,779890786.5342096,24845859.177581925,-143861414.8576753,793437497.4275368
2017-06-30 20:57:32.556786000,0.6234,-0.4863,-0.7262,779897212.7664472,24845983.28448101,-143862706.8887056,793444052.0916338
2017-06-30 20:57:32.755963027,1.2672,-0.5173,-0.9748,779903603.2760953,24846106.679993045,-143863991.76606774,793450570.3237334
2017-06-30 20:57:32.956821978,0.5561,0.862,-0.5555,779910047.7719903,24846231.152278922,-143865287.5158177,793457143.6254069
2017-06-30 20:57:33.156768023,2.1878,0.5256,-1.4345,779916463.06505,24846355.079849638,-143866577.43372074,793463687.1484064
2017-06-30 20:57:41.523554027,0.0038,-0.544,0.0703,780184912.6728984,24851502.774472553,-143920549.40940714,793737500.4967785
2017-06-30 20:57:41.723509013,0.2086,0.5687,-0.2863,780191328.2675287,24851625.82022127,-143921839.27882785,793744044.2807491
2017-06-30 20:57:41.923523008,1.0439,-0.5277,-0.7654,780197745.7972361,24851748.88117124,-143923129.55952403,793750590.0418272
2017-06-30 20:57:42.123834013,-0.2325,-0.6234,0.336,780204172.8473002,24851872.09984648,-143924421.74273565,793757145.5106326
2017-06-30 20:57:42.322911024,1.0046,-0.4643,-1.2353,780210560.3440405,24851994.541045588,-143925706.01455116,793763660.642648
2017-06-30 20:57:42.523512005,0.0596,1.1472,-0.1314,780216996.7406051,24852117.96571809,-143927000.12298393,793770225.6539438
2017-06-30 20:57:42.723508000,1.8104,-0.79,-1.6328,780223413.798263,24852240.986559387,-143928290.3938664,793776770.9480863
2017-06-30 20:57:42.923503994,0.2451,-0.9795,0.046,780229830.8656923,24852363.96822164,-143929580.66290247,793783316.2502942
2017-06-30 20:57:43.123508989,1.243,-0.0511,-1.0966,780236248.27165,24852486.953374688,-143930871.03387448,793789861.9038651
2017-06-30 20:57:43.322751998,0.1548,0.5561,-0.1241,780242641.234496,24852609.492050547,-143932156.49367267,793796382.6272237
2017-06-30 20:57:43.523505985,1.1752,-0.7724,-1.1285,780249082.7263371,24852732.92888053,-143933451.7473565,793802952.8549471
2017-06-30 20:57:43.724102020,-0.0301,-0.6035,0.2798,780255519.1488409,24852856.24430708,-143934745.9706839,793809517.9092858
2017-06-30 20:57:43.923635005,0.8377,0.5065,-0.8988,780261921.495154,24852978.92639436,-143936033.37111515,793816048.2123277
2017-06-30 20:57:44.123556017,0.2527,0.4251,-0.4083,780268336.3020562,24853101.864049114,-143937323.29144216,793822591.2281337
2017-06-30 20:57:44.322740972,1.1772,-0.9565,-0.9475,780274727.5380182,24853224.311130706,-143938608.50021082,793829110.2058207
2017-06-30 20:57:44.523558974,0.0454,-0.7354,0.2882,780281171.1752944,24853347.7324555,-143939904.23432916,793835682.6290863
2017-06-30 20:57:44.723496973,1.0223,-0.1672,-1.1175,780287586.6168245,24853470.60625281,-143941194.3350934,793842226.299469
2017-06-30 20:57:44.923792004,0.4885,0.3263,-0.4091,780294013.5340934,24853593.712558072,-143942486.75602043,793848781.6776441
2017-06-30 20:57:45.123601019,0.4549,-0.6137,-0.4618,780300424.8746053,24853716.495644674,-143943776.05932412,793855321.16964
2017-06-30 20:57:45.322821021,0.2506,-0.7697,0.082,780306817.3252007,24853838.886233147,-143945061.5586619,793861841.39225
2017-06-30 20:57:45.523487985,0.9093,-0.1329,-1.1017,780313256.2416502,24853962.160409614,-143946356.43911883,793868409.0160133
2017-06-30 20:57:45.722917020,0.1829,0.5026,-0.1746,780319655.4432331,24854084.694088157,-143947643.33830884,793874936.1326883
2017-06-30 20:57:45.923806011,1.2379,-0.7926,-0.8728,780326101.5412755,24854208.092809986,-143948939.6936981,793881511.086803
2017-06-30 20:57:46.123493015,-0.168,-0.5386,0.1866,780332509.063427,24854330.73171877,-143950228.28511253,793888046.6921523
2017-06-30 20:57:46.322746992,0.7182,0.4929,-0.6286,780338902.7191969,24854453.12425075,-143951514.10713625,793894568.1580414
2017-06-30 20:57:46.523688018,0.3727,0.5766,-0.288,780345350.5239943,24854576.5763407,-143952810.82762158,793901144.8577069
2017-06-30 20:57:46.723502993,1.0461,-0.7329,-1.0055,780351762.2377825,24854699.30735719,-143954100.32157618,793907684.7497233
2017-06-30 20:57:46.923608005,0.7076,-0.8941,-0.5829,780358183.2866855,24854822.180719595,-143955391.71060765,793914234.1655588
2017-06-30 20:57:47.123771011,0.5279,0.6762,-0.5857,780364606.2176733,24854945.116785,-143956683.4973729,793920785.5054467
2017-06-30 20:57:47.322956979,0.3403,0.4099,-0.325,780370997.8104769,24855067.469036255,-143957968.9915479,793927304.8829982
2017-06-30 20:57:47.523490011,0.4658,-0.6276,-0.6605,780377432.6473689,24855190.62349893,-143959263.2058829,793933868.3725553
2017-06-30 20:57:47.723612010,0.3383,-0.8075,-0.0951,780383854.30831,24855313.49319222,-143960554.77127254,793940418.4219311
2017-06-30 20:57:47.923388004,0.7099,0.4921,-0.7532,780390264.8947223,24855436.17008738,-143961844.1336445,793946957.1804025
2017-06-30 20:57:48.122883975,0.6697,0.1898,-0.54,780396666.5221654,24855558.68258197,-143963131.7102279,793953486.8039485
2017-06-30 20:57:48.323050975,0.3109,-0.5335,-0.3209,780403089.694719,24855681.585786603,-143964423.63058946,793960038.4046072
2017-06-30 20:57:48.523482024,1.4267,-0.7263,-1.1775,780409521.3976731,24855804.62194084,-143965717.3024826,793966598.7117894
2017-06-30 20:57:48.723586976,0.5705,0.7879,-0.5001,780415942.6592292,24855927.48946699,-143967008.88962445,793973148.3725883
2017-06-30 20:57:48.923550009,0.8141,0.2481,-0.3959,780422359.3992318,24856050.27977302,-143968299.57657334,793979693.4234177
2017-06-30 20:57:49.123552024,0.3433,-0.4206,-0.2301,780428777.4038848,24856173.07719219,-143969590.52434072,793986239.7648413
2017-06-30 20:57:49.322836995,0.8721,-0.9222,-0.7119,780435172.4334459,24856295.397735324,-143970876.87209573,793992762.6744732
2017-06-30 20:57:49.523675024,0.6107,0.8459,-0.5255,780441617.3250754,24856418.705661148,-143972173.2657504,793999336.4472755
2017-06-30 20:57:49.723652005,1.3599,0.5253,-1.1021,780448034.6400611,24856541.505939063,-143973464.1454819,794005882.0986284
2017-06-30 20:57:49.923500001,0.1599,-0.501,-0.0592,780454447.8222699,24856664.207001343,-143974754.1949614,794012423.5341431
2017-06-30 20:57:50.123481988,0.4237,-0.699,-0.3085,780460865.3212351,24856786.962375373,-143976045.1217111,794018969.3734987
2017-06-30 20:57:50.322749018,0.8963,0.6761,-0.7045,780467259.9125445,24856909.305731945,-143977331.4612334,794025491.8516952
2017-06-30 20:57:50.523566007,0.6024,0.2513,-0.4351,780473704.2672051,24857032.6108463,-143978627.82383856,794032065.0910925
2017-06-30 20:57:50.723737001,0.5068,-0.5492,-0.703,780480127.9117506,24857155.49730294,-143979920.044428,794038617.2098681
2017-06-30 20:57:50.923474013,0.3405,-0.758,-0.1005,780486537.6430568,24857278.087094497,-143981209.46741977,794045155.136436
2017-06-30 20:57:51.123187005,0.6284,0.7049,-0.559,780492946.6286045,24857400.69025877,-143982498.75764382,794051692.3063464
2017-06-30 20:57:51.322739005,0.9503,0.2265,-0.6576,780499350.4856032,24857523.20361003,-143983787.03473562,794058224.248783
2017-06-30 20:57:51.523720026,0.0363,-0.3602,-0.253,780505800.2030228,24857646.579747587,-143985084.54758725,794064802.9702743
2017-06-30 20:57:51.724071025,1.1367,-0.7971,-0.6922,780512229.747923,24857769.537137784,-143986378.02086675,794071361.1181328
2017-06-30 20:57:51.923488974,0.3972,0.9666,-0.4464,780518629.3657341,24857891.96034525,-143987665.488094,794077888.7441633
2017-06-30 20:57:52.123695015,2.6199,0.1219,-1.5887,780525054.3795986,24858014.872250535,-143988958.10702083,794084442.2820597
2017-06-30 20:58:03.939886987,0.0929,-0.3494,-0.0899,780904272.6775242,24865220.368133496,-144065261.2310744,794471246.6562567
2017-06-30 20:58:04.139881014,0.3973,-1.0596,-0.6435,780910691.122863,24865342.281805348,-144066552.7193321,794477793.5028839
2017-06-30 20:58:04.339754998,0.276,-0.86,-0.077,780917105.7266657,24865464.087943934,-144067843.43547216,794484336.4302212
2017-06-30 20:58:04.540062010,1.0732,0.249,-0.9613,780923534.2708,24865586.16796674,-144069136.98652542,794490893.582498
2017-06-30 20:58:04.739139974,0.2974,0.3682,-0.3338,780929923.3823239,24865707.513520874,-144070422.61380994,794497410.5157247
2017-06-30 20:58:04.940020978,1.4461,-0.5144,-0.7471,780936370.4180928,24865829.93733846,-144071719.91510975,794503986.5347153
2017-06-30 20:58:05.139939010,0.2488,-0.9161,0.1516,780942786.5583701,24865951.7376737,-144073010.9914209,794510531.0375102
2017-06-30 20:58:05.339873015,0.9945,0.1514,-0.9478,780949203.2510362,24866073.553792518,-144074302.20877314,794517076.1093532
2017-06-30 20:58:05.540039002,0.1924,0.5636,-0.1178,780955627.3966538,24866195.533835143,-144075594.92903548,794523628.7845589
2017-06-30 20:58:05.739341020,1.047,-0.5621,-1.1545,780962023.855559,24866316.96505251,-144076882.1154357,794530153.2252142
2017-06-30 20:58:05.939926028,0.2815,-0.8213,0.2295,780968461.502457,24866439.144928675,-144078177.57875645,794536719.6748549
2017-06-30 20:58:06.139871001,1.4131,0.519,-0.9982,780974878.6643361,24866560.955696777,-144079468.9483649,794543265.2354312
2017-06-30 20:58:06.339868009,0.4943,0.3346,-0.3273,780981297.5160311,24866682.811549317,-144080760.66713953,794549812.5217168
2017-06-30 20:58:06.539870977,0.5806,-0.711,-0.5872,780987716.5822355,24866804.64259237,-144082052.44789666,794556360.0293344
2017-06-30 20:58:06.739126026,0.1308,-0.8058,0.2469,780994111.6492813,24866925.98605109,-144083339.38818604,794562883.0546372
2017-06-30 20:58:06.939855992,1.265,-0.0261,-1.0649,781000554.1045824,24867048.226661414,-144084635.89751598,794569454.4222623
2017-06-30 20:58:07.139980971,0.2405,0.5252,-0.2545,781006977.1523763,24867170.11988079,-144085928.50944427,794576005.996212
2017-06-30 20:58:07.339923977,1.4707,-0.583,-0.6459,781013394.4185079,24867291.878956344,-144087219.97182596,794582551.6746025
2017-06-30 20:58:07.539934992,-0.1839,-0.5662,0.2337,781019813.860064,24867413.65679677,-144088511.8641391,794589099.5698402
2017-06-30 20:58:07.739183008,1.1969,-0.2332,-1.1913,781026208.8603481,24867534.96082294,-144089798.87545532,794595622.5412804
2017-06-30 20:58:07.939989984,0.7309,0.5869,-0.5358,781032653.9259837,24867657.23762414,-144091095.9782345,794602196.5835245
2017-06-30 20:58:08.139863014,1.1156,-0.6956,-0.7797,781039069.0604188,24867778.91793166,-144092387.07938388,794608740.0987431
2017-06-30 20:58:08.339686989,0.2909,-1.0252,0.1941,781045482.631998,24867900.52743924,-144093677.8559069,794615282.0167348
2017-06-30 20:58:08.539856970,0.9731,0.239,-0.8354,781051907.3480127,24868022.357096504,-144094970.90095198,794621835.3071276
2017-06-30 20:58:08.739140987,0.3754,0.4505,-0.3044,781058303.6427686,24868143.665419817,-144096258.2349933,794628359.609704
2017-06-30 20:58:08.940707981,0.7094,-0.7447,-0.54,781064773.2416353,24868266.333182078,-144097560.3385395,794634958.6853981
2017-06-30 20:58:09.139994025,0.878,-0.9772,-0.5127,781071169.6648166,24868387.57401562,-144098847.72772822,794641483.1221406
2017-06-30 20:58:09.339600980,0.785,0.1249,-0.8027,781077576.4194567,24868509.01506008,-144100137.2219861,794648018.1019264
2017-06-30 20:58:09.539952993,0.3772,0.4515,-0.2194,781084007.1032534,24868630.927522097,-144101431.53824994,794654577.4914138
2017-06-30 20:58:09.739140987,0.4542,-0.4348,-0.5815,781090400.4436388,24868752.114437588,-144102718.35777706,794661098.7930857
2017-06-30 20:58:09.939996004,0.354,-0.9216,-0.0922,781096847.3047707,24868874.278397873,-144104015.95053706,794667674.685714
2017-06-30 20:58:10.140236020,0.9404,0.608,-0.6689,781103274.4638678,24868996.092680898,-144105309.5969985,794674230.4862295
2017-06-30 20:58:10.339981973,0.7463,0.3465,-0.4512,781109685.7946645,24869117.620229777,-144106600.0695784,794680770.1442522
2017-06-30 20:58:10.539875984,0.876,-0.7193,-0.5297,781116101.9127448,24869239.209117197,-144107891.51986283,794687314.6870424
2017-06-30 20:58:10.739515006,0.5823,-0.9025,-0.3136,781122509.869498,24869360.60693347,-144109181.3352449,794693850.9054517
2017-06-30 20:58:10.940042972,0.7619,0.6443,-0.6042,781128946.3899609,24869482.571212936,-144110476.91815686,794700416.2634048
2017-06-30 20:58:11.139999985,0.8038,0.3113,-0.5537,781135364.6161872,24869604.200676408,-144111768.83436048,794706962.9641671
2017-06-30 20:58:11.339861989,0.1713,-0.4687,-0.1575,781141779.7996542,24869725.75362585,-144113060.14300513,794713506.561587
2017-06-30 20:58:11.540132999,0.7932,-0.7478,-0.5231,781148208.1432363,24869847.525333237,-144114354.1152188,794720063.5842592
2017-06-30 20:58:11.739142000,0.8574,0.6483,-0.7045,781154596.0125287,24869968.55537111,-144115639.96136,794726579.3270755
2017-06-30 20:58:11.939873993,0.7308,0.3373,-0.5352,781161039.2165433,24870090.646861006,-144116936.96174166,794733151.5155811
2017-06-30 20:58:12.139856994,0.2993,-0.3512,-0.4695,781167458.3909779,24870212.26874488,-144118229.14139795,794739699.1960105
2017-06-30 20:58:12.339838027,0.4617,-0.9042,-0.3424,781173877.5207068,24870333.85327075,-144119521.32203153,794746246.8315284
2017-06-30 20:58:12.539852976,0.8546,0.5524,-0.5832,781180297.7732841,24870455.480516184,-144120813.74514538,794752795.6160507
2017-06-30 20:58:12.739121019,0.7038,0.3276,-0.359,781186694.0789739,24870576.66658323,-144122101.35628214,794759319.9762524
2017-06-30 20:58:12.939863026,-0.0927,-0.5466,-0.1627,781193137.6937042,24870698.727023873,-144123398.49829456,794765892.5932865
2017-06-30 20:58:13.139865994,2.2148,-1.0176,-1.5264,781199557.6746273,24870820.29738936,-144124690.92588928,794772441.109895
2017-06-30 20:58:13.339865982,0.4934,0.7711,-0.4124,781205977.57963,24870941.89678747,-144125983.35072312,794778989.5523106
2017-06-30 20:58:13.539856970,0.8842,0.2154,-0.5913,781212397.2311019,24871063.49932883,-144127275.7410477,794785537.7393882
2017-06-30 20:58:13.739130973,-0.0532,-0.3034,-0.0634,781218793.865455,24871184.653866503,-144128563.50055876,794792062.4486746
2017-06-30 20:58:13.940128028,2.7411,-0.8335,-1.6788,781225245.9199886,24871306.822311472,-144129862.4626952,794798643.6949372
2017-06-30 20:58:14.139895021,0.4644,0.8587,-0.4702,781231658.5077645,24871428.27737787,-144131153.49420592,794805184.687996
2017-06-30 20:58:14.339860022,1.5517,0.5704,-1.1174,781238077.51371,24871549.87563791,-144132445.85006067,794811732.2342787
2017-06-30 20:58:14.539943993,-0.1609,-0.4751,0.0104,781244500.3322282,24871671.527223375,-144133738.97439152,794818283.6690717
2017-06-30 20:58:22.806375026,0.5555,-0.948,-0.3874,781509895.8116091,24876632.75871346,-144187190.63159665,795088995.0509417
2017-06-30 20:58:23.206946015,-0.4254,-0.5956,0.0869,781522756.1578666,24876873.072264533,-144189780.75396508,795102112.9894689
2017-06-30 20:58:23.406947016,2.7369,-1.5167,-2.1949,781529177.3067982,24876992.997695986,-144191074.06338963,795108662.7637774
2017-06-30 20:58:23.606113970,0.4042,1.1021,-0.3264,781535571.6941974,24877112.466730237,-144192361.9923844,795115185.2436231
2017-06-30 20:58:23.687998500,2.7667,-0.1938,-1.7491,781538200.669994,24877161.583346806,-144192891.5169571,795117866.8844995
2017-06-30 20:58:23.806985020,2.8946,0.0966,-1.4474,781542020.8792194,24877232.95613564,-144193660.9903135,795121763.6244888
2017-06-30 20:58:24.206920027,2.353,-1.1078,-1.5645,781554861.663073,24877472.675673053,-144196247.57833377,795134861.6754179
2017-06-30 20:58:24.406871020,0.3201,1.0376,-0.4158,781561281.537692,24877592.56702909,-144197540.78218573,795141410.1770833
2017-06-30 20:58:24.606118023,1.9523,0.3886,-1.3046,781567678.8866397,24877712.051697288,-144198829.48470092,795147935.7087803
2017-06-30 20:58:24.694298700,-0.0168,-0.4086,-0.1288,781570510.1590137,24877764.92880824,-144199399.82632756,795150823.7110411
2017-06-30 20:58:24.806985974,0.021,-0.498,-0.1547,781574128.2803545,24877832.494856205,-144200128.67553315,795154514.3284281
2017-06-30 20:58:25.206875026,0.0768,0.7838,-0.2269,781586967.7825053,24878072.38926448,-144202715.15132815,795167611.1048987
2017-06-30 20:58:25.406894028,3.296,-1.0642,-2.1507,781593390.0566959,24878192.33857086,-144204008.95697954,795174162.0762197
2017-06-30 20:58:25.606114983,-0.4575,-0.3916,0.1142,781599786.6887801,24878311.79375458,-144205297.5960003,795180686.8909762
2017-06-30 20:58:25.708597800,2.0937,-1.231,-1.9062,781603077.2525467,24878373.230705496,-144205960.5149458,795184043.3970585
2017-06-30 20:58:25.806865990,2.2406,-0.8354,-2.1602,781606232.512836,24878432.13298197,-144206596.1920731,795187261.8909388
2017-06-30 20:58:26.207473993,3.0463,-0.7115,-2.0145,781619095.9894693,24878672.144550983,-144209187.9678521,795200383.1974796
2017-06-30 20:58:26.406877994,-0.3941,-0.5421,0.2718,781625498.8132038,24878791.5895738,-144210478.022286,795206914.3545995
2017-06-30 20:58:26.605949997,2.5219,-1.0396,-1.7083,781631891.0764891,24878910.794527445,-144211765.99654114,795213434.746906
2017-06-30 20:58:26.696301400,0.1132,0.7989,-0.3565,781634792.2887713,24878964.903758958,-144212350.56322342,795216394.1129253
2017-06-30 20:58:26.806927025,0.1594,1.222,-0.5052,781638344.5147197,24879031.16967791,-144213066.30875748,795220017.5434643
2017-06-30 20:58:27.207391977,-0.3549,-0.5088,0.2276,781651203.5218221,24879270.970820654,-144215657.2723161,795233134.3031669
2017-06-30 20:58:27.406866014,1.8637,-0.7741,-1.4619,781657608.7459066,24879390.38643223,-144216947.90524855,795239667.9237489
2017-06-30 20:58:27.606113970,0.083,1.0569,-0.2915,781664006.7136976,24879509.708658535,-144218237.0869687,795246194.1458932
2017-06-30 20:58:27.668299100,3.606,-1.0034,-1.7043,781666003.528346,24879546.945151165,-144218639.44615778,795248230.9894648
2017-06-30 20:58:27.807370007,2.7301,-0.9259,-1.4618,781670469.2600694,24879630.202984974,-144219539.31105286,795252786.245598
2017-06-30 20:58:28.206869006,1.5764,-1.0008,-1.9029,781683297.8982153,24879869.21205298,-144222124.59196213,795265872.0999275
2017-06-30 20:58:28.406956017,0.4254,1.0206,-0.4054,781689723.0724261,24879988.959370192,-144223419.43278763,795272426.1035022
2017-06-30 20:58:28.606118023,2.0928,0.6037,-1.4546,781696118.6259801,24880108.17703998,-144224708.34524363,795278949.9006585
2017-06-30 20:58:28.696098800,-0.6647,-0.4572,0.4442,781699008.1118709,24880162.035511933,-144225290.66829973,795281897.3259429
2017-06-30 20:58:28.807121992,-0.3006,-0.8201,-0.0314,781702573.3135074,24880228.478924464,-144226009.17064485,795285534.0161884
2017-06-30 20:58:29.206874012,0.5155,1.1476,-0.423,781715410.3223891,24880467.899610013,-144228596.29017726,795298628.4448375
2017-06-30 20:58:29.406964004,3.809,-1.342,-1.4739,781721835.8508092,24880587.684383214,-144229891.2938036,795305182.8273863
2017-06-30 20:58:29.606005012,-0.1883,-0.7184,-0.013,781728227.6855443,24880706.812716343,-144231179.5088094,795311702.8400781
2017-06-30 20:58:29.687402400,1.4875,-0.7448,-1.1593,781730841.6223346,24880755.525054786,-144231706.3292196,795314369.1960427
2017-06-30 20:58:29.807006001,1.4295,-1.2146,-1.1739,781734682.5062388,24880827.08456013,-144232480.44478485,795318287.1057329
2017-06-30 20:58:30.207176029,3.356,-1.2331,-1.7742,781747533.882649,24881066.311068695,-144235070.76669666,795331396.2314409
2017-06-30 20:58:30.406949996,-0.5498,-0.4118,0.2971,781753949.5597026,24881185.72194051,-144236363.90237162,795337940.5805441
2017-06-30 20:58:30.606121003,2.6841,-1.5051,-2.1315,781760345.9793645,24881304.71269916,-144237653.2196448,795344465.2955678
2017-06-30 20:58:30.700497600,0.092,0.9264,-0.2562,781763376.9048641,24881361.10437224,-144238264.1611319,795347557.0141139
2017-06-30 20:58:30.806981027,-0.0669,0.862,-0.2427,781766796.6431556,24881424.739862707,-144238953.4782404,795351045.3449373
2017-06-30 20:58:31.206933021,-0.3701,-0.5871,0.333,781779641.1287545,24881663.660996173,-144241542.50160053,795364147.4527149
2017-06-30 20:58:31.406928002,2.6745,-0.9928,-2.1592,781786064.088201,24881783.093193457,-144242837.22253406,795370699.2481078
2017-06-30 20:58:31.606145024,-0.1684,0.8384,-0.1119,781792462.0563418,24881902.094086252,-144244126.91158321,795377225.553021
2017-06-30 20:58:31.692200600,3.545,-0.3408,-2.2922,781795225.8064371,24881953.496258035,-144244684.03423563,795380044.7431809
2017-06-30 20:58:31.806688010,3.6782,-0.94,-2.1934,781798902.7179621,24882021.86883196,-144245425.25295222,795383795.4155816
2017-06-30 20:58:32.206947982,2.2432,-0.8235,-1.8536,781811757.9449986,24882260.774577565,-144248016.9281514,795396908.5620131
2017-06-30 20:58:32.406915009,0.137,0.9493,-0.4038,781818180.3302093,24882380.168143462,-144249311.72674143,795403459.8059719
2017-06-30 20:58:32.606357991,1.1608,0.3327,-1.1373,781824585.9307245,24882499.262053743,-144250603.17734736,795409993.9353939
2017-06-30 20:58:32.686997100,-0.4752,-0.4322,0.3595,781827175.8503932,24882547.411485683,-144251125.33640704,795412635.8216258
2017-06-30 20:58:32.807045996,0.1125,-0.501,-0.2325,781831031.5121379,24882619.08519317,-144251902.68736774,795416568.8472916
2017-06-30 20:58:33.206871986,0.3386,0.8637,-0.4157,781843872.9486164,24882857.93442355,-144254491.741541,795429667.9618427
2017-06-30 20:58:33.407077014,2.876,0.2522,-1.847,781850303.16152,24882977.543602973,-144255788.23370498,795436227.2137997
2017-06-30 20:58:33.701302200,0.9964,-0.2912,-0.9252,781859753.2131772,24883153.298360478,-144257693.6637881,795445866.9160558
2017-06-30 20:58:43.823821008,-0.1799,-0.3746,0.0353,782184854.2126179,24889161.578820862,-144323244.43425477,795777491.1416763
2017-06-30 20:58:44.223806023,1.0405,0.2407,-1.0736,782197700.5422394,24889399.03078365,-144325834.80381408,795790595.263288
2017-06-30 20:58:44.237680070,0.2404,-0.8649,0.1148,782198146.135431,24889407.26697495,-144325924.65443054,795791049.7983519
2017-06-30 20:58:44.424027979,0.3112,0.367,-0.2388,782204131.0877283,24889517.903319314,-144327131.482514,795797154.8542622
2017-06-30 20:58:44.623071014,1.2627,-0.9513,-1.0155,782210523.8205374,24889636.039179634,-144328420.56712422,795803675.8781421
2017-06-30 20:58:44.823812007,0.0166,-0.731,0.1624,782216971.0879097,24889755.15335354,-144329720.64186502,795810252.5288905
2017-06-30 20:58:45.223788022,0.0145,0.6101,-0.1292,782229817.2571865,24889992.585703943,-144332311.05877727,795823356.5011116
2017-06-30 20:58:45.237969750,0.7565,-0.3212,-1.2437,782230272.7368467,24890001.004146665,-144332402.90600494,795823821.1215905
2017-06-30 20:58:45.423784971,1.3232,-0.7655,-1.2003,782236240.6768343,24890111.2798453,-144333606.37011304,795829908.8345147
2017-06-30 20:58:45.623066008,0.0234,-0.7701,-0.1001,782242641.107519,24890229.51651444,-144334897.05186036,795836437.7177151
2017-06-30 20:58:45.823795974,0.9609,-0.1106,-1.1548,782249088.1130579,24890348.608400285,-144336197.16440326,795843014.1173822
2017-06-30 20:58:46.224008977,1.2097,-0.6541,-1.1565,782261942.2692734,24890585.94760898,-144338789.49846298,795856126.2851427
2017-06-30 20:58:46.237870210,0.0653,0.5403,-0.2592,782262387.4683499,24890594.167870674,-144338879.28306785,795856580.4203699
2017-06-30 20:58:46.423835992,0.3755,-1.3157,0.3463,782268360.3839204,24890704.407464165,-144340083.84389266,795862673.2217745
2017-06-30 20:58:46.623064994,0.9078,0.0257,-1.0703,782274759.3283722,24890822.5104488,-144341374.35738766,795869200.609553
2017-06-30 20:58:46.823780000,0.5377,0.303,-0.4076,782281206.0227634,24890941.50654366,-144342674.51295128,795875776.7083147
2017-06-30 20:58:47.223771989,-0.1349,-0.5839,0.2518,782294053.2026097,24891178.552765395,-144345265.46882543,795888881.7599971
2017-06-30 20:58:47.237749810,0.8371,-0.6275,-0.8441,782294502.1507151,24891186.836282834,-144345356.01059723,795889339.7195241
2017-06-30 20:58:47.423779010,0.9673,0.2621,-0.9154,782300477.1825039,24891297.089727048,-144346561.0522258,795895434.688745
2017-06-30 20:58:47.623134970,0.382,0.3504,-0.2722,782306880.2688073,24891415.255433477,-144347852.43144566,795901966.3067197
2017-06-30 20:58:47.823774993,0.5582,-1.1201,-0.6997,782313324.6202223,24891534.13716068,-144349152.15667942,795908540.0210246
2017-06-30 20:58:48.222905993,0.7551,-0.0049,-0.8399,782326144.4181943,24891770.626497816,-144351737.8196509,795921617.1814364
2017-06-30 20:58:48.237960210,0.1707,-0.8397,0.1563,782326627.9487544,24891779.54609024,-144351835.34431654,795922110.4190489
2017-06-30 20:58:48.423771023,0.4315,0.4836,-0.2822,782332596.0725545,24891889.655309115,-144353039.07906318,795928198.3568594
2017-06-30 20:58:48.623058021,0.6976,-0.7047,-0.669,782338997.0704542,24892007.722363286,-144354330.14289892,795934727.8619393
2017-06-30 20:58:48.823893010,-0.1207,-0.6611,0.2687,782345447.7841761,24892126.67985536,-144355631.2244245,795941308.0783476
2017-06-30 20:58:49.223967015,0.2954,0.5119,-0.2039,782358297.9970918,24892363.731455743,-144358223.0808228,795954416.2752651
2017-06-30 20:58:49.238320230,0.75,-0.1341,-0.8333,782358759.0166239,24892372.235986132,-144358316.06747115,795954886.5503638
2017-06-30 20:58:49.422824978,1.0593,-0.9574,-0.8596,782364685.2714859,24892481.525677614,-144359511.4023234,795960931.7854583
2017-06-30 20:58:49.623062014,-0.1467,-0.5903,0.2518,782371116.8383468,24892600.110577278,-144360808.65048474,795967492.47527
2017-06-30 20:58:49.823920011,0.7935,0.2435,-0.694,782377568.382343,24892719.07304783,-144362109.94957948,795974073.547507
2017-06-30 20:58:50.223891973,0.468,-0.8512,-0.7373,782390415.5270263,24892955.828875557,-144364701.3666569,795987178.639917
2017-06-30 20:58:50.238839980,0.4572,0.4603,-0.2878,782390895.6588049,24892964.677168045,-144364798.2148113,795987668.4118974
2017-06-30 20:58:50.423919022,0.5166,-0.9177,-0.4925,782396840.4375395,24893074.201040015,-144365997.35900578,795993732.5527655
2017-06-30 20:58:50.623064994,0.5542,0.5672,-0.6448,782403237.0710777,24893192.071766995,-144367287.6697102,796000257.6255436
2017-06-30 20:58:50.824081003,0.521,0.1986,-0.4233,782409693.7918663,24893311.057358354,-144368590.11390153,796006843.9946707
2017-06-30 20:58:51.223776996,0.5423,-1.0551,-0.4287,782422532.2859504,24893547.477239393,-144371179.93495166,796019940.28452
2017-06-30 20:58:51.238599770,0.3376,-0.3725,-0.5872,782423008.4031227,24893556.244817287,-144371275.97890598,796020425.9621007
2017-06-30 20:58:51.423780024,0.6045,0.5487,-0.5913,782428956.5344348,24893665.796592485,-144372475.8720173,796026493.5350915
2017-06-30 20:58:51.623180985,0.7475,0.2508,-0.4882,782435361.4754474,24893783.771243658,-144373767.92896664,796033027.0935187
2017-06-30 20:58:51.823888003,0.1227,-0.4707,-0.2384,782441808.3731467,24893902.49965603,-144375068.45836753,796039603.4521527
2017-06-30 20:58:52.223846018,0.7399,0.2106,-0.9262,782454655.5181439,24894139.1288592,-144377660.2306919,796052708.6058269
2017-06-30 20:58:52.237889880,0.9205,-1.1549,-0.6898,782455106.6245033,24894147.437473223,-144377751.2366123,796053168.7717488
2017-06-30 20:58:52.423784971,0.6577,0.2315,-0.5039,782461077.8293554,24894257.424520217,-144378955.87664664,796059259.8988003
2017-06-30 20:58:52.623076021,0.4381,-0.6651,-0.6276,782467479.3481524,24894375.311030347,-144380247.35029295,796065789.9850423
2017-06-30 20:58:52.824072003,0.4283,-0.8515,-0.3463,782473935.6491516,24894494.171657763,-144381549.8864676,796072375.9545698
2017-06-30 20:58:53.223779022,0.6015,0.2808,-0.3773,782486774.9512908,24894730.58655378,-144384140.21171832,796085473.1304462
2017-06-30 20:58:53.237789750,0.7949,0.5452,-0.7141,782487225.0010117,24894738.873592593,-144384231.00921956,796085932.2193125
2017-06-30 20:58:53.423781991,0.2776,-0.5554,-0.4987,782493199.4150965,24894848.8647174,-144385436.36217755,796092026.6303184
2017-06-30 20:58:53.623075008,0.1813,-0.7669,0.0305,782499601.0818578,24894966.691126484,-144386727.91176558,796098556.8740124
2017-06-30 20:58:53.823930978,0.8259,0.1448,-0.9451,782506052.9869303,24895085.447429392,-144388029.6284434,796105138.3709338
2017-06-30 20:58:54.223793983,0.2742,-0.6397,-0.7225,782518897.4493386,24895321.764568552,-144390621.19465625,796118240.8411884
2017-06-30 20:58:54.240039820,0.6011,0.432,-0.3973,782519419.3008313,24895331.36589517,-144390726.48622778,796118773.1751767
2017-06-30 20:58:54.424021005,0.3428,-0.8045,-0.0694,782525329.1868254,24895440.071962405,-144391918.896706,796124801.7729375
2017-06-30 20:59:06.822741985,0.7069,0.2095,-0.7599,782923712.4279983,24902798.115168404,-144472393.74063903,796531205.5338159
2017-06-30 20:59:07.223417997,-0.2758,-0.3344,-0.1011,782936586.5026385,24903035.843381446,-144474994.37507752,796544338.8024918
2017-06-30 20:59:07.232930180,2.8457,0.0725,-1.8054,782936892.1377487,24903041.48713557,-144475056.11517528,796544650.5909821
2017-06-30 20:59:07.423664987,1.4929,-1.0618,-1.4907,782943020.6752658,24903154.614996616,-144476294.159217,796550902.5215329
2017-06-30 20:59:07.622658014,0.4154,1.0241,-0.7864,782949414.5757195,24903272.68149241,-144477585.83782977,796557425.1642113
2017-06-30 20:59:07.823418974,0.9448,0.6589,-2.0288,782955865.3202016,24903391.823494736,-144478889.0739985,796564005.8097509
2017-06-30 20:59:08.223528981,0.0447,-0.7452,-0.5633,782968721.4494838,24903629.150299136,-144481486.47110566,796577120.8401577
2017-06-30 20:59:08.234069820,-0.0363,-0.3273,-0.3754,782969060.1423056,24903635.402602356,-144481554.89919028,796577466.3536992
2017-06-30 20:59:08.423529028,0.9071,1.4191,-0.9889,782975147.7807745,24903747.83135197,-144482784.8491855,796583676.5940846
2017-06-30 20:59:08.623085975,1.8475,0.4362,-1.8204,782981559.949912,24903866.26966552,-144484080.4251736,796590217.9119971
2017-06-30 20:59:08.823414981,0.0842,-0.4381,-0.0026,782987996.9302489,24903985.148619283,-144485381.0136754,796596784.5402045
2017-06-30 20:59:09.223411023,1.329,0.6452,-0.6617,783000849.8331097,24904222.61693147,-144487977.99886584,796609896.3292676
2017-06-30 20:59:09.234199760,0.6711,-1.2303,-0.6143,783001196.5030898,24904229.02180956,-144488048.045106,796610249.9819632
2017-06-30 20:59:09.423556983,0.569,0.3754,-0.3503,783007281.0600525,24904341.44971928,-144489277.46584594,796616457.0975813
2017-06-30 20:59:09.622753977,0.4064,-0.7379,-0.718,783013681.811453,24904459.690560725,-144490570.8007747,796622986.7802835
2017-06-30 20:59:09.823406994,0.5809,-1.0449,-0.1245,783020129.3722951,24904578.75360981,-144491873.59429944,796629564.2140653
2017-06-30 20:59:10.223527014,0.4187,0.6392,-0.3398,783032986.4509571,24904816.278286964,-144494471.5352356,796642680.2829528
2017-06-30 20:59:10.235720270,1.0765,-0.1592,-1.2115,783033378.2576844,24904823.51658942,-144494550.70505816,796643079.982178
2017-06-30 20:59:10.423496007,0.2936,-0.6546,-0.7139,783039412.0786108,24904934.9631256,-144495769.94286492,796649235.3509889
2017-06-30 20:59:10.622654020,0.2582,-0.7224,0.1452,783045811.6578575,24905053.13648856,-144497063.0806335,796655763.8438153
2017-06-30 20:59:10.823392987,0.7914,0.1192,-0.8883,783052262.070066,24905172.25273734,-144498366.51936945,796662344.1990665
2017-06-30 20:59:11.223073005,0.3552,-0.4458,-0.5621,783065105.1781892,24905409.34715781,-144500961.81240112,796675446.0426071
2017-06-30 20:59:11.233920210,0.3221,0.4953,-0.2151,783065453.7366247,24905415.781892996,-144501032.24796057,796675801.6230574
2017-06-30 20:59:11.423386991,0.2922,-0.9231,-0.037,783071541.9739683,24905528.1434753,-144502262.53844762,796682012.5120965
2017-06-30 20:59:11.622645020,1.0342,0.2395,-0.8795,783077944.8797789,24905646.321178835,-144503556.44270003,796688544.4139398
2017-06-30 20:59:11.823567986,0.3619,0.3808,-0.2931,783084401.300853,24905765.50171075,-144504861.17023915,796695130.911299
2017-06-30 20:59:12.223719000,0.1579,-0.7556,-0.0539,783097259.7041059,24906002.736420732,-144507459.62770885,796708248.367268
2017-06-30 20:59:12.235300060,0.6659,-0.4839,-0.8071,783097631.8485466,24906009.602337208,-144507534.83165467,796708628.0091584
2017-06-30 20:59:12.423533022,0.5207,0.7686,-0.4682,783103680.5231959,24906121.224863946,-144508757.17689738,796714798.5472937
2017-06-30 20:59:12.622642993,0.5757,0.3957,-0.3249,783110078.742282,24906239.313166436,-144510050.16802815,796721325.674187
2017-06-30 20:59:12.823408007,0.4282,-0.5367,-0.7281,783116530.1619395,24906358.361410618,-144511353.93611413,796727907.0775366
2017-06-30 20:59:13.223389029,0.7296,0.4325,-0.6713,783129383.3419375,24906595.608573593,-144513951.5204383,796741019.2417507
2017-06-30 20:59:13.234060280,0.1868,-0.7541,-0.0755,783129726.2570032,24906601.93809809,-144514020.82242075,796741369.0663581
2017-06-30 20:59:13.423448026,0.1633,0.447,-0.1872,783135812.1389542,24906714.28720024,-144515250.76424253,796747577.5768479
2017-06-30 20:59:13.622789025,0.9314,-0.7555,-1.0332,783142217.9007995,24906832.51077641,-144516545.38658303,796754112.4178622
2017-06-30 20:59:13.823427975,0.1031,-0.8444,0.1971,783148665.3760525,24906951.470138896,-144517848.4305463,796760689.810198
2017-06-30 20:59:14.223456025,0.4259,0.2252,-0.4043,783161520.2311398,24907188.68386156,-144520446.46605465,796773803.7019235
2017-06-30 20:59:14.234150290,0.6194,0.5762,-0.7518,783161863.8901787,24907195.025548782,-144520515.92147058,796774154.2860106
2017-06-30 20:59:14.423690974,0.435,-0.5656,-1.0237,783167954.7750047,24907307.402643513,-144521746.95701617,796780367.9132798
2017-06-30 20:59:14.622690021,0.5253,-1.0052,-0.0094,783174349.6248758,24907425.347716436,-144523039.4234449,796786891.6291167
2017-06-30 20:59:14.823073029,0.9279,0.312,-0.7534,783180788.9856995,24907544.125579327,-144524340.90872666,796793460.7573862
2017-06-30 20:59:15.223424017,0.2264,-0.5749,-0.621,783193654.4066005,24907781.34315004,-144526941.28322265,796806585.4590359
2017-06-30 20:59:15.234060280,0.3344,0.403,-0.2139,783193996.2067198,24907787.64543678,-144527010.3682944,796806934.1475629
2017-06-30 20:59:15.423394978,0.2578,-0.8006,0.3396,783200080.5542632,24907899.80290223,-144528240.13026148,796813141.1114818
2017-06-30 20:59:15.622726976,0.9044,0.2057,-0.7755,783206486.205044,24908017.89070849,-144529534.85725313,796819675.8583146
2017-06-30 20:59:15.823388993,0.3951,0.3548,-0.2254,783212934.612675,24908136.780727673,-144530838.23223212,796826254.2252215
2017-06-30 20:59:16.223573029,0.114,-0.8167,0.2473,783225794.8115983,24908373.7545376,-144533437.53787157,796839373.5928649
2017-06-30 20:59:16.234379760,0.7646,-0.6642,-0.8502,783226142.0936825,24908380.153796308,-144533507.73066798,796839727.8736613
2017-06-30 20:59:16.423533976,0.8044,0.3844,-1.0205,783232220.7294332,24908492.176145576,-144534736.37769902,796845929.0170338
2017-06-30 20:59:16.622696995,0.4764,0.3788,-0.8301,783238621.0256968,24908610.14100977,-144536030.06961548,796852458.309364
2017-06-30 20:59:16.823455989,0.2133,-0.4258,-1.3521,783245072.6187576,24908729.034013312,-144537334.18291143,796859039.941416
2017-06-30 20:59:17.223389029,0.5779,-0.5549,-1.1669,783257924.9634075,24908965.792632062,-144539932.30045784,796872151.3669946
2017-06-30 20:59:17.235520000,0.0534,-0.4148,-0.096,783258314.8072258,24908972.974053044,-144540011.10788584,796872549.0693885
2017-06-30 20:59:17.423627972,0.7558,1.4952,-0.4789,783264359.9172571,24909084.385114145,-144541233.14617363,796878716.0421036
2017-06-30 20:59:26.206418991,1.1853,-1.0939,-1.1531,783546698.4934672,24914201.804588817,-144598379.25462264,797166756.3657154
2017-06-30 20:59:26.407464981,0.6583,-0.6404,-0.2364,783553161.5041595,24914318.921041083,-144599687.39002562,797173349.8955895
2017-06-30 20:59:26.607254981,0.5247,-1.3918,-0.2001,783559584.1595773,24914435.250279274,-144600987.3611315,797179902.2541801
2017-06-30 20:59:26.807325005,0.3229,-0.9254,-0.0613,783566015.8298604,24914551.705521632,-144602289.15671977,797186463.8085194
2017-06-30 20:59:27.207188010,0.6569,-1.3343,-0.3084,783578870.3693308,24914784.24140547,-144604890.99457088,797199577.9368075
2017-06-30 20:59:27.407323002,0.34,-0.7606,-0.19,783585304.1943343,24914900.59721936,-144606193.24517688,797206141.6885586
2017-06-30 20:59:27.607172012,0.4964,-1.1574,-0.3781,783591728.8455784,24915016.740541007,-144607493.6500389,797212696.0818738
2017-06-30 20:59:27.645899700,0.271,-0.6299,0.015,783592973.8453416,24915039.24639939,-144607745.6486316,797213966.2236326
2017-06-30 20:59:27.807191014,0.6302,-1.3381,-0.2266,783598158.9801385,24915132.942964513,-144608795.16680688,797219256.0683815
2017-06-30 20:59:28.206359028,0.4201,-0.7989,-0.1505,783610991.3559449,24915364.698411636,-144611392.56615248,797232347.5824494
2017-06-30 20:59:28.407238006,0.4087,-1.1249,-0.2208,783617449.1908163,24915481.282598116,-144612699.7011538,797238935.8270965
2017-06-30 20:59:28.607679009,0.5646,-0.6447,-0.3178,783623892.9684002,24915597.586695075,-144614003.99898615,797245509.7312695
2017-06-30 20:59:28.641798900,0.3034,-0.797,-0.0343,783624989.8550466,24915617.38352843,-144614226.02196154,797246628.7685734
2017-06-30 20:59:28.807177007,0.5543,-1.301,-0.4358,783630306.4474837,24915713.302614525,-144615302.17270476,797252052.7253962
2017-06-30 20:59:29.206221997,0.2754,-0.6731,-0.104,783643135.0308241,24915944.64100526,-144617898.8604352,797265140.3699393
2017-06-30 20:59:29.407172024,0.4218,-1.4048,-0.3199,783649595.2321297,24916061.08105678,-144619206.5065338,797271731.0289228
2017-06-30 20:59:29.607344985,0.4903,-0.7518,-0.1788,783656030.4717321,24916177.040715083,-144620509.10317978,797278296.2217768
2017-06-30 20:59:29.619202800,0.2668,-0.8178,-0.1222,783656411.681501,24916183.909800455,-144620586.26621625,797278685.1296962
2017-06-30 20:59:29.807168006,0.5755,-1.1254,-0.3749,783662454.48229,24916292.75595492,-144621809.43617687,797284849.9592235
2017-06-30 20:59:30.207189977,0.2998,-0.7596,-0.0552,783675314.6395007,24916524.277560025,-144624412.55900592,797297969.8114327
2017-06-30 20:59:30.407191991,0.4461,-1.0656,-0.1372,783681744.447529,24916639.990545265,-144625714.06752697,797304529.4605334
2017-06-30 20:59:30.607432007,0.2796,-1.1034,-0.1103,783688181.9182268,24916755.79698673,-144627017.12926316,797311096.9260685
2017-06-30 20:59:30.648498500,0.5558,-1.1215,-0.2702,783689502.1565006,24916779.545415174,-144627284.3698876,797312443.8245192
2017-06-30 20:59:30.806478977,0.6084,-0.7316,-0.3283,783694581.053688,24916870.886017703,-144628312.4376558,797317625.282566
2017-06-30 20:59:31.207611024,0.3087,-0.8333,-0.0704,783707477.0539484,24917102.677065235,-144630922.84069887,797330781.694672
2017-06-30 20:59:31.407491981,0.3608,-0.621,-0.0908,783713903.04428,24917218.151918188,-144632223.58771592,797337337.445862
2017-06-30 20:59:31.607190012,0.5791,-1.4229,-0.201,783720323.1768019,24917333.464347214,-144633523.1523379,797343887.2198007
2017-06-30 20:59:31.663799000,0.4807,-1.3566,-0.2554,783722143.1121848,24917366.147953182,-144633891.54456073,797345743.9050081
2017-06-30 20:59:31.807178974,0.5941,-0.7683,-0.2642,783726752.680179,24917448.913616814,-144634824.61855942,797350446.5537238
2017-06-30 20:59:32.207192003,0.4981,-1.0193,-0.225,783739612.9048803,24917679.656849682,-144637427.81974646,797363566.4626803
2017-06-30 20:59:32.407302021,0.2236,-0.7337,0.0238,783746046.353772,24917795.058790706,-144638730.09296608,797370129.8196884
2017-06-30 20:59:32.607545971,0.4985,-0.9514,-0.1122,783752484.1285073,24917910.49982041,-144640033.2422855,797376697.588795
2017-06-30 20:59:32.642001600,0.4755,-1.5389,-0.2335,783753591.8657992,24917930.361731105,-144640257.4732048,797377827.6939789
2017-06-30 20:59:32.807166993,0.2878,-0.8924,-0.2214,783758901.8874412,24918025.546801925,-144641332.34535438,797383244.9378392
2017-06-30 20:59:33.207165002,0.6018,-1.2963,-0.2712,783771761.8089371,24918255.85886573,-144643935.51711297,797396364.5302203
2017-06-30 20:59:33.407189011,0.2603,-0.8441,0.0042,783778192.5839933,24918370.995522693,-144645237.26555255,797402925.1557268
2017-06-30 20:59:33.607173979,0.455,-0.9046,-0.0155,783784622.1220781,24918486.073528543,-144646538.76053473,797409484.5176148
2017-06-30 20:59:33.644302300,0.5659,-0.8761,-0.5094,783785815.8023446,24918507.437192317,-144646780.39101523,797410702.3004713
2017-06-30 20:59:33.807168006,0.2272,-1.0683,-0.0716,783791051.9616392,24918601.1219049,-144647840.32015428,797416044.1866531
2017-06-30 20:59:34.207190990,0.3571,-1.178,-0.2174,783803912.823657,24918831.03732875,-144650443.70237157,797429164.7295294
2017-06-30 20:59:34.407167971,0.3338,-0.924,-0.0688,783810342.1584756,24918945.938253794,-144651745.1716312,797435723.8815295
2017-06-30 20:59:34.607218027,0.2662,-0.718,0.0126,783816773.8533362,24919060.85243122,-144653047.1159656,797442285.4398637
2017-06-30 20:59:34.662797600,0.592,-0.6956,-0.3129,783818560.762208,24919092.77669647,-144653408.83395252,797444108.428569
2017-06-30 20:59:34.807370007,0.5287,-1.0883,-0.2429,783823208.842733,24919175.794671692,-144654349.73218858,797448850.3592231
2017-06-30 20:59:35.207301020,0.5032,-0.9888,-0.3314,783836066.920061,24919405.28935186,-144656952.59435052,797461968.0577686
2017-06-30 20:59:35.407184004,0.6786,-1.2763,-0.1978,783842493.332678,24919519.93834531,-144658253.49625486,797468524.2268397
2017-06-30 20:59:35.607356011,0.2389,-0.7588,0.0226,783848929.0472094,24919634.722712502,-144659556.27830708,797475089.8841965
2017-06-30 20:59:35.643801600,0.5561,-0.845,-0.2017,783850100.8072277,24919655.62053563,-144659793.47787145,797476285.3030852
2017-06-30 20:59:35.806851983,0.5168,-1.0529,-0.0653,783855343.0443751,24919749.085286267,-144660854.66371453,797481633.3845719
2017-06-30 20:59:36.207544028,0.518,-0.7763,-0.3596,783868225.7880075,24919978.64782442,-144663462.55786064,797494776.2431276
2017-06-30 20:59:36.407243013,0.4474,-1.2215,-0.234,783874646.3746119,24920093.009682886,-144664762.30303815,797501326.4670652
2017-06-30 20:59:36.607192993,0.3497,-0.9447,-0.072,783881075.0450187,24920207.47750986,-144666063.68470064,797507884.9368714
2017-06-30 20:59:36.647401800,0.1792,-0.9864,-0.0991,783882367.8144683,24920230.49474592,-144666325.38533264,797509203.8082216
2017-06-30 20:59:36.807232975,0.2833,-0.745,0.019,783887506.6177937,24920321.96989563,-144667365.6524561,797514446.3665634
2017-06-30 20:59:44.790937006,0.6385,-1.281,-0.296,784144234.9411862,24924809.58160232,-144719346.75280073,797776357.5393387
2017-06-30 20:59:44.990939974,0.372,-1.1718,-0.3338,784150666.3601428,24924921.955687556,-144720648.9655218,797782918.7971843
2017-06-30 20:59:45.190952003,0.6574,-1.2266,-0.2399,784157098.0967697,24925034.285793923,-144721951.24683592,797789480.378368
2017-06-30 20:59:45.390919983,0.2379,-0.6728,-0.0103,784163528.4264369,24925146.56425825,-144723253.24175817,797796040.5230945
2017-06-30 20:59:45.590209007,0.5223,-1.2447,-0.1173,784169936.9437978,24925258.41206621,-144724550.82064506,797802578.4137236
2017-06-30 20:59:45.790899991,0.2561,-1.1557,-0.0909,784176390.5541623,24925371.000154033,-144725857.53141132,797809162.3065329
2017-06-30 20:59:45.991042971,0.5471,-0.7203,-0.2803,784182826.5643035,24925483.251957186,-144727160.68531942,797815728.2441595
2017-06-30 20:59:46.190877974,0.3186,-1.144,-0.2822,784189252.6835325,24925595.285344426,-144728461.84522334,797822284.0913696
2017-06-30 20:59:46.390881001,0.3593,-0.884,-0.1171,784195684.2203027,24925707.3775698,-144729764.1038444,797828845.4647247
2017-06-30 20:59:46.590255975,0.2749,-0.8545,-0.0085,784202095.5715761,24925819.083834507,-144731062.27342808,797835386.2437078
2017-06-30 20:59:46.790409028,0.4458,-1.0081,-0.3898,784208531.9615912,24925931.18565735,-144732365.5248527,797841952.5678289
2017-06-30 20:59:46.990898013,0.3979,-0.8139,-0.2305,784214979.1702802,24926043.442913767,-144733670.97288784,797848529.9291146
2017-06-30 20:59:47.191138982,0.4797,-1.0062,-0.3889,784221418.4226485,24926155.520956684,-144734974.82160485,797855099.1743402
2017-06-30 20:59:47.390891015,0.4606,-1.241,-0.2517,784227841.9704275,24926267.27581739,-144736275.49670783,797861652.397556
2017-06-30 20:59:47.590213000,0.2366,-0.7382,-0.0232,784234251.698291,24926378.76075189,-144737573.37249705,797868191.5207936
2017-06-30 20:59:47.791158974,0.4442,-1.067,-0.0563,784240713.6677707,24926491.110932536,-144738881.8250881,797874783.9386921
2017-06-30 20:59:47.990876972,0.2047,-0.9622,-0.0376,784247136.1564759,24926602.736164402,-144740182.2832567,797881336.0776093
2017-06-30 20:59:48.190864980,0.5137,-0.7872,-0.3392,784253567.3486505,24926714.480824474,-144741484.51315424,797887897.0964307
2017-06-30 20:59:48.390985012,0.3558,-1.2009,-0.2757,784260002.8006873,24926826.25116018,-144742787.61377257,797894462.4611048
2017-06-30 20:59:48.590206980,0.2885,-0.7907,-0.0981,784266409.384268,24926937.48852994,-144744084.8704553,797900998.3738803
2017-06-30 20:59:48.790889978,0.3023,-0.9269,-0.0103,784272862.9638522,24927049.50434922,-144745391.64121717,797907582.2298462
2017-06-30 20:59:48.990958988,0.5122,-1.055,-0.3142,784279296.8192642,24927161.13522789,-144746694.4265012,797914145.9636995
2017-06-30 20:59:49.190954983,0.4321,-0.7973,-0.2206,784285728.34393,24927272.69347625,-144747996.7451586,797920707.3197438
2017-06-30 20:59:49.390884995,0.3164,-1.1456,-0.349,784292157.759344,24927384.169127196,-144749298.64810318,797927266.524613
2017-06-30 20:59:49.590304970,0.4828,-1.1567,-0.2041,784298570.7920197,24927495.31439507,-144750597.23790887,797933809.0153751
2017-06-30 20:59:49.791015982,0.2444,-0.7424,0.0163,784305025.35226,24927607.149305478,-144751904.23407674,797940393.870614
2017-06-30 20:59:49.991303026,0.5262,-1.1043,-0.0953,784311466.299444,24927718.703684706,-144753208.47325966,797946964.8365465
2017-06-30 20:59:50.190922021,0.1935,-0.9978,-0.1049,784317885.7708304,24927829.84621892,-144754508.36638772,797953513.8924209
2017-06-30 20:59:50.391059994,0.5115,-0.6992,-0.3706,784324321.9523213,24927941.24969965,-144755811.653878,797960079.9967941
2017-06-30 20:59:50.590224981,0.4125,-1.1456,-0.2257,784330726.8601881,24928052.066141706,-144757108.61428964,797966614.195865
2017-06-30 20:59:50.790884971,0.3434,-0.8124,-0.038,784337179.859391,24928163.681700442,-144758415.31167597,797973197.4558244
2017-06-30 20:59:50.990921020,0.3327,-0.8505,0.0294,784343612.806667,24928274.916164584,-144759717.94478354,797979760.2573413
2017-06-30 20:59:51.190679013,0.509,-1.2072,-0.2029,784350036.8322675,24928385.947838333,-144761018.7752891,797986313.9563257
2017-06-30 20:59:51.390923976,0.4388,-0.6845,-0.1961,784356476.5359516,24928497.222737964,-144762322.78482226,797992883.6498067
2017-06-30 20:59:51.590279996,0.478,-1.2189,-0.3358,784362887.6709998,24928607.955214888,-144763621.0188406,797999424.1982013
2017-06-30 20:59:51.790897011,0.5602,-1.0643,-0.1771,784369339.3812159,24928719.345277514,-144764927.47176087,798006006.1399443
2017-06-30 20:59:51.990924000,0.2537,-0.7308,0.0142,784375772.1267378,24928830.37849577,-144766230.08176097,798012568.7328123
2017-06-30 20:59:52.190998971,0.5197,-1.1468,-0.0698,784382206.436135,24928941.392442014,-144767533.00702214,798019132.9194474
2017-06-30 20:59:52.390913009,0.1574,-0.8561,-0.0891,784388635.5762994,24929052.282878123,-144768834.88781875,798025691.8318781
2017-06-30 20:59:52.590339004,0.5137,-0.7791,-0.3447,784395049.0416638,24929162.871616,-144770133.60408926,798032234.7538973
2017-06-30 20:59:52.790925025,0.4535,-1.1694,-0.2696,784401499.8312765,24929274.05657863,-144771439.8856116,798038815.7534052
2017-06-30 20:59:52.990903019,0.2867,-0.8501,-0.0045,784407931.0783787,24929384.870514978,-144772742.20764396,798045376.8145052
2017-06-30 20:59:53.190994024,0.3081,-0.7557,-0.0374,784414365.9722244,24929495.716818668,-144774045.26713824,798051941.5948521
2017-06-30 20:59:53.390946984,0.4541,-1.2409,-0.2048,784420796.444721,24929606.437035613,-144775347.4358255,798058501.8638922
2017-06-30 20:59:53.590503990,0.5157,-0.8687,-0.2722,784427214.2039027,24929716.903406188,-144776647.03675157,798065049.1631516
2017-06-30 20:59:53.791079998,0.4727,-1.2701,-0.3291,784433664.7532358,24929827.882756382,-144777953.28709623,798071629.9145437
2017-06-30 20:59:53.990873992,0.294,-1.0213,-0.1174,784440090.1646373,24929938.38864783,-144779254.4492646,798078185.0197705
2017-06-30 20:59:54.190886020,0.2397,-0.7477,-0.0079,784446522.5976413,24930048.9852221,-144780557.03169954,798084747.2871202
2017-06-30 20:59:54.390999019,0.4235,-0.8441,-0.1155,784452958.2948551,24930159.603826087,-144781860.27633542,798091312.8837441
2017-06-30 20:59:54.590192019,0.3437,-1.0309,-0.2099,784459364.4182479,24930269.672968484,-144783157.53776607,798097848.3093749
2017-06-30 20:59:54.791019022,0.5694,-0.9052,-0.4604,784465823.1147697,24930380.608512606,-144784465.45934945,798104437.3706789
2017-06-30 20:59:54.990884006,0.5316,-1.3122,-0.2249,784472250.8935162,24930490.960226465,-144785767.12459683,798110994.8893799
2017-06-30 20:59:55.190418004,0.3196,-0.8962,-0.0072,784478668.0402772,24930601.09351145,-144787066.6345108,798117541.5599871
2017-06-30 20:59:55.391212999,0.3163,-0.7998,-0.0358,784485125.7542975,24930711.890560016,-144788374.35839394,798124129.6154705
2017-06-30 21:00:03.307083010,0.4161,-1.2751,-0.216,784739732.0014768,24934999.904347423,-144839941.8289099,798383873.8044384
2017-06-30 21:00:03.507169008,0.4197,-1.0531,-0.4174,784746167.589479,24935108.248443775,-144841245.29410896,798390439.263951
2017-06-30 21:00:03.707049012,0.6004,-1.257,-0.2553,784752596.5758548,24935216.430777233,-144842547.42755473,798396997.9880307
2017-06-30 21:00:03.906710028,0.2426,-0.8646,-0.0203,784759018.5283214,24935324.46011955,-144843848.13519582,798403549.5349938
2017-06-30 21:00:04.106279015,0.3819,-0.7219,-0.0611,784765437.5359519,24935432.410916634,-144845148.24574012,798410098.0766987
2017-06-30 21:00:04.307079017,0.2756,-1.1238,-0.0052,784771896.1494974,24935540.98228165,-144846456.37605467,798416687.0217937
2017-06-30 21:00:04.507179021,0.5728,-0.8242,-0.315,784778332.2709553,24935649.14216094,-144847759.95877966,798423253.0213528
2017-06-30 21:00:04.707014024,0.3162,-1.1518,-0.322,784784759.8814093,24935757.11280346,-144849061.827973,798429810.3386132
2017-06-30 21:00:04.907005012,0.3475,-0.9641,-0.1463,784791192.5229552,24935865.129163984,-144850364.7192165,798436372.7878584
2017-06-30 21:00:05.106271982,0.2597,-0.8656,0.0268,784797601.8870224,24935972.720107283,-144851662.89259973,798442911.4882733
2017-06-30 21:00:05.306357026,0.4741,-0.9259,-0.2972,784804037.5831817,24936080.71568876,-144852966.40742412,798449477.0524644
2017-06-30 21:00:05.507031977,0.5091,-0.922,-0.2139,784810492.2740856,24936188.992542256,-144854273.77399078,798456061.9943683
2017-06-30 21:00:05.707024991,0.4913,-1.3941,-0.4526,784816925.0502008,24936296.845687415,-144855576.71594507,798462624.5800976
2017-06-30 21:00:05.907016992,0.6296,-1.1637,-0.3002,784823357.8189148,24936404.651742004,-144856879.66330677,798469187.1580902
2017-06-30 21:00:06.106285989,0.2037,-0.8886,0.0486,784829767.3401996,24936512.032775313,-144858177.8983695,798475726.0178096
2017-06-30 21:00:06.307090997,0.5495,-0.7145,-0.2039,784836226.2896976,24936620.21271565,-144859486.14874676,798482315.3029538
2017-06-30 21:00:06.507131993,0.1289,-1.1517,-0.1768,784842660.6696931,24936727.934971932,-144860789.42863888,798488879.5224855
2017-06-30 21:00:06.707273006,0.5436,-0.7843,-0.3835,784849098.2885407,24936835.679671206,-144862093.3755098,798495447.0472486
2017-06-30 21:00:06.907023012,0.3986,-1.2572,-0.3363,784855523.3463899,24936943.163711872,-144863394.78833345,798502001.7578455
2017-06-30 21:00:07.106270015,0.2937,-0.9418,-0.1456,784861932.2365582,24937050.33970138,-144864692.9297682,798508539.9739846
2017-06-30 21:00:07.307016015,0.2726,-0.7204,0.0021,784868389.3537805,24937158.292977728,-144866000.83743897,798515127.3890555
2017-06-30 21:00:07.507036983,0.6201,-1.2556,-0.4568,784874823.1747166,24937265.80612595,-144867304.0396306,798521691.0385959
2017-06-30 21:00:07.707009017,0.4382,-0.8644,-0.1995,784881255.4391779,24937373.258405354,-144868606.93097892,798528253.0999961
2017-06-30 21:00:07.907024025,0.4533,-1.1529,-0.425,784887689.1040678,24937480.687653337,-144869910.11932123,798534816.5910808
2017-06-30 21:00:08.106269001,0.599,-1.1605,-0.2493,784894098.0239565,24937587.657242384,-144871208.30045325,798541354.8373286
2017-06-30 21:00:08.307539999,0.213,-0.81,0.0031,784900572.1215585,24937695.681738295,-144872519.682011,798547959.5751777
2017-06-30 21:00:08.507062971,0.4854,-0.8451,-0.2418,784906990.0113522,24937802.734405294,-144873819.68392807,798554506.9710097
2017-06-30 21:00:08.707009971,0.3395,-0.9382,-0.2535,784913421.5540752,24937909.977073465,-144875122.45875543,798561068.2954619
2017-06-30 21:00:08.907239019,0.4804,-0.7536,-0.3089,784919862.1884815,24938017.34080654,-144876427.08367926,798567638.8956716
2017-06-30 21:00:09.106383025,0.3602,-1.1916,-0.2652,784926267.9353493,24938124.075478252,-144877724.64935288,798574173.904274
2017-06-30 21:00:09.307074010,0.2808,-0.8463,-0.0993,784932723.4542809,24938231.605193775,-144879032.29870096,798580759.6885594
2017-06-30 21:00:09.507021009,0.2608,-0.8371,-0.0031,784939155.0522416,24938338.70281725,-144880335.10055706,798587321.0677923
2017-06-30 21:00:09.707203984,0.5496,-1.1791,-0.3407,784945594.2627518,24938445.879586227,-144881639.45362344,798593890.2133946
2017-06-30 21:00:09.907316982,0.5108,-0.8358,-0.2076,784952031.2427933,24938552.98542015,-144882943.3590468,798600457.0832492
2017-06-30 21:00:10.106540024,0.4776,-1.4665,-0.2972,784958439.6148195,24938659.556720674,-144884241.47744992,798606994.7674602
2017-06-30 21:00:10.307035982,0.4677,-1.0302,-0.1841,784964888.9513084,24938766.767535396,-144885547.89745328,798613574.2421178
2017-06-30 21:00:10.507007002,0.2279,-0.8408,-0.0161,784971321.4112744,24938873.664028786,-144886850.89763498,798620136.4984646
2017-06-30 21:00:10.707000970,0.4496,-0.9405,-0.0748,784977754.6273909,24938980.535171524,-144888154.0503364,798626699.5249457
2017-06-30 21:00:10.907010972,0.1646,-1.0568,-0.0543,784984188.3658584,24939087.37260615,-144889457.30968693,798633263.0831748
2017-06-30 21:00:11.106284022,0.6549,-0.6971,-0.2513,784990598.4247353,24939193.788708493,-144890755.77705875,798639802.4840122
2017-06-30 21:00:11.307079017,0.3541,-1.2417,-0.2691,784997057.4546198,24939300.967498615,-144892064.17230585,798646391.8438941
2017-06-30 21:00:11.507085025,0.3336,-0.8422,-0.1377,785003491.1182791,24939407.691459373,-144893367.43196282,798652955.3251904
2017-06-30 21:00:11.707078993,0.2674,-0.8424,0.0236,785009924.4053389,24939514.375301573,-144894670.61222196,798659518.4206947
2017-06-30 21:00:11.907118976,0.5008,-1.0352,-0.2907,785016359.1926218,24939621.04226524,-144895974.103952,798666083.0467916
2017-06-30 21:00:12.106343984,0.416,-0.7939,-0.2531,785022767.7807032,24939727.24315087,-144897272.2952235,798672620.9453
2017-06-30 21:00:12.307016015,0.4765,-1.0082,-0.4379,785029222.9352132,24939834.17480166,-144898579.93322945,798679206.3510842
2017-06-30 21:00:12.507022023,0.5981,-1.2156,-0.2458,785035656.6892313,24939940.702923357,-144899883.24106613,798685769.9239624
2017-06-30 21:00:12.707113981,0.2308,-0.8535,-0.0332,785042093.2173126,24940047.242652737,-144901187.11031175,798692336.3257363
2017-06-30 21:00:12.907051026,0.342,-0.878,-0.097,785048524.7758471,24940153.664800204,-144902489.97396758,798698897.6568162
2017-06-30 21:00:13.106360018,0.2639,-1.0764,-0.1276,785054936.1417072,24940259.709889702,-144903788.75006682,798705438.3870068
2017-06-30 21:00:13.307115018,0.5639,-0.7899,-0.3923,785061394.0454372,24940366.49251264,-144905096.9647359,798712026.5951338
2017-06-30 21:00:13.507108986,0.4199,-1.2074,-0.2542,785067827.4850208,24940472.82204563,-144906400.2303274,798718589.8452278
2017-06-30 21:00:13.707274973,0.2807,-0.9071,-0.0656,785074266.469387,24940579.20669063,-144907704.61951327,798725158.7509358
2017-06-30 21:00:13.907108008,0.264,-0.6903,-0.033,785080694.7538211,24940685.386811677,-144909006.8403227,798731716.7398294
2017-06-30 21:00:21.723403990,0.5622,-1.3612,-0.356,785332165.8758112,24944755.368416972,-144959963.8283717,798988261.9242324
2017-06-30 21:00:21.923506021,0.6,-0.6711,-0.3706,785338603.7167203,24944859.5356021,-144961268.37374878,798994829.6663158
2017-06-30 21:00:22.123436987,0.4085,-1.3366,-0.3309,785345036.0703197,24944963.560308762,-144962571.8171114,799001391.8105199
2017-06-30 21:00:22.323772013,0.4583,-1.2737,-0.1778,785351481.4420835,24945067.744130272,-144963877.90186575,799007967.2346087
2017-06-30 21:00:22.522729992,0.2382,-0.6617,0.0108,785357882.5195915,24945171.185628384,-144965175.00853088,799014497.4694707
2017-06-30 21:00:22.723406016,0.5264,-0.9475,-0.1061,785364338.8929809,24945275.482209466,-144966483.3202642,799021084.1147665
2017-06-30 21:00:22.923527002,0.1217,-1.024,-0.1311,785370777.4139413,24945379.449313205,-144967788.01866543,799027652.54694
2017-06-30 21:00:23.123358011,0.583,-0.6695,-0.4363,785377206.628711,24945483.239032965,-144969090.84397018,799034211.4866378
2017-06-30 21:00:23.323143005,0.4384,-1.4358,-0.2393,785383634.3805264,24945586.94754453,-144970393.37882537,799040768.9331836
2017-06-30 21:00:23.522711992,0.3485,-0.9479,-0.0347,785390055.1965538,24945690.506173976,-144971694.50676537,799047319.3025796
2017-06-30 21:00:23.723470985,0.2711,-0.7131,0.0291,785396514.3100657,24945794.65357024,-144973003.3920028,799053908.7407038
2017-06-30 21:00:23.923659026,0.615,-1.2547,-0.3096,785402955.0787166,24945898.454492297,-144974308.56722078,799060479.4636174
2017-06-30 21:00:24.123413026,0.536,-0.9037,-0.3232,785409381.9040961,24946001.994297545,-144975610.92549783,799067035.9623748
2017-06-30 21:00:24.323485016,0.4772,-1.2521,-0.4091,785415818.9794924,24946105.64880858,-144976915.37338528,799073602.918686
2017-06-30 21:00:24.522634029,0.5282,-1.2228,-0.2307,785422226.3801636,24946208.77664144,-144978213.81271145,799080139.6009195
2017-06-30 21:00:24.723384976,0.2155,-0.7223,0.0327,785428685.3299859,24946312.704914514,-144979522.69523102,799086728.8709644
2017-06-30 21:00:24.923408985,0.7448,-0.9729,-0.3905,785435120.9211445,24946416.217928227,-144980826.85378802,799093294.3115835
2017-06-30 21:00:25.123520016,0.1505,-1.0563,-0.1505,785441559.3181838,24946519.733677153,-144982131.58575603,799099862.6142744
2017-06-30 21:00:25.323468983,0.6456,-0.6909,-0.4606,785447992.5267667,24946623.13796984,-144983435.27947485,799106425.6253688
2017-06-30 21:00:25.522648990,0.3429,-1.1969,-0.2422,785454401.00824,24946726.097108006,-144984733.96908146,799112963.4102193
2017-06-30 21:00:25.723396003,0.2774,-0.8839,0.0046,785460859.9182464,24946829.830634512,-144986042.8756647,799119552.639562
2017-06-30 21:00:25.923398017,0.2929,-0.6718,0.0267,785467294.8700906,24946933.15231949,-144987346.92365265,799126117.4259064
2017-06-30 21:00:26.123611986,0.5771,-1.2,-0.3869,785473736.6646006,24947036.535398345,-144988652.36913326,799132689.1934569
2017-06-30 21:00:26.323400974,0.6111,-0.7961,-0.2793,785480164.8099303,24947139.667255912,-144989955.0547792,799139247.0365849
2017-06-30 21:00:26.522715985,0.3846,-1.6526,-0.3168,785486577.7204839,24947242.488792725,-144991254.66253468,799145789.3372451
2017-06-30 21:00:26.723802983,0.5751,-1.0027,-0.2096,785493047.6675301,24947346.183907334,-144992565.83277765,799152389.8246297
2017-06-30 21:00:26.923390984,0.1808,-0.724,0.0362,785499469.3917521,24947449.07718901,-144993867.22749928,799158941.1148252
2017-06-30 21:00:27.123392999,0.5103,-0.9362,-0.1281,785505904.4572462,24947552.146457903,-144995171.3268842,799165506.0144984
2017-06-30 21:00:27.323993027,0.1869,-0.93,-0.163,785512358.7713314,24947655.48648396,-144996479.33213097,799172090.5508939
2017-06-30 21:00:27.522642016,0.4873,-0.7332,-0.4236,785518750.3298868,24947757.7924902,-144997774.63241416,799178611.0670456
2017-06-30 21:00:27.723465979,0.3435,-1.1521,-0.2368,785525211.8823833,24947861.172163006,-144999084.1242701,799185202.9891481
2017-06-30 21:00:27.923412978,0.2605,-0.962,-0.0412,785531645.2287965,24947964.061934803,-145000387.89944556,799191766.1348152
2017-06-30 21:00:28.123389005,0.2949,-0.6943,0.02,785538079.5209862,24948066.938878637,-145001691.86310127,799198330.2439188
2017-06-30 21:00:28.323069989,0.6689,-1.3331,-0.4135,785544504.3467444,24948169.610884644,-145002993.91938692,799204884.6959656
2017-06-30 21:00:28.522635996,0.5199,-0.7964,-0.2794,785550925.4937716,24948272.19205386,-145004295.23707163,799211435.3953463
2017-06-30 21:00:28.723415970,0.4349,-1.0133,-0.3986,785557385.7183926,24948375.35637916,-145005604.48678592,799218025.9617624
2017-06-30 21:00:28.923412978,0.6751,-1.2479,-0.2806,785563820.7775829,24948478.06848808,-145006908.64214492,799224590.8545103
2017-06-30 21:00:29.123504996,0.2414,-0.7594,-0.007,785570258.9034587,24948580.79898716,-145008213.41733244,799231158.8745883
2017-06-30 21:00:29.323561012,0.4817,-1.009,-0.0895,785576695.8902192,24948683.47061962,-145009517.9613374,799237725.7312685
2017-06-30 21:00:29.522707998,0.152,-1.1043,-0.1092,785583103.6341296,24948785.63192876,-145010816.5819852,799244262.7543308
2017-06-30 21:00:29.723383009,0.6027,-0.6157,-0.3603,785589560.5679705,24948888.552311804,-145012125.18126422,799250849.9607363
2017-06-30 21:00:29.923380017,0.2868,-1.1909,-0.2238,785595995.6978089,24948991.077332232,-145013429.36824575,799257414.9229695
2017-06-30 21:00:30.122734010,0.2763,-0.9015,-0.0492,785602410.1488934,24949093.236894675,-145014729.36406088,799263958.7880996
2017-06-30 21:00:30.323445975,0.2786,-0.7482,0.0217,785608868.3055605,24949196.062212557,-145016038.21439463,799270547.2391016
2017-06-30 21:00:30.522660017,0.6076,-1.0661,-0.2525,785615278.2888087,24949298.077830676,-145017337.3067365,799277086.5444063
2017-06-30 21:00:30.723380982,0.2238,-0.9197,-0.1379,785621736.7683744,24949400.828076042,-145018646.23141202,799283675.3239919
2017-06-30 21:00:30.923573017,0.6026,-0.9814,-0.4632,785628178.2530233,24949503.2682276,-145019951.7254373,799290246.7670574
2017-06-30 21:00:31.123422026,0.64,-1.2633,-0.1739,785634608.7258477,24949605.48239379,-145021254.98946398,799296806.9748946
2017-06-30 21:00:31.323422014,0.2204,-0.7743,0.0454,785641044.0654875,24949707.742807243,-145022559.23624545,799303372.1461401
2017-06-30 21:00:31.522655010,0.4002,-0.8677,0.0046,785647454.7417412,24949809.57661378,-145023858.4811098,799309912.1547502
2017-06-30 21:00:31.723308026,0.2153,-1.0783,-0.1505,785653911.118334,24949912.092819918,-145025166.99231535,799316498.785133
2017-06-30 21:00:31.923461019,0.5336,-0.7367,-0.4227,785660351.427152,24950014.324044775,-145026472.259673,799323069.0249668
2017-06-30 21:00:32.123404979,0.2313,-1.1639,-0.1835,785666785.0191766,24950116.401972894,-145027776.17118958,799329632.4120617
2017-06-30 21:00:32.323688983,0.3643,-1.0398,-0.1037,785673229.5674024,24950218.611794382,-145029082.30442372,799336206.9753326
2017-06-30 21:00:40.261591017,0.2384,-0.7302,0.0442,785928662.852358,24954223.507064357,-145080845.79849762,799596791.0024048
2017-06-30 21:00:40.461510002,0.53,-1.2373,-0.3363,785935096.0548581,24954324.322374187,-145082149.4945933,799603353.9293821
2017-06-30 21:00:40.661463022,0.6564,-0.7249,-0.4297,785941530.3788158,24954425.125864837,-145083453.42981526,799609918.0016959
2017-06-30 21:00:40.861667990,0.3067,-1.4129,-0.305,785947972.8225462,24954525.999739613,-145084759.02026755,799616490.3575406
2017-06-30 21:00:41.261466026,0.2282,-0.6483,0.0055,785960838.0560055,24954727.335558232,-145087366.2099285,799629615.0142417
2017-06-30 21:00:41.461481988,0.6138,-0.9938,-0.1792,785967274.4604707,24954828.02260147,-145088670.57455117,799636181.2058964
2017-06-30 21:00:41.608090160,0.3803,-1.0507,-0.1605,785971992.2395841,24954901.801844414,-145089626.65426123,799640994.1165307
2017-06-30 21:00:41.661493003,0.3286,-0.8984,-0.245,785973710.7178329,24954928.673782364,-145089974.91231802,799642747.2470006
2017-06-30 21:00:41.861509025,0.4812,-0.951,-0.4982,785980147.1581419,24955029.28240281,-145091279.3045866,799649313.4765148
2017-06-30 21:00:42.261756002,0.2039,-0.7604,0.0162,785993026.987887,24955230.48594132,-145093889.48820096,799662453.0193987
2017-06-30 21:00:42.461471974,0.4079,-0.6645,-0.0781,785999453.8052684,24955330.8563481,-145095191.92553195,799669009.428424
2017-06-30 21:00:42.608159890,0.6723,-1.2845,-0.2457,786004174.2055843,24955404.549031243,-145096148.54843873,799673825.0114224
2017-06-30 21:00:42.661453008,0.4468,-1.2304,-0.262,786005889.1732793,24955431.318790883,-145096496.0994027,799675574.5599014
2017-06-30 21:00:42.861536026,0.577,-0.7728,-0.3621,786012327.849718,24955531.79190516,-145097800.9549061,799682143.0672933
2017-06-30 21:00:43.261458992,0.3344,-0.9964,-0.0723,786025197.4340801,24955732.45671178,-145100409.0922783,799695272.152138
2017-06-30 21:00:43.461606979,0.2725,-0.6502,0.026,786031638.2389055,24955832.856648583,-145101714.37622723,799701842.8270795
2017-06-30 21:00:43.609390130,0.3777,-1.2971,-0.2284,786036393.940411,24955906.960562166,-145102678.16295424,799706694.4206051
2017-06-30 21:00:43.661626994,0.7073,-1.239,-0.3833,786038074.9386594,24955933.150668394,-145103018.83339205,799708409.3138311
2017-06-30 21:00:43.861474990,0.2806,-0.896,-0.2284,786044506.1194564,24956033.31309239,-145104322.18079057,799714970.1705295
2017-06-30 21:00:44.261502981,0.7393,-1.2427,-0.2954,786057379.283203,24956233.605476137,-145106931.088054,799728102.9019436
2017-06-30 21:00:44.461457014,0.2055,-0.7214,0.0261,786063813.9436598,24956333.692802295,-145108235.14957806,799734667.3061413
2017-06-30 21:00:44.610100030,0.5306,-0.9951,-0.4043,786068597.3914704,24956408.074326463,-145109204.57950777,799739547.2043779
2017-06-30 21:00:44.661930024,0.5277,-0.7061,-0.1041,786070265.3223878,24956434.00835353,-145109542.60809708,799741248.7663455
2017-06-30 21:00:44.861449003,0.2972,-1.0606,-0.2322,786076686.0155269,24956533.798878893,-145110843.85459334,799747798.9220101
2017-06-30 21:00:45.261604011,0.3813,-1.4511,-0.2422,786089563.4104946,24956733.706272397,-145113453.67167684,799760935.9656857
2017-06-30 21:00:45.461574971,0.2911,-0.8349,-0.0918,786095998.6909248,24956833.57335614,-145114757.88900793,799767501.000807
2017-06-30 21:00:45.608090160,0.5725,-0.5805,-0.3994,786100713.7194773,24956906.731742375,-145115713.4745753,799772311.099305
2017-06-30 21:00:45.661437988,0.2816,-0.7072,0.0444,786102430.5151992,24956933.367520846,-145116061.41390038,799774062.5109677
2017-06-30 21:00:45.861281991,0.6197,-1.1124,-0.4077,786108861.7545311,24957033.102237865,-145117364.83071736,799780623.4247503
2017-06-30 21:00:46.261681973,0.5492,-0.9324,-0.491,786121747.2335545,24957232.777510166,-145119976.38669792,799793768.7228646
2017-06-30 21:00:46.461467981,0.5181,-1.3288,-0.233,786128176.6711447,24957332.355659015,-145121279.47383887,799800327.8010914
2017-06-30 21:00:46.608130090,0.2626,-0.9429,-0.237,786132896.5011998,24957405.435298044,-145122236.06999233,799805142.8000338
2017-06-30 21:00:46.661615014,0.2592,-0.8253,-0.0023,786134617.7355545,24957432.08371265,-145122584.92269793,799806898.7406179
2017-06-30 21:00:46.861642003,0.3425,-0.5181,-0.0813,786141054.9524844,24957531.72475194,-145123889.59184703,799813465.7542742
2017-06-30 21:00:47.261622011,0.5968,-0.7355,-0.3396,786153927.1013391,24957730.852315027,-145126498.502009,799826597.4532279
2017-06-30 21:00:47.461485981,0.3064,-1.3402,-0.2935,786160359.1319821,24957830.299816225,-145127802.1467445,799833159.1774287
2017-06-30 21:00:47.608180160,0.486,-1.3962,-0.3307,786165080.0606453,24957903.261264015,-145128758.99012396,799837975.2974805
2017-06-30 21:00:47.661527991,0.3478,-1.0494,-0.1287,786166796.9075674,24957929.79194777,-145129106.96284503,799839726.762329
2017-06-30 21:00:47.861558020,0.2092,-0.5742,-0.0061,786173234.3086708,24958029.246933676,-145130411.70204818,799846293.9640672
2017-06-30 21:00:48.261573970,0.087,-0.8823,-0.1408,786186107.7053074,24958227.993795715,-145133020.91528028,799859426.9328871
2017-06-30 21:00:48.461512029,0.6214,-0.9622,-0.4559,786192542.178415,24958327.294024993,-145134325.08407485,799865991.148445
2017-06-30 21:00:48.608839980,0.6022,-0.9174,-0.2217,786197283.5486016,24958400.445270386,-145135286.08909485,799870828.121735
2017-06-30 21:00:48.661454975,0.662,-1.2489,-0.3094,786198976.8283695,24958426.566200025,-145135629.29213384,799872555.5441061
2017-06-30 21:00:48.861454010,0.2165,-0.7938,-0.0065,786205413.2971972,24958525.82478793,-145136933.86871484,799879121.7940214
2017-06-30 21:00:49.261460006,0.5178,-1.1696,-0.2526,786218286.5727817,24958724.158755764,-145139543.1139947,799892254.6370934
2017-06-30 21:00:49.461450994,0.4428,-0.7684,-0.2775,786224722.84177,24958823.289051563,-145140847.6693922,799898820.6828299
2017-06-30 21:00:49.608360170,0.4258,-0.9714,-0.0349,786229450.7988691,24958896.0871181,-145141805.96911883,799903643.9705449
2017-06-30 21:00:49.661556005,0.2974,-1.4552,-0.2838,786231162.7936962,24958922.44319116,-145142152.97039887,799905390.4846095
2017-06-30 21:00:49.861504971,0.5072,-1.0573,-0.2146,786237597.7462476,24959021.466374937,-145143457.26430732,799911955.1856848
2017-06-30 21:00:50.261578023,0.5433,-0.9011,-0.235,786250473.3741928,24959219.455240656,-145146067.03206915,799925090.4252442
2017-06-30 21:00:50.461438000,0.2464,-0.9131,-0.155,786256905.5160972,24959318.325829756,-145147370.770472,799931652.2582539
2017-06-30 21:00:50.608519910,0.2189,-0.6855,0.009,786261639.0934613,24959391.072317,-145148330.22367716,799936481.2779567
2017-06-30 21:00:50.661436975,0.7202,-0.6894,-0.4854,786263342.1398636,24959417.24308577,-145148675.41668928,799938218.6627178
2017-06-30 21:00:50.861459016,0.2051,-1.1815,-0.1397,786269779.5197816,24959516.11911324,-145149980.2227398,799944785.8381528
2017-06-30 21:00:58.523832976,0.279,-0.87,0.012,786516396.7850441,24963252.747761562,-145199963.56922528,800196373.2859465
2017-06-30 21:00:58.723739027,0.2738,-0.7864,-0.0119,786522830.8703164,24963350.202398963,-145201267.6007314,800202937.0393758
2017-06-30 21:00:58.923125982,0.3049,-0.57,-0.0584,786529248.2603221,24963447.38131549,-145202568.2483809,800209483.7603668
2017-06-30 21:00:59.123929977,0.4889,-1.3345,-0.2115,786535711.2783327,24963545.19707103,-145203878.14824125,800216077.0280789
2017-06-30 21:00:59.322964012,0.6264,-0.7132,-0.3607,786542117.3537487,24963642.122389562,-145205176.51645315,800222612.2064455
2017-06-30 21:00:59.523459017,0.4083,-1.2686,-0.276,786548570.4681082,24963739.708173744,-145206484.42617503,800229195.3715829
2017-06-30 21:00:59.723661005,0.3892,-0.9337,-0.1255,786555014.1670481,24963837.113915965,-145207790.42945907,800235768.9307451
2017-06-30 21:00:59.923708975,0.2165,-0.8204,0.0486,786561452.9174305,24963934.411890935,-145209095.42607284,800242337.4399525
2017-06-30 21:01:00.123694002,0.5694,-1.0563,-0.3229,786567889.6647002,24964031.637006443,-145210400.02499714,800248903.9058867
2017-06-30 21:01:00.322938978,0.402,-0.9324,-0.3113,786574302.6085391,24964128.465322357,-145211699.8085695,800255446.0892078
2017-06-30 21:01:00.523038983,0.4707,-0.7504,-0.3132,786580743.0913815,24964225.67911599,-145213005.18250254,800262016.3671904
2017-06-30 21:01:00.723586022,0.346,-1.19,-0.2119,786587197.9765193,24964323.062229633,-145214313.48123246,800268601.3372842
2017-06-30 21:01:00.923685014,0.299,-0.7301,0.0051,786593638.4526136,24964420.198544387,-145215618.8568563,800275171.6065857
2017-06-30 21:01:01.123754024,0.2994,-0.7036,0.0049,786600077.975678,24964517.292141214,-145216924.03669193,800281740.9023217
2017-06-30 21:01:01.323137998,0.421,-1.3775,-0.3346,786606495.4665612,24964613.998528615,-145218224.7608954,800288287.721985
2017-06-30 21:01:01.523689985,0.3995,-0.6462,-0.3401,786612950.5678722,24964711.24544167,-145219533.11856186,800294872.9111259
2017-06-30 21:01:01.723679006,0.4074,-1.443,-0.3817,786619387.5654745,24964808.161660943,-145220837.8188266,800301439.632113
2017-06-30 21:01:01.923681020,0.4497,-1.2846,-0.1229,786625824.9992677,24964905.03279169,-145222142.6087719,800308006.7967316
2017-06-30 21:01:02.123836994,0.2513,-0.7027,0.0252,786632267.3986152,24965001.95034122,-145223448.40212482,800314579.0255678
2017-06-30 21:01:02.323149979,0.5171,-0.7538,-0.1155,786638682.6853064,24965098.429761738,-145224748.70050785,800321123.5945278
2017-06-30 21:01:02.523652970,0.2427,-1.0346,-0.2335,786645136.2844754,24965195.443624,-145226056.77176043,800327707.2481209
2017-06-30 21:01:02.723667979,0.6282,-0.7405,-0.3928,786651574.2020768,24965292.191750534,-145227361.6751578,800334274.9051499
2017-06-30 21:01:02.923830986,0.3765,-1.1118,-0.2054,786658016.8983998,24965388.96691982,-145228667.55232754,800340847.4367763
2017-06-30 21:01:03.123807013,0.3369,-0.9173,-0.0625,786664453.589824,24965485.615004476,-145229972.21212637,800347413.8413295
2017-06-30 21:01:03.323127985,0.29,-0.7667,0.0014,786670869.2083077,24965581.91604202,-145231272.5982377,800353958.7469189
2017-06-30 21:01:03.523729026,0.5606,-1.2001,-0.3481,786677326.0514089,24965678.787246227,-145232581.34963033,800360545.7081075
2017-06-30 21:01:03.723658978,0.4099,-0.86,-0.1915,786683761.3102272,24965775.300002433,-145233885.73039192,800367110.649785
2017-06-30 21:01:03.923677980,0.4283,-1.3467,-0.3446,786690199.4524835,24965871.801867764,-145235190.70591915,800373678.5332212
2017-06-30 21:01:04.123920023,0.6752,-1.1635,-0.2841,786696644.8009796,24965968.364689518,-145236497.14801487,800380253.7677517
2017-06-30 21:01:04.322925984,0.2439,-0.896,0.0071,786703050.3723892,24966064.2959502,-145237795.52524152,800386788.4221249
2017-06-30 21:01:04.523217022,0.4498,-0.9985,-0.043,786709497.325692,24966160.80662875,-145239102.28843805,800393365.2907281
2017-06-30 21:01:04.723811984,0.2953,-1.0608,-0.1172,786715954.0735608,24966257.421068918,-145240411.03924853,800399952.1503847
2017-06-30 21:01:04.923676013,0.5254,-0.7243,-0.294,786722387.3151556,24966353.654530324,-145241715.03294367,800406515.0305635
2017-06-30 21:01:05.123605012,0.5319,-1.1416,-0.3097,786728822.6692717,24966449.873642854,-145243019.46290857,800413080.065896
2017-06-30 21:01:05.322975993,0.2272,-1.0028,-0.0803,786735240.070825,24966545.78433998,-145244320.25529578,800419626.7859272
2017-06-30 21:01:05.523661017,0.2702,-0.7014,0.0105,786741699.7799957,24966642.29893063,-145245629.6207101,800426216.6647942
2017-06-30 21:01:05.723868012,0.7112,-0.9841,-0.3977,786748144.1307338,24966738.544179317,-145246935.88317475,800432790.8763723
2017-06-30 21:01:05.923681974,0.3847,-0.8147,-0.1951,786754575.8457124,24966834.567958355,-145248239.58906165,800439352.1974243
2017-06-30 21:01:06.123692989,0.5491,-0.8995,-0.4526,786761013.9255011,24966930.650450386,-145249544.59874627,800445920.0129201
2017-06-30 21:01:06.322919011,0.6424,-1.238,-0.2339,786767426.7629411,24967026.3067053,-145250844.49587935,800452462.0766343
2017-06-30 21:01:06.523684024,0.2454,-0.8633,-0.0031,786773889.1484753,24967122.66709369,-145252154.43464687,800459054.6854959
2017-06-30 21:01:06.723868012,0.3127,-0.5679,-0.0929,786780332.844041,24967218.725851998,-145253460.58610234,800465628.227298
2017-06-30 21:01:06.923668026,0.4484,-1.3699,-0.3088,786786764.1978192,24967314.545673005,-145254764.24454886,800472189.1785103
2017-06-30 21:01:07.123660981,0.4848,-0.7927,-0.2114,786793201.7815573,24967410.42631863,-145256069.17035544,800478756.4850761
2017-06-30 21:01:07.322962999,0.4423,-1.6086,-0.2069,786799617.1422567,24967505.911819484,-145257369.59611395,800485301.1196649
2017-06-30 21:01:07.523914992,0.6006,-1.1866,-0.1885,786806085.6384869,24967602.13990564,-145258680.79540646,800491899.9595163
2017-06-30 21:01:07.723802983,0.2498,-0.7105,-0.011,786812519.8952593,24967697.830094483,-145259985.0525914,800498463.8688208
2017-06-30 21:01:07.923677027,0.496,-1.1396,-0.05,786818953.7229024,24967793.46808003,-145261289.2207705,800505027.3385845
2017-06-30 21:01:08.123668015,0.0246,-0.9342,-0.0891,786825391.3158879,24967889.124657627,-145262594.15556705,800511594.6490384
2017-06-30 21:01:08.323042988,0.5366,-0.6524,-0.3634,786831809.1010407,24967984.460659366,-145263895.08533072,800518141.7535809
2017-06-30 21:01:08.523720026,0.3512,-1.2118,-0.2126,786838268.8131872,24968080.370474484,-145265204.51968285,800524731.629489
2017-06-30 21:01:08.723739027,0.3362,-0.8296,-0.0862,786844707.3568412,24968175.93260289,-145266509.66373754,800531299.9094784
2017-06-30 21:01:08.923663020,0.2796,-0.7498,-0.0053,786851142.8533955,24968271.41937057,-145267814.18806732,800537865.079688
2017-06-30 21:01:09.124162018,0.5666,-1.1043,-0.44,786857596.8819746,24968367.13637677,-145269122.48205096,800544449.1563464
2017-06-30 21:01:18.407216012,0.3514,-0.8152,-0.1653,787156447.0900682,24972728.56014412,-145329710.41449946,800849320.4694377
2017-06-30 21:01:18.607208013,0.5042,-1.2661,-0.2784,787162885.4710536,24972822.471024483,-145331015.71825212,800855888.5685884
2017-06-30 21:01:18.807223021,0.278,-0.8324,-0.0384,787169324.6038295,24972916.35940732,-145332321.17370266,800862457.4335343
2017-06-30 21:01:19.206489980,0.5036,-1.2923,-0.2629,787182178.3843789,24973103.57197809,-145334927.1462028,800875570.1833994
2017-06-30 21:01:19.407211005,0.6216,-0.7119,-0.3761,787188640.311538,24973197.659521773,-145336237.24589807,800882162.3020865
2017-06-30 21:01:19.607154011,0.5006,-1.4024,-0.4339,787195077.2114974,24973291.326306712,-145337542.28483436,800888728.890025
2017-06-30 21:01:19.756400800,0.3434,-0.6276,-0.1026,787199882.0216213,24973361.22958593,-145338516.42907476,800893630.5051765
2017-06-30 21:01:19.807251989,0.4053,-1.1046,-0.1699,787201519.1118782,24973385.044092026,-145338848.33878475,800895300.5787045
2017-06-30 21:01:20.206445991,0.5887,-0.9034,-0.3126,787214370.7559521,24973571.84970145,-145341453.9592465,800908411.1523675
2017-06-30 21:01:20.407154977,0.174,-0.8737,-0.1689,787220832.3842224,24973665.73767106,-145342764.03443366,800915002.9667654
2017-06-30 21:01:20.607191026,0.6698,-0.7531,-0.4062,787227272.3747499,24973759.280718267,-145344069.73345518,800921572.7085165
2017-06-30 21:01:20.716000700,0.2229,-0.6373,-0.0046,787230775.4123337,24973810.15594392,-145344779.96891764,800925146.3240634
2017-06-30 21:01:20.807222008,0.3448,-1.2252,-0.2257,787233712.2098703,24973852.79732967,-145345375.40138102,800928142.2910821
2017-06-30 21:01:21.206417977,0.2691,-0.731,-0.0583,787246564.049818,24974039.284930892,-145347981.09836018,800941253.061558
2017-06-30 21:01:21.407145023,0.5172,-1.0552,-0.3668,787253026.3399898,24974133.013666216,-145349291.33142284,800947845.5503852
2017-06-30 21:01:21.607167005,0.4728,-0.8011,-0.1956,787259465.9499534,24974226.381123528,-145350596.97005066,800954414.9018042
2017-06-30 21:01:21.719100200,0.3358,-0.9061,-0.1072,787263069.5886742,24974278.618617322,-145351327.61260465,800958091.144255
2017-06-30 21:01:21.807108998,0.3656,-1.1445,-0.2615,787265902.9950575,24974319.682099663,-145351902.09097686,800960981.6362293
2017-06-30 21:01:22.206474006,0.2526,-0.8093,-0.0429,787278760.424477,24974505.8902788,-145354508.95718914,800974098.1043957
2017-06-30 21:01:22.407221972,0.3947,-0.7525,-0.1323,787285223.4573033,24974599.460825793,-145355819.3504598,800980691.3474807
2017-06-30 21:01:22.607150971,0.2183,-0.9615,-0.1306,787291660.1324084,24974692.611211736,-145357124.40309912,800987257.7012734
2017-06-30 21:01:22.714200700,0.5937,-1.2056,-0.251,787295106.5843456,24974742.47372019,-145357823.1817012,800990773.5881903
2017-06-30 21:01:22.807752013,0.5776,-0.7703,-0.3067,787298118.4616112,24974786.04208321,-145358433.85062745,800993846.1452423
2017-06-30 21:01:23.206716001,0.4106,-1.0513,-0.1158,787310963.1416144,24974971.67874221,-145361038.16078305,801006949.600633
2017-06-30 21:01:23.407696008,0.249,-0.7445,-0.041,787317433.7203317,24975065.164019775,-145362350.0960699,801013550.5379221
2017-06-30 21:01:23.607205986,0.5381,-1.021,-0.3039,787323856.9926835,24975157.924877416,-145363652.44755888,801020103.2159573
2017-06-30 21:01:23.716102100,0.4158,-1.3784,-0.3002,787327362.9345368,24975208.53906687,-145364363.29785252,801023679.7898124
2017-06-30 21:01:23.807337999,0.4678,-0.8176,-0.1409,787330300.3045596,24975250.938100167,-145364958.86725283,801026676.3370413
2017-06-30 21:01:24.206466972,0.807,-1.1948,-0.3628,787343150.5227575,24975436.230482817,-145367564.35784072,801039785.4397342
2017-06-30 21:01:24.407324016,0.1729,-0.9457,0.038,787349617.2535655,24975529.43858056,-145368875.53934136,801046382.4496344
2017-06-30 21:01:24.607136011,0.4127,-0.6753,-0.0977,787356050.3547785,24975622.134760067,-145370179.9027319,801052945.1517218
2017-06-30 21:01:24.732499300,0.6144,-0.947,-0.3746,787360086.5321656,24975680.278036885,-145370998.27432677,801057062.6419597
2017-06-30 21:01:24.806303024,0.2938,-1.1335,-0.1309,787362462.7072396,24975714.501902387,-145371480.0657761,801059486.6873522
2017-06-30 21:01:25.206256985,0.5322,-1.3093,-0.3781,787375339.657947,24975899.756959867,-145374091.02972075,801072623.0578939
2017-06-30 21:01:25.407301008,0.4031,-0.9735,-0.1525,787381812.5041817,24975992.83938544,-145375403.48368242,801079226.3058174
2017-06-30 21:01:25.607163012,0.2702,-0.7742,-0.0155,787388247.3047326,24976085.34361656,-145376708.22181636,801085790.7403684
2017-06-30 21:01:25.715798100,0.4797,-0.7855,-0.2938,787391744.9493152,24976135.61506555,-145377417.41632128,801089358.847831
2017-06-30 21:01:25.807146012,0.4613,-0.9316,-0.2677,787394686.0151678,24976177.87901073,-145378013.75845245,801092359.1638616
2017-06-30 21:01:26.206479012,0.551,-0.9615,-0.3628,787407543.1527947,24976362.485111907,-145380620.76250917,801105475.3215711
2017-06-30 21:01:26.407558977,0.4603,-1.1266,-0.2725,787414017.2488903,24976455.39603575,-145381933.50321516,801112079.8448361
2017-06-30 21:01:26.607151985,0.2733,-0.8726,-0.0731,787420443.4808775,24976547.585134782,-145383236.5393073,801118635.5387937
2017-06-30 21:01:26.720298200,0.1358,-0.8495,-0.1092,787424086.414968,24976599.83484573,-145383975.21188074,801122351.8627886
2017-06-30 21:01:26.807150006,0.3138,-0.9419,-0.0434,787426882.7583784,24976639.934975084,-145384542.22231135,801125204.5405946
2017-06-30 21:01:27.206418991,0.4983,-0.8408,-0.2033,787439737.9901326,24976824.14641927,-145387148.87500328,801138318.7492733
2017-06-30 21:01:27.407106995,0.5597,-1.5315,-0.3757,787446199.5483779,24976916.67651965,-145388459.09439695,801144910.4798038
2017-06-30 21:01:27.607132017,0.5276,-1.0798,-0.2084,787452639.7816793,24977008.857739802,-145389764.993759,801151480.4551977
2017-06-30 21:01:27.730401200,0.4707,-1.094,-0.3036,787456608.7037678,24977065.649527334,-145390569.78342283,801155529.3335046
2017-06-30 21:01:27.807137012,0.1783,-0.7516,0.0189,787459079.3828235,24977100.99833286,-145391070.76974496,801158049.78562
2017-06-30 21:01:28.206423997,0.078,-0.9379,-0.1062,787471935.3221765,24977284.782713953,-145393677.61799654,801171164.7122959
2017-06-30 21:01:28.407258987,0.5002,-0.7813,-0.3177,787478401.6749607,24977377.191815168,-145394988.83393595,801177761.332623
2017-06-30 21:01:28.607320010,0.2875,-1.1826,-0.24,787484843.1195722,24977469.197462324,-145396295.0063883,801184332.5428624
2017-06-30 21:01:28.714600000,0.494,-0.8508,-0.1482,787488297.2619162,24977518.524441615,-145396995.4252243,801187856.2701719
2017-06-30 21:01:28.807469010,0.3024,-0.8487,-0.0551,787491287.4100294,24977561.217980932,-145397601.75688845,801190906.6556848
2017-06-30 21:01:29.728398500,0.2986,-0.7328,-0.0042,787520939.2723206,24977983.964187533,-145403614.4089134,801221155.8355466
2017-06-30 21:01:40.174226999,0.497,-1.0936,-0.2784,787857325.7316912,24982659.71977889,-145471844.5050139,801564318.4046166
2017-06-30 21:01:40.374339997,0.3029,-0.9472,-0.1621,787863769.9720483,24982749.2563102,-145473151.61022756,801570892.4570456
2017-06-30 21:01:40.574343979,0.6741,-0.6719,-0.4623,787870210.7287273,24982838.71718742,-145474458.02185935,801577462.9571692
2017-06-30 21:01:40.773617029,0.4512,-1.4065,-0.2866,787876627.9650162,24982927.795270298,-145475759.67047668,801584009.4627953
2017-06-30 21:01:40.973515987,0.2991,-0.8607,-0.0243,787883065.3695177,24983017.11875035,-145477065.4084868,801590576.5415962
2017-06-30 21:01:41.173331975,0.4516,-0.5134,-0.1262,787889500.1201428,24983106.38465759,-145478370.60957646,801597140.9126986
2017-06-30 21:01:41.374220013,0.5078,-1.0613,-0.4117,787895969.4148966,24983196.08666323,-145479682.82992765,801603740.5247313
2017-06-30 21:01:41.649910986,0.438,-0.8091,-0.3744,787904847.6580747,24983319.128730036,-145481483.6988374,801612797.6130353
2017-06-30 21:01:41.774399995,0.4202,-1.2284,-0.3669,787908856.6594511,24983374.669672947,-145482296.89177972,801616887.3727628
2017-06-30 21:01:41.973281025,0.527,-1.0261,-0.236,787915261.3768182,24983463.360132527,-145483596.0411048,801623421.1080775
2017-06-30 21:01:42.174214005,0.1796,-0.6803,0.0112,787921732.181946,24983552.938187204,-145484908.593918,801630022.2612637
2017-06-30 21:01:42.374212980,0.5776,-1.0023,-0.2141,787928172.9316691,24983642.059760954,-145486215.0541021,801636592.7530859
2017-06-30 21:01:42.574072003,0.1223,-0.8097,-0.1476,787934609.1792752,24983731.086628318,-145487520.60596862,801643158.652014
2017-06-30 21:01:42.774212002,0.6112,-0.8698,-0.4189,787941054.4998972,24983820.203815244,-145488828.01005208,801649733.8078053
2017-06-30 21:01:42.973608970,0.4921,-1.2053,-0.238,787947475.9114696,24983908.942227896,-145490130.56978706,801656284.5724488
2017-06-30 21:01:43.174215972,0.2509,-0.9142,-0.0786,787953936.3012657,24983998.18235641,-145491441.03722644,801662875.0995793
2017-06-30 21:01:43.374324023,0.2842,-0.6656,-0.0269,787960380.6341199,24984087.173873536,-145492748.2463401,801669449.2452931
2017-06-30 21:01:43.574217975,0.6087,-1.1526,-0.4151,787966818.0963951,24984176.024122007,-145494054.07343495,801676016.3827313
2017-06-30 21:01:43.774199008,0.3254,-0.7727,-0.1595,787973258.3760742,24984264.882174708,-145495360.47577387,801682586.3940699
2017-06-30 21:01:43.973493993,0.5928,-1.0177,-0.4109,787979676.5854981,24984353.394972544,-145496662.41273454,801689133.8914331
2017-06-30 21:01:44.174259006,0.5865,-1.2328,-0.2784,787986142.1601824,24984442.510963332,-145497973.96418774,801695729.7078202
2017-06-30 21:01:44.374431014,0.2119,-0.7137,-0.0132,787992588.645816,24984531.335132703,-145499281.64220518,801702306.049551
2017-06-30 21:01:44.574244976,0.5624,-1.0013,-0.1048,787999023.6231288,24984619.9604455,-145500586.98537406,801708870.6498517
2017-06-30 21:01:44.774281978,0.1893,-0.9187,-0.2009,788005465.7909846,24984708.64792367,-145501893.79365596,801715442.5856025
2017-06-30 21:01:44.973533987,0.6337,-0.6315,-0.3669,788011882.703393,24984796.96229957,-145503195.4882763,801721988.758131
2017-06-30 21:01:45.174063980,0.2867,-1.0897,-0.1583,788018340.7848142,24984885.79929641,-145504505.53821144,801728576.9283609
2017-06-30 21:01:45.374351024,0.3229,-0.8333,-0.1078,788024791.0550003,24984974.495236415,-145505814.00530028,801735157.1293038
2017-06-30 21:01:45.574209988,0.2924,-0.7626,-0.0312,788031227.5504941,24985062.97114272,-145507119.67700619,801741723.2769598
2017-06-30 21:01:45.774550974,0.5647,-1.1406,-0.3556,788037679.592262,24985151.614656463,-145508428.51201773,801748305.2843959
2017-06-30 21:01:45.973478972,0.2924,-0.7937,-0.193,788044086.139897,24985239.60156644,-145509728.12356427,801754840.881305
2017-06-30 21:01:46.174197018,0.4727,-1.0224,-0.4656,788050550.3557149,24985328.339033976,-145511039.44838676,801761435.309472
2017-06-30 21:01:46.374221026,0.6139,-1.2884,-0.2354,788056992.2442857,24985416.718118872,-145512346.2483603,801768006.959863
2017-06-30 21:01:46.574265003,0.2708,-0.7348,-0.022,788063434.7868065,24985505.07662199,-145513653.17967603,801774579.2762504
2017-06-30 21:01:46.774209976,0.5605,-1.0274,-0.0781,788069874.1632485,24985593.35032211,-145514959.4672991,801781148.3612692
2017-06-30 21:01:46.973684012,0.3353,-1.0843,-0.2065,788076298.3861562,24985681.372964084,-145516262.6863964,801787701.9871991
2017-06-30 21:01:47.174220979,0.4788,-0.6829,-0.3367,788082756.8608726,24985769.83718666,-145517572.86345658,801794290.5557894
2017-06-30 21:01:47.374217987,0.3359,-1.1732,-0.2233,788089197.9591558,24985858.01628689,-145518879.52171043,801800861.3976225
2017-06-30 21:01:47.574213027,0.3671,-0.8713,-0.1095,788095639.0087409,24985946.159669157,-145520186.17148632,801807432.1889725
2017-06-30 21:01:47.774267017,0.2469,-0.7209,0.011,788102081.9667538,24986034.300180756,-145521493.20596656,801814004.925878
2017-06-30 21:01:47.973843991,0.5583,-1.0065,-0.2211,788108509.5841813,24986122.19043705,-145522797.13271293,801820562.012751
2017-06-30 21:01:48.174313008,0.1033,-0.8217,-0.185,788114965.9350821,24986210.440511353,-145524106.8950149,801827148.4120656
2017-06-30 21:01:48.374190986,0.5027,-0.8494,-0.4049,788121403.2709295,24986298.39646508,-145525412.8119458,801833715.4144764
2017-06-30 21:01:48.574369013,0.4774,-1.1797,-0.2084,788127850.2893835,24986386.437182803,-145526720.69761893,801840292.2938931
2017-06-30 21:01:48.774210989,0.261,-0.8652,-0.0396,788134286.49526,24986474.295547895,-145528026.38924652,801846858.1417924
2017-06-30 21:01:48.973631024,0.3316,-0.6911,-0.0648,788140709.1250908,24986561.940927282,-145529329.32664874,801853410.1393428
2017-06-30 21:01:49.174206018,0.5419,-1.3475,-0.3841,788147168.9739586,24986650.039702367,-145530639.82558215,801860000.1059508
2017-06-30 21:01:49.374195992,0.5956,-0.6828,-0.2746,788153610.0051129,24986737.854209214,-145531946.51314715,801866570.8760978
2017-06-30 21:01:49.574182987,0.3734,-1.6418,-0.2846,788160050.9552573,24986825.60174454,-145533253.1926306,801873141.5631005
2017-06-30 21:01:49.774183988,0.4854,-1.0067,-0.1588,788166492.375907,24986913.31515682,-145534559.9699788,801879712.729294
2017-06-30 21:01:49.973474025,0.2328,-0.7302,-0.0222,788172910.9078263,24987000.68776427,-145535862.10287374,801886260.5446694
2017-06-30 21:01:50.174601972,0.5461,-1.1406,-0.0975,788179388.6553829,24987088.820006948,-145537176.24835658,801892868.7669053
2017-06-30 21:01:50.374189019,0.1711,-0.8955,-0.147,788185816.7818375,24987176.241370518,-145538480.33164245,801899426.368303
2017-06-30 21:01:50.574238002,0.5447,-0.7207,-0.3885,788192259.8077246,24987263.83622511,-145539787.448723,801905999.1703818
2017-06-30 21:01:50.774276971,0.4807,-1.2456,-0.3632,788198702.530324,24987351.376851484,-145541094.51490587,801912571.6634657
2017-06-30 21:01:58.207005023,0.2883,-0.8955,-0.0965,788438106.8389338,24990554.599129777,-145589665.72068992,802156796.9540596
2017-06-30 21:01:58.407021999,0.3398,-0.8778,-0.4272,788444549.295399,24990640.763699073,-145590972.803724,802163369.1470459
2017-06-30 21:01:58.606990993,0.4079,-1.2777,-0.6007,788450990.2226965,24990726.85650623,-145592279.59722292,802169939.7822653
2017-06-30 21:01:58.807009994,0.2752,-1.168,-0.2257,788457432.7717111,24990812.92411406,-145593586.72654635,802176512.0716673
2017-06-30 21:01:59.206812977,0.1962,-0.6851,-0.6588,788470310.3312135,24990984.84869367,-145596199.5546422,802189648.9747689
2017-06-30 21:01:59.406962990,0.1259,-0.8603,-0.2887,788476757.120827,24991070.883389857,-145597507.6044153,802196225.5983831
2017-06-30 21:01:59.607218980,0.2059,-1.102,-0.5241,788483207.3321942,24991156.919447456,-145598816.36780256,802202805.7148277
2017-06-30 21:01:59.621402200,0.231,-0.593,-0.2064,788483664.1713438,24991163.0128704,-145598909.06159595,802203271.7545667
2017-06-30 21:01:59.806962013,0.3574,-1.2634,-0.4722,788489641.0342644,24991242.689941224,-145600121.79562777,802209368.9906846
2017-06-30 21:02:00.106790060,0.5492,-1.1597,-0.3991,788499298.5148851,24991371.328114066,-145602081.37042952,802219220.9731244
2017-06-30 21:02:00.206982016,0.0786,-0.376,-0.3942,788502525.7050017,24991414.310678896,-145602736.1951557,802222513.1594918
2017-06-30 21:02:00.406983017,-0.0808,-0.271,-0.6157,788508967.7484121,24991500.1006988,-145604043.3666443,802229084.951216
2017-06-30 21:02:00.607116997,0.269,-0.7816,-0.4274,788515414.085858,24991585.916453872,-145605351.42437923,802235661.1252261
2017-06-30 21:02:00.806976974,0.4697,-1.2894,-0.6383,788521851.6163988,24991671.563214973,-145606657.7167514,802242228.3173087
2017-06-30 21:02:01.206997990,0.3841,-0.8853,-0.1678,788534736.4362113,24991842.84408954,-145609272.29609922,802255372.6550347
2017-06-30 21:02:01.407020986,0.4085,-0.863,-0.1445,788541179.2647043,24991928.455345996,-145610579.67317733,802261945.2503319
2017-06-30 21:02:01.607098996,0.2956,-1.0196,-0.2608,788547623.8770556,24992014.04933301,-145611887.42027444,802268519.6656337
2017-06-30 21:02:01.622397600,0.3526,-1.0838,-0.4983,788548116.6527925,24992020.593869116,-145611987.41491306,802269022.3665321
2017-06-30 21:02:01.807325005,0.5485,-0.6984,-0.2297,788554073.2763661,24992099.679430593,-145613196.14410225,802275098.9644611
2017-06-30 21:02:02.207077980,0.5023,-1.185,-0.2055,788566949.6417617,24992270.447357267,-145615809.05678686,802288234.674228
2017-06-30 21:02:02.407010972,0.2764,-0.7153,-0.0405,788573389.6555635,24992355.826865572,-145617115.8840795,802294804.3961391
2017-06-30 21:02:02.607059001,0.4662,-1.0458,-0.1065,788579833.393463,24992441.213647254,-145618423.46755353,802301377.9159645
2017-06-30 21:02:02.636297400,0.4693,-1.4854,-0.3704,788580775.1905953,24992453.692244392,-145618614.5802122,802302338.6816342
2017-06-30 21:02:02.806951999,0.1531,-0.9142,-0.111,788586272.1448678,24992526.4989511,-145619730.04308853,802307946.3485092
2017-06-30 21:02:03.207029998,0.4425,-1.3693,-0.2912,788599159.1257396,24992696.965840045,-145622345.1505182,802321092.8815137
2017-06-30 21:02:03.406579971,0.2884,-0.8355,-0.1022,788605586.8755434,24992781.957648315,-145623649.5117839,802327650.0896835
2017-06-30 21:02:03.607056975,0.2451,-0.7805,-0.0217,788612044.4960054,24992867.31292613,-145624959.9334732,802334237.7689717
2017-06-30 21:02:03.621598900,0.5283,-0.7563,-0.3116,788612512.9101026,24992873.50414986,-145625054.98710406,802334715.6171035
2017-06-30 21:02:03.807343006,0.437,-0.9529,-0.2509,788618495.9815987,24992952.55181646,-145626269.11642772,802340819.1898917
2017-06-30 21:02:04.207027018,0.5529,-0.9262,-0.4602,788631370.4381663,24993122.498561397,-145628881.752407,802353952.9483635
2017-06-30 21:02:04.407000005,0.6165,-1.295,-0.2887,788637811.9102093,24993207.47584134,-145630188.9381321,802360524.1564475
2017-06-30 21:02:04.606954991,0.2347,-0.8176,-0.0224,788644252.8117931,24993292.41278259,-145631496.00708365,802367094.781412
2017-06-30 21:02:04.634199300,0.2306,-0.9106,-0.2056,788645130.3990477,24993303.984952763,-145631674.09827122,802367990.0437706
2017-06-30 21:02:04.807138979,0.4264,-0.9698,-0.0475,788650701.1039444,24993377.413028177,-145632804.57552108,802373672.9447105
2017-06-30 21:02:05.206583023,0.6139,-0.7608,-0.32,788663568.0286684,24993546.890700586,-145635415.72431508,802386799.015962
2017-06-30 21:02:05.407003998,0.4986,-1.4657,-0.3808,788670024.0257906,24993631.86721622,-145636725.8830344,802393385.0404583
2017-06-30 21:02:05.606958985,0.2684,-1.0401,-0.1152,788676465.0231532,24993716.604572263,-145638033.00018027,802399955.7622672
2017-06-30 21:02:05.628399800,0.2194,-1.1348,-0.1036,788677155.6798611,24993725.69028545,-145638173.16005751,802400660.3290876
2017-06-30 21:02:05.806360006,0.2537,-0.7305,-0.0293,788682888.1850046,24993801.079180952,-145639336.4973897,802406508.2884274
2017-06-30 21:02:06.206956028,0.1353,-0.9129,-0.1209,788695792.3205537,24993970.63630396,-145641955.23879665,802419672.3149889
2017-06-30 21:02:06.406947970,0.5058,-0.9324,-0.43,788702234.5493597,24994055.248025056,-145643262.62589115,802426244.2924014
2017-06-30 21:02:06.607038021,0.439,-1.2391,-0.2754,788708679.956072,24994139.851645038,-145644570.6653696,802432819.5115608
2017-06-30 21:02:06.620400900,0.4644,-0.8594,-0.2294,788709110.4082917,24994145.501687232,-145644658.02194422,802433258.6332196
2017-06-30 21:02:06.806970000,0.3109,-0.8727,-0.0223,788715120.2829478,24994224.355754796,-145645877.67288035,802439389.5473939
2017-06-30 21:02:07.206974983,0.3952,-1.2698,-0.3307,788728005.5442642,24994393.216054495,-145648492.6628436,802452534.3202736
2017-06-30 21:02:07.406965017,0.5411,-0.8758,-0.2726,788734447.7952739,24994477.60591696,-145649800.0872886,802459106.3195529
2017-06-30 21:02:07.606970012,0.4564,-1.2636,-0.4426,788740890.5464771,24994561.951545995,-145651107.62724522,802465678.8300935
2017-06-30 21:02:07.619500800,0.3264,-0.7537,-0.0778,788741294.2001944,24994567.23588165,-145651189.54774147,802466090.6135403
2017-06-30 21:02:07.806971013,0.5515,-1.2008,-0.2424,788747333.1892222,24994646.251399577,-145652415.14980507,802472251.2294825
2017-06-30 21:02:08.207017004,0.4141,-0.9608,-0.1189,788760219.9605953,24994814.71024229,-145655030.50267375,802485397.5403047
2017-06-30 21:02:08.406965970,0.2976,-0.9858,-0.1081,788766660.9734508,24994898.869078044,-145656337.69945234,802491968.274262
2017-06-30 21:02:08.606953024,0.603,-0.8445,-0.3543,788773103.2373627,24994983.01016947,-145657645.1594072,802498540.2851284
2017-06-30 21:02:08.620299500,0.2186,-0.7348,-0.0129,788773533.1728349,24994988.625337344,-145657732.4149721,802498978.879481
2017-06-30 21:02:08.807271003,0.4026,-1.1226,-0.3201,788779556.1761544,24995067.249283105,-145658954.7940827,802505123.186109
