datetime,accel_x,accel_y,accel_z,disp_x,disp_y,disp_z,total_displacement
2017-07-01 16:03:50.216769993,0.389,-0.7425,-0.1681,0.0,-0.0,-0.0,0.0
2017-07-01 16:03:50.416692972,0.4155,-1.1638,-0.3671,0.01660720157464341,-0.04651615208801444,-0.014672692414083264,0.0515251341763845
2017-07-01 16:03:50.616891980,0.3702,-1.1135,-0.2782,0.04807481609175346,-0.13772521020610537,-0.040515799700913666,0.15139666936222998
2017-07-01 16:03:50.816815972,0.119,-0.9451,-0.008,0.08425558584124807,-0.2665842446419006,-0.06664316279332383,0.2874151603236024
2017-07-01 16:03:51.167779920,0.2606,-0.8398,-0.0961,0.1798700385387412,-0.5962375377370442,-0.12434659038688967,0.6350704738149195
2017-07-01 16:03:51.217023015,0.2962,-1.386,-0.1905,0.19400377370037641,-0.6458514616264983,-0.1329047904656472,0.6873319853053462
2017-07-01 16:03:51.416633009,0.4296,-0.6516,-0.1263,0.2684128080680521,-0.8729270818856454,-0.17262831081978314,0.9294340533469047
2017-07-01 16:03:51.616761028,0.303,-1.3657,-0.3561,0.35515046856554777,-1.1552899621466177,-0.2267171619479312,1.2297265645178141
2017-07-01 16:03:51.816758990,0.1774,-0.9917,-0.16,0.4489276163286945,-1.4771365350889998,-0.28717073197595533,1.5703297033747103
2017-07-01 16:03:52.168579810,0.2027,-0.7212,-0.0597,0.6389828406214829,-2.1325725441934535,-0.4009054785258571,2.2620543604362133
2017-07-01 16:03:52.216750025,0.4113,-1.2292,-0.1981,0.6659589802260092,-2.225165007118279,-0.4169373523331927,2.3598087693747494
2017-07-01 16:03:52.416801989,0.1604,-0.7405,-0.1484,0.7844108166838138,-2.6393389390303064,-0.4894571623927603,2.7966012726575387
2017-07-01 16:03:52.616765975,0.3952,-1.0326,-0.3983,0.9186128683173435,-3.094619853412718,-0.5778713427654963,3.279398866829707
2017-07-01 16:03:52.816937983,0.2798,-1.305,-0.2065,1.06416578940011,-3.6026642220998064,-0.6746517141441489,3.816646860783062
2017-07-01 16:03:53.169230100,0.201,-0.8262,-0.0384,1.3452772672861018,-4.599334828061298,-0.8497458484115098,4.866797693903765
2017-07-01 16:03:53.216821014,0.2396,-0.7918,-0.1019,1.3837951036977298,-4.735767758879732,-0.8736299944581897,5.010550321300005
2017-07-01 16:03:53.416999995,0.3551,-1.3857,-0.2793,1.560039943315434,-5.365165161175041,-0.9852845374043004,5.673579773923517
2017-07-01 16:03:53.616881012,0.3347,-0.7104,-0.2477,1.749394519908345,-6.02200791287243,-1.1066690985803032,6.367862826940923
2017-07-01 16:03:53.816752016,0.4314,-1.5838,-0.3185,1.9559733584499275,-6.742088064970592,-1.2407711502301595,7.128891660141026
2017-07-01 16:03:54.171070090,0.2074,-1.0605,-0.0831,2.348219902231115,-8.151734997790715,-1.488930864668268,8.612887744723142
2017-07-01 16:03:54.216735005,0.1824,-0.6637,-0.0065,2.399153437294654,-8.334795895638072,-1.5209275243054319,8.8055653067715
2017-07-01 16:03:54.416646003,0.384,-1.1112,-0.1671,2.6374756325257485,-9.180604868262524,-1.6676799458814333,9.696439545587223
2017-07-01 16:03:54.616903007,0.1431,-0.9026,-0.1833,2.881949036226458,-10.064074615587597,-1.8220372222219228,10.625961027346346
2017-07-01 16:03:54.816749989,0.4476,-0.7976,-0.3772,3.143798499917211,-10.977590677015987,-1.991143376764654,11.591187084463083
2017-07-01 16:03:55.168579810,0.3893,-1.2706,-0.2384,3.652972642577292,-12.743112321976005,-2.318364251420186,13.45756046169505
2017-07-01 16:03:55.216782987,0.17,-0.8413,0.0178,3.723128108762872,-12.986956089557781,-2.3631544693762763,13.71521820579225
2017-07-01 16:03:55.416819989,0.3199,-0.7625,-0.0885,4.027065030491539,-14.02938773622129,-2.552569439082893,14.817441876193882
2017-07-01 16:03:55.616768002,0.0989,-1.4105,-0.2086,4.334820685683379,-15.127746316678804,-2.7502398079039243,15.975080531872038
2017-07-01 16:03:55.816923975,0.3997,-0.6785,-0.2993,4.658909375094413,-16.254429614908734,-2.9601064481835797,17.1660755228428
2017-07-01 16:03:56.168809890,0.2971,-1.4681,-0.3519,5.26546427934713,-18.416990364060975,-3.3726378436304176,19.449558714050134
2017-07-01 16:03:56.216754019,0.1923,-1.0153,-0.0779,5.348548849910131,-18.71397106570119,-3.4290239270162477,19.763043615289277
2017-07-01 16:03:56.416643977,0.1671,-0.6522,-0.0039,5.701623933128942,-19.97821033106083,-3.664266137711376,21.09654592190183
2017-07-01 16:03:56.616753995,0.4062,-1.1473,-0.2111,6.071353599371025,-21.289783908018393,-3.9082206203791077,22.480890146884107
2017-07-01 16:03:56.817004978,0.2764,-0.938,-0.2512,6.452427483144982,-22.639895634490834,-4.16242018832729,23.90657726631055
2017-07-01 16:03:57.167459840,0.3188,-0.7761,-0.3412,7.158491118671227,-25.0980161374804,-4.649194997784004,26.509798627314037
2017-07-01 16:03:57.216750025,0.3934,-1.2416,-0.3291,7.258752141424,-25.446758223588137,-4.718457636889402,26.879189519245145
2017-07-01 16:03:57.416638016,0.1523,-0.9199,-0.0408,7.671428904128987,-26.89777744168745,-5.00097070287759,28.4139219521821
2017-07-01 16:03:57.616755008,0.2458,-0.6861,-0.0784,8.094421954587439,-28.377935131715546,-5.286947098945332,29.979637735399823
2017-07-01 16:03:57.816740989,0.5246,-1.0801,-0.2955,8.538119141677496,-29.900321747328206,-5.584554617273875,31.592973417273384
2017-07-01 16:03:58.167559980,0.3458,-0.7667,-0.3008,9.35901967385669,-32.66528043343307,-6.143643706636838,34.53051046602932
2017-07-01 16:03:58.216765999,0.3968,-1.1687,-0.4034,9.475120272206691,-33.05592439405408,-6.223038502205995,34.945647081119276
2017-07-01 16:03:58.416634023,0.4785,-1.1986,-0.2148,9.96581954696405,-34.690546723675865,-6.554109813623997,36.68389219642909
2017-07-01 16:03:58.616859018,0.2026,-0.7633,-0.016,10.465517470948805,-36.35868927776282,-6.886413870295502,38.45652139656729
2017-07-01 16:03:58.816766977,0.3542,-1.0878,-0.1463,10.978579136514062,-38.06766245740691,-7.2240383721504084,40.272358451300946
2017-07-01 16:03:59.168979760,0.1915,-1.1397,-0.157,11.906285835622487,-41.22004329809179,-7.838366906676695,43.615268056722876
2017-07-01 16:03:59.217025995,0.4009,-0.7386,-0.2971,12.033762102608332,-41.65177254203707,-7.922854850866602,44.0732709839384
2017-07-01 16:03:59.416782975,0.3661,-1.2805,-0.3354,12.578365740266646,-43.4978252283874,-8.287505261867569,46.03214993632963
2017-07-01 16:03:59.616743981,0.2034,-1.1788,-0.057,13.131658448081419,-45.39289703488306,-8.654807227271732,48.0402044433389
2017-07-01 16:03:59.816749989,0.3096,-0.6561,-0.0652,13.697460420608069,-47.3146409114025,-9.024800012098876,50.07736696160719
2017-07-01 16:04:00.160560010,0.3745,-1.1715,-0.2129,14.714341039890252,-50.7565932324617,-9.685982956625619,53.726733146915024
2017-07-01 16:04:00.216920971,0.2692,-0.9681,-0.2209,14.881893954177501,-51.323909546819124,-9.795072732714042,54.32824227482989
2017-07-01 16:04:07.206767976,0.3293,-0.7238,-0.3009,51.75061592616335,-157.0454747641951,-38.02567105549446,169.66837964650156
2017-07-01 16:04:07.406804025,0.2992,-1.1883,-0.2824,52.81770053014688,-160.11857284104212,-38.844876843969374,173.02193882559385
2017-07-01 16:04:07.606893002,0.2518,-1.1877,-0.0451,53.89514844026613,-163.2400343165998,-39.66610499349717,176.4239091348963
2017-07-01 16:04:07.806864976,0.2282,-0.6694,0.0182,54.98109174945883,-166.3864389987004,-40.48612512989546,179.85131042242705
2017-07-01 16:04:08.206815004,0.4823,-0.8974,-0.2715,57.230160105155456,-172.82289215335211,-42.16961948155752,186.87247011031417
2017-07-01 16:04:08.406925022,0.4431,-0.8298,-0.3612,58.373196965862185,-176.07651989662838,-43.026398824333384,190.4248985262004
2017-07-01 16:04:08.583797600,0.4381,-1.1387,-0.2737,59.397206069919484,-178.98794856571433,-43.79224850969516,193.6039122802279
2017-07-01 16:04:08.606768012,0.4523,-1.1735,-0.2329,59.530432611780185,-179.36667450334625,-43.891832167028305,194.01744576278094
2017-07-01 16:04:08.806710004,0.2762,-0.9989,0.0203,60.70112167425746,-182.7031619747287,-44.757829418682235,197.65711437322162
2017-07-01 16:04:09.206789016,0.4429,-1.0448,-0.2408,63.1145337144428,-189.54662545173028,-46.52921185792577,205.12516945087407
2017-07-01 16:04:09.406718015,0.4047,-0.901,-0.2468,64.33674962729951,-193.00248135284832,-47.42427879082217,208.89767203057102
2017-07-01 16:04:09.600701500,0.2676,-0.7225,-0.063,65.53268880683393,-196.382753952197,-48.29509877375457,212.58677267805066
2017-07-01 16:04:09.606694996,0.4219,-0.9867,-0.36,65.56965482279881,-196.48722947442357,-48.322017378000375,212.70079535252222
2017-07-01 16:04:09.806686997,0.443,-0.9482,-0.251,66.8208617570799,-200.01131155920942,-49.230281171587194,216.5483153982673
2017-07-01 16:04:10.206694006,0.2606,-0.7122,-0.0737,69.36511702523771,-207.1738371312609,-51.05870565831952,224.36468009719812
2017-07-01 16:04:10.406735002,0.4122,-1.0046,-0.2619,70.65397788511731,-210.79597171561315,-51.98356956980554,228.31823796564967
2017-07-01 16:04:10.582098900,0.2172,-1.0076,-0.0199,71.79052404916526,-214.00226525577773,-52.794954055529566,231.81491766403536
2017-07-01 16:04:10.606702029,0.3731,-0.7828,-0.2026,71.95020455839824,-214.4525742924119,-52.90891196495294,232.3060298872006
2017-07-01 16:04:10.806698024,0.4342,-1.0457,-0.3792,73.26559628589557,-218.15491078399896,-53.850430045771034,236.34568224195857
2017-07-01 16:04:11.206772029,0.2548,-0.8091,-0.0338,75.93770224752944,-225.69060593960074,-55.7392623094462,244.5601144807138
2017-07-01 16:04:11.406756997,0.3433,-0.8632,-0.1874,77.2871376242848,-229.4919962183562,-56.69092764887256,248.70411988572056
2017-07-01 16:04:11.582897600,0.4711,-1.1048,-0.235,78.49029487860773,-232.87442073050136,-57.53641617682883,252.3918806284596
2017-07-01 16:04:11.606756985,0.3487,-1.2661,-0.1477,78.6534688224104,-233.33331278135068,-57.6510271527986,252.89215872203363
2017-07-01 16:04:11.806758999,0.3046,-0.7611,-0.2595,80.03346357057686,-237.21043384397086,-58.622137322849696,257.12001127848214
2017-07-01 16:04:12.206825971,0.4558,-1.1974,-0.0803,82.8668397971979,-245.15754432365358,-60.577515590308415,265.77955164359935
2017-07-01 16:04:12.406517028,0.254,-0.7844,0.0121,84.2912313767192,-249.1555765405571,-61.55304855282692,270.1338386696633
2017-07-01 16:04:12.583398300,0.3051,-1.2781,-0.3097,85.56246695906398,-252.7369199403821,-62.42684048019071,274.03283902738957
2017-07-01 16:04:12.606715023,0.3202,-1.1476,-0.1279,85.73021699629336,-253.2096412748139,-62.54209442199324,274.5474569458639
2017-07-01 16:04:12.806891977,0.2602,-1.1807,-0.1704,87.1807982620095,-257.3153240714309,-63.53839184947496,279.01396887325217
2017-07-01 16:04:13.206725001,0.3548,-1.1343,-0.3236,90.13490682564405,-265.69734270561344,-65.58012700351908,288.1321440018267
2017-07-01 16:04:13.405866026,0.3066,-1.2403,-0.1005,91.61839041526599,-269.92128163057106,-66.60102012316264,292.7236301032427
2017-07-01 16:04:13.583797600,0.3454,-0.7923,-0.2867,92.95481130234354,-273.7204352317632,-67.52226016874387,296.854727477963
2017-07-01 16:04:13.605759024,0.2621,-0.7222,-0.0779,93.11988711072583,-274.1896987713088,-67.6360029292145,297.36498311007654
2017-07-01 16:04:13.806716024,0.3352,-1.0696,-0.236,94.64394232274319,-278.5268676244225,-68.68633138322642,302.08029383915414
2017-07-01 16:04:14.206201016,0.3519,-0.8228,-0.2745,97.72979029073447,-287.28009031079466,-70.8180997353381,311.602576127627
2017-07-01 16:04:14.406819999,0.3,-1.1532,-0.2969,99.29155914883185,-291.722320561774,-71.90061072566415,316.4339170425255
2017-07-01 16:04:14.607023000,0.2534,-1.178,-0.0637,100.86024627720127,-296.2025555832997,-72.98343031242699,321.3025432724496
2017-07-01 16:04:14.638097500,0.2308,-1.0162,-0.1854,101.1039528470234,-296.89893633289853,-73.15167913378109,322.05924274423694
2017-07-01 16:04:14.806707978,0.2344,-0.7767,-0.0248,102.4329704581855,-300.69958486848043,-74.06530359474505,326.18771125464815
2017-07-01 16:04:15.206857025,0.3523,-1.1202,-0.216,105.64342603963001,-309.89870954078333,-76.2681173422777,336.1763962020073
2017-07-01 16:04:15.406844019,0.3185,-0.8149,-0.2097,107.26068991118741,-314.52885140047414,-77.3774292767166,341.20451422130793
2017-07-01 16:04:15.584697700,0.4483,-1.0698,-0.2796,108.71314570079352,-318.68039788211604,-78.37281377415627,345.7138151438908
2017-07-01 16:04:15.606936991,0.2832,-1.0516,-0.2199,108.89490465106745,-319.2000382554703,-78.49738802330276,346.27821850029744
2017-07-01 16:04:15.806704998,0.3495,-1.2587,-0.0542,110.54153123096337,-323.91802271986177,-79.61855921838966,351.3992466435339
2017-07-01 16:04:16.206907987,0.3377,-0.8386,-0.1285,113.89436891509972,-333.5040560248546,-81.88522578902281,361.8039149292299
2017-07-01 16:04:16.406751990,0.47,-1.0897,-0.2084,115.5874012178895,-338.3344250325853,-83.02542369714962,367.0474784854497
2017-07-01 16:04:16.589501800,0.2567,-0.8721,-0.0118,117.14418859653588,-342.78074142052276,-84.06848580834672,371.8721660958941
2017-07-01 16:04:16.606801986,0.2997,-0.9321,-0.1361,117.29165306565982,-343.2019351991079,-84.1672690175264,372.32919490305403
2017-07-01 16:04:16.806702971,0.2967,-0.8662,-0.2733,119.00743854865564,-348.10337814855893,-85.31961496533525,377.6482080007579
2017-07-01 16:04:17.206861019,0.3014,-1.1569,-0.0894,122.49032791111385,-358.1002451553591,-87.64067480819253,388.4849468035227
2017-07-01 16:04:17.406552016,0.2509,-0.6911,-0.0828,124.238400301422,-363.11654349838943,-88.80225580792346,393.922130513443
2017-07-01 16:04:17.582599600,0.4865,-1.2143,-0.1782,125.79457890363011,-367.57654664240056,-89.83182853174023,398.75625529946296
2017-07-01 16:04:17.605738997,0.3994,-1.1354,-0.1195,125.99933424128326,-368.1633698494019,-89.96721781513287,399.3922876189645
2017-07-01 16:04:17.806720972,0.3779,-0.8769,-0.1762,127.79304349025993,-373.29576436475605,-91.15028656320835,404.95575609901624
2017-07-01 16:05:50.857577979,0.179,-0.9651,-0.1245,2508.1112310106405,-11105.779118158358,-1716.8672813634532,11514.190593796
2017-07-01 16:05:51.257517993,0.517,-1.1844,-0.2783,2518.4247238527605,-11152.09763582264,-1723.8992574745887,11562.16127800314
2017-07-01 16:05:51.457855999,0.2909,-0.8824,-0.0385,2523.6026354482037,-11175.33492937005,-1727.4232611106188,11586.227693613891
2017-07-01 16:05:51.575439920,0.5407,-1.046,-0.4055,2526.649170792725,-11188.988002125821,-1729.4972028219368,11600.369352678046
2017-07-01 16:05:51.656789004,0.313,-0.8957,-0.0214,2528.75895257968,-11198.439651006407,-1730.9321771711063,11610.159286566686
2017-07-01 16:05:51.857578992,0.3387,-1.1201,-0.1666,2533.980079603874,-11221.813854946296,-1734.48077132258,11634.370837521972
2017-07-01 16:05:52.257620990,0.4539,-1.2607,-0.3232,2544.454980976595,-11268.584979317506,-1741.6025015494856,11682.826621144393
2017-07-01 16:05:52.457504987,0.4959,-1.178,-0.1174,2549.7086573298307,-11292.00158919617,-1745.1656182448858,11707.088329844257
2017-07-01 16:05:52.574920170,0.406,-0.8765,-0.3289,2552.8003514125066,-11305.768978864706,-1747.2631865525545,11721.35361128198
2017-07-01 16:05:52.657012999,0.279,-0.8634,0.0011,2554.963842339097,-11315.400502958908,-1748.729729818771,11731.333447054298
2017-07-01 16:05:52.857347011,0.3836,-0.8626,-0.1513,2560.2588804776187,-11338.93926860836,-1752.3146590570766,11755.725240775215
2017-07-01 16:05:53.256904006,0.5355,-0.7724,-0.25,2570.905081414191,-11386.009567075942,-1759.5045473834798,11804.517061339246
2017-07-01 16:05:53.457562029,0.5427,-1.1383,-0.2914,2576.27346792862,-11409.694161986457,-1763.1270511256573,11829.071089905236
2017-07-01 16:05:53.567550060,0.8304,-1.3112,-0.3836,2579.226123369391,-11422.692420273683,-1765.117319002832,11842.548233952552
2017-07-01 16:05:53.656883001,0.353,-1.1428,-0.1025,2581.6271049680354,-11433.258803886978,-1766.7346445441547,11853.503983632743
2017-07-01 16:05:53.857645988,0.2734,-0.7362,-0.0063,2587.0339867441603,-11457.03491042359,-1770.3696059255224,11878.156520639857
2017-07-01 16:05:54.258095979,0.3353,-0.9608,-0.1866,2597.8725410547645,-11504.613770267142,-1777.6499704379535,11927.49425319437
2017-07-01 16:05:54.457552015,0.4107,-0.7462,-0.2826,2603.2873443596445,-11528.341523287701,-1781.287415251687,11952.102247328565
2017-07-01 16:05:54.575519800,0.4497,-1.192,-0.2058,2606.4961747442635,-11542.391833165279,-1783.4416370912295,11966.674375622812
2017-07-01 16:05:54.656780004,0.5395,-1.3528,-0.3638,2608.7100881828183,-11552.079095106443,-1784.9279402752366,11976.721901077828
2017-07-01 16:05:54.857518970,0.42,-0.9866,-0.098,2614.196094256417,-11576.04951904805,-1788.60353851236,12001.585157997131
2017-07-01 16:05:55.257504999,0.3876,-1.122,-0.0939,2625.1893457736755,-11623.9917248863,-1795.942440689526,12051.31577760946
2017-07-01 16:05:55.457557022,0.3612,-0.9532,-0.1943,2630.702048844416,-11648.008048384501,-1799.6207505037005,12076.22952790596
2017-07-01 16:05:55.575150250,0.3118,-0.7392,-0.0727,2633.946800325427,-11662.135383117142,-1801.7839150245818,12090.885108937999
2017-07-01 16:05:55.656790971,0.3642,-0.7957,-0.2773,2636.2019412782142,-11671.948783678856,-1803.2875701008768,12101.065868116812
2017-07-01 16:05:55.857500970,0.3657,-1.1554,-0.2679,2641.7608347744062,-11696.12112729481,-1806.9950299279694,12126.144513846284
2017-07-01 16:05:56.257200002,0.3159,-0.8369,-0.0893,2652.881425608659,-11744.392253973967,-1814.3924268790822,12176.228855941372
2017-07-01 16:05:56.457855999,0.3532,-1.059,-0.1198,2658.478380103061,-11768.667853299825,-1818.1108747223261,12201.417028015709
2017-07-01 16:05:56.575690260,0.3167,-0.9371,-0.0624,2661.769561835057,-11782.936592812457,-1820.2953816013244,12216.222297700282
2017-07-01 16:05:56.656804025,0.4592,-0.8946,-0.2352,2664.0381393237144,-11792.764674583608,-1821.8006816971176,12226.4203919917
2017-07-01 16:05:56.857514023,0.6722,-0.9693,-0.4209,2669.678645378066,-11817.122582075559,-1825.542390933881,12251.700910913733
2017-07-01 16:05:57.257503986,0.3413,-0.9383,-0.0083,2680.974074863909,-11865.814970557756,-1833.0004781422263,12302.238725470848
2017-07-01 16:05:57.457497000,0.3808,-0.8798,-0.1118,2686.636964981954,-11890.19611482869,-1836.7339567486033,12327.545313588109
2017-07-01 16:05:57.577080240,0.5573,-1.2512,-0.198,2690.030986471463,-11904.792397535286,-1838.969173496884,12342.69647839006
2017-07-01 16:05:57.656997025,0.4085,-1.375,-0.2096,2692.301800291345,-11914.55579022532,-1840.4642945229996,12352.831152479086
2017-07-01 16:05:57.857496023,0.436,-0.8549,-0.2508,2698.0164521972692,-11939.085016965522,-1844.2254067648823,12378.295971967016
2017-07-01 16:05:58.257763028,0.532,-1.2607,-0.2263,2709.510154871466,-11988.256021733634,-1851.7701751198817,12429.351572123456
2017-07-01 16:05:58.456938982,0.3144,-0.8648,-0.0133,2715.2419826996297,-12012.758201116145,-1855.5250377664725,12454.79312509349
2017-07-01 16:05:58.575739740,0.4018,-1.0287,-0.3649,2718.6664673047308,-12027.387322739094,-1857.769818261961,12469.984036448375
2017-07-01 16:05:58.656836986,0.242,-0.6118,-0.1114,2721.005723010186,-12037.377658737865,-1859.3029108000085,12480.35818227366
2017-07-01 16:05:58.857518017,0.6083,-1.3516,-0.2491,2726.8188793079125,-12062.153904284125,-1863.1066917147575,12506.089099150826
2017-07-01 16:05:59.257575988,0.5664,-1.5657,-0.4478,2738.4980663814667,-12111.795975843994,-1870.7612041003533,12557.65586814724
2017-07-01 16:05:59.457516014,0.4498,-1.1849,-0.1343,2744.353044069119,-12136.653340468067,-1874.5921269645266,12583.478198799548
2017-07-01 16:05:59.575540060,0.4508,-0.8467,-0.234,2747.8155007503387,-12151.338368516026,-1876.8567697112776,12598.73428191676
2017-07-01 16:05:59.656771004,0.2484,-0.774,0.0307,2750.2002018573635,-12161.450557560376,-1878.4152246694,12609.23965077005
2017-07-01 16:05:59.857614994,0.4893,-0.9432,-0.2274,2756.116126998311,-12186.49105193816,-1882.2776867121197,12635.256608172362
2017-07-01 16:06:00.257722020,0.4903,-0.8251,-0.2955,2767.9798997507087,-12236.507019784225,-1890.019512529365,12687.23730874434
2017-07-01 16:06:00.456780016,0.5234,-1.3139,-0.2668,2773.9030068028887,-12261.44261972531,-1893.8817345000507,12713.154645179115
2017-07-01 16:06:00.575150250,0.3458,-1.1177,-0.0998,2777.430039395864,-12276.286284588712,-1896.1798108404012,12728.582813493345
2017-07-01 16:06:00.656753003,0.506,-1.1491,-0.1005,2779.864894877545,-12286.526947548113,-1897.7647411611426,12739.226989083478
2017-07-01 16:06:00.857519984,0.2871,-0.7517,-0.0128,2785.8669339460575,-12311.752315524936,-1901.6646558768136,12765.446647724424
2017-07-01 16:06:01.257539987,0.29,-0.9738,-0.1763,2797.8721560888,-12362.16865367866,-1909.4632873543926,12817.852880633578
2017-07-01 16:06:01.457575023,0.4636,-0.8725,-0.348,2803.8940689820784,-12387.414890195916,-1913.3770160333129,12844.099081578472
2017-07-01 16:06:01.572109810,0.384,-0.8395,-0.1443,2807.3470949117623,-12401.881232265137,-1915.6198068346841,12859.138970197697
2017-07-01 16:06:28.607789993,0.4604,-1.0468,-0.2116,3958.9453915243594,-16581.76434064297,-2599.6899223514706,17244.899099561775
2017-07-01 16:06:28.807558000,0.3085,-0.9078,-0.2343,3967.4669209175936,-16612.685935950132,-2604.75390127169,17277.351378648313
2017-07-01 16:06:29.207862973,0.4776,-1.0623,-0.3066,3984.619313854858,-16674.818379101675,-2614.9504825159565,17342.569736875288
2017-07-01 16:06:29.407094001,0.2454,-0.9798,-0.0714,3993.165768043718,-16705.78046975636,-2620.0281357976974,17375.068960644177
2017-07-01 16:06:29.607779026,0.2582,-0.6072,-0.054,4001.7849935100517,-16736.99297780454,-2625.1450208432652,17407.831670079388
2017-07-01 16:06:29.786197100,0.3634,-0.7299,-0.318,4009.4594433332354,-16764.765545637318,-2629.7042862320395,17436.985790581733
2017-07-01 16:06:29.807806015,0.4796,-1.0741,-0.2301,4010.38915009646,-16768.12969215576,-2630.2565842476342,17440.517314780114
2017-07-01 16:06:30.207756996,0.3878,-0.7181,-0.342,4027.6587628165466,-16830.510236005255,-2640.5335594302383,17506.014034966607
2017-07-01 16:06:30.407074987,0.3924,-1.2088,-0.2971,4036.2807679274847,-16861.645980218982,-2645.6669552742524,17538.70637299132
2017-07-01 16:06:30.607791006,0.342,-1.0401,-0.0869,4044.9770264112763,-16893.0420147822,-2650.8398579891314,17571.672077810224
2017-07-01 16:06:30.777298200,0.3365,-1.0209,-0.2425,4052.330794257324,-16919.585692718894,-2655.2154068506848,17599.54356613038
2017-07-01 16:06:30.807771980,0.2679,-0.6636,-0.0432,4053.6530937372695,-16924.358296418224,-2656.0020773776646,17604.554927203942
2017-07-01 16:06:31.207774996,0.4966,-1.108,-0.2513,4071.0892352730634,-16987.18142984936,-2666.368231219228,17670.529704472086
2017-07-01 16:06:31.407011985,0.3748,-0.7628,-0.3054,4079.788858466101,-17018.50320340658,-2671.543618453851,17703.42547981395
2017-07-01 16:06:31.607801020,0.3694,-1.1878,-0.2768,4088.571144098655,-17050.116859610847,-2676.770481225807,17736.62874212301
2017-07-01 16:06:31.758600200,0.5001,-1.2928,-0.2475,4095.178302399251,-17073.889155667774,-2680.701655606448,17761.59727037077
2017-07-01 16:06:31.808017015,0.4288,-1.2923,-0.086,4097.344511970804,-17081.682480884265,-2681.990109476147,17769.78276104842
2017-07-01 16:06:32.207804024,0.4128,-0.7502,-0.2294,4114.935343195228,-17144.851170780592,-2692.4504959353653,17836.140395835544
2017-07-01 16:06:32.406991004,0.4425,-1.0878,-0.2169,4123.717227758943,-17176.367039675788,-2697.6708086289937,17869.24889993717
2017-07-01 16:06:32.607769012,0.3703,-0.7831,-0.2859,4132.584186058128,-17208.166213231478,-2702.9443442928177,17902.657473274845
2017-07-01 16:06:32.707298500,0.2809,-0.7562,-0.0361,4136.98248903515,-17223.937161075126,-2705.558894114297,17919.226667821607
2017-07-01 16:06:32.807964026,0.4208,-0.9886,-0.3487,4141.435258811666,-17239.898137877957,-2708.2068201969596,17935.996152661763
2017-07-01 16:06:33.207870006,0.2447,-0.8914,-0.0978,4159.163559017428,-17303.447606059253,-2718.7416675366976,18002.763588435428
2017-07-01 16:06:33.407077014,0.2924,-0.6708,-0.2209,4168.006242300563,-17335.130415033735,-2723.998205641366,18036.052471824914
2017-07-01 16:06:33.607791006,0.4554,-1.0957,-0.3434,4176.9341660203645,-17367.097043238864,-2729.3083432568037,18069.642021056075
2017-07-01 16:06:33.779199600,0.4531,-1.2014,-0.1508,4184.5718739828035,-17394.43165796929,-2733.8476008596244,18098.365041545
2017-07-01 16:06:33.807896971,0.4196,-0.7779,-0.1988,4185.850931031883,-17399.008682792977,-2734.6077309055813,18103.1746001262
2017-07-01 16:06:34.207844018,0.3645,-1.1863,-0.3056,4203.735087643691,-17462.987125654454,-2745.2503288766197,18170.4074639524
2017-07-01 16:06:34.406956970,0.2403,-0.9648,-0.0717,4212.648211292631,-17494.87693422922,-2750.5515706552346,18203.918749510136
2017-07-01 16:06:34.607778012,0.3049,-0.696,-0.1026,4221.650092492076,-17527.06837850065,-2755.902426888961,18237.748041756917
2017-07-01 16:06:34.783300300,0.263,-0.9118,-0.3184,4229.526049741681,-17555.232544567334,-2760.589009686735,18267.346057369217
2017-07-01 16:06:34.807972013,0.4093,-1.237,-0.1676,4230.633356901286,-17559.19210087308,-2761.2478657973493,18271.507206912618
2017-07-01 16:06:35.207170009,0.3532,-0.729,-0.2905,4248.606306795719,-17623.375448126095,-2771.954709962749,18338.9680911943
2017-07-01 16:06:35.407383978,0.5221,-1.1389,-0.2521,4257.641398073507,-17655.611650769915,-2777.3347317010525,18372.852833713783
2017-07-01 16:06:35.607764005,0.3379,-1.0531,-0.0472,4266.697550493352,-17687.916874440867,-2782.7211108254646,18406.80983020006
2017-07-01 16:06:35.786399800,0.3169,-1.0335,-0.2068,4274.781087348801,-17716.749477591326,-2787.529586339941,18437.117090022723
2017-07-01 16:06:35.807766973,0.289,-0.7141,-0.0936,4275.748115824196,-17720.19855933664,-2788.1047855151314,18440.742588824967
2017-07-01 16:06:36.207801997,0.3931,-0.9815,-0.2426,4293.915676148274,-17784.92914336171,-2798.912455265738,18508.79054396884
2017-07-01 16:06:36.407105982,0.3681,-0.7749,-0.3533,4302.981673232709,-17817.20975857371,-2804.3110467288316,18542.72836742199
2017-07-01 16:06:36.607746005,0.5867,-1.4498,-0.1877,4312.132062839496,-17849.765131251,-2809.753383880825,18576.95648502257
2017-07-01 16:06:36.775897500,0.4325,-1.1234,-0.1846,4319.813009427257,-17877.08075673765,-2814.319693062695,18605.676449785347
2017-07-01 16:06:36.807763993,0.3365,-1.0423,-0.0099,4321.268972035143,-17882.25841611317,-2815.185067170955,18611.120292764386
2017-07-01 16:06:37.207768023,0.5679,-1.206,-0.2142,4339.635802864265,-17947.443929265417,-2826.0819450048693,18679.665994217077
2017-07-01 16:06:37.406979024,0.3848,-1.0479,-0.179,4348.798168390773,-17979.949366442026,-2831.5159388007255,18713.848007315344
2017-07-01 16:06:37.607828021,0.4165,-0.7066,-0.3079,4358.052672454081,-18012.750581360553,-2837.0070339460995,18748.34434057708
2017-07-01 16:06:37.805401800,0.2794,-0.6471,-0.0859,4367.167171035246,-18045.0421710167,-2842.411939670705,18782.305547730863
2017-07-01 16:06:37.807775020,0.5643,-1.1303,-0.2957,4367.276655898917,-18045.43005803569,-2842.476864072489,18782.713491170678
2017-07-01 16:06:38.207753002,0.2534,-0.5846,-0.1022,4385.7695659830015,-18110.89732367868,-2853.4354493824853,18851.56944178725
2017-07-01 16:06:38.407041013,0.5475,-1.1313,-0.1856,4395.005355692728,-18143.56115245917,-2858.9029078435165,18885.92622049735
2017-07-01 16:06:38.607764005,0.3885,-0.9184,-0.2514,4404.323300618064,-18176.497180475446,-2864.4198637852955,18920.571202906292
2017-07-01 16:06:38.780898300,0.3118,-1.037,-0.0795,4412.369871855038,-18204.937347309955,-2869.180915825861,18950.486823120777
2017-07-01 16:06:38.807762026,0.3572,-0.7139,-0.3291,4413.618645328637,-18209.350673085755,-2869.9198839002015,18955.129163944177
2017-07-01 16:06:39.207819998,0.2767,-0.916,-0.0201,4432.259821127255,-18275.22107574801,-2880.9279059437586,19024.415315291262
2017-07-01 16:06:39.810497900,0.5359,-1.2848,-0.2806,4460.536962882771,-18374.919950120686,-2897.613151313712,19129.303049124734
2017-07-01 16:06:54.290861010,0.3404,-0.7671,-0.0972,5211.318840493649,-20931.20145008835,-3318.885575578269,21824.02436914984
2017-07-01 16:06:54.491199016,0.29,-0.9373,-0.0607,5221.7176601645115,-20966.60560873652,-3324.716379272751,21861.350028700886
2017-07-01 16:06:54.691033005,0.2658,-0.6084,-0.0824,5232.100932496989,-21001.944992044468,-3330.53580416846,21898.608228824625
2017-07-01 16:06:54.891346991,0.5141,-1.1203,-0.2951,5242.529773847984,-21037.414212614876,-3336.3810482912486,21936.005873499624
2017-07-01 16:06:55.291086018,0.4253,-0.8056,-0.4259,5263.409135111031,-21108.32397780026,-3348.113651868066,22010.78558119117
2017-07-01 16:06:55.491024017,0.439,-1.0128,-0.2278,5273.869942024467,-21143.831495931987,-3353.991070102326,22048.23282243003
2017-07-01 16:06:55.691021978,0.2542,-0.8789,-0.1052,5284.344053957654,-21179.38481815708,-3359.874458905978,22085.72819120504
2017-07-01 16:06:55.891010999,0.3451,-0.6799,-0.1474,5294.8315001777655,-21214.9637441467,-3365.763480072165,22123.252271863672
2017-07-01 16:06:55.905820130,0.4144,-0.7906,-0.2785,5295.608183515667,-21217.598527039456,-3366.199621518291,22126.031121280084
2017-07-01 16:06:56.291257977,0.4371,-0.7101,-0.2798,5315.88788852474,-21286.279621267116,-3377.59266018509,22198.479595149573
2017-07-01 16:06:56.490261971,0.4768,-1.0868,-0.4143,5326.377310778525,-21321.783143952885,-3383.4913653354943,22235.933655095967
2017-07-01 16:06:56.691022992,0.5579,-1.1006,-0.2369,5336.981831386981,-21357.64449060935,-3389.4516990198904,22273.76789130657
2017-07-01 16:06:56.891034007,0.3098,-0.8685,-0.0405,5347.559128835075,-21393.40660974178,-3395.3913861797505,22311.497432298765
2017-07-01 16:06:56.904250140,0.3753,-1.0297,-0.328,5348.258110743744,-21395.769844064394,-3395.7839203320073,22313.99068909228
2017-07-01 16:06:57.290992021,0.4903,-1.2846,-0.2689,5368.785655953202,-21465.116981487765,-3407.3108123838206,22387.158672344085
2017-07-01 16:06:57.491005003,0.396,-0.7231,-0.2583,5379.41781791753,-21501.010470157038,-3413.2825586616527,22425.032555668568
2017-07-01 16:06:57.691285014,0.3825,-1.1324,-0.3721,5390.079517310048,-21536.99730165033,-3419.2772032751777,22463.00662349224
2017-07-01 16:06:57.891025006,0.4933,-1.0715,-0.1633,5400.732150077791,-21572.929849763008,-3425.2621994358337,22500.925118638203
2017-07-01 16:06:57.902389880,0.3303,-0.7926,-0.1031,5401.33830986183,-21574.974454479336,-3425.6027490994215,22503.082732009287
2017-07-01 16:06:58.291086018,0.354,-0.7317,-0.1629,5422.123389023677,-21645.013623293053,-3437.2746820969573,22576.999225728032
2017-07-01 16:06:58.491010010,0.3737,-1.2961,-0.1015,5432.82903131782,-21681.089738035127,-3443.2821416984343,22615.071864126392
2017-07-01 16:06:58.691240012,0.4087,-0.6798,-0.2227,5443.567445629789,-21717.24832660019,-3449.3077250083807,22653.234320867778
2017-07-01 16:06:58.891133010,0.472,-1.1779,-0.2689,5454.306646087188,-21753.393122806036,-3455.3339112467834,22691.383954776928
2017-07-01 16:06:58.903149840,0.307,-0.8284,-0.0768,5454.9522915535035,-21755.56613430631,-3455.696194434097,22693.677500914804
2017-07-01 16:06:59.290924012,0.2941,-0.7325,-0.0098,5475.831014310329,-21825.79774537473,-3467.3882772182296,22767.805207886813
2017-07-01 16:06:59.491168022,0.4255,-1.0639,-0.1421,5486.629709792277,-21862.107543331425,-3473.4316890828704,22806.13030540888
2017-07-01 16:06:59.691006004,0.3602,-1.0318,-0.2228,5497.420893790878,-21898.384922299054,-3479.471744492672,22844.422126842823
2017-07-01 16:06:59.891104996,0.4277,-0.7563,-0.3458,5508.243297181673,-21934.739965398403,-3485.5335345635194,22882.799339048524
2017-07-01 16:06:59.903409710,0.4156,-1.1481,-0.1014,5508.908863600974,-21936.975724741187,-3485.9063083813057,22885.159462109023
2017-07-01 16:07:00.291181981,0.3762,-1.1012,-0.1131,5529.940173822927,-22007.599304271676,-3497.670954887573,22959.71183556327
2017-07-01 16:07:00.491271018,0.2862,-0.6518,-0.0609,5540.803709187844,-22044.066901564216,-3503.743906515873,22998.20890127829
2017-07-01 16:07:00.690411984,0.4342,-1.2737,-0.1569,5551.632989577462,-22080.412217703462,-3509.7943052106248,23036.57718975547
2017-07-01 16:07:00.891012012,0.4775,-1.1632,-0.2728,5562.560828496767,-22117.070635569355,-3515.900011417374,23075.27788261228
2017-07-01 16:07:00.902569890,0.4245,-1.2024,-0.2763,5563.1905093878695,-22119.182927109792,-3516.251837945883,23077.507859267353
2017-07-01 16:07:01.291320025,0.5235,-1.3224,-0.2758,5584.448990464587,-22190.429869007363,-3528.1272316213635,23152.730509832814
2017-07-01 16:07:01.491007983,0.263,-0.9944,-0.0652,5595.3792492446555,-22227.066695007332,-3534.2298245186053,23191.410980354314
2017-07-01 16:07:01.691177010,0.2817,-0.5411,-0.1311,5606.347127205688,-22263.813463520317,-3540.352372062544,23230.209059918616
2017-07-01 16:07:01.891017973,0.5524,-1.3533,-0.177,5617.31909040214,-22300.554052417025,-3546.4719538944228,23269.001872188877
2017-07-01 16:07:01.907329910,0.3094,-0.683,-0.2935,5618.214754742591,-22303.553169714887,-3546.9715403567957,23272.16853094716
2017-07-01 16:07:02.290916025,0.4044,-0.7254,-0.3722,5639.336403845755,-22374.18615420309,-3558.774415236061,23346.759871065875
2017-07-01 16:07:02.491002976,0.4711,-1.0611,-0.2366,5650.372780781186,-22411.072352742493,-3564.940526498591,23385.71524497645
2017-07-01 16:07:02.691120982,0.3513,-0.8576,-0.105,5661.424939232436,-22447.998620790113,-3571.1117997456895,23424.713742281692
2017-07-01 16:07:02.890348970,0.3224,-0.6322,-0.1156,5672.44074021976,-22484.78575367159,-3577.260214836761,23463.566757517317
2017-07-01 16:07:02.902510280,0.3528,-1.0578,-0.1933,5673.113220865742,-22487.031476774468,-3577.6355560643015,23465.93860100684
2017-07-01 16:07:03.291020989,0.3849,-0.8593,-0.2436,5694.654688725664,-22558.90406584072,-3589.663145783916,23541.854773484385
2017-07-01 16:07:03.491029977,0.4256,-0.7763,-0.3333,5705.761465675505,-22595.935809341405,-3595.8683959414525,23580.97323106057
2017-07-01 16:07:03.691003978,0.5901,-1.0554,-0.2905,5716.889897612228,-22633.003280010133,-3602.084177611446,23620.13289541295
2017-07-01 16:07:03.891214013,0.197,-0.8843,-0.0838,5728.039361257423,-22670.1499486158,-3608.310654958289,23659.375296053884
2017-07-01 16:07:03.902469750,0.4813,-1.298,-0.2087,5728.666241116984,-22672.238485566177,-3608.6607317419725,23661.581669983898
2017-07-01 16:07:04.290894985,0.4343,-1.0994,-0.3318,5750.3648189163505,-22744.477865069122,-3620.7916228331087,23737.90430685128
2017-07-01 16:07:04.491317987,0.3343,-0.8458,-0.2109,5761.574466811587,-22781.786538259425,-3627.0594963406093,23777.32320513451
2017-07-01 16:07:04.691017985,0.4752,-0.8466,-0.3861,5772.762628149753,-22818.99438698623,-3633.3201568842487,23816.639321211816
2017-07-01 16:07:04.891158998,0.4422,-1.0813,-0.1718,5783.993210235897,-22856.32771807736,-3639.6015250868522,23856.089232596794
2017-07-01 16:07:04.902649760,0.334,-0.7216,-0.099,5784.638039450409,-22858.471244208802,-3639.96217242323,23858.3542912425
2017-07-01 16:07:33.724353015,0.2755,-0.8443,-0.0634,7630.886141307293,-28936.322619695926,-4597.221619890211,30276.651675426525
2017-07-01 16:07:33.924363970,0.4843,-1.2797,-0.2264,7643.717729987181,-28978.55164183814,-4603.873669996806,30321.25539557507
2017-07-01 16:07:34.124387025,0.4852,-0.6354,-0.3028,7656.569507410437,-29020.808640556257,-4610.538237322972,30365.892932884573
2017-07-01 16:07:34.324639976,0.6049,-1.3365,-0.3541,7669.4603132347875,-29063.16780256371,-4617.2246644036295,30410.641358212695
2017-07-01 16:07:34.523726999,0.4633,-1.2707,-0.0766,7682.2944284198575,-29105.330702839572,-4623.875197348951,30455.182561384285
2017-07-01 16:07:34.724316000,0.2917,-0.6137,-0.012,7695.237105218068,-29147.836386707342,-4630.576386934166,30500.086521303798
2017-07-01 16:07:34.924503028,0.5361,-1.0577,-0.1376,7708.175329491775,-29190.299277908638,-4637.2696618801,30544.9473524027
2017-07-01 16:07:35.124302983,0.4618,-0.8564,-0.2539,7721.106972039432,-29232.71425220248,-4643.960130691979,30589.760396578044
2017-07-01 16:07:35.324304997,0.5517,-0.8222,-0.4088,7734.073760886145,-29275.205009699337,-4650.673717948015,30634.658335446882
2017-07-01 16:07:35.523540973,0.4687,-1.0204,-0.1857,7747.009490002385,-29317.573525912194,-4657.3689625049155,30679.428924580046
2017-07-01 16:07:35.724319994,0.2905,-0.8838,-0.0582,7760.057114595709,-29360.305806215896,-4664.118406637159,30724.583706983467
2017-07-01 16:07:35.924337029,0.3233,-0.6366,-0.0639,7773.068155732211,-29402.901379550727,-4670.844792068797,30769.595206320806
2017-07-01 16:07:36.124509990,0.6106,-1.1201,-0.2884,7786.113806065052,-29445.575040371037,-4677.58797710709,30814.692712125096
2017-07-01 16:07:36.324333012,0.491,-0.7419,-0.1769,7799.156255468536,-29488.203723319264,-4684.326437305416,30859.74580738527
2017-07-01 16:07:36.523558020,0.5562,-1.0061,-0.3154,7812.181748409814,-29530.74476334756,-4691.057249607531,30904.709803964543
2017-07-01 16:07:36.724332988,0.5792,-1.2619,-0.2374,7825.331926888047,-29573.667638342606,-4697.849997006049,30950.079675882836
2017-07-01 16:07:36.924363017,0.339,-0.8127,-0.0034,7838.4468780931475,-29616.463773579744,-4704.6176771917135,30995.315829992673
2017-07-01 16:07:37.124490976,0.3559,-0.6486,-0.1046,7851.58250429213,-29659.306838006967,-4711.392860030023,31040.60329011495
2017-07-01 16:07:37.324397981,0.6501,-1.3451,-0.3139,7864.729607747228,-29702.15635494175,-4718.173106961666,31085.90068509579
2017-07-01 16:07:37.523872017,0.4743,-0.6969,-0.3128,7877.867108866452,-29744.940795736773,-4724.951115159394,31131.133229734693
2017-07-01 16:07:37.724308013,0.5577,-1.2589,-0.3217,7891.09037071977,-29787.982139527998,-4731.7747343465335,31176.63996200209
2017-07-01 16:07:37.924302995,0.4138,-1.095,-0.1009,7904.301088950569,-29830.97257839546,-4738.587375503033,31222.09331535994
2017-07-01 16:07:38.124491989,0.2959,-0.6941,-0.0419,7917.536481072134,-29874.0325381115,-4745.408304665065,31267.620696100894
2017-07-01 16:07:38.324301004,0.508,-1.0218,-0.183,7930.767032288408,-29917.051559637704,-4752.223593038811,31313.106981273642
2017-07-01 16:07:38.523549973,0.3723,-0.8486,-0.2253,7943.97527987227,-29959.983692414717,-4759.028723240194,31358.5031607952
2017-07-01 16:07:38.724485993,0.443,-0.7783,-0.3768,7957.313248600837,-30003.310757793868,-4765.906686226892,31404.32067577533
2017-07-01 16:07:38.924480974,0.6616,-1.2936,-0.3422,7970.6152146017375,-30046.48665193608,-4772.766125122137,31449.981931780614
2017-07-01 16:07:39.124617993,0.2987,-0.8499,-0.1216,7983.938592139586,-30089.727252532997,-4779.635306311431,31495.712013482433
2017-07-01 16:07:39.324554979,0.297,-0.5932,-0.0601,7997.260525739691,-30132.948348053535,-4786.500024375099,31541.422519384876
2017-07-01 16:07:39.523590028,0.6402,-1.1077,-0.4061,8010.547724172472,-30176.018350098086,-4793.349862597256,31586.977715697372
2017-07-01 16:07:39.724332988,0.466,-0.8036,-0.2622,8023.967718215477,-30219.49031719619,-4800.269045046252,31632.961225261657
2017-07-01 16:07:39.924466013,0.5205,-0.9457,-0.3622,8037.367784814688,-30262.86807792872,-4807.1817116134225,31678.848798827345
2017-07-01 16:07:40.124314010,0.6279,-1.1608,-0.1618,8050.77384497385,-30306.230421818396,-4814.090995377202,31724.72275678761
2017-07-01 16:07:40.324303984,0.3047,-0.7741,-0.0502,8064.201615910471,-30349.65453229398,-4821.007195467122,31770.662383878484
2017-07-01 16:07:40.523684024,0.3615,-0.7283,-0.0406,8077.602805016688,-30392.97515859673,-4827.903916319167,31816.493557460122
2017-07-01 16:07:40.724116027,0.6097,-1.1295,-0.2289,8091.099194546473,-30436.569727281232,-4834.84622104028,31862.6176093671
2017-07-01 16:07:40.924317002,0.5236,-0.664,-0.208,8104.601013572736,-30480.140660080666,-4841.788860441586,31908.720620178476
2017-07-01 16:07:41.124324023,0.4828,-1.0475,-0.3182,8118.109065440162,-30523.711284455596,-4848.737502731921,31954.82593827703
2017-07-01 16:07:41.324468970,0.541,-1.236,-0.1136,8131.6481039162845,-30567.36146707319,-4855.695487435001,32001.016649652443
2017-07-01 16:07:41.523775994,0.3069,-0.7293,0.0114,8145.142651190998,-30610.857874867914,-4862.623889127146,32047.04478935185
2017-07-01 16:07:41.724328994,0.5159,-1.1383,-0.0949,8158.742310453947,-30654.67198637237,-4869.599421026318,32093.410370381866
2017-07-01 16:07:41.924327015,0.3825,-1.0564,-0.2058,8172.31963584444,-30698.407108722182,-4876.563881766774,32139.69325516666
2017-07-01 16:07:42.124303996,0.504,-0.7612,-0.3148,8185.9156882458055,-30742.16807108317,-4883.540198940324,32186.007491462195
2017-07-01 16:07:42.324306011,0.5886,-1.1672,-0.2643,8199.536987135358,-30785.9812005751,-4890.527961653038,32232.379822614315
2017-07-01 16:07:42.523558974,0.3853,-1.0862,-0.0315,8213.122568314684,-30829.67336419241,-4897.490804246157,32278.623859183197
2017-07-01 16:07:42.724507987,0.3044,-0.6422,-0.0207,8226.836082385553,-30873.763369792316,-4904.513750738676,32325.2896610619
2017-07-01 16:07:42.924395978,0.5232,-1.2512,-0.1089,8240.498092902342,-30917.670569660215,-4911.503966804145,32371.762903633982
2017-07-01 16:07:43.124325990,0.2937,-0.8688,-0.1162,8254.174715263587,-30961.621727501748,-4918.500297119475,32418.282887897833
2017-07-01 16:07:43.324315011,0.4318,-0.8291,-0.3075,8267.872644360214,-31005.61901781113,-4925.510991039313,32464.854647200566
2017-07-01 16:07:43.523561000,0.5683,-1.1138,-0.1558,8281.542241586134,-31049.49705888023,-4932.501822778274,32511.302399939297
2017-07-01 16:07:43.724318027,0.3002,-0.7789,-0.0142,8295.327605123342,-31093.73925372118,-4939.546243764107,32558.135664515667
2017-07-01 16:07:43.924368023,0.3618,-0.7923,-0.0158,8309.078898266946,-31137.8573431667,-4946.566487852108,32604.838169814106
2017-07-01 16:07:44.124332010,0.5651,-1.2549,-0.332,8322.846875073974,-31182.006642514607,-4953.596988891652,32651.576401272116
2017-07-01 16:07:44.324337005,0.4202,-0.7139,-0.2404,8336.63448421495,-31226.193553291552,-4960.638548205069,32698.357346462635
2017-07-01 16:07:54.174641013,0.3752,-1.2142,-0.3291,9052.083322099326,-33520.22371528372,-5339.369462288094,35129.11152659162
2017-07-01 16:07:54.374670028,0.4948,-1.0702,-0.2568,9066.631658881255,-33566.8511480494,-5347.07058332105,35178.52284357816
2017-07-01 16:07:54.574272990,0.4608,-0.711,-0.3311,9081.16736723661,-33613.40759362953,-5354.768492773564,35227.862785278856
2017-07-01 16:07:54.775132000,0.5416,-1.2164,-0.363,9095.816395408561,-33660.30608131458,-5362.529488105403,35277.56799862437
2017-07-01 16:07:54.974062979,0.3737,-1.0712,-0.0963,9110.3395972564,-33706.79678500398,-5370.219797139975,35326.84103840147
2017-07-01 16:07:55.174612998,0.2949,-0.6303,-0.0293,9124.992860088783,-33753.69121354808,-5377.973873764829,35376.54262676217
2017-07-01 16:07:55.374608993,0.5293,-0.9807,-0.2312,9139.626814100571,-33800.49532159308,-5385.715777205836,35426.15131112757
2017-07-01 16:07:55.574553012,0.3608,-0.7395,-0.2386,9154.271388886184,-33847.316829386036,-5393.465207298608,35475.78058552849
2017-07-01 16:07:55.774693012,0.4476,-0.7617,-0.3631,9168.948247056069,-33894.214741324526,-5401.236777563503,35525.494558352286
2017-07-01 16:07:55.973963975,0.4841,-1.0278,-0.2558,9183.580599258896,-33940.9498285304,-5408.984760080449,35575.03821530884
2017-07-01 16:07:56.174712002,0.3183,-0.8333,-0.047,9198.334238838614,-33988.06491386074,-5416.79206736228,35624.98485135455
2017-07-01 16:07:56.374593973,0.3266,-0.7386,-0.0441,9213.037277670272,-34035.006247043835,-5424.567454710792,35674.747906422024
2017-07-01 16:07:56.574593007,0.436,-1.3702,-0.2743,9227.766367324368,-34082.029879388,-5432.358367691526,35724.59867184581
2017-07-01 16:07:56.774623990,0.3541,-0.7127,-0.2963,9242.511978277027,-34129.08954039191,-5440.162380910055,35774.49017463913
2017-07-01 16:07:56.973859012,0.4144,-1.2153,-0.3763,9257.215363102965,-34176.01018297101,-5447.95027756415,35824.23579830028
2017-07-01 16:07:57.174593985,0.4857,-1.2087,-0.1455,9272.04901416258,-34223.33277399271,-5455.802668648472,35874.40845281924
2017-07-01 16:07:57.374605000,0.2764,-0.676,-0.0229,9286.840224336585,-34270.51173734279,-5463.6276558989075,35924.42905954122
2017-07-01 16:07:57.574645996,0.4333,-0.9558,-0.1363,9301.650990770997,-34317.73602034108,-5471.459270324788,35974.499068962024
2017-07-01 16:07:57.774619996,0.3363,-0.952,-0.2495,9316.470245414337,-34364.98255749085,-5479.298239259479,36024.59372713442
2017-07-01 16:07:57.973859012,0.4672,-0.6611,-0.3621,9331.253579459602,-34412.081687970065,-5487.122770853747,36074.53639017588
2017-07-01 16:07:58.174417018,0.462,-1.2157,-0.3015,9346.153364495965,-34459.54152097022,-5495.011229324961,36124.863085672136
2017-07-01 16:07:58.374610006,0.3129,-0.9119,-0.0953,9361.038571909134,-34506.95152292777,-5502.889150066468,36175.136980367846
2017-07-01 16:07:58.574599981,0.3076,-0.6429,-0.0431,9375.920987201454,-34554.33916046595,-5510.760805742332,36225.38797353123
2017-07-01 16:07:58.774899005,0.5904,-1.2022,-0.3596,9390.850087294673,-34601.848259086866,-5518.659052708271,36275.77106068118
2017-07-01 16:07:58.974058985,0.4722,-0.7144,-0.2968,9405.713019480749,-34649.115523336935,-5526.524157055846,36325.90140950256
2017-07-01 16:07:59.174605011,0.4818,-0.9903,-0.3699,9420.69876702902,-34696.75157082925,-5534.458875186196,36376.42601834423
2017-07-01 16:07:59.374677002,0.5626,-1.3781,-0.2047,9435.671612643906,-34744.33018365232,-5542.383031746544,36426.89100599857
2017-07-01 16:07:59.574726998,0.2636,-0.736,-0.0312,9450.653361484834,-34791.933020620876,-5550.307565785375,36477.38157194302
2017-07-01 16:07:59.775246024,0.4167,-0.9384,-0.1204,9465.68699061685,-34839.685196557206,-5558.255520429412,36528.031691153636
2017-07-01 16:07:59.974148988,0.3582,-1.0747,-0.2453,9480.613629043844,-34887.09503655357,-5566.1491240229825,36578.31941114291
2017-07-01 16:08:00.174619972,0.4197,-0.6585,-0.3161,9495.674806421608,-34934.90508871459,-5574.117659211057,36629.0352216044
2017-07-01 16:08:00.374803006,0.5172,-1.3563,-0.4318,9510.735076297535,-34982.70081941702,-5582.092052282506,36679.73813963933
2017-07-01 16:08:00.574738025,0.356,-1.0817,-0.0917,9525.790918133467,-35030.48057391008,-5590.060231167052,36730.42383696601
2017-07-01 16:08:00.774609029,0.2863,-0.6647,-0.0338,9540.85337663674,-35078.2715840414,-5598.027209064365,36781.121912085175
2017-07-01 16:08:00.974129021,0.4264,-1.0564,-0.1552,9555.906356788288,-35126.02071736039,-5605.986373650044,36831.7765110195
2017-07-01 16:08:01.174601972,0.4294,-0.9003,-0.3084,9571.048491189995,-35174.03409538995,-5613.995947673145,36882.714030624906
2017-07-01 16:08:01.374737024,0.4814,-0.8065,-0.4104,9586.1843853995,-35221.99885001238,-5622.008459663293,36933.60411849453
2017-07-01 16:08:01.574626982,0.5703,-1.4263,-0.2371,9601.324530445518,-35269.96185416765,-5630.020632752828,36984.49370017924
2017-07-01 16:08:01.774591028,0.2893,-0.7808,-0.032,9616.481854934204,-35317.97385629122,-5638.03705504553,37035.43522646946
2017-07-01 16:08:01.973857998,0.3118,-0.6687,-0.0327,9631.598721632517,-35365.84504054314,-5646.026830466113,37086.228014407265
2017-07-01 16:08:02.174655973,0.6419,-1.2889,-0.3324,9646.857615311483,-35414.13599618579,-5654.091395119982,37137.46948448164
2017-07-01 16:08:02.374844014,0.4223,-0.6164,-0.3251,9662.087083108334,-35462.3049679946,-5662.144491715374,37188.58535477904
2017-07-01 16:08:02.574584007,0.5016,-1.3642,-0.3663,9677.30247715582,-35510.420557319885,-5670.194178316369,37239.64625787825
2017-07-01 16:08:02.774610996,0.4987,-1.1489,-0.0978,9692.559686795219,-35558.651249835086,-5678.259344148957,37290.830255826986
2017-07-01 16:08:02.973954021,0.2309,-0.5893,0.0284,9707.773901985462,-35606.74044171048,-5686.295803738578,37341.863892728026
2017-07-01 16:08:03.174639999,0.5238,-1.0688,-0.1631,9723.111709716373,-35655.19665118757,-5694.392972941434,37393.2889819118
2017-07-01 16:08:03.374625027,0.3792,-1.0178,-0.2548,9738.41111173891,-35703.524320165874,-5702.472051067247,37444.57887805816
2017-07-01 16:08:03.574666023,0.6138,-0.7868,-0.4678,9753.739357533006,-35751.89699907513,-5710.5721098835,37495.92250244478
2017-07-01 16:08:03.774622976,0.5546,-1.506,-0.1544,9769.083337939815,-35800.30956929615,-5718.674938972802,37547.30879275752
2017-07-01 16:08:03.973860025,0.2622,-0.697,-0.0096,9784.3824836264,-35848.575507682035,-5726.748976563638,37598.539338070674
2017-07-01 16:08:04.174611985,0.3628,-0.732,-0.0278,9799.812578625773,-35897.237939649,-5734.885525967076,37650.19163653638
2017-07-01 16:08:04.374617993,0.564,-1.4548,-0.2354,9815.207899997517,-35945.77774776452,-5743.001258232413,37701.71491409795
2017-07-01 16:08:04.574594020,0.4518,-0.5653,-0.3907,9830.618981270794,-35994.33288631823,-5751.131398199174,37753.25922149456
2017-07-01 16:08:04.774640023,0.4242,-1.2298,-0.2772,9846.052431026268,-36042.95423001279,-5759.275476181711,37804.87471361151
2017-07-01 16:08:21.341004014,0.2996,-0.9118,-0.026,11206.36273033017,-40319.66088719987,-6440.844702282764,42340.78530426015
2017-07-01 16:08:21.541034996,0.2695,-0.5545,-0.0029,11222.798614865836,-40371.32227702754,-6449.074443218415,42395.58269819661
2017-07-01 16:08:21.741057991,0.5233,-1.0107,-0.2666,11239.254779949708,-40423.022041374104,-6457.314522002593,42450.42367046652
2017-07-01 16:08:21.941147029,0.0686,-1.022,-0.1888,11255.719124925168,-40474.77979220256,-6465.564880197222,42505.323683822644
2017-07-01 16:08:22.140223026,0.3726,-0.9614,-0.4835,11272.114878333074,-40526.31359755964,-6473.792628942998,42559.98894079558
2017-07-01 16:08:22.340991020,0.6016,-1.5192,-0.2192,11288.674232540423,-40578.34663728861,-6482.099142863045,42615.184981908504
2017-07-01 16:08:22.541177988,0.3066,-0.8436,0.0013,11305.197950634645,-40630.26289963283,-6490.3815654928185,42670.256817389825
2017-07-01 16:08:22.740978002,0.351,-0.5255,-0.1481,11321.703740929357,-40682.09978774738,-6498.653890664943,42725.24688200483
2017-07-01 16:08:22.940994977,0.7002,-1.4588,-0.305,11338.2554674647,-40734.05132696827,-6506.947400750027,42780.36160470954
2017-07-01 16:08:23.140218973,0.2958,-0.8069,-0.2352,11354.753314073116,-40785.82892729519,-6515.217365864318,42835.29294208811
2017-07-01 16:08:23.341014981,0.5027,-1.4291,-0.4591,11371.40160822331,-40838.07270782487,-6523.571097063505,42890.72087157706
2017-07-01 16:08:23.540974974,0.3893,-1.1573,-0.1134,11387.996152903499,-40890.1452446426,-6531.8945816541645,42945.966997290394
2017-07-01 16:08:23.740971982,0.2636,-0.5988,0.003,11404.604313118049,-40942.25137199662,-6540.219487025534,43001.249027034304
2017-07-01 16:08:23.940880000,0.6069,-0.9564,-0.2456,11421.229337096742,-40994.372535201896,-6548.550503140611,43056.550869962375
2017-07-01 16:08:24.140359997,0.2945,-0.9107,-0.2718,11437.83048423097,-41046.41834114059,-6556.8744973415905,43111.7736586633
2017-07-01 16:08:24.341220021,0.4515,-0.7633,-0.4715,11454.564695784373,-41098.855001472984,-6565.275100501091,43167.41562738347
2017-07-01 16:08:24.540260016,0.527,-1.4362,-0.2045,11471.168153737392,-41150.873421563665,-6573.607685936301,43222.61445328677
2017-07-01 16:08:24.741070985,0.2702,-0.8048,-0.0287,11487.930238089808,-41203.38713323217,-6582.015568534158,43278.338477241094
2017-07-01 16:08:24.941016972,0.3192,-0.6638,-0.0677,11504.6328818074,-41255.701182689765,-6590.38994118624,43333.851633537524
2017-07-01 16:08:25.140218019,0.4789,-1.5914,-0.2311,11521.292299640281,-41307.883473804155,-6598.742283678657,43389.22461931696
2017-07-01 16:08:25.341001987,0.4499,-0.5883,-0.3681,11538.102236377394,-41360.504140449644,-6607.175836455468,43445.067366768926
2017-07-01 16:08:25.541024982,0.4451,-1.3697,-0.354,11554.86627140108,-41412.98017490618,-6615.591589249554,43500.757620906836
2017-07-01 16:08:25.740972995,0.3575,-1.0596,-0.0735,11571.638314709759,-41465.47889980306,-6624.007125728263,43556.47166699997
2017-07-01 16:08:25.940994024,0.2389,-0.5629,-0.017,11588.426040757675,-41518.01931665284,-6632.426415492852,43612.230236907126
2017-07-01 16:08:26.140210986,0.5766,-1.2015,-0.1507,11605.169165372377,-41570.39621004193,-6640.817841341608,43667.8171428188
2017-07-01 16:08:26.341049015,0.2834,-0.8549,-0.2404,11622.059963232528,-41623.23378752858,-6649.287246601272,43723.893806568136
2017-07-01 16:08:26.540983021,0.4256,-0.7573,-0.4732,11638.891744086719,-41675.86380166572,-6657.737444426565,43779.75436802359
2017-07-01 16:08:26.741066992,0.5152,-1.1123,-0.2271,11655.756775305254,-41728.577821497434,-6666.203072142406,43835.70618125004
2017-07-01 16:08:26.941291987,0.2401,-0.8387,-0.044,11672.64331902451,-41781.362618963256,-6674.67643059862,43891.73236275434
2017-07-01 16:08:27.140205025,0.2906,-0.5927,-0.0621,11689.430713118258,-41833.82499960241,-6683.096725178048,43947.417288530596
2017-07-01 16:08:27.341005027,0.5275,-1.2975,-0.3859,11706.398627893454,-41886.83737417595,-6691.612457578685,44003.68838322796
2017-07-01 16:08:27.541194975,0.4216,-0.7268,-0.2691,11723.331888197881,-41939.717818174504,-6700.113102639406,44059.82247827494
2017-07-01 16:08:27.740978002,0.4271,-1.1296,-0.3553,11740.247775648533,-41992.53585945974,-6708.610649836307,44115.89217722713
2017-07-01 16:08:27.941232979,0.442,-1.296,-0.1347,11757.221348825142,-42045.53064574381,-6717.133672644556,44172.1494372147
2017-07-01 16:08:28.140438973,0.2632,-0.6147,-0.0308,11774.116454978235,-42098.27222594283,-6725.613272077919,44228.13828990012
2017-07-01 16:08:28.340975999,0.5454,-1.0219,-0.1291,11791.14638224884,-42151.40730465549,-6734.15472130556,44284.54708564903
2017-07-01 16:08:28.541055023,0.5124,-1.43,-0.2688,11808.15792745182,-42204.4782745685,-6742.6874234079,44340.88873441703
2017-07-01 16:08:28.741180002,0.4471,-0.5954,-0.3604,11825.191286296982,-42257.58527982158,-6751.2365193601,44397.27308269336
2017-07-01 16:08:28.940982997,0.4933,-1.4728,-0.3594,11842.216933068576,-42310.665636436264,-6759.786208239539,44453.63020124757
2017-07-01 16:08:29.140627980,0.3749,-1.1021,-0.099,11859.244058103668,-42363.74794266822,-6768.333081645411,44509.989239312206
2017-07-01 16:08:29.341219007,0.2425,-0.5023,-0.0289,11876.361625823685,-42417.10199731178,-6776.921618376973,44566.6374538097
2017-07-01 16:08:29.540983021,0.5681,-1.1032,-0.2879,11893.43129024953,-42470.280103445155,-6785.486234430686,44623.10190202631
2017-07-01 16:08:29.741209983,0.2442,-0.8729,-0.2117,11910.550303368907,-42523.61644377222,-6794.079185993389,44679.73451098031
2017-07-01 16:08:29.941078007,0.5551,-0.8385,-0.4678,11927.660802697961,-42576.89066615589,-6802.675420665495,44736.30632831611
2017-07-01 16:08:30.140226006,0.6466,-1.3898,-0.1716,11944.735305523041,-42630.02808739966,-6811.247493026335,44792.73477543819
2017-07-01 16:08:30.340978980,0.2139,-0.8403,0.0063,11961.956035851037,-42683.62761970072,-6819.888395593941,44849.652581812355
2017-07-01 16:08:30.540988028,0.3898,-0.6249,-0.1102,11979.128545097945,-42737.05352762355,-6828.5016861526465,44906.38818921792
2017-07-01 16:08:30.741106986,0.6054,-1.4193,-0.2629,11996.334735885828,-42790.56563398081,-6837.130238444391,44963.21723663567
2017-07-01 16:08:30.941053986,0.4208,-0.6823,-0.2242,12013.542964837075,-42844.05903605083,-6845.760339650721,45020.02936339036
2017-07-01 16:08:31.140259027,0.4487,-1.1761,-0.3236,12030.7051434691,-42897.40060672498,-6854.371257769292,45076.681892107765
2017-07-01 16:08:31.340991020,0.5036,-1.1184,-0.2061,12048.019165830825,-42951.19611674833,-6863.056484991957,45133.81834052814
2017-07-01 16:08:31.540123999,0.2509,-0.6083,0.015,12065.205215335971,-43004.58721780358,-6871.671931623403,45190.5252657867
2017-07-01 16:08:31.741034984,0.513,-0.9634,-0.2035,12082.56542191729,-43058.49392181565,-6880.372517635128,45247.78239838252
2017-07-01 16:08:31.941035985,0.4894,-1.0215,-0.3486,12099.866575294458,-43112.197327172245,-6889.047640314207,45304.826529934806
2017-07-01 16:08:39.547053992,0.5014,-0.8237,-0.4748,12786.83444991732,-45202.18473490573,-7246.429582555791,47531.58299229131
2017-07-01 16:08:39.724538028,0.3838,-0.6564,-0.315,12802.876718954285,-45250.97461016963,-7254.778900366329,47583.57040349282
2017-07-01 16:08:39.924363017,0.3808,-1.085,-0.3783,12820.953527515485,-45305.94927628676,-7264.194301140105,47642.14948997261
2017-07-01 16:08:40.124300003,0.5482,-1.3765,-0.1051,12839.062381868507,-45361.009779664404,-7273.619180366147,47700.82040235064
2017-07-01 16:08:40.323531985,0.3155,-0.6489,-0.0295,12857.119905291445,-45415.90188953142,-7283.011997188372,47759.312604452076
2017-07-01 16:08:40.524281978,0.3829,-0.6333,-0.2196,12875.330445737018,-45471.237761955905,-7292.485230832819,47818.280380343684
2017-07-01 16:08:40.724287986,0.6993,-1.233,-0.3988,12893.50147109901,-45526.41788107717,-7301.939309371025,47877.086617143206
2017-07-01 16:08:40.924278974,0.3967,-0.6459,-0.3828,12911.686998427998,-45581.61968996769,-7311.407988549374,47935.91974168481
2017-07-01 16:08:41.124496996,0.549,-1.2314,-0.3584,12929.915178256017,-45636.93352856679,-7320.901784045288,47994.874844501435
2017-07-01 16:08:41.323444008,0.329,-0.9598,-0.1056,12948.040665023305,-45691.93421653757,-7330.339491333592,48053.49609102026
2017-07-01 16:08:41.524264991,0.2699,-0.5151,-0.0347,12966.34776868279,-45747.4737541217,-7339.867496031943,48112.692547827595
2017-07-01 16:08:41.724269986,0.5892,-1.1342,-0.3255,12984.604054985408,-45802.83299035382,-7349.369806613989,48171.70008377696
2017-07-01 16:08:41.924359977,0.3466,-0.6888,-0.3327,13002.881976129971,-45858.243329366494,-7358.889475365828,48230.76482133786
2017-07-01 16:08:42.124275982,0.4122,-1.0883,-0.4355,13021.160478067703,-45913.648982385406,-7368.418271767976,48289.82678474853
2017-07-01 16:08:42.323324024,0.5466,-1.4295,-0.2387,13039.381277719145,-45968.870721060586,-7377.915154905319,48348.69358636586
2017-07-01 16:08:42.524397015,0.2586,-0.6621,-0.0427,13057.79789589877,-46024.68100864625,-7387.510377797967,48408.18791712672
2017-07-01 16:08:42.724336028,0.3629,-0.8185,-0.0928,13076.12515824783,-46080.20926669364,-7397.055196885511,48467.38244223852
2017-07-01 16:08:42.924277007,0.427,-1.384,-0.1485,13094.469670729533,-46135.79339808109,-7406.6060463219155,48526.63579472093
2017-07-01 16:08:43.124333024,0.3925,-0.6526,-0.4073,13112.840446702014,-46191.43562896752,-7416.178692060629,48585.95492977666
2017-07-01 16:08:43.323526978,0.6331,-1.3617,-0.4492,13131.157181303495,-46246.89212131463,-7425.727911695715,48645.07945125744
2017-07-01 16:08:43.524335980,0.3299,-1.0108,-0.0732,13149.63572943643,-46302.83901004325,-7435.357507344302,48704.72627444769
2017-07-01 16:08:43.724377989,0.2455,-0.5796,0.0057,13168.053522602875,-46358.59540253024,-7444.950094511847,48764.17007577801
2017-07-01 16:08:43.924347996,0.62,-1.0524,-0.3235,13186.489479134327,-46414.37380974879,-7454.552165096506,48823.64129104423
2017-07-01 16:08:44.124386012,0.4946,-0.753,-0.3463,13204.951497182697,-46470.20131843216,-7464.171358573463,48883.16897142319
2017-07-01 16:08:44.323495984,0.5123,-1.0053,-0.4786,13223.348173707605,-46525.809679322716,-7473.764899351269,48942.466887258866
2017-07-01 16:08:44.524483978,0.6342,-1.3766,-0.2325,13241.94398848594,-46581.99815232232,-7483.45831932285,49002.38546105895
2017-07-01 16:08:44.724283993,0.283,-0.7456,-0.0468,13260.44118642299,-46637.884276706645,-7493.09631269066,49061.981641769446
2017-07-01 16:08:44.924297988,0.2904,-0.6196,-0.0228,13278.969811946303,-46693.85504097202,-7502.74554019645,49121.668624903476
2017-07-01 16:08:45.124453008,0.6076,-1.5172,-0.3158,13297.535843243191,-46749.92605097608,-7512.41422272743,49181.4641173675
2017-07-01 16:08:45.323507010,0.5713,-0.6616,-0.3489,13316.022382358458,-46805.714838336266,-7522.0435438039185,49240.96396995093
2017-07-01 16:08:45.524290978,0.5311,-1.2733,-0.4416,13334.690997712516,-46862.03981466445,-7531.774355464865,49301.03837179608
2017-07-01 16:08:45.724272012,0.4131,-1.0472,-0.1019,13353.301478241143,-46918.181427773416,-7541.470328889692,49360.91757230394
2017-07-01 16:08:45.924328029,0.239,-0.5918,0.005,13371.928502135777,-46974.367776473664,-7551.169737713101,49420.844431002915
2017-07-01 16:08:46.124296009,0.6575,-1.0579,-0.2331,13390.573620569181,-47030.57170216274,-7560.87419921243,49480.79380099384
2017-07-01 16:08:46.323518991,0.3054,-0.9105,-0.351,13409.161396265554,-47086.60237282668,-7570.556437019924,49540.559717608056
2017-07-01 16:08:46.524276971,0.3634,-0.6572,-0.4358,13427.907035755785,-47143.0912432033,-7580.330840118471,49600.81808772455
2017-07-01 16:08:46.724397003,0.5643,-1.2128,-0.3009,13446.615706388271,-47199.449179322044,-7590.0862335785005,49660.939236182894
2017-07-01 16:08:46.924419999,0.3149,-0.7924,-0.0978,13465.327904289112,-47255.81149138735,-7599.840809655313,49721.06551162863
2017-07-01 16:08:47.124274015,0.2939,-0.6708,-0.0326,13484.036032915947,-47312.15298125384,-7609.588447135377,49781.169972122174
2017-07-01 16:08:47.323505997,0.5303,-0.9634,-0.3907,13502.706982981437,-47368.357352115156,-7619.321253865371,49841.131914068144
2017-07-01 16:08:47.524403989,0.386,-0.7647,-0.2925,13521.54964150708,-47425.06257629439,-7629.1472531975605,49901.63076377515
2017-07-01 16:08:47.724273025,0.4166,-1.1027,-0.4049,13540.312434200425,-47481.52141885119,-7638.939100685523,49961.868736553166
2017-07-01 16:08:47.924261987,0.6016,-1.2847,-0.253,13559.110546343076,-47538.06552033477,-7648.746942389265,50022.19989177108
2017-07-01 16:08:48.124296009,0.2391,-0.6922,-0.0206,13577.922461188287,-47594.650059328356,-7658.557818202069,50082.57382050877
2017-07-01 16:08:48.323503017,0.499,-1.0287,-0.0936,13596.676402711731,-47651.04147943456,-7668.331846625825,50142.74301017872
2017-07-01 16:08:48.524335980,0.4124,-1.0896,-0.294,13615.600050177185,-47707.937121862844,-7678.1975101744165,50203.45153627639
2017-07-01 16:08:48.724292993,0.4608,-0.7252,-0.4688,13634.459584626864,-47764.61360465324,-7688.038887734716,50263.93083420725
2017-07-01 16:08:48.924422025,0.4617,-1.2169,-0.3594,13653.35383539235,-47821.387583910706,-7697.9031261899845,50324.515834186
2017-07-01 16:08:49.124289989,0.2677,-0.8851,-0.0616,13672.234132504387,-47878.12285887305,-7707.756957509779,50385.05881686952
2017-07-01 16:08:49.323505997,0.316,-0.638,-0.0329,13691.065384441117,-47934.698387460834,-7717.579951990337,50445.432114050185
2017-07-01 16:08:49.524348974,0.5549,-1.1313,-0.3887,13710.072812054175,-47991.781594667715,-7727.498848821692,50506.35044824219
2017-07-01 16:08:49.724274992,0.5079,-0.6333,-0.347,13729.013761245913,-48048.629498801834,-7737.386330149712,50567.02248295422
2017-07-01 16:08:49.924302995,0.4878,-1.0412,-0.4098,13747.983889939578,-48105.54806149396,-7747.295251807951,50627.773001124886
2017-07-01 16:08:50.124361991,0.5171,-1.1776,-0.2088,13766.977654132224,-48162.52257512991,-7757.2140657153395,50688.58475624079
2017-07-01 16:08:57.707704007,0.2834,-0.6909,-0.0354,14503.243833368959,-50361.90327623228,-8135.227701517698,53036.28298674664
2017-07-01 16:08:57.907715976,0.421,-1.0003,-0.1116,14522.679824343797,-50419.952342815064,-8145.202341661412,53098.24992143104
2017-07-01 16:08:58.107680976,0.2746,-0.6879,-0.0194,14542.122231302414,-50478.01528405084,-8155.175415179364,53160.231678006785
2017-07-01 16:08:58.307780981,0.4632,-0.9718,-0.3119,14561.596311202467,-50536.156336967324,-8165.167710429329,53222.299350782145
2017-07-01 16:08:58.506905019,0.4511,-0.7475,-0.2429,14580.993294587159,-50594.04345159534,-8175.120900374525,53284.098941189324
2017-07-01 16:08:58.707750022,0.4906,-0.896,-0.4227,14600.577710032709,-50652.467009421,-8185.177163713292,53346.47513012046
2017-07-01 16:08:58.907742977,0.6203,-1.3926,-0.2515,14620.10385244834,-50710.69841611944,-8195.200824494968,53408.64805498073
2017-07-01 16:08:59.107680022,0.2989,-0.7985,-0.045,14639.636484612858,-50768.945463550044,-8205.223481930552,53470.83758714605
2017-07-01 16:08:59.307735979,0.301,-0.6313,-0.0311,14659.192780494057,-50827.252419381926,-8215.253345009902,53533.09171906617
2017-07-01 16:08:59.507085978,0.5823,-1.3215,-0.3594,14678.703206913455,-50885.4061384388,-8225.262097389099,53595.184693041796
2017-07-01 16:08:59.707888007,0.4219,-0.6964,-0.3066,14698.372755436802,-50944.011518721796,-8235.356114301725,53657.763292992306
2017-07-01 16:08:59.907709002,0.4281,-1.2398,-0.349,14717.963300205089,-51002.38008110854,-8245.41475112823,53720.09011591627
2017-07-01 16:09:00.107697010,0.4658,-1.0123,-0.1512,14737.58884877253,-51060.83791584716,-8255.487842369643,53782.51363835082
2017-07-01 16:09:00.307672023,0.2541,-0.592,-0.0068,14757.223283553969,-51119.31562614365,-8265.560551004746,53844.958541615466
2017-07-01 16:09:00.506910979,0.5285,-1.1517,-0.1558,14776.806428412026,-51177.62381297821,-8275.602369231352,53907.22383817498
2017-07-01 16:09:00.707669019,0.3265,-0.8804,-0.2899,14796.552042826643,-51236.41205011312,-8285.732434693547,53970.00309527864
2017-07-01 16:09:00.907751977,0.4999,-0.7595,-0.4801,14816.251271949886,-51295.0330073186,-8295.84765607547,54032.60868501792
2017-07-01 16:09:01.107881009,0.5466,-1.2351,-0.1976,14835.976929523616,-51353.71693120231,-8305.973120936758,54095.28300683097
2017-07-01 16:09:01.307714998,0.2963,-0.7899,-0.061,14855.685338605736,-51412.34588306658,-8316.08609414211,54157.8986298852
2017-07-01 16:09:01.506902992,0.3212,-0.7055,-0.0477,14875.342781021222,-51470.81329888099,-8326.168268099229,54220.342331359796
2017-07-01 16:09:01.707650005,0.4337,-1.1887,-0.3288,14895.171557562788,-51529.786235547894,-8336.342604375413,54283.32721221143
2017-07-01 16:09:01.907715976,0.3478,-0.6742,-0.2954,14914.946985393,-51588.58609004199,-8346.494247618986,54346.129803071475
2017-07-01 16:09:02.107654988,0.4063,-1.1285,-0.3788,14934.726106109663,-51647.39374346472,-8356.654591535647,54408.942282672855
2017-07-01 16:09:02.307651996,0.4923,-1.1917,-0.2291,14954.530655536102,-51706.26612170632,-8366.827046373372,54471.825177792685
2017-07-01 16:09:02.506910979,0.241,-0.6819,-0.0218,14974.271691304573,-51764.94832451775,-8376.962828569918,54534.5046182345
2017-07-01 16:09:02.707881987,0.5759,-1.0932,-0.1677,14994.205601466158,-51824.17887603924,-8387.192470284237,54597.77207293667
2017-07-01 16:09:02.907875001,0.3484,-0.7795,-0.2972,15014.056441395927,-51883.152369160896,-8397.384218215497,54660.767029884635
2017-07-01 16:09:03.107665002,0.5429,-1.0077,-0.48,15033.908801149562,-51942.106221660746,-8407.58478020013,54723.745252128196
2017-07-01 16:09:03.306964993,0.6151,-1.2612,-0.2657,15053.7369025757,-52000.96557793117,-8417.770877762174,54786.62503129439
2017-07-01 16:09:03.506991028,0.2916,-0.7923,-0.0567,15073.64890422853,-52060.07105735528,-8427.99635156828,54849.767659370074
2017-07-01 16:09:03.707762002,0.3186,-0.7088,-0.0561,15093.64790480334,-52119.42522901665,-8438.262168522244,54913.17657631859
2017-07-01 16:09:03.908016979,0.5342,-1.2133,-0.3471,15113.616928911273,-52178.675511670255,-8448.515520952715,54976.47687269374
2017-07-01 16:09:04.107692003,0.4503,-0.6559,-0.3091,15133.546074783722,-52237.780351998066,-8458.751502780302,55039.62563360133
2017-07-01 16:09:04.307214021,0.5239,-1.3472,-0.3568,15153.480805401608,-52296.89353249099,-8468.993844893765,55102.784960591795
2017-07-01 16:09:04.507111012,0.5292,-1.2391,-0.1537,15173.474146685585,-52356.167320681256,-8479.261577688017,55166.116875253814
2017-07-01 16:09:04.707795023,0.2882,-0.6959,-0.009,15193.557811296934,-52415.70250407759,-8489.570098325128,55229.72812186897
2017-07-01 16:09:04.907786011,0.6032,-1.1181,-0.2,15213.596246724364,-52475.07681432625,-8499.8510197805,55293.17014592534
2017-07-01 16:09:05.107659995,0.3672,-0.7834,-0.3037,15233.637628234645,-52534.44768437475,-8510.138059116574,55356.61079470001
2017-07-01 16:09:05.307985007,0.4466,-0.8116,-0.4509,15253.74215646847,-52593.98509805912,-8520.466406459593,55420.23336340704
2017-07-01 16:09:05.507031023,0.5193,-1.2833,-0.2341,15273.738899549213,-52653.19323236501,-8530.738086270288,55483.505204996865
2017-07-01 16:09:05.706768989,0.263,-0.7593,-0.0724,15293.815650396398,-52712.637486259635,-8541.04836226487,55547.02921878614
2017-07-01 16:09:05.907745003,0.3156,-0.6554,-0.078,15314.029591703813,-52772.47666958989,-8551.42569559705,55610.97623316198
2017-07-01 16:09:06.107327997,0.6721,-1.3946,-0.3533,15334.13019663633,-52831.95664271097,-8561.745173909396,55674.5424050135
2017-07-01 16:09:06.307717978,0.5157,-0.6135,-0.3602,15354.332784185845,-52891.70175090023,-8572.120841887967,55738.397044422054
2017-07-01 16:09:06.506572008,0.4254,-1.1446,-0.3256,15374.397344313817,-52951.03418505788,-8582.429857526065,55801.81195290496
2017-07-01 16:09:06.707857012,0.5175,-1.1904,-0.1348,15394.72815887314,-53011.140183128104,-8592.870361534078,55866.05462757319
2017-07-01 16:09:06.907661020,0.2999,-0.5971,-0.0298,15414.92135776456,-53070.82777611256,-8603.235237041888,55929.85086563118
2017-07-01 16:09:07.107653975,0.5921,-1.2489,-0.111,15435.15733492248,-53130.621765848955,-8613.614353902809,55993.76218309745
2017-07-01 16:09:07.307668983,0.2898,-0.8061,-0.1833,15455.407137218814,-53190.45459784125,-8624.001948357793,56057.71561263877
2017-07-01 16:09:07.506891012,0.5266,-0.8674,-0.3706,15475.597557646564,-53250.084643337774,-8634.363069079685,56121.45632374093
2017-07-01 16:09:07.707943975,0.743,-1.3172,-0.2602,15496.003570270275,-53310.31595820675,-8644.829930727336,56185.84340156212
2017-07-01 16:09:07.907709002,0.2964,-0.6662,-0.0489,15516.290691077065,-53370.18801947425,-8655.231693549069,56249.84694835226
2017-07-01 16:09:08.106930017,0.3234,-0.6777,-0.0456,15536.5354002169,-53429.92393082836,-8665.606939490759,56313.7056774463
2017-07-01 16:09:08.307648003,0.6968,-1.3893,-0.45,15556.960303046142,-53490.16467682004,-8676.078275765083,56378.108032028555
2017-07-01 16:09:36.724758028,0.4803,-0.5584,-0.31,18836.52053595685,-62469.81264413893,-10408.916731161307,66072.97136660038
2017-07-01 16:09:36.924609005,0.3529,-0.9049,-0.1043,18859.599021223778,-62533.00057814282,-10421.107549916705,66141.2134687162
2017-07-01 16:09:37.124836981,0.2258,-0.5353,-0.0034,18882.730094361348,-62596.329170744444,-10433.321501749964,66209.6074526014
2017-07-01 16:09:37.324617981,0.5772,-1.107,-0.2483,18905.83256865035,-62659.56057576652,-10445.518098206932,66277.89891813078
2017-07-01 16:09:37.523858010,0.4168,-0.806,-0.2651,18928.889031134328,-62722.65275697232,-10457.6921920411,66346.0423447262
2017-07-01 16:09:37.724600017,0.5689,-0.9844,-0.4682,18952.14223073992,-62786.260229530555,-10469.976927932734,66414.74674811287
2017-07-01 16:09:37.924570977,0.6275,-1.4112,-0.2352,18975.331207870488,-62849.67981836147,-10482.223883608503,66483.24950891787
2017-07-01 16:09:38.124571025,0.2704,-0.783,-0.0006,18998.534374100855,-62913.139952291895,-10494.472644740186,66551.79519075168
2017-07-01 16:09:38.324665009,0.2858,-0.6079,-0.0468,19021.759881138496,-62976.65423102939,-10506.729032628411,66620.39989429213
2017-07-01 16:09:38.523389995,0.6194,-1.3605,-0.3978,19044.850945594208,-63039.787687717086,-10518.917274835916,66688.59572585997
2017-07-01 16:09:38.723964989,0.5521,-0.6093,-0.3177,19068.179184892484,-63103.533390587865,-10531.231763294445,66757.45820697809
2017-07-01 16:09:38.924571990,0.3676,-1.0864,-0.3403,19091.52594021195,-63167.332985935784,-10543.561911602892,66826.37964954917
2017-07-01 16:09:39.124715983,0.6224,-1.2671,-0.2113,19114.843742262023,-63231.03608658584,-10555.872065670901,66895.19871366723
2017-07-01 16:09:39.324714004,0.229,-0.7033,-0.0128,19138.15369764389,-63294.72085778434,-10568.173753503737,66963.99713206885
2017-07-01 16:09:39.523895025,0.4881,-1.1457,-0.2256,19161.387795345723,-63358.19092756502,-10580.434138691175,67032.56467136393
2017-07-01 16:09:39.724681973,0.5263,-1.068,-0.3365,19184.830439456066,-63422.215791194336,-10592.806941213516,67101.73420821046
2017-07-01 16:09:39.924771010,0.4798,-0.6519,-0.4204,19208.210808879707,-63486.044211410524,-10605.153568355576,67170.69639582382
2017-07-01 16:09:40.124586999,0.6229,-1.3529,-0.3409,19231.58414286461,-63549.839545757364,-10617.496957808948,67239.62504791851
2017-07-01 16:09:40.324777007,0.395,-1.2916,-0.097,19255.01705749302,-63613.80605551907,-10629.867339206505,67308.73704358649
2017-07-01 16:09:40.523932993,0.2598,-0.554,-0.0695,19278.339240839126,-63677.46413864334,-10642.176581660722,67377.51646809441
2017-07-01 16:09:40.723945021,0.5715,-0.9408,-0.2928,19301.784533826194,-63741.43348297341,-10654.55044694782,67446.63574916936
2017-07-01 16:09:40.923869013,0.362,-0.8073,-0.2471,19325.233976280946,-63805.40693843096,-10666.92874232324,67515.76106073735
2017-07-01 16:09:41.124642014,0.4913,-0.7334,-0.4409,19348.802804722927,-63869.68163053832,-10679.377376686793,67585.21659886921
2017-07-01 16:09:41.324878990,0.598,-1.4614,-0.2523,19372.332685679186,-63933.84331628386,-10691.802891539104,67654.5507999816
2017-07-01 16:09:41.524064004,0.2075,-0.7917,-0.0547,19395.747182896677,-63997.6993335872,-10704.165298095768,67723.5533880498
2017-07-01 16:09:41.725093007,0.2566,-0.4715,-0.0902,19419.38881367608,-64062.165563354254,-10716.645796946696,67793.21659060408
2017-07-01 16:09:41.924625992,0.6385,-1.2859,-0.3916,19442.879928988194,-64126.20324428205,-10729.049009330765,67862.41975574289
2017-07-01 16:09:42.123740971,0.4115,-0.6655,-0.2455,19466.3381468986,-64190.13315620475,-10741.435971238056,67931.5093471719
2017-07-01 16:09:42.324778020,0.5668,-1.0868,-0.4021,19490.045716260076,-64254.7241117705,-10753.958756535478,68001.3167640077
2017-07-01 16:09:42.523751020,0.5004,-1.1666,-0.2064,19513.52969077959,-64318.6980974668,-10766.361141724045,68070.45833678542
2017-07-01 16:09:42.724708974,0.2359,-0.6377,-0.0592,19537.257467961444,-64383.33604037617,-10778.88964380554,68140.31736799261
2017-07-01 16:09:42.924656987,0.3498,-0.7801,-0.1734,19560.879982761377,-64447.68032446264,-10791.362114623522,68209.8601464118
2017-07-01 16:09:43.124616980,0.3879,-1.1423,-0.2588,19584.51942271098,-64512.07413749567,-10803.845680595645,68279.45658856993
2017-07-01 16:09:43.324540019,0.4975,-0.5565,-0.3429,19608.174378615073,-64576.47829297514,-10816.340644963851,68349.06931431593
2017-07-01 16:09:43.523684978,0.4659,-1.2681,-0.3238,19631.755748847718,-64640.68208529118,-10828.799821701768,68418.46621938105
2017-07-01 16:09:43.724565982,0.4022,-1.1445,-0.1212,19655.558919583727,-64705.49175799823,-10841.372502044214,68488.51741579521
2017-07-01 16:09:43.924682021,0.2701,-0.6005,-0.0275,19679.28226318492,-64770.07868008187,-10853.898406262279,68558.32810995002
2017-07-01 16:09:44.124581992,0.5502,-1.3932,-0.1493,19703.001978361564,-64834.651539059996,-10866.416752119525,68628.12353679356
2017-07-01 16:09:44.324572980,0.3336,-0.7787,-0.2351,19726.745836223767,-64899.28494407534,-10878.950200891433,68697.98574203419
2017-07-01 16:09:44.523818016,0.4802,-0.9348,-0.4278,19750.42019446424,-64963.7143813757,-10891.45388385534,68767.63084320274
2017-07-01 16:09:44.724623978,0.4454,-1.2778,-0.149,19774.297982305594,-65028.70009672136,-10904.061531338268,68837.87660032487
2017-07-01 16:09:44.924561023,0.2383,-0.6606,-0.0045,19798.081973439013,-65093.43101666404,-10916.614803558641,68907.84636104575
2017-07-01 16:09:45.124558985,0.3025,-0.6504,-0.0805,19821.8853108538,-65158.207674351856,-10929.175120455744,68977.86625740315
2017-07-01 16:09:45.324781000,0.5846,-1.4791,-0.418,19845.73875053091,-65223.11619522742,-10941.76626552115,69048.03025271436
2017-07-01 16:09:45.523799002,0.4401,-0.5056,-0.3327,19869.466181733347,-65287.65442176127,-10954.294872761215,69117.79859342868
2017-07-01 16:09:45.724545001,0.4795,-1.2347,-0.3867,19893.418952472337,-65352.80276609072,-10966.947844700311,69188.22798735718
2017-07-01 16:09:45.924516022,0.502,-1.2944,-0.1106,19917.29932795151,-65417.75136685987,-10979.556392680892,69258.44111005946
2017-07-01 16:09:46.124593973,0.3018,-0.6022,-0.0183,19941.20455433575,-65482.758804211095,-10992.172415369265,69328.7183935889
2017-07-01 16:09:46.324849009,0.6238,-1.1129,-0.3362,19965.155954435762,-65547.8684079515,-11004.813086566557,69399.10962095503
2017-07-01 16:09:46.523824989,0.4133,-0.6006,-0.2636,19988.970736846248,-65612.58592646578,-11017.383456390973,69469.08032572124
2017-07-01 16:09:46.724559009,0.6123,-1.0267,-0.4584,20013.02060540409,-65677.91662262414,-11030.083361779616,69539.7186118013
2017-07-01 16:09:46.924606978,0.3865,-0.8783,-0.1139,20037.003745862723,-65743.0591861552,-11042.744420739305,69610.15410561732
2017-07-01 16:09:47.124568998,0.2512,-0.7162,-0.0292,20060.986626342194,-65808.2023988286,-11055.40120753334,69680.58971655593
2017-07-01 16:09:47.324786007,0.5606,-1.1134,-0.1755,20085.02256217136,-65873.47331398979,-11068.08116934165,69751.16514111425
2017-07-01 16:10:08.908281981,0.3823,-0.6908,-0.2198,22854.20216027362,-73231.51866586794,-12537.38077382356,77732.59161484237
2017-07-01 16:10:09.308465003,0.3293,-0.8147,-0.1715,22905.598694620727,-73368.07582303805,-12564.650755937784,77880.7514739859
2017-07-01 16:10:09.508113026,0.5085,-1.1724,-0.1555,22931.26027196115,-73436.24979829772,-12578.261724174368,77954.7185877817
2017-07-01 16:10:09.707421004,0.4846,-1.0367,-0.004,22956.897392016814,-73504.34883963926,-12591.849668798615,78028.60446200862
2017-07-01 16:10:09.908212006,0.388,-0.7771,-0.0411,22982.74091745924,-73572.98592719813,-12605.540376530746,78103.07475706123
2017-07-01 16:10:10.108215987,0.4316,-1.2208,-0.0641,23008.500411230878,-73641.40281857143,-12619.179986226793,78177.30491508069
2017-07-01 16:10:10.308202028,0.3034,-1.0013,-0.1478,23034.26972872791,-73709.85361948106,-12632.824283648975,78251.57092303429
2017-07-01 16:10:10.507959008,0.3798,-0.6782,-0.2877,23060.024685539545,-73778.25307998764,-12646.464433148594,78325.78393282312
2017-07-01 16:10:10.707406997,0.4567,-1.3681,-0.2785,23085.757970991723,-73846.6011601793,-12660.094562184418,78399.94080564892
2017-07-01 16:10:10.908177018,0.3869,-1.0383,-0.1264,23111.677423763806,-73915.44413495877,-12673.820132923049,78474.63432071544
2017-07-01 16:10:11.108111977,0.2822,-0.5947,-0.0562,23137.50035051195,-73984.02454394042,-12687.49086148458,78549.04349862304
2017-07-01 16:10:11.308221995,0.5298,-1.2788,-0.2627,23163.367102613083,-74052.71620883083,-12701.184079422985,78623.57426659921
2017-07-01 16:10:11.508229017,0.2526,-0.7876,-0.2212,23189.23064588738,-74121.40402454852,-12714.879098126286,78698.10101265779
2017-07-01 16:10:11.707635998,0.327,-0.8087,-0.2936,23215.029598502235,-74189.9179264278,-12728.544704867643,78772.44043123993
2017-07-01 16:10:11.908116996,0.5592,-1.287,-0.2655,23240.98998141809,-74258.85257587773,-12742.29458646419,78847.23757070093
2017-07-01 16:10:12.108105003,0.2086,-0.8847,-0.0975,23266.894869686508,-74327.65309595225,-12756.014556070006,78921.88745198594
2017-07-01 16:10:12.308111011,0.3104,-0.6217,-0.1045,23292.81450641018,-74396.48467828301,-12769.739940866879,78996.57206659921
2017-07-01 16:10:12.507966995,0.5588,-1.4421,-0.3409,23318.737020701134,-74465.32223117394,-12783.468646656429,79071.26394508457
2017-07-01 16:10:12.707612991,0.4201,-0.7285,-0.2143,23344.649042860645,-74534.1164936176,-12797.191469423315,79145.91126472407
2017-07-01 16:10:12.908176004,0.4277,-0.9456,-0.3035,23370.697288966996,-74603.2647801589,-12810.98953251269,79220.94458180347
2017-07-01 16:10:13.108201026,0.4782,-1.2374,-0.1732,23396.694795943986,-74672.27709145522,-12824.757513358025,79295.83027293462
2017-07-01 16:10:13.308377981,0.3076,-0.7339,-0.0111,23422.72437562875,-74741.37123040068,-12838.536396734187,79370.80450258462
2017-07-01 16:10:13.508228003,0.3991,-0.8684,-0.1383,23448.72738335071,-74810.38720734192,-12852.298299869213,79445.69479587897
2017-07-01 16:10:13.707415997,0.543,-1.3488,-0.2877,23474.665796872847,-74879.22807509026,-12866.026029736247,79520.39585662352
2017-07-01 16:10:13.908384025,0.4775,-0.5814,-0.3147,23500.85529313004,-74948.70761763648,-12879.889146956199,79595.79459682829
2017-07-01 16:10:14.108253002,0.4763,-1.2444,-0.2903,23526.920591700407,-75017.85690228418,-12893.688046554891,79670.83555594002
2017-07-01 16:10:14.308371007,0.4152,-1.1914,-0.1502,23553.03499409635,-75087.14005616796,-12907.51015407054,79746.02107707408
2017-07-01 16:10:14.508328020,0.2619,-0.6094,-0.0664,23579.138859335737,-75156.39183829319,-12921.323796761802,79821.17283127116
2017-07-01 16:10:14.707413017,0.498,-1.0698,-0.1829,23605.14862331464,-75225.38401354366,-12935.084447129335,79896.04402702459
2017-07-01 16:10:14.908155977,0.2784,-0.9768,-0.2352,23631.38621329561,-75294.99011261709,-12948.969173055622,79971.58090888154
2017-07-01 16:10:15.108509004,0.4903,-0.6765,-0.3452,23657.59251938794,-75364.48816099319,-12962.840785396274,80047.00494590298
2017-07-01 16:10:15.308100998,0.6081,-1.2613,-0.3108,23683.72350672731,-75433.772470161,-12976.672088297904,80122.19921289191
2017-07-01 16:10:15.508122026,0.2505,-0.9581,-0.0824,23709.92068617239,-75503.24404183206,-12990.536419041135,80197.5949529627
2017-07-01 16:10:15.707589983,0.3167,-0.6262,-0.0978,23736.058029422762,-75572.54843505287,-13004.366305232807,80272.81028309157
2017-07-01 16:10:15.908199012,0.4713,-1.0214,-0.3358,23762.363860372014,-75642.29039466233,-13018.288820296046,80348.50263814369
2017-07-01 16:10:16.108110010,0.4201,-0.7449,-0.2867,23788.594947671616,-75711.81945247884,-13032.174348938908,80423.9667179522
2017-07-01 16:10:16.308098971,0.5004,-0.8114,-0.3931,23814.856278585383,-75781.40807824899,-13046.081015043212,80499.49949995248
2017-07-01 16:10:16.508360981,0.4341,-1.292,-0.106,23841.170874154115,-75851.1435302821,-13060.010919318373,80575.1902803511
2017-07-01 16:10:16.707414984,0.3229,-0.707,0.0126,23867.339530696932,-75920.48634192607,-13073.856297320322,80650.4548105659
2017-07-01 16:10:16.908124983,0.3828,-0.8559,-0.0841,23893.74131384525,-75990.44051883127,-13087.820247521866,80726.3833145672
2017-07-01 16:10:17.108392000,0.4766,-1.2518,-0.3335,23920.103941218895,-76060.2905074188,-13101.766753883328,80802.19957838289
2017-07-01 16:10:17.308151006,0.4126,-0.6646,-0.2924,23946.41615960084,-76129.98982972505,-13115.689550414083,80877.85550288578
2017-07-01 16:10:17.508104979,0.4256,-1.0712,-0.2361,23972.771075164314,-76199.80000762164,-13129.635375402004,80953.63240346154
2017-07-01 16:10:17.707576990,0.5665,-1.287,-0.0924,23999.08500628501,-76269.49312607912,-13143.551262376817,81029.28237763587
2017-07-01 16:10:17.908262014,0.2974,-0.6988,-0.0382,24025.570933177467,-76339.63820047665,-13157.553311998892,81105.42292845102
2017-07-01 16:10:18.108106017,0.4329,-1.3341,-0.0899,24051.96315313879,-76409.5425951075,-13171.500272907606,81181.30049803772
2017-07-01 16:10:18.308156013,0.3009,-1.0235,-0.1393,24078.394619400147,-76479.56000549113,-13185.467184697176,81257.29955493109
2017-07-01 16:10:18.508019983,0.3366,-0.636,-0.3488,24104.81495279709,-76549.53771226254,-13199.435041717321,81333.25834669487
2017-07-01 16:10:18.707396984,0.4844,-1.2685,-0.2673,24131.19016846965,-76619.39534258099,-13213.379491515981,81409.0872028202
2017-07-01 16:10:18.908125996,0.267,-0.9164,-0.1302,24157.754997183736,-76689.76361366248,-13227.423747151674,81485.4693096266
2017-07-01 16:10:19.108114004,0.2628,-0.5699,-0.1266,24184.23227087118,-76759.89490903214,-13241.42122091121,81561.59508571852
2017-07-01 16:10:19.308170020,0.4159,-1.2424,-0.3217,24210.735193750766,-76830.09977711907,-13255.436329866281,81637.80081971301
2017-07-01 16:10:19.508193016,0.3954,-0.6755,-0.2454,24237.249561860226,-76900.32008384161,-13269.458943832175,81714.02594403995
2017-07-01 16:10:30.890929996,0.478,-1.0112,-0.3617,25808.039348550355,-81027.37487810984,-14114.310099837972,86201.53202959015
2017-07-01 16:10:31.290866971,0.2954,-0.6181,-0.039,25863.276919348416,-81172.47944877917,-14144.000518069524,86359.32644204985
2017-07-01 16:10:31.491258978,0.627,-1.2619,-0.4024,25890.979377846637,-81245.23606892642,-14158.893327476237,86438.44895241072
2017-07-01 16:10:31.690280973,0.3694,-0.7339,-0.2128,25918.50707590082,-81317.52434640453,-14173.692748765729,86517.06387186305
2017-07-01 16:10:31.890847980,0.4921,-1.0468,-0.3092,25946.26826783109,-81390.41590907912,-14188.619496505766,86596.33688612793
2017-07-01 16:10:31.909479850,0.2784,-0.8607,-0.0441,25948.84726779099,-81397.18754149959,-14190.006146773367,86603.70135645858
2017-07-01 16:10:32.290831029,0.2619,-0.7921,-0.034,26001.671505076643,-81535.90235051334,-14218.392607236938,86754.55596972353
2017-07-01 16:10:32.490885972,0.3363,-0.5871,-0.1535,26029.396298171327,-81608.694950383,-14233.290147419752,86833.72105105572
2017-07-01 16:10:32.690105974,0.4089,-1.0976,-0.2947,26057.021608893512,-81681.22730829903,-14248.137208080818,86912.60370979951
2017-07-01 16:10:32.890959024,0.5484,-0.6414,-0.3959,26084.895493586413,-81754.38010443983,-14263.121944578745,86992.16681275662
2017-07-01 16:10:32.908929700,0.6135,-1.4227,-0.2115,26087.38961725078,-81760.92567335552,-14264.46272363785,86999.28597868068
2017-07-01 16:10:33.290270984,0.2134,-0.9227,0.0137,26140.346445498813,-81899.9581149983,-14292.91232706505,87150.49164702599
2017-07-01 16:10:33.490900993,0.3466,-0.6514,-0.0693,26168.221867463566,-81973.13162155288,-14307.882927362974,87230.07312511183
2017-07-01 16:10:33.690095007,0.4983,-1.3516,-0.2957,26195.917544755543,-82045.83502307566,-14322.758109515578,87309.14351033959
2017-07-01 16:10:33.891852974,0.5849,-0.7852,-0.1881,26223.993519847983,-82119.50619894551,-14337.832416460866,87389.27035334599
2017-07-01 16:10:33.908110140,0.521,-1.16,-0.2392,26226.255951295578,-82125.44274959998,-14339.04713065045,87395.72713042502
2017-07-01 16:10:34.291462004,0.5618,-1.3661,-0.1217,26279.687744174662,-82265.63025529713,-14367.708565618292,87548.19791782767
2017-07-01 16:10:34.491005003,0.2961,-0.7728,0.0007,26307.511946658415,-82338.63167779295,-14382.627439220721,87627.59510251464
2017-07-01 16:10:34.690083980,0.3301,-0.7983,-0.0908,26335.284528753076,-82411.49497963385,-14397.515218747792,87706.84215306507
2017-07-01 16:10:34.890922009,0.4937,-1.3555,-0.2201,26363.322421850975,-82485.05677333935,-14412.543423893487,87786.84849090496
2017-07-01 16:10:34.909640190,0.4564,-0.9559,-0.1863,26365.93572410398,-82491.91309552388,-14413.944123626112,87794.30549851204
2017-07-01 16:10:35.290843009,0.395,-1.155,-0.2241,26419.214010222,-82631.71252341481,-14442.502467430862,87946.3510385276
2017-07-01 16:10:35.490976989,0.5817,-1.2467,-0.1676,26447.208759031415,-82705.15807473326,-14457.502498206262,88026.2313279175
2017-07-01 16:10:35.690127015,0.2739,-0.7176,-0.0373,26475.076735392246,-82778.27099327002,-14472.430261028905,88105.74938357032
2017-07-01 16:10:35.890699982,0.4244,-0.9144,-0.1741,26503.16090381845,-82851.94309464165,-14487.47168772971,88185.87669436756
2017-07-01 16:10:35.908989900,0.5002,-0.6437,-0.3553,26505.722020137666,-82858.6613473691,-14488.843409473899,88193.18365628413
2017-07-01 16:10:36.290840983,0.517,-0.6765,-0.3837,26559.26757488066,-82999.021528806,-14517.537726573577,88345.8610829947
2017-07-01 16:10:36.490960001,0.5558,-1.354,-0.1997,26587.35177767845,-83072.63516669534,-14532.583729253156,88425.9349848032
2017-07-01 16:10:36.690092027,0.2627,-0.8604,-0.0348,26615.30788547711,-83145.91985820845,-14547.55690461537,88505.64962079757
2017-07-01 16:10:36.890919983,0.3092,-0.6097,-0.088,26643.514555184087,-83219.85327727016,-14562.661149891723,88586.07084135318
2017-07-01 16:10:36.908340210,0.2485,-0.9525,-0.1904,26645.961334724194,-83226.26670206353,-14563.971380749908,88593.0470578472
2017-07-01 16:10:37.290988028,0.1897,-0.7858,-0.153,26699.73438326371,-83367.25724773378,-14592.773946278483,88746.40527139023
2017-07-01 16:10:37.490953981,0.4821,-1.212,-0.3418,26727.854641263806,-83440.98523454728,-14607.839398042528,88826.6018854457
2017-07-01 16:10:37.690616011,0.5713,-1.3752,-0.3141,26755.95493485468,-83514.65598637657,-14622.894473795448,88906.73726884006
2017-07-01 16:10:37.890841007,0.3015,-0.7517,-0.0633,26784.146547033986,-83588.56459555654,-14637.994536460152,88987.13121259701
2017-07-01 16:10:37.914009800,0.6872,-1.7142,-0.5095,26787.409074189894,-83597.11776095725,-14639.74209542579,88996.4349368441
2017-07-01 16:10:38.290830016,0.3979,-1.2175,-0.2186,26840.527732807655,-83736.40041528048,-14668.195657982782,89147.9368653289
2017-07-01 16:10:38.490823984,0.5686,-0.6086,-0.3754,26868.742729621514,-83810.34778404291,-14683.312147567744,89228.37770113119
2017-07-01 16:10:38.690142989,0.4495,-1.3099,-0.2849,26896.880360934523,-83884.09762638244,-14698.38893878417,89308.60342172337
2017-07-01 16:10:38.890906989,0.3644,-1.2044,-0.1018,26925.236668078585,-83958.43067476504,-14713.579134778962,89389.46169407653
2017-07-01 16:10:38.908330080,0.3212,-0.7482,-0.2106,26927.69763765105,-83964.88181672842,-14714.897463772646,89396.47915847285
2017-07-01 16:10:39.291422009,0.6059,-1.2673,-0.2857,26981.897369991533,-84106.91292410735,-14743.926281504075,89550.98519559995
2017-07-01 16:10:39.490911006,0.3483,-1.0345,-0.2571,27010.134874938885,-84180.91452124195,-14759.052805728972,89631.48662895942
2017-07-01 16:10:39.690090000,0.4913,-0.5221,-0.3523,27038.347990201295,-84254.82183386391,-14774.169800096524,89711.89083715413
2017-07-01 16:10:39.890846014,0.3999,-1.3004,-0.211,27066.80060284192,-84329.36672516313,-14789.414988737,89792.98738125451
2017-07-01 16:10:39.908600090,0.1844,-0.5184,-0.0683,27069.316898647656,-84335.95934694012,-14790.763235070302,89800.15942861157
2017-07-01 16:10:40.290870010,0.2453,-0.5475,-0.0974,27123.53208870955,-84477.98765851352,-14819.807084682114,89954.6723290481
2017-07-01 16:10:40.490831971,0.466,-1.3665,-0.3102,27151.910200494694,-84552.33603158488,-14835.012064776905,90035.55597038234
2017-07-01 16:10:40.690087020,0.2145,-0.7499,-0.1595,27180.196505262313,-84626.45133884076,-14850.169624294316,90116.18548374188
2017-07-01 16:10:40.890945017,0.6053,-0.9526,-0.33,27208.734785178527,-84701.20131347884,-14865.462435398334,90197.5095331068
2017-07-01 16:10:40.909190170,0.4159,-1.095,-0.1489,27211.32722909123,-84707.99167263349,-14866.851623971465,90204.89709538396
2017-07-01 16:10:41.290840983,0.2365,-0.6691,-0.0877,27265.590234464238,-84850.12938188102,-14895.923345904868,90359.53408070857
2017-07-01 16:10:41.490831017,0.3923,-0.7792,-0.196,27294.040451750196,-84924.64257153898,-14911.165148893206,90440.60153594178
2017-07-01 16:10:41.902249810,0.5376,-1.5027,-0.1711,27352.65913555824,-85078.18519780328,-14942.549493588902,90607.64506213648
2017-07-01 16:11:08.574586987,0.4998,-1.5259,-0.1581,31508.481006008464,-96117.92083364123,-17089.675380635574,102584.09274981974
2017-07-01 16:11:08.774603009,0.6437,-0.5332,-0.3622,31539.671292128573,-96200.72921109648,-17105.791181307442,102673.94634424415
2017-07-01 16:11:08.974618971,0.4356,-1.5419,-0.3152,31570.878995673676,-96283.59924955633,-17121.91958715753,102763.8653192732
2017-07-01 16:11:09.174848973,0.2369,-1.0696,-0.1519,31602.129592845315,-96366.60085091439,-17138.071342233052,102853.92478507524
2017-07-01 16:11:09.373878002,0.2389,-0.5759,-0.0576,31633.202213396955,-96449.12742425357,-17154.12850129329,102943.46889342931
2017-07-01 16:11:09.574553012,0.5272,-1.2022,-0.4091,31664.553036813308,-96532.38491003301,-17170.33492858581,103033.80832037485
2017-07-01 16:11:09.774551987,0.0672,-0.795,-0.0765,31695.800933387844,-96615.3937172426,-17186.489819551818,103123.87469574787
2017-07-01 16:11:09.974590003,0.5579,-0.9932,-0.3792,31727.07725422375,-96698.45847137387,-17202.663037816295,103214.0054325388
2017-07-01 16:11:10.174818992,0.4853,-1.2027,-0.205,31758.402890524947,-96781.65074428325,-17218.859915173784,103304.27489568718
2017-07-01 16:11:10.373827993,0.255,-0.8095,-0.0028,31789.547760023815,-96864.36818958726,-17234.95821643521,103394.02766251552
2017-07-01 16:11:10.573664009,0.4071,-0.8808,-0.1005,31820.83831451525,-96947.46455524045,-17251.127430275315,103484.19218578131
2017-07-01 16:11:10.774577975,0.2343,-1.1236,-0.0794,31852.307113516927,-97031.05451275969,-17267.38706874264,103574.88915993934
2017-07-01 16:11:10.974654972,0.3961,-0.6934,-0.3156,31883.6606757468,-97114.32400792802,-17283.59160640049,103665.24144774769
2017-07-01 16:11:11.174691975,0.3021,-1.2543,-0.3106,31915.02005908953,-97197.62704867034,-17299.805333481654,103755.62863691233
2017-07-01 16:11:11.374023020,0.3778,-1.2205,-0.1236,31946.283781947015,-97280.68459552698,-17315.966751079926,103845.74785409174
2017-07-01 16:11:11.574799001,0.2483,-0.6737,-0.0208,31977.784142438755,-97364.37137791376,-17332.246160067538,103936.54915105608
2017-07-01 16:11:11.774537980,0.4509,-1.0021,-0.1375,32009.139793453764,-97447.6658999868,-17348.446972042722,104026.92551457096
2017-07-01 16:11:11.974579989,-0.0654,-0.9447,-0.0796,32040.540397968965,-97531.1245945553,-17364.675548093714,104117.4742805602
2017-07-01 16:11:12.174555003,0.6057,-0.6491,-0.4645,32071.954708222318,-97614.58129593152,-17380.91726447693,104208.02773942552
2017-07-01 16:11:12.373808026,0.3467,-1.3289,-0.2323,32103.269364662614,-97697.78944440675,-17397.109564389604,104298.30960959576
2017-07-01 16:11:12.574670970,0.216,-0.8742,-0.0378,32134.845751421344,-97781.70516699227,-17413.434219632432,104389.35706360926
2017-07-01 16:11:12.774553000,0.2925,-0.5818,-0.1008,32166.27962112632,-97865.23433177879,-17429.683180681433,104479.98607990619
2017-07-01 16:11:12.974536001,0.412,-1.6606,-0.2941,32197.745846942445,-97948.87210427958,-17445.952111941602,104570.73027007595
2017-07-01 16:11:13.174592018,0.3589,-0.7624,-0.2811,32229.237925467696,-98032.5709269392,-17462.238233467495,104661.54262155772
2017-07-01 16:11:13.373803019,0.3868,-1.1458,-0.3325,32260.612334865385,-98115.96168549634,-17478.46875936447,104752.02105860456
2017-07-01 16:11:13.574723005,0.246,-1.1364,-0.1193,32292.265828783467,-98200.11370919163,-17494.843339183546,104843.32266919795
2017-07-01 16:11:13.774650990,0.2391,-0.6018,-0.0535,32323.77259721619,-98283.87430429024,-17511.139211350455,104934.19947594474
2017-07-01 16:11:13.974590003,0.5663,-1.183,-0.263,32355.303741745232,-98367.68681075703,-17527.446495980566,105025.13446499004
2017-07-01 16:11:14.174623012,0.1785,-0.8938,-0.1968,32386.85685215883,-98451.57448324308,-17543.769321644755,105116.14936346779
2017-07-01 16:11:14.373829007,0.483,-0.9441,-0.4357,32418.29867668547,-98535.15279632,-17560.04195231576,105206.8319979839
2017-07-01 16:11:14.574613988,0.3987,-1.2323,-0.2028,32450.005795061545,-98619.44326406257,-17576.451742136567,105298.28641367742
2017-07-01 16:11:14.774801015,0.2109,-0.7588,-0.0413,32481.626938845842,-98703.5131167312,-17592.814317360077,105389.49997881286
2017-07-01 16:11:14.974584996,0.2966,-0.6626,-0.0904,32513.196256672654,-98787.44015437053,-17609.14755723075,105480.55906550068
2017-07-01 16:11:15.174651026,0.6239,-1.4345,-0.3328,32544.835115591588,-98871.54309556508,-17625.51717666832,105571.81054876465
2017-07-01 16:11:15.374065995,0.4458,-0.5527,-0.3111,32576.38874219703,-98955.39432524404,-17641.845896894367,105662.79333898498
2017-07-01 16:11:15.574555993,0.2879,-1.3753,-0.2195,32608.12404419538,-99039.75287160068,-17658.27146692565,105754.32357000354
2017-07-01 16:11:15.774562001,0.3407,-1.1181,-0.1461,32639.796364862545,-99123.9525001072,-17674.663229396636,105845.68005476553
2017-07-01 16:11:15.974187016,0.2362,-0.7271,-0.0333,32671.417765284397,-99208.0207111282,-17691.025094081702,105936.89291787264
2017-07-01 16:11:16.174555003,0.4226,-0.9935,-0.1633,32703.173821702996,-99292.44169679823,-17707.454411038267,106028.48908592253
2017-07-01 16:11:16.373818993,0.1967,-1.1003,-0.1105,32734.762717299098,-99376.44122439674,-17723.797592496372,106119.62477168695
2017-07-01 16:11:16.574384987,0.439,-0.7484,-0.3901,32766.57567634323,-99461.01971610209,-17740.263253818353,106211.39234957403
2017-07-01 16:11:16.774186015,0.4587,-1.2053,-0.3012,32798.285611114625,-99545.32373848149,-17756.678138548625,106302.86278244507
2017-07-01 16:11:16.974662005,0.2459,-1.0145,-0.0807,32830.112550336045,-99629.95332763478,-17773.15171894653,106394.68413487166
2017-07-01 16:11:17.174566984,0.283,-0.6132,-0.062,32861.860146888714,-99714.36637303846,-17789.58085568076,106486.27094847025
2017-07-01 16:11:17.373821020,0.3931,-1.227,-0.3216,32893.51997187039,-99798.55326200814,-17805.969263058407,106577.61223975084
2017-07-01 16:11:17.574773013,0.2184,-0.8409,-0.2287,32925.45840759663,-99883.49151232863,-17822.50656067457,106669.76810769342
2017-07-01 16:11:17.775164008,0.284,-1.0933,-0.3005,32957.319085201256,-99968.23654355705,-17839.00975813409,106761.71349347645
2017-07-01 16:11:17.974686980,0.4382,-1.2932,-0.2327,32989.05919809189,-100052.66597078454,-17855.450733223337,106853.31588454878
2017-07-01 16:11:18.174565017,0.2546,-0.7135,-0.0423,33020.865966303136,-100137.27415124989,-17871.92265610779,106945.11154341293
2017-07-01 16:11:18.373993992,0.463,-1.0248,-0.1441,33052.619689279636,-100221.73300246293,-17888.363302984664,107036.74591466565
2017-07-01 16:11:18.574752986,0.4517,-1.301,-0.3049,33084.603387555326,-100306.80755698944,-17904.92588351762,107129.04832248353
2017-07-01 16:11:18.773985028,0.3941,-0.7016,-0.3929,33116.35946432445,-100391.26289220848,-17921.378086327415,107220.68234149586
2017-07-01 16:11:18.974551022,0.4178,-1.3411,-0.3413,33148.34496965012,-100476.33764357434,-17937.95417373316,107312.98803235065
2017-07-01 16:11:19.174534022,0.224,-1.0047,-0.1093,33180.24645977691,-100561.2052855853,-17954.48644995306,107405.06667426223
2017-07-01 16:11:48.424337983,0.2863,-0.7288,-0.0809,38091.148987982786,-113597.59542828084,-20441.735253679446,121545.1103849661
2017-07-01 16:11:48.624359011,0.4082,-1.3241,-0.1826,38124.747895676046,-113686.79608321948,-20458.751290736363,121641.86988924739
2017-07-01 16:11:48.824488997,0.4615,-0.7205,-0.303,38158.38358979713,-113776.07418614825,-20475.788732744968,121738.71701158187
2017-07-01 16:11:49.223568975,0.4295,-1.1976,-0.1644,38225.5250615916,-113954.29473155645,-20509.7893447921,121932.0446518
2017-07-01 16:11:49.244029760,0.4084,-1.3072,-0.3248,38228.967568174354,-113963.43262586376,-20511.532688273135,121941.95713707572
2017-07-01 16:11:49.424331009,0.2982,-0.7528,-0.0178,38259.312766775816,-114043.98058538487,-20526.895678829984,122029.33240559495
2017-07-01 16:11:49.624345004,0.4025,-0.9799,-0.0953,38292.99177727299,-114133.3742381695,-20543.942152651005,122126.30303671614
2017-07-01 16:11:49.824407994,0.3079,-1.1619,-0.1821,38326.691361467536,-114222.8362939118,-20561.00009072867,122223.3460778828
2017-07-01 16:11:50.223586976,0.4799,-1.2996,-0.3258,38394.00748202059,-114401.5440201085,-20595.087137377504,122417.19935903797
2017-07-01 16:11:50.243070120,0.3151,-0.7687,-0.3407,38397.29316958203,-114410.26668587516,-20596.750988664982,122426.66130044134
2017-07-01 16:11:50.424302995,0.2142,-1.1141,-0.0674,38427.86378366177,-114491.44181558925,-20612.230404294027,122514.71342752194
2017-07-01 16:11:50.624297976,0.3477,-0.6524,-0.0633,38461.61312324685,-114581.04668303164,-20629.31485596004,122611.91041023594
2017-07-01 16:11:50.824413001,0.4685,-1.0885,-0.2143,38495.40148193077,-114670.74892455357,-20646.418144175754,122709.21390163491
2017-07-01 16:11:51.223536014,0.3432,-0.8314,-0.2825,38562.84595346169,-114849.78961582959,-20680.575107176715,122903.43139877873
2017-07-01 16:11:51.243099920,0.2819,-0.8857,-0.2339,38566.15200278016,-114858.56603423272,-20682.249476538724,122912.95177950746
2017-07-01 16:11:51.424286007,0.3218,-1.1942,-0.2428,38596.78069298331,-114939.88578118461,-20697.76418876472,123001.16367607148
2017-07-01 16:11:51.624328970,0.2728,-0.8349,-0.1194,38630.607969650206,-115029.7022615259,-20714.898367065893,123098.59174189593
2017-07-01 16:11:51.824522018,0.3159,-0.832,-0.1742,38664.47328610464,-115119.61947220132,-20732.052381979414,123196.12931373077
2017-07-01 16:11:52.223532974,0.3704,-0.7701,-0.1243,38732.03026708322,-115298.95885338794,-20766.262369453452,123390.67117931758
2017-07-01 16:11:52.243949890,0.4768,-1.0421,-0.2631,38735.48727619601,-115308.13587060118,-20768.012963493504,123400.62615290572
2017-07-01 16:11:52.424538016,0.4504,-1.0025,-0.3631,38766.07929560986,-115389.3395079832,-20783.508852433257,123488.71533974793
2017-07-01 16:11:52.624310970,0.4032,-1.1517,-0.2813,38799.93735781383,-115479.21579902542,-20800.662177757862,123586.21269203683
2017-07-01 16:11:52.824301004,0.2653,-0.9928,-0.1015,38833.84282226756,-115569.22946070586,-20817.838202057148,123683.85720817771
2017-07-01 16:11:53.223550021,0.3559,-1.1125,-0.2827,38901.58654226147,-115749.10507703632,-20852.17252709552,123878.98070592772
2017-07-01 16:11:53.243139860,0.3011,-0.6604,-0.1331,38904.910619829425,-115757.9312366462,-20853.857250824705,123888.55506770106
2017-07-01 16:11:53.424292981,0.4579,-0.8197,-0.3303,38935.664389455174,-115839.57628332176,-20869.447236082226,123977.12378857411
2017-07-01 16:11:53.624401986,0.382,-0.8572,-0.3189,38969.651533831224,-115929.79900272054,-20886.681329148836,124074.9994738055
2017-07-01 16:11:53.824375987,0.4762,-1.1642,-0.2204,39003.634791750264,-116020.00740904795,-20903.91260890304,124172.86019305678
2017-07-01 16:11:54.223549008,0.3546,-0.777,-0.0316,39071.526110217215,-116200.19843373376,-20938.313425274115,124368.33695806784
2017-07-01 16:11:54.244349830,0.3838,-0.8588,-0.0028,39075.06407857503,-116209.58852163612,-20940.106045776847,124378.52362172943
2017-07-01 16:11:54.424445986,0.2763,-0.8426,-0.2797,39105.70521918706,-116290.91642348636,-20955.635853494663,124466.75097120722
2017-07-01 16:11:54.624772012,0.1658,-1.0426,-0.2479,39139.794876413514,-116381.42157906311,-20972.92004430862,124564.9316899275
2017-07-01 16:11:54.824370026,0.3432,-0.792,-0.362,39173.77432006412,-116471.62937938493,-20990.1558438754,124662.79191129282
2017-07-01 16:11:55.223658025,0.2866,-0.8775,-0.0573,39241.79455734974,-116652.22644670159,-21024.64452033122,124858.70435119884
2017-07-01 16:11:55.243179790,0.4397,-1.1328,-0.3047,39245.12033222726,-116661.0565289806,-21026.330837486566,124868.28327816652
2017-07-01 16:11:55.423901975,0.3182,-0.7809,-0.0598,39275.91899126581,-116742.82626946352,-21041.94382375316,124956.98739115232
2017-07-01 16:11:55.624319970,0.3051,-0.9444,-0.3513,39310.08646359575,-116833.54552989463,-21059.272485078094,125055.40058894739
2017-07-01 16:11:55.824639976,0.3461,-0.8091,-0.2569,39344.25111899412,-116924.2529032276,-21076.60298292925,125153.80220509652
2017-07-01 16:11:56.223550975,0.4483,-1.3035,-0.1862,39412.35688391957,-117105.09215738373,-21111.144024693174,125349.9776081596
2017-07-01 16:11:56.243549940,0.3525,-1.058,-0.341,39415.77143266124,-117114.158758017,-21112.875838287837,125359.81311964677
2017-07-01 16:11:56.424377024,0.2896,-0.7567,-0.0492,39446.654644450544,-117196.16209102974,-21128.53619750887,125448.7704736675
2017-07-01 16:11:56.624328970,0.3672,-0.9249,-0.103,39480.81884635768,-117286.87534214213,-21145.856965402956,125547.17619725017
2017-07-01 16:11:56.824451029,0.3459,-1.2349,-0.1687,39515.0259670161,-117377.7152256247,-21163.19922551565,125645.71743684968
2017-07-01 16:11:57.223664999,0.3388,-1.2132,-0.2851,39583.31811897555,-117559.12073520705,-21197.839911648254,125842.49822004836
2017-07-01 16:11:57.243110060,0.4112,-0.7724,-0.3418,39586.64467373028,-117567.95699359498,-21199.527332177648,125852.08344433446
2017-07-01 16:11:57.424300014,0.3145,-1.2317,-0.1019,39617.65198570002,-117650.33408361026,-21215.25413801086,125941.44062613201
2017-07-01 16:11:57.624343991,0.3287,-0.7309,-0.0506,39651.898969038804,-117741.31230804136,-21232.619447757243,126040.12791362866
2017-07-01 16:11:57.824113011,0.4409,-0.9331,-0.1672,39686.11647577689,-117832.20272230917,-21249.96756174553,126138.72109980953
2017-07-01 16:11:58.223662972,0.4949,-0.7882,-0.3555,39754.63253706654,-118014.11480301492,-21284.721577032935,126336.06560878879
2017-07-01 16:11:58.243279930,0.2119,-1.0382,-0.2045,39757.99659515418,-118023.04665541282,-21286.42799567402,126345.75517959065
2017-07-01 16:11:58.424410998,0.3912,-1.1626,-0.3136,39789.071097706015,-118105.55609525731,-21302.19431706712,126435.26423474727
2017-07-01 16:11:58.624348998,0.247,-1.0316,-0.0921,39823.38195572401,-118196.67377112029,-21319.601345440038,126534.10940326173
2017-07-01 16:11:58.823675990,0.3156,-0.6862,-0.0599,39857.600499376145,-118287.54025610148,-21336.957558056205,126632.68241351041
2017-07-01 16:11:59.243309730,0.5358,-1.0811,-0.2321,39929.73354004964,-118479.02756618679,-21373.537647111723,126840.41826311169
2017-07-01 16:12:18.741164982,0.1169,-0.9243,-0.1906,43325.76341297883,-127727.6785852474,-23145.654016548513,136847.37100853436
2017-07-01 16:12:18.941182971,0.3584,-1.0081,-0.3617,43360.61579179294,-127822.5958429064,-23163.847673934008,136950.07429323904
2017-07-01 16:12:19.141155004,0.4279,-1.0884,-0.3055,43395.477274161196,-127917.53481626461,-23182.049367739564,137052.80213921503
2017-07-01 16:12:19.341187000,0.2717,-1.0581,-0.0536,43430.360081464154,-128012.54459527503,-23200.258664135206,137155.60416055078
2017-07-01 16:12:19.540408015,0.3154,-0.7236,-0.0114,43465.113982837,-128107.1978992505,-23218.39458782914,137258.0202916204
2017-07-01 16:12:19.741280972,0.4082,-0.9835,-0.404,43500.17253464191,-128202.67575323167,-23236.69719610238,137361.33072089546
2017-07-01 16:12:19.941142976,0.3874,-0.8831,-0.2797,43535.070118463766,-128297.70836173912,-23254.918863613122,137464.1609745851
2017-07-01 16:12:20.141287982,0.3591,-0.9792,-0.3554,43570.03150164695,-128392.91476000159,-23273.18056938975,137567.1804589996
2017-07-01 16:12:20.341130018,0.5478,-1.0863,-0.2461,43604.96183935009,-128488.02042273077,-23291.424459920065,137670.09313040876
2017-07-01 16:12:20.540408015,0.3428,-0.9001,-0.0178,43639.807202000185,-128582.8934014545,-23309.617565320732,137772.75318131328
2017-07-01 16:12:20.741128981,0.3606,-0.7456,-0.1235,43674.919407580375,-128678.48339340865,-23327.9473824058,137876.19012274267
2017-07-01 16:12:20.941196978,0.4137,-0.9884,-0.2821,43709.933948264435,-128773.80198272126,-23346.228862105912,137979.33470244223
2017-07-01 16:12:21.140958011,0.3159,-0.8168,-0.2528,43744.907372018264,-128869.0069188498,-23364.492380411768,138082.35719827257
2017-07-01 16:12:21.341162025,0.3582,-1.0418,-0.3407,43779.97270849527,-128964.46473418361,-23382.81005488408,138185.65403323845
2017-07-01 16:12:21.540517985,0.4802,-1.0663,-0.2726,43814.90859448602,-129059.56057282297,-23401.06097050783,138288.56078844247
2017-07-01 16:12:21.741185009,0.303,-0.8622,-0.0082,43850.08643722658,-129155.31652744734,-23419.432243426552,138392.1806839599
2017-07-01 16:12:21.941258013,0.3814,-0.787,-0.0827,43885.17541269669,-129250.82052566782,-23437.7524436173,138495.5286901705
2017-07-01 16:12:22.141135990,0.294,-1.0983,-0.3143,43920.24192981833,-129346.27530698785,-23456.067342322167,138598.82280211625
2017-07-01 16:12:22.341126024,0.3629,-0.7967,-0.2271,43955.34262073128,-129441.81546766417,-23474.401591949318,138702.21074867845
2017-07-01 16:12:22.540408015,0.3871,-1.0249,-0.3014,43990.334414482415,-129537.05808094899,-23492.68290074866,138805.27759433456
2017-07-01 16:12:22.741141021,0.4606,-1.0105,-0.2498,44025.59955029971,-129633.0348929917,-23511.107385061998,138909.140526471
2017-07-01 16:12:22.941241979,0.3208,-0.866,-0.0488,44060.76649174487,-129728.74417783465,-23529.475810174245,139012.71323767374
2017-07-01 16:12:23.141125023,0.3322,-0.9342,-0.0514,44095.90840814127,-129824.38655763472,-23547.82628529524,139116.21259280958
2017-07-01 16:12:23.341125011,0.4392,-1.0493,-0.3608,44131.08845274012,-129920.12686616444,-23566.201928582614,139219.81973225853
2017-07-01 16:12:23.540391981,0.3424,-0.7205,-0.2523,44166.15315508976,-130015.54488695362,-23584.52024163767,139323.07989632772
2017-07-01 16:12:23.741262018,0.3562,-1.0685,-0.3318,44201.51431890728,-130111.77364125264,-23602.99930995511,139427.2178757895
2017-07-01 16:12:23.941236019,0.4757,-1.0703,-0.2469,44236.73676758941,-130207.61594161906,-23621.405820742697,139530.9390135155
2017-07-01 16:12:24.141153991,0.2624,-0.8716,-0.0659,44271.959834987894,-130303.4662241611,-23639.809808206097,139634.6674197709
2017-07-01 16:12:24.341314971,0.3373,-0.8188,-0.07,44307.23923111049,-130399.4658211611,-23658.23897093482,139738.5573345198
2017-07-01 16:12:24.540467977,0.3588,-1.0277,-0.3743,44342.35519735877,-130495.02274234509,-23676.59017323522,139841.96919095938
2017-07-01 16:12:24.741142988,0.4667,-0.7173,-0.2374,44377.75832775035,-130591.338832817,-23695.091182793174,139946.20594537287
2017-07-01 16:12:24.941317975,0.3235,-0.9964,-0.2667,44413.08620644907,-130687.45485726366,-23713.55677987008,140050.22619975638
2017-07-01 16:12:25.141187012,0.5086,-0.9669,-0.3169,44448.38040693359,-130783.46260211953,-23732.006813297758,140154.13214880924
2017-07-01 16:12:25.341345012,0.1674,-0.9555,-0.0273,44483.73234100549,-130879.6474317079,-23750.484614803292,140258.2264049863
2017-07-01 16:12:25.540683984,0.3364,-0.7293,-0.0404,44518.95298543606,-130975.46766136454,-23768.888412191674,140361.92632043717
2017-07-01 16:12:25.741212010,0.3652,-1.2571,-0.1784,44554.39840572212,-131071.9100071275,-23787.40916168714,140466.29789681887
2017-07-01 16:12:25.941206991,0.2447,-0.9601,-0.1787,44589.75939225302,-131168.13439124555,-23805.88782683812,140570.43223083176
2017-07-01 16:12:26.141146004,0.2862,-0.8378,-0.203,44625.121924136394,-131264.36533882134,-23824.36943583828,140674.57372802985
2017-07-01 16:12:26.341488003,0.3167,-1.2002,-0.2659,44660.56844214178,-131360.8384164921,-23842.898967751964,140778.97596674514
2017-07-01 16:12:26.540619015,0.2789,-0.9871,-0.0915,44695.81175943447,-131456.76749475076,-23861.320124344034,140882.78783116193
2017-07-01 16:12:26.741138994,0.2902,-0.7552,-0.0592,44731.31257229236,-131553.39605719055,-23879.87215144036,140987.3562862617
2017-07-01 16:12:26.941136002,0.3666,-1.1716,-0.1704,44766.735459954536,-131649.8194677597,-23898.382609268025,141091.70160209364
2017-07-01 16:12:27.141125023,0.1582,-1.039,-0.1325,44802.1632602878,-131746.2805830396,-23916.897627287628,141196.08447963645
2017-07-01 16:12:27.341135025,0.263,-0.753,-0.212,44837.60529843073,-131842.781941141,-23935.423068580014,141300.51123880988
2017-07-01 16:12:27.540392994,0.3265,-1.1025,-0.2289,44872.92703859723,-131938.96422973037,-23953.88794282558,141404.5919006974
2017-07-01 16:12:27.741129994,0.4095,-1.0917,-0.0995,44908.5274621878,-132035.90444047563,-23972.493885575463,141509.49213155435
2017-07-01 16:12:27.941127002,0.3089,-0.7617,-0.0594,44944.009004872045,-132132.5177602715,-23991.033615758923,141614.0384603552
2017-07-01 16:12:28.141143977,0.3598,-1.0683,-0.1047,44979.50848435225,-132229.18346485653,-24009.57938559498,141718.6404307838
2017-07-01 16:12:28.341132998,0.3348,-1.0554,-0.2,45015.01639302103,-132325.8778709879,-24028.130562630482,141823.27282052962
2017-07-01 16:12:28.540431022,0.3634,-0.7056,-0.2075,45050.416049802974,-132422.2662072783,-24046.6258839472,141927.57586224793
2017-07-01 16:12:28.741402983,0.3364,-1.222,-0.2574,45086.126621250216,-132519.51348136415,-24065.286946836794,142032.8071358109
2017-07-01 16:12:28.941204011,0.3197,-1.155,-0.0684,45121.641892974956,-132616.24026690802,-24083.84201440006,142137.4728768692
2017-07-01 16:12:29.141157984,0.3782,-0.8073,-0.061,45157.199472200424,-132713.0733726441,-24102.413724495087,142242.25411435115
2017-07-01 16:12:29.341158986,0.3514,-1.0766,-0.1095,45192.779470678346,-132809.9723178737,-24120.99418268401,142347.10542796724
2017-07-01 16:16:10.490538001,0.4922,-1.3464,-0.3197,108607.10415583279,-305803.59255428147,-60301.758396841455,330072.17749754665
2017-07-01 16:16:10.690494000,0.5872,-1.2196,-0.2431,108664.46478135716,-305960.0564616814,-60334.48157425077,330241.9896425766
2017-07-01 16:16:10.890519022,0.1245,-1.1669,0.2507,108721.85018849617,-306116.6210666852,-60367.206016895216,330411.9034840915
2017-07-01 16:16:11.289924025,0.406,-1.0353,-0.1557,108836.50071311329,-306429.41054247884,-60432.574210293205,330751.3621416685
2017-07-01 16:16:11.490467011,0.43,-0.9291,-0.25,108894.08453279252,-306586.5008623015,-60465.40591836287,330921.8479793943
2017-07-01 16:16:11.690445005,0.3339,-0.6899,-0.3284,108951.51947399283,-306743.1761997347,-60498.158262403216,331091.8858775251
2017-07-01 16:16:11.889778971,0.4226,-1.0459,-0.2435,109008.78623789053,-306899.3885229507,-60530.814802940906,331261.4219819855
2017-07-01 16:16:11.907670250,0.3812,-0.6654,-0.1028,109013.92635522161,-306913.40961915796,-60533.74593328941,331276.63898946263
2017-07-01 16:16:12.289710998,0.3073,-0.8098,-0.0886,109123.73050783953,-307212.9267600499,-60596.34864571342,331601.7014395677
2017-07-01 16:16:12.490491986,0.3576,-0.8331,-0.1686,109181.45234467891,-307370.37116495875,-60629.256211625965,331772.57468777144
2017-07-01 16:16:12.690443992,0.3671,-0.9728,-0.3943,109238.95053728292,-307527.2044087298,-60662.0436736285,331942.7861975567
2017-07-01 16:16:12.890661001,0.3369,-0.754,-0.249,109296.53843940132,-307684.27573426603,-60694.88457156355,332113.2575825765
2017-07-01 16:16:12.904539820,0.5173,-1.1403,-0.12,109300.53046797242,-307695.1639624193,-60697.161088970584,332125.07470936415
2017-07-01 16:16:13.289662003,0.4126,-1.0115,-0.1991,109411.36613003237,-307997.45051590464,-60760.36150966684,332453.1517274615
2017-07-01 16:16:13.490455985,0.2797,-0.9421,-0.07,109469.16461046472,-308155.09386095864,-60793.315599607246,332624.2430950617
2017-07-01 16:16:13.690441012,0.3217,-0.6626,-0.1374,109526.74309954475,-308312.128595515,-60826.14241990999,332794.67497960094
2017-07-01 16:16:13.890438973,0.3892,-1.1425,-0.2979,109584.34088018702,-308469.21918533614,-60858.98327903919,332965.1675426641
2017-07-01 16:16:13.904700160,0.3253,-0.9352,-0.2901,109588.44805182157,-308480.42098112573,-60861.32511008092,332977.32500765624
2017-07-01 16:16:14.289851009,0.3319,-0.7809,-0.307,109699.41937444296,-308783.06291192997,-60924.61631290754,333305.79266679095
2017-07-01 16:16:14.490458011,0.4806,-1.3623,-0.285,109757.23846934635,-308940.74971387937,-60957.59319948816,333476.935332663
2017-07-01 16:16:14.690455019,0.2869,-1.0609,-0.1257,109814.89322699545,-309097.9994657849,-60990.47483973672,333647.60162390396
2017-07-01 16:16:14.890574991,0.2677,-0.6878,-0.1158,109872.5941533234,-309255.3734444458,-61023.38133413655,333818.402757691
2017-07-01 16:16:14.906940100,0.2721,-0.8653,-0.2255,109877.31280545318,-309268.2431678671,-61026.0723721577,333832.3705254753
2017-07-01 16:16:15.289664983,0.3311,-1.0758,-0.1799,109987.71471449858,-309569.38031442463,-61089.03305614636,334159.19645598525
2017-07-01 16:16:15.490501999,0.3867,-0.7298,-0.3213,110045.66432948824,-309727.4331477375,-61122.084985866146,334330.73498412326
2017-07-01 16:16:15.690441012,0.3567,-1.068,-0.3129,110103.36909353414,-309884.8219730127,-61155.00163878648,334501.55306131655
2017-07-01 16:16:15.890635013,0.3834,-1.1039,-0.0888,110161.16281589928,-310042.45576250873,-61187.96383015959,334672.6356992444
2017-07-01 16:16:15.904650090,0.4016,-1.1827,-0.2193,110165.20888749468,-310053.4915387726,-61190.271473102526,334684.6130128498
2017-07-01 16:16:16.289669990,0.3553,-0.9724,-0.1592,110276.41457349758,-310356.8087257807,-61253.690261951975,335013.80703538755
2017-07-01 16:16:16.490474998,0.3919,-0.9869,-0.2735,110334.4290889136,-310515.0419282958,-61286.77701018524,335185.54047333845
2017-07-01 16:16:16.690684020,0.3778,-0.7089,-0.2573,110392.28656179472,-310672.8339125389,-61319.7758710113,335356.7974209863
2017-07-01 16:16:16.890443027,0.4034,-1.3199,-0.2419,110450.03008407354,-310830.32389249746,-61352.71021213946,335527.7253030849
2017-07-01 16:16:16.905680060,0.2931,-0.7437,-0.0944,110454.43465917108,-310842.33694036334,-61355.2223693041,335540.7633692369
2017-07-01 16:16:17.289871990,0.3211,-0.8252,-0.0023,110565.54056632523,-311145.35997321527,-61418.565126541485,335869.6383059782
2017-07-01 16:16:17.490574002,0.3946,-1.4781,-0.1463,110623.59822995619,-311303.7188619119,-61451.661300439046,336041.50419134676
2017-07-01 16:16:17.690464019,0.3359,-0.7997,-0.3176,110681.43442662263,-311461.46901914803,-61484.63626472537,336212.71110251924
2017-07-01 16:16:17.890511989,0.2883,-0.7498,-0.351,110739.32786295778,-311619.37383687514,-61517.65133254918,336384.0874825961
2017-07-01 16:16:17.904809830,0.3599,-1.0712,-0.0038,110743.4656998273,-311630.65983884863,-61520.010988314505,336396.33633380634
2017-07-01 16:16:18.289654016,0.3207,-0.9747,-0.1182,110854.88822652445,-311934.58098682214,-61583.54156614709,336726.1820099068
2017-07-01 16:16:18.490432024,0.4087,-0.8925,-0.1717,110913.03522275422,-312093.17641566036,-61616.693181896815,336898.3066538216
2017-07-01 16:16:18.690436005,0.3435,-1.0965,-0.28,110970.97179481543,-312251.20429892367,-61649.728194026924,337069.8149547231
2017-07-01 16:16:18.890671014,0.1545,-0.6182,-0.3481,111028.98148492847,-312409.43950902973,-61682.81532220326,337241.5489378492
2017-07-01 16:16:18.904319880,0.3622,-1.2304,-0.2862,111032.93573849196,-312420.22572012484,-61685.0707342659,337253.2552981709
2017-07-01 16:16:19.289749979,0.2042,-0.8746,-0.2752,111144.6301740329,-312724.947282474,-61748.80216054175,337583.9688693917
2017-07-01 16:16:19.490463972,0.3389,-1.117,-0.269,111202.80907203244,-312883.67703887913,-61782.0013475597,337756.2372383231
2017-07-01 16:16:19.690612971,0.2092,-0.9091,-0.1721,111260.83258151294,-313041.99640178855,-61815.11397575545,337928.05845887447
2017-07-01 16:16:19.890513002,0.4493,-0.8401,-0.2531,111318.80186881687,-313200.1523995531,-61848.19552859456,338099.7048250049
2017-07-01 16:16:19.904510020,0.2446,-0.8477,-0.2907,111322.86093140543,-313211.22666270117,-61850.511958827876,338111.723699543
2017-07-01 16:16:20.289674997,0.133,-1.1194,-0.1097,111434.57650691333,-313516.13037359493,-61914.27093864066,338442.61816676025
2017-07-01 16:16:20.490401029,0.2678,-0.7211,-0.132,111492.80708710746,-313675.05786230776,-61947.50380312607,338615.0929662224
2017-07-01 16:16:20.690441012,0.402,-1.164,-0.2884,111550.85473105908,-313833.4887412757,-61980.63462368719,338787.0288471878
2017-07-01 16:16:20.890439987,0.388,-1.0611,-0.2287,111608.90599514163,-313991.92958563403,-62013.76780036888,338958.9755990246
2017-07-01 16:16:20.902799960,0.4625,-1.21,-0.2735,111612.49364446699,-314001.7214434586,-62015.81547849127,338969.6021422184
2017-07-01 16:16:21.906339880,0.2881,-0.8652,-0.0835,111904.07482190616,-314797.6204240871,-62182.156142553365,339833.3184503122
2017-07-01 16:16:29.424194991,0.3726,-1.2496,-0.0932,114109.46616504261,-320830.59248667426,-63433.53750179361,346377.038823033
2017-07-01 16:16:29.624211013,0.268,-0.9661,-0.1037,114168.15234630214,-320991.1411566761,-63466.835231909936,346551.17787361227
2017-07-01 16:16:29.824249029,0.2919,-0.6161,-0.1427,114226.85666120323,-321151.7321341705,-63500.14233365448,346725.3638138857
2017-07-01 16:16:30.223770022,0.3192,-0.9031,-0.2349,114344.1533557994,-321472.6126527128,-63566.7016150467,347073.4095931754
2017-07-01 16:16:30.248090020,0.3976,-1.0803,-0.3086,114351.293779911,-321492.14621661196,-63570.75345347667,347094.5968504057
2017-07-01 16:16:30.424176990,0.44,-0.8288,-0.3735,114403.00708358594,-321633.60309759533,-63600.102041470025,347248.0318893023
2017-07-01 16:16:30.624167978,0.3655,-1.1111,-0.278,114461.75514912535,-321794.30736033147,-63633.44585458603,347422.3439456109
2017-07-01 16:16:30.824247002,0.2781,-0.8231,-0.1031,114520.54020834592,-321955.1153150806,-63666.80847290268,347596.767689637
2017-07-01 16:16:31.223747014,0.3995,-1.0526,-0.2144,114637.98075005594,-322276.3703416659,-63733.458202166905,347945.22443260544
2017-07-01 16:16:31.241590140,0.2697,-0.6357,-0.1374,114643.22615837607,-322290.71896394645,-63736.4350656401,347960.78800516395
2017-07-01 16:16:31.424154996,0.3666,-1.1163,-0.2486,114696.90762850302,-322437.56644096924,-63766.9016159655,348120.0692485511
2017-07-01 16:16:31.624180972,0.4438,-0.7278,-0.3437,114755.7411325181,-322598.48802668444,-63800.29584172955,348294.6200409483
2017-07-01 16:16:31.824185013,0.4065,-0.951,-0.2979,114814.58444546365,-322759.4300071539,-63833.698321939046,348469.1944797757
2017-07-01 16:16:32.223598003,0.3104,-0.7677,-0.1182,114932.14550730899,-323080.9575730895,-63900.42275315543,348817.9571714875
2017-07-01 16:16:32.242310160,0.5083,-1.1022,-0.2104,114937.6533204958,-323096.02125051,-63903.548809365064,348834.2968361388
2017-07-01 16:16:32.424167990,0.4636,-0.9725,-0.2324,114991.19743380611,-323242.4527667994,-63933.93769613528,348993.1333812894
2017-07-01 16:16:32.624180018,0.4968,-0.9707,-0.3286,115050.10653331614,-323403.5408352171,-63967.373339233025,349167.8709303079
2017-07-01 16:16:32.824172019,0.3625,-0.6658,-0.3086,115109.02423315839,-323564.63940392085,-64000.817977466606,349342.6226990975
2017-07-01 16:16:33.223433017,0.5045,-1.0105,-0.1632,115226.72705767509,-323886.41522663017,-64067.61236166698,349691.67498026864
2017-07-01 16:16:33.242270230,0.4471,-1.0486,-0.3027,115232.28045890806,-323901.597045792,-64070.76384135924,349708.1437538884
2017-07-01 16:16:33.424157977,0.3406,-0.7921,-0.0667,115285.91407755762,-324048.2153653372,-64101.19600284765,349867.19079552667
2017-07-01 16:16:33.623529970,0.3768,-0.7749,-0.1313,115344.71828972292,-324208.95840329735,-64134.558722832946,350041.56091649894
2017-07-01 16:16:33.823915004,0.4837,-1.0436,-0.1737,115403.8407180682,-324370.5601072388,-64168.09793891511,350216.86354295287
2017-07-01 16:16:34.223448991,0.3792,-0.8631,-0.2742,115521.78140702614,-324692.9044446534,-64235.0132532695,350566.5430468305
2017-07-01 16:16:34.243139860,0.376,-0.8121,-0.2097,115527.59421138899,-324708.791368247,-64238.31122845271,350583.7772139245
2017-07-01 16:16:34.423996984,0.5522,-1.1151,-0.2536,115581.001846034,-324854.74640546995,-64268.61083808188,350742.11122839514
2017-07-01 16:16:34.624154984,0.2986,-0.8938,-0.097,115640.12104836723,-325016.3134143796,-64302.14787530116,350917.3803090014
2017-07-01 16:16:34.824169993,0.3312,-0.6666,-0.1016,115699.21126648465,-325177.79166933394,-64335.66501858524,351092.55400252366
2017-07-01 16:16:35.223626017,0.4143,-0.8641,-0.2776,115817.28823611909,-325500.42265648727,-64402.647414451916,351442.55632736103
2017-07-01 16:16:35.246700040,0.484,-1.3878,-0.1869,115824.1090461305,-325519.05972670426,-64406.51665912177,351462.77451509616
2017-07-01 16:16:35.424382984,0.3877,-0.7171,-0.305,115876.64535647177,-325662.5982805705,-64436.32164670237,351618.4926952493
2017-07-01 16:16:35.624266982,0.503,-1.1938,-0.2294,115935.76604836083,-325824.1193261149,-64469.859860735305,351793.7199756719
2017-07-01 16:16:35.824162006,0.2729,-0.9776,-0.1049,115994.90090600902,-325985.6883444433,-64503.40411639938,351968.9974759125
2017-07-01 16:16:36.223477005,0.4629,-1.1098,-0.2359,116113.10389831482,-326308.61937390966,-64570.45052489709,352319.3310841687
2017-07-01 16:16:36.236740110,0.2953,-0.6316,-0.1198,116117.03002041164,-326319.34552376147,-64572.677468470894,352330.9674145382
2017-07-01 16:16:36.424214005,0.3984,-1.062,-0.3029,116172.53973072288,-326470.9969012976,-64604.1659459373,352495.4880034405
2017-07-01 16:16:36.624159991,0.3788,-0.7115,-0.3517,116231.75748384578,-326632.76564694213,-64637.76332029734,352670.9875918411
2017-07-01 16:16:36.824286997,0.4201,-1.1821,-0.2902,116291.045674785,-326794.7281931044,-64671.40273460322,352846.69760478294
2017-07-01 16:16:37.223505020,0.2478,-0.6068,-0.1456,116409.35463512766,-327117.9115695407,-64738.530628487366,353197.31491635146
2017-07-01 16:16:37.242630240,0.2993,-1.1599,-0.1202,116415.02253704847,-327133.39464443043,-64741.746548653144,353214.11227477907
2017-07-01 16:16:37.424161970,0.4377,-1.0394,-0.2654,116468.83524616978,-327280.390310379,-64772.27999188025,353373.58661996794
2017-07-01 16:16:37.624190986,0.4227,-1.1462,-0.2171,116528.14814691161,-327442.41005038726,-64805.933345389305,353549.3603542815
2017-07-01 16:16:37.824186027,0.4241,-0.727,-0.3217,116587.46793649478,-327604.43134984263,-64839.5938502261,353725.13912720315
2017-07-01 16:16:38.223662972,0.4992,-1.0093,-0.1162,116706.03497924232,-327928.2193087688,-64906.84703891453,354076.4245359032
2017-07-01 16:16:38.242800110,0.3633,-1.2866,-0.2669,116711.71512433873,-327943.7310001454,-64910.068933485854,354093.25353430613
2017-07-01 16:16:38.424160003,0.2548,-0.7606,-0.0471,116765.55341981027,-328090.7580762966,-64940.603912210885,354252.7657436089
2017-07-01 16:16:38.624210000,0.3835,-1.0404,-0.1992,116824.955386371,-328252.9787134154,-64974.29365529289,354428.7616309683
2017-07-01 16:16:38.824595987,0.4082,-1.1895,-0.2739,116884.47351140989,-328415.5195688138,-65008.050979643434,354605.104776941
2017-07-01 16:16:39.223402023,0.426,-1.1295,-0.3082,117002.99359739688,-328739.18627370225,-65075.2834615318,354956.25874218234
2017-07-01 16:16:39.243409870,0.4238,-0.731,-0.2438,117008.93984492437,-328755.4247205366,-65078.65657029072,354973.8762610671
2017-07-01 16:16:39.424196004,0.515,-1.0567,-0.2074,117062.68555158307,-328902.18599035824,-65109.141955197934,355133.1027430802
2017-07-01 16:16:39.624341011,0.3613,-0.8098,-0.1032,117122.20090880973,-329064.6951344221,-65142.895898646784,355309.4150394775
2017-07-01 16:16:39.824240982,0.381,-1.0195,-0.1584,117181.6586265995,-329227.0460590032,-65176.6148470648,355485.5554001323
2017-07-01 16:16:40.241600270,0.3906,-1.1006,-0.1456,117305.86490566986,-329566.2006331965,-65247.040000573514,355853.5130779294
2017-07-01 16:16:51.207615971,0.4313,-1.0663,-0.2046,120621.22058456832,-338605.63244773634,-67122.04797018105,365661.8964348814
2017-07-01 16:16:51.407581984,0.2902,-1.2031,-0.0863,120681.68791610574,-338770.51518529886,-67156.24231387628,365840.8023155881
2017-07-01 16:16:51.607962012,0.4199,-0.6912,-0.0887,120742.29730071935,-338935.76705367636,-67190.5110159546,366020.11053534254
2017-07-01 16:16:51.758999500,0.4505,-0.7681,-0.3177,120787.99221646752,-339060.3440308538,-67216.34847580447,366155.28599274263
2017-07-01 16:16:51.807097971,0.4043,-1.0226,-0.2108,120802.54487408532,-339100.0184158022,-67224.57700229426,366198.33572913765
2017-07-01 16:16:52.207566976,0.3644,-0.6849,-0.269,120923.76908575818,-339430.458122598,-67293.131049087,366556.8977902505
2017-07-01 16:16:52.407683014,0.3572,-1.0169,-0.3152,120984.35963631101,-339595.6209503843,-67327.40041584319,366736.11751781503
2017-07-01 16:16:52.607573986,0.3949,-0.8975,-0.1942,121044.89782081917,-339760.63388412836,-67361.63900014758,366915.175530508
2017-07-01 16:16:52.757402100,0.4713,-0.9148,-0.2857,121090.28474729088,-339884.33972903475,-67387.30891643735,367049.41200909344
2017-07-01 16:16:52.806910991,0.2955,-0.9375,-0.1032,121105.28303337598,-339925.2191295907,-67395.79148325113,367093.77124727715
2017-07-01 16:16:53.207585990,0.4237,-1.3658,-0.2921,121226.73204555374,-340256.275008038,-67464.48771223694,367453.00427002175
2017-07-01 16:16:53.407579004,0.2696,-1.0865,-0.1852,121287.36291753408,-340421.5617746627,-67498.78417174311,367632.35710319853
2017-07-01 16:16:53.607636988,0.2993,-0.7843,-0.2377,121348.02546508404,-340586.9336267625,-67533.10128635725,367811.8029793345
2017-07-01 16:16:53.757598800,0.3103,-0.7132,-0.1444,121393.50458775109,-340710.91103968467,-67558.82835930238,367946.3318839718
2017-07-01 16:16:53.806818008,0.2914,-1.3337,-0.1553,121408.43206982268,-340751.60509711487,-67567.27265959528,367990.48912786995
2017-07-01 16:16:54.207571029,0.3188,-0.8301,-0.0952,121530.02593153105,-341083.07788688934,-67636.04319700364,368350.16976113827
2017-07-01 16:16:54.407737016,0.3602,-1.0948,-0.1205,121590.7734186465,-341248.68401727354,-67670.39716718622,368529.86741488177
2017-07-01 16:16:54.607560992,0.3676,-0.756,-0.2693,121651.43178849012,-341414.03737369925,-67704.70319195326,368709.2928125217
2017-07-01 16:16:54.772100600,0.3937,-0.905,-0.0899,121701.38992899907,-341550.21759062726,-67732.95398712513,368857.06242754404
2017-07-01 16:16:54.806795001,0.3545,-0.7505,-0.2747,121711.9244014714,-341578.9331063213,-67738.91120821198,368888.221789794
2017-07-01 16:16:55.207590997,0.453,-0.953,-0.2343,121833.69330174105,-341910.81302525615,-67807.76774112087,369248.35308118595
2017-07-01 16:16:55.407805979,0.3295,-0.7917,-0.1024,121894.53535673348,-342076.6331740791,-67842.168670337,369428.2887969489
2017-07-01 16:16:55.607582986,0.3409,-0.8651,-0.1619,121955.25792390383,-342242.1251142902,-67876.50080827533,369607.8685580262
2017-07-01 16:16:55.769102500,0.3172,-0.9724,-0.2788,122004.36033512717,-342375.95055396494,-67904.26558157669,369753.08618412894
2017-07-01 16:16:55.806809008,0.3881,-0.9455,-0.3068,122015.82377716654,-342407.1932627646,-67910.74766585162,369786.98854697385
2017-07-01 16:16:56.207593977,0.3683,-0.9649,-0.3089,122137.72862077945,-342739.4290728089,-67979.69578677496,370147.511180422
2017-07-01 16:16:56.407561004,0.3891,-0.9975,-0.2246,122198.56719208526,-342905.2341762567,-68014.1056356715,370327.4335161956
2017-07-01 16:16:56.607948005,0.274,-0.894,-0.1012,122259.54454000364,-343071.4234048029,-68048.59181637288,370507.7713575223
2017-07-01 16:16:56.752997300,0.3483,-0.744,-0.2455,122303.69006698803,-343191.7344380649,-68073.55965960352,370638.3260205813
2017-07-01 16:16:56.806913971,0.3105,-0.7182,-0.1281,122320.10042444461,-343236.4576698036,-68082.84089743106,370686.8571533471
2017-07-01 16:16:57.207671999,0.3022,-0.7949,-0.2567,122442.1257505655,-343569.00931250735,-68151.86877631776,371047.7267630129
2017-07-01 16:16:57.407621026,0.379,-0.8096,-0.319,122503.02264075198,-343734.96069531864,-68186.32140688477,371227.8117104588
2017-07-01 16:16:57.607611000,0.4137,-1.1556,-0.236,122563.94854818261,-343900.9922822135,-68220.79053196286,371407.9835399592
2017-07-01 16:16:57.757998200,0.3837,-1.0324,-0.3008,122609.77190588039,-344025.8670174153,-68246.71721034696,371543.493757979
2017-07-01 16:16:57.807327985,0.3984,-1.0942,-0.1261,122624.80378479183,-344066.8309044276,-68255.22194756895,371587.9464608434
2017-07-01 16:16:58.207570016,0.4218,-1.1384,-0.2211,122746.83397291889,-344399.37776909594,-68324.26138290792,371948.8154997078
2017-07-01 16:16:58.407620012,0.3803,-0.9902,-0.2503,122807.84263338326,-344565.63182165904,-68358.77886713066,372129.22956028354
2017-07-01 16:16:58.607616007,0.4623,-0.7474,-0.2956,122868.85331658047,-344731.870890818,-68393.29885731573,372309.6308877882
2017-07-01 16:16:58.781399000,0.3109,-0.7473,-0.1079,122921.87686318826,-344876.3439672544,-68423.29765267686,372466.4120447045
2017-07-01 16:16:58.806915998,0.4203,-0.9646,-0.2864,122929.66271879835,-344897.5579438715,-68427.70263842987,372489.4333268758
2017-07-01 16:16:59.207570016,0.3119,-0.7897,-0.0993,123051.9620543848,-345230.77502704604,-68496.8832678307,372851.0378269255
2017-07-01 16:16:59.407590985,0.3601,-0.8207,-0.1422,123113.03271072032,-345397.16187529213,-68531.42642802616,373031.6000863702
2017-07-01 16:16:59.607602000,0.3844,-1.1531,-0.2121,123174.11570558161,-345563.5865724136,-68565.97635412331,373212.2027185556
2017-07-01 16:16:59.762397000,0.4029,-0.8947,-0.1696,123221.39946699307,-345692.4094719747,-68592.7197243761,373352.0007343345
2017-07-01 16:16:59.806811988,0.1861,-0.9645,-0.1756,123234.96685950374,-345729.3742451294,-68600.3934870335,373392.1146186239
2017-07-01 16:17:00.207583010,0.4402,-1.1728,-0.2366,123357.46060125882,-346063.10790413216,-68669.67436952986,373754.2801310447
2017-07-01 16:17:00.407562971,0.4534,-1.0429,-0.1703,123418.60165008879,-346229.67872802186,-68704.25151439346,373935.04227542726
2017-07-01 16:17:00.607595980,0.3508,-0.7434,-0.1003,123479.7729542278,-346396.3234834004,-68738.84184474239,374115.8852946513
2017-07-01 16:17:00.730699300,0.2404,-0.853,-0.2433,123517.42233725221,-346498.8920970621,-68760.13294096338,374227.19266160973
2017-07-01 16:17:00.806931018,0.3382,-0.9526,-0.11,123540.73867911489,-346562.41323613597,-68773.31808930563,374296.12563109497
2017-07-01 16:17:01.207560002,0.3417,-0.7308,-0.2612,123663.33047494772,-346896.36020407244,-68842.65338209554,374658.53113425436
2017-07-01 16:17:01.407633006,0.2899,-0.8105,-0.2432,123724.56408240907,-347063.16483777604,-68877.28897020908,374839.55111551547
2017-07-01 16:17:01.607608973,0.5595,-1.0929,-0.3038,123785.79036570496,-347229.9322753985,-68911.91990886629,375020.53339779424
2017-07-01 16:17:01.764697700,0.3505,-0.9299,-0.2573,123833.89458886135,-347360.9573866991,-68939.1301775258,375162.7271402148
2017-07-01 16:17:21.857043981,0.2942,-0.9312,-0.1105,130105.40774424582,-364495.5790491959,-72464.05357360317,393745.4549972902
2017-07-01 16:17:22.257678985,0.2831,-0.8976,-0.135,130230.50516481318,-364837.3820359504,-72534.36109532542,394116.1419503589
2017-07-01 16:17:22.457566022,0.3772,-0.8015,-0.2779,130292.93453428498,-365007.94830058224,-72569.45041723909,394301.1238203819
2017-07-01 16:17:22.576249950,0.4294,-1.3106,-0.1472,130330.00833313842,-365109.2413342815,-72590.28695107345,394410.97720455215
2017-07-01 16:17:22.656822979,0.3989,-1.1888,-0.2526,130355.17985949415,-365178.01562113606,-72604.43425223617,394485.56359172263
2017-07-01 16:17:22.857572019,0.3711,-1.1731,-0.1169,130417.91009088185,-365349.41517525184,-72639.6871991479,394671.44639277103
2017-07-01 16:17:23.257574021,0.4067,-1.0102,-0.2072,130542.96813057807,-365691.09856552776,-72709.96352345751,395042.00396158657
2017-07-01 16:17:23.457557976,0.3082,-1.1569,-0.1357,130605.50414712654,-365861.97196847625,-72745.10411793085,395227.3148699566
2017-07-01 16:17:23.577880140,0.2754,-0.657,-0.0885,130643.13349689885,-365964.78901594185,-72766.24805720894,395338.81922433904
2017-07-01 16:17:23.656832993,0.4774,-0.6746,-0.2871,130667.82805431697,-366032.25958776247,-72780.12405153192,395411.9912247377
2017-07-01 16:17:23.857596993,0.3449,-1.2579,-0.1965,130730.63611644856,-366203.8767537859,-72815.41632202012,395598.1084674981
2017-07-01 16:17:24.257574021,0.2902,-0.742,-0.0777,130855.8134531683,-366545.90398966643,-72885.74064845621,395969.03267296817
2017-07-01 16:17:24.457632005,0.38,-0.9074,-0.2482,130918.43907176559,-366717.0133296475,-72920.92495971061,396154.59968474956
2017-07-01 16:17:24.575900070,0.4389,-1.0046,-0.1011,130955.4675309506,-366818.1819073192,-72941.72624558346,396264.3164375599
2017-07-01 16:17:24.656992971,0.4918,-0.9461,-0.3166,130980.86008020965,-366887.5564191208,-72955.99115173309,396339.5531706075
2017-07-01 16:17:24.857612013,0.4047,-0.7505,-0.3004,131043.69603396482,-367059.2150652838,-72991.29377655365,396525.7199750851
2017-07-01 16:17:25.257580995,0.2966,-1.2927,-0.2303,131169.0178942757,-367401.65325696795,-73061.71254654966,396897.08982497815
2017-07-01 16:17:25.457696974,0.3197,-0.6925,-0.086,131231.7328262635,-367573.0126599575,-73096.94852539174,397082.92738447577
2017-07-01 16:17:25.577340120,0.3797,-1.2146,-0.1753,131269.23357694747,-367675.4805261586,-73118.0175351675,397194.05226198176
2017-07-01 16:17:25.656803011,0.3555,-0.9319,-0.1885,131294.1425394148,-367743.5420673048,-73132.01204207525,397267.86401959317
2017-07-01 16:17:25.857773005,0.4312,-1.1108,-0.2118,131357.15733635056,-367915.7217145508,-73167.41417367937,397454.5905699018
2017-07-01 16:17:26.257755994,0.2859,-1.1415,-0.3142,131482.6190469136,-368258.5869882008,-73237.92396689863,397826.41881725664
2017-07-01 16:17:26.457601010,0.4624,-0.9977,-0.1763,131545.3224239785,-368429.93390988145,-73273.16008306303,398012.2410693247
2017-07-01 16:17:26.578500030,0.4742,-0.6639,-0.3077,131583.26263460354,-368533.6023155815,-73294.48115878976,398124.66892871936
2017-07-01 16:17:26.656800985,0.2211,-0.8404,-0.0775,131607.83618873384,-368600.7489153219,-73308.29035291616,398197.48879379465
2017-07-01 16:17:26.858057975,0.3409,-0.8366,-0.239,131671.01141709337,-368773.3697454968,-73343.79381312545,398384.69545396883
2017-07-01 16:17:27.257564008,0.4062,-0.6698,-0.2774,131796.48250097648,-369116.1383526799,-73414.31438032577,398756.43938118196
2017-07-01 16:17:27.457903981,0.3594,-1.037,-0.3262,131859.41681065288,-369288.0678749685,-73449.69136553539,398942.9032307321
2017-07-01 16:17:27.575709930,0.3818,-1.0646,-0.3463,131896.42938237783,-369389.1823964952,-73470.49890630668,399052.5659169646
2017-07-01 16:17:27.656877994,0.4688,-1.1335,-0.1819,131921.93405908087,-369458.85756802914,-73484.83645881915,399128.1314449548
2017-07-01 16:17:27.857658028,0.2685,-0.765,-0.1045,131985.03410312984,-369631.23923853587,-73520.3065202354,399315.08576442424
2017-07-01 16:17:28.257565975,0.4132,-1.2118,-0.3017,132110.78105330715,-369974.7779336059,-73591.00302701228,399687.66618956055
2017-07-01 16:17:28.457567989,0.4251,-0.6892,-0.2551,132173.68663858052,-370146.61611862015,-73626.3699772995,399874.0341904348
2017-07-01 16:17:28.576509830,0.3608,-0.824,-0.1583,132211.10189676413,-370248.820497199,-73647.40505588308,399984.88073399593
2017-07-01 16:17:28.657011985,0.4428,-1.0607,-0.2731,132236.42814196795,-370318.00128555245,-73661.64377668707,400059.91147296404
2017-07-01 16:17:28.857657015,0.4199,-0.8924,-0.1954,132299.56863899576,-370490.4646627754,-73697.14048895305,400246.9597440461
2017-07-01 16:17:29.257593989,0.3337,-0.7553,-0.0893,132425.47720888126,-370834.3491892071,-73767.90881849227,400619.92701816035
2017-07-01 16:17:29.457723021,0.3871,-0.9594,-0.3544,132488.49754075194,-371006.46792206034,-73803.33558578916,400806.6036933489
2017-07-01 16:17:29.577679870,0.3304,-0.8849,-0.052,132526.27652683822,-371109.6482001194,-73824.57105113662,400918.5107327531
2017-07-01 16:17:29.657042980,0.4512,-0.7323,-0.2986,132551.27383842968,-371177.91659091105,-73838.62225532491,400992.5536684244
2017-07-01 16:17:29.857805013,0.3078,-0.7218,-0.2876,132614.52105333086,-371350.64180028054,-73874.17867798427,401179.8906164557
2017-07-01 16:17:30.257595002,0.3331,-0.997,-0.0839,132740.52242695956,-371694.7596619162,-73944.9978155062,401553.11399147066
2017-07-01 16:17:30.457558989,0.2949,-0.6865,-0.1039,132803.55664981698,-371866.90542790346,-73980.42376016053,401739.82017108955
2017-07-01 16:17:30.575770130,0.557,-1.2039,-0.2717,132840.8278801374,-371968.6883126344,-74001.37003456226,401850.21264632203
2017-07-01 16:17:30.656880974,0.4123,-1.1959,-0.3306,132866.40433233476,-372038.53473891673,-74015.7445435221,401925.96727658133
2017-07-01 16:17:30.857589006,0.3378,-0.9368,-0.1822,132929.70663417433,-372211.4068114206,-74051.32147245859,402113.4621946919
2017-07-01 16:17:31.257570028,0.419,-1.2581,-0.238,133055.9256664772,-372556.1162156049,-74122.2590352975,402487.3269670911
2017-07-01 16:17:31.456830978,0.4231,-1.0973,-0.0553,133118.82175965147,-372727.8857397376,-74157.60062306229,402673.6237262907
2017-07-01 16:17:31.575780270,0.3666,-0.7079,-0.2355,133156.37291716144,-372830.43397654215,-74178.70119894031,402784.84561754874
2017-07-01 16:17:31.656801998,0.3289,-0.8183,-0.0092,133181.95286336067,-372900.2895778245,-74193.07381330784,402860.6095631474
2017-07-01 16:17:31.857698023,0.3875,-0.9409,-0.121,133245.39481594088,-373073.5368003394,-74228.71606426117,403048.5099698532
2017-07-01 16:17:32.257561981,0.377,-0.7462,-0.3138,133371.73011833814,-373418.48782250733,-74299.7086648665,403422.64704660664
2017-07-01 16:17:32.457629024,0.3342,-0.9492,-0.2353,133434.95381939205,-373591.1178428402,-74335.23836299738,403609.8832961476
2017-07-01 16:17:32.577579730,0.4705,-0.9673,-0.3084,133472.8665202769,-373694.63252958714,-74356.54472145991,403722.15720898606
2017-07-01 16:18:38.274002015,0.4506,-0.9783,-0.233,156182.26823472953,-434611.4887288723,-87031.56697342168,469951.63654989103
2017-07-01 16:18:38.474030017,0.3577,-1.0812,-0.2486,156251.42658979932,-434797.0074929737,-87070.16896659465,470153.3370721342
2017-07-01 16:18:38.673677027,0.4954,-0.6859,-0.3364,156320.47296552514,-434982.2002399628,-87108.71084335251,470354.6877607954
2017-07-01 16:18:38.874225974,0.3524,-1.2842,-0.208,156389.84544267887,-435168.2812748986,-87147.43520488033,470557.00212420925
2017-07-01 16:18:39.273989975,0.2817,-0.5838,-0.1164,156528.17400495944,-435539.2989786916,-87224.64496613682,470960.3899497765
2017-07-01 16:18:39.474564015,0.3456,-1.0792,-0.2074,156597.59165292437,-435725.49352295214,-87263.3918498259,471162.82851520926
2017-07-01 16:18:39.673991024,0.3998,-1.0994,-0.2176,156666.62821983348,-435910.666993208,-87301.92580431822,471364.156725326
2017-07-01 16:18:39.731899730,0.4035,-1.22,-0.0778,156686.6760966079,-435964.4409127571,-87313.11537930407,471422.6217777588
2017-07-01 16:18:39.874163985,0.4233,-0.6767,-0.2943,156735.93626087747,-436096.5609381951,-87340.61075236513,471566.26943017344
2017-07-01 16:18:40.274290978,0.728,-1.3194,-0.1592,156874.60006555507,-436468.36789785273,-87417.96867337459,471970.52616463485
2017-07-01 16:18:40.473608016,0.1428,-0.9266,0.044,156943.6789561385,-436653.6145630313,-87456.50157050234,472171.9359959876
2017-07-01 16:18:40.674075007,0.3298,-0.6848,-0.2791,157013.1696487535,-436839.9575227309,-87495.26799809006,472374.53980254615
2017-07-01 16:18:40.733720060,0.256,-1.0218,-0.2361,157033.84616309789,-436895.4038800932,-87506.80303433455,472434.82444630924
2017-07-01 16:18:40.873984992,0.4188,-1.3422,-0.3663,157082.4785505732,-437025.82131100487,-87533.93673337164,472576.62197805714
2017-07-01 16:18:41.274048984,0.3952,-1.0402,-0.386,157221.25122073764,-437397.9647208773,-87611.38931780426,472981.24372492405
2017-07-01 16:18:41.473981976,0.5203,-1.2623,-0.2028,157290.62401174696,-437583.9947895034,-87650.104549363,473183.5095662772
2017-07-01 16:18:41.673985004,0.2334,-0.8123,-0.0356,157360.03044014476,-437770.12251695595,-87688.83476680839,473385.8796916048
2017-07-01 16:18:41.731639860,0.5607,-0.6227,-0.2535,157380.04008921367,-437823.77961114445,-87700.00036597719,473444.21960317873
2017-07-01 16:18:41.873970985,0.3006,-0.6445,-0.16,157429.44350733722,-437956.25461626146,-87727.56784733386,473588.2566121568
2017-07-01 16:18:42.273967027,0.4613,-0.7054,-0.3205,157568.35673997318,-438328.6646667892,-87805.09257726363,473993.18517971097
2017-07-01 16:18:42.473762989,0.4117,-0.7969,-0.3592,157637.7596183408,-438514.7133791796,-87843.83011911626,474195.48247269285
2017-07-01 16:18:42.674085021,0.4376,-1.0613,-0.2149,157707.3627974132,-438701.29455338325,-87882.67828202294,474398.3592565965
2017-07-01 16:18:42.731719730,0.4101,-1.0214,-0.393,157727.389710183,-438754.97926911025,-87893.85660351191,474456.73282910004
2017-07-01 16:18:42.874047994,0.3214,-0.9899,-0.11,157776.8524561566,-438887.57312199747,-87921.4635706916,474600.90683468035
2017-07-01 16:18:43.273965001,0.4929,-1.2497,-0.2116,157915.91277130702,-439260.33804103074,-87999.06806078208,475006.2273927383
2017-07-01 16:18:43.473967015,0.3016,-0.905,-0.1454,157985.47012272393,-439446.79725766124,-88037.88456522171,475208.9703579189
2017-07-01 16:18:43.673986017,0.3542,-0.7889,-0.3065,158055.0475529751,-439633.30387397466,-88076.71662903178,475411.7667288753
2017-07-01 16:18:43.731750130,0.2628,-0.592,-0.1303,158075.14191349247,-439687.1676781843,-88087.9314969293,475470.3351285359
2017-07-01 16:18:43.874309003,0.3953,-1.114,-0.209,158124.741799987,-439820.1234286678,-88115.6134641427,475614.903339123
2017-07-01 16:18:44.273975014,0.2586,-0.6703,-0.1063,158263.83715781276,-440192.9740057615,-88193.23726807667,476020.3184904768
2017-07-01 16:18:44.474090993,0.3738,-0.8885,-0.2256,158333.498289053,-440379.6988630435,-88232.11316410109,476223.3526871159
2017-07-01 16:18:44.673788011,0.4275,-0.8531,-0.3788,158403.03062660954,-440566.0668155453,-88270.92277602885,476426.0017555148
2017-07-01 16:18:44.733069770,0.3773,-1.0422,-0.1135,158423.67321861413,-440621.3953906677,-88282.44413843374,476486.1637604528
2017-07-01 16:18:44.873619019,0.3926,-0.8296,-0.3656,158472.62184311,-440752.5885489345,-88309.76699455899,476628.8190332693
2017-07-01 16:18:45.274035990,0.3023,-0.9003,-0.1586,158612.12221298923,-441126.4948877649,-88387.63371660853,477035.3903002322
2017-07-01 16:18:45.474048972,0.3608,-0.881,-0.1855,158681.81872077685,-441313.3007420656,-88426.53648018629,477238.51621413796
2017-07-01 16:18:45.674093008,0.32,-0.821,-0.1573,158751.53885527607,-441500.16845429165,-88465.45157857514,477441.7094861815
2017-07-01 16:18:45.733690260,0.3443,-0.791,-0.2158,158772.31114692418,-441555.84301666555,-88477.04595700554,477502.24811028055
2017-07-01 16:18:45.874221026,0.4125,-1.3427,-0.1349,158821.30051242566,-441687.1505680287,-88504.38825219577,477645.02636713185
2017-07-01 16:18:46.273967981,0.3455,-0.7579,-0.2864,158960.70847951452,-442060.7827276544,-88582.21057604022,478051.30529748957
2017-07-01 16:18:46.474141001,0.3937,-1.045,-0.3162,159030.53270092973,-442247.9206537138,-88621.19272247964,478254.7955360509
2017-07-01 16:18:46.673977971,0.3713,-0.9354,-0.0921,159100.25452940122,-442434.78176808415,-88660.11310377879,478457.98432575807
2017-07-01 16:18:46.731999870,0.3961,-0.8613,-0.1954,159120.4993287976,-442489.0390766923,-88671.4141452725,478516.9826622487
2017-07-01 16:18:46.874459028,0.2052,-0.791,-0.0613,159170.20984767313,-442622.2712193943,-88699.16244490027,478661.8556985653
2017-07-01 16:18:47.273970007,0.4713,-1.4395,-0.176,159309.6927328108,-442996.13580997847,-88777.00757856909,479068.3788519138
2017-07-01 16:18:47.473976016,0.3997,-0.8155,-0.1566,159379.5376292274,-443183.3351647687,-88815.98522376748,479271.93201140256
2017-07-01 16:18:47.674139022,0.3074,-0.8356,-0.3161,159449.44966724413,-443370.7149423348,-88855.00612953231,479475.68236767064
2017-07-01 16:18:47.732730030,0.3477,-0.734,-0.1951,159469.91526565547,-443425.5666086201,-88866.42886097854,479535.32630611735
2017-07-01 16:18:47.873857021,0.3054,-0.832,-0.3167,159519.21642648242,-443557.7032927013,-88893.94887377854,479679.00798970653
2017-07-01 16:18:48.273958981,0.4185,-1.2139,-0.1344,159659.0546361599,-443932.5116134781,-88971.99097844338,480086.5586260788
2017-07-01 16:18:48.474014997,0.2728,-0.8669,-0.1017,159728.9864192264,-444119.95518692763,-89011.01708335456,480290.3755645799
2017-07-01 16:18:48.674084007,0.3672,-0.8902,-0.2056,159798.93744262657,-444307.4465677535,-89050.05395275819,480494.24511885544
2017-07-01 16:18:48.731890200,0.4062,-1.1523,-0.2812,159819.14983794405,-444361.6225408668,-89061.33386462866,480553.15359679185
2017-07-01 16:18:48.873852014,0.4494,-1.2849,-0.1383,159868.796972557,-444494.6950699237,-89089.03812578366,480697.84990671056
2017-07-01 16:19:12.240886986,0.3371,-0.6697,-0.3018,168224.8202088251,-466764.214673096,-93813.97133588362,504945.0301285216
2017-07-01 16:19:12.408520100,0.29,-0.9178,-0.1258,168284.77375540184,-466924.0000965072,-93847.87113844446,505119.00564248016
2017-07-01 16:19:12.440998017,0.554,-1.1082,-0.4389,168296.389982187,-466954.95873916196,-93854.43948615789,505152.7137246614
2017-07-01 16:19:12.641063988,0.378,-0.7366,-0.267,168367.9617853064,-467145.69536997215,-93894.91160006142,505360.3918816913
2017-07-01 16:19:12.840197026,0.3127,-0.806,-0.328,168439.2122398248,-467335.5745327763,-93935.20799386526,505567.1377222847
2017-07-01 16:19:13.240906000,0.2282,-0.8562,-0.1013,168582.62386732813,-467717.7997109651,-94016.31138976032,505983.308068355
2017-07-01 16:19:13.412880180,0.5108,-1.1676,-0.2296,168644.18762592025,-467881.87564413843,-94051.12571113215,506161.9561205828
2017-07-01 16:19:13.441347002,0.2738,-0.4928,-0.2044,168654.37847384016,-467909.0354716266,-94056.88867842717,506191.528141524
2017-07-01 16:19:13.640872001,0.5747,-1.3586,-0.3852,168725.82937944672,-468099.4537843506,-94097.29686236882,506398.86000048846
2017-07-01 16:19:13.840313971,0.3139,-0.8225,-0.3136,168797.2630379823,-468289.8255743344,-94137.70070521715,506606.1423232247
2017-07-01 16:19:14.240827977,0.3691,-1.1787,-0.0749,168940.77339980935,-468672.3141655014,-94218.85063176548,507022.5979150664
2017-07-01 16:19:14.408520100,0.3099,-0.7674,-0.3075,169000.8687952302,-468832.48076622287,-94252.83612676604,507196.9891402081
2017-07-01 16:19:14.440842986,0.2216,-0.9794,-0.0453,169012.45249638907,-468863.35412076046,-94259.38692472507,507230.6043207949
2017-07-01 16:19:14.640829980,0.327,-0.7303,-0.1314,169084.13583254043,-469054.40183419845,-94299.92304081083,507438.6192987064
2017-07-01 16:19:14.840004980,0.5057,-1.2311,-0.3097,169155.54817903365,-469244.72268778255,-94340.30685678811,507645.8438201935
2017-07-01 16:19:15.240808010,0.2623,-0.7615,-0.2761,169299.29451982203,-469627.8307073938,-94421.61620748595,508062.9804532857
2017-07-01 16:19:15.408210150,0.0753,-0.9569,-0.0972,169359.33471170077,-469787.869043765,-94455.57915195009,508237.23061932594
2017-07-01 16:19:15.440823018,0.4147,-1.2602,-0.2293,169371.03203342715,-469819.04865422926,-94462.19597208922,508271.1790356627
2017-07-01 16:19:15.640815973,0.3741,-0.9483,-0.1534,169442.77886422473,-470010.2903265854,-94502.77864978526,508479.40321574674
2017-07-01 16:19:15.840059995,0.2818,-0.7328,-0.1232,169514.2682046592,-470200.8449285443,-94543.21424441107,508686.87918614794
2017-07-01 16:19:16.240469992,0.4749,-0.8742,-0.3013,169658.01262775678,-470583.93242422916,-94624.52379145053,509103.99645594053
2017-07-01 16:19:16.409250250,0.4056,-1.1278,-0.2611,169718.61512876808,-470745.4430532571,-94658.80471509972,509279.8540947066
2017-07-01 16:19:16.440254986,0.3441,-0.7617,-0.3473,169729.7480681082,-470775.1130991344,-94665.10241453857,509312.15978800406
2017-07-01 16:19:16.640814006,0.4082,-1.2385,-0.285,169801.7796597679,-470967.0882831042,-94705.85153945755,509521.18791793473
2017-07-01 16:19:16.840061008,0.4768,-1.2104,-0.0996,169873.35896345964,-471157.8556549702,-94746.33804560438,509728.90010668425
2017-07-01 16:19:17.240261018,0.4521,-1.0825,-0.2059,170017.2028602999,-471541.1971730983,-94827.69069112134,510146.2935489094
2017-07-01 16:19:17.408229820,0.2251,-0.6901,-0.0822,170077.58224070698,-471702.1097315729,-94861.83770309007,510321.4992124756
2017-07-01 16:19:17.440838992,0.3764,-1.0494,-0.203,170089.30458918287,-471733.35013257683,-94868.4671606521,510355.5145428997
2017-07-01 16:19:17.640900015,0.4367,-0.7442,-0.3442,170161.24002479337,-471925.04337416094,-94909.15342213976,510564.2384399697
2017-07-01 16:19:17.840072989,0.3864,-1.0287,-0.1723,170232.87147531207,-472115.9265188105,-94949.66591688183,510772.07995462365
2017-07-01 16:19:18.241301000,0.2329,-0.5939,-0.0768,170377.20838740584,-472500.55052437575,-95031.28949184528,511190.8737117737
2017-07-01 16:19:18.408350220,0.4138,-0.9419,-0.1277,170437.3138661118,-472660.71303619613,-95065.27661124726,511365.2651705567
2017-07-01 16:19:18.440904974,0.4441,-1.1543,-0.3951,170449.02776514785,-472691.92692351923,-95071.9004809074,511399.2521560873
2017-07-01 16:19:18.640237987,0.3276,-0.8243,-0.2218,170520.76507717682,-472883.082551832,-95112.46729949354,511607.39099628513
2017-07-01 16:19:18.840134978,0.3922,-0.9056,-0.3849,170592.72102926453,-473074.8152083565,-95153.16427496352,511816.16028035624
2017-07-01 16:19:19.240938007,0.1998,-0.954,-0.0917,170737.0282516884,-473459.4016096801,-95234.77838848438,512234.90783381596
2017-07-01 16:19:19.411040180,0.4209,-1.0027,-0.1985,170798.28490788018,-473622.6504034381,-95269.42144026804,512412.65769320546
2017-07-01 16:19:19.441250026,0.2664,-0.533,-0.1391,170809.1642251378,-473651.64358780294,-95275.57411212956,512444.2263106426
2017-07-01 16:19:19.640832006,0.578,-1.4117,-0.3262,170881.06168579825,-473843.2438994405,-95316.23486109402,512652.84711986675
2017-07-01 16:19:19.840059995,0.3566,-0.7511,-0.2132,170952.84577874828,-474034.5341893657,-95356.8319539178,512861.1317737669
2017-07-01 16:19:20.240867972,0.3964,-1.2937,-0.2952,171097.32509691746,-474419.580888261,-95438.55283419337,513280.38220118894
2017-07-01 16:19:20.408149950,0.3756,-0.84,-0.3178,171157.63576987767,-474580.30821525544,-95472.66890896858,513455.3882633062
2017-07-01 16:19:20.440814971,0.4127,-1.0509,-0.1204,171169.4130281654,-474611.69443599455,-95479.33085667237,513489.5627689529
2017-07-01 16:19:20.640940010,0.226,-0.642,-0.0847,171241.57645751935,-474804.01050817524,-95520.14924009086,513698.9632198541
2017-07-01 16:19:20.840153992,0.5033,-1.3235,-0.2386,171313.43134134464,-474995.5035978995,-95560.79126944522,513907.4673754121
2017-07-01 16:19:21.240827977,0.4122,-0.6667,-0.3219,171458.01740517723,-475380.755781588,-95642.58522094837,514326.95710776653
2017-07-01 16:19:21.408400290,0.3117,-0.9792,-0.1675,171518.49582160707,-475541.90579137363,-95676.79828872475,514502.4278887123
2017-07-01 16:19:21.440818011,0.3625,-1.144,-0.2242,171530.19606153722,-475573.08228720934,-95683.41721728285,514536.37489242957
2017-07-01 16:19:21.640882015,0.244,-0.9467,-0.0868,171602.41315069297,-475765.52403743844,-95724.26900868124,514745.91570891155
2017-07-01 16:19:21.840070009,0.2558,-0.4905,-0.1059,171674.32417566614,-475957.1426138473,-95764.94612610774,514954.5611923893
2017-07-01 16:19:22.240817010,0.3728,-0.8209,-0.2041,171819.06208180694,-476342.7925129402,-95846.81733476522,515374.4837173273
2017-07-01 16:19:22.408980250,0.5598,-1.3189,-0.3613,171879.81347662178,-476504.65793686005,-95881.18271285034,515550.73515096196
2017-07-01 16:19:22.441074013,0.3629,-0.7614,-0.3012,171891.4081849833,-476535.5505530768,-95887.7416163922,515584.37344534846
2017-07-01 16:19:22.640332996,0.4951,-1.0919,-0.2523,171963.41534351165,-476727.3953875064,-95928.47357867309,515793.2703832953
2017-07-01 16:20:18.807723999,0.3014,-0.9335,-0.0813,193211.7397838599,-533749.859407612,-107666.53734259678,577764.4607201938
2017-07-01 16:20:19.207764029,0.3571,-0.7569,-0.2177,193363.133502121,-534156.1106374989,-107750.173988532,578205.9770736531
2017-07-01 16:20:19.407723009,0.2852,-0.8824,-0.2269,193438.81866609506,-534359.2095513088,-107791.98862314732,578426.7059970231
2017-07-01 16:20:19.607056975,0.3763,-1.0246,-0.286,193514.28221202872,-534561.7143480799,-107833.68392122837,578646.7897213447
2017-07-01 16:20:19.780600300,0.4628,-1.0322,-0.4293,193579.99591508225,-534738.0493359038,-107869.9974410457,578838.4339122464
2017-07-01 16:20:19.807955026,0.3465,-0.9793,-0.0956,193590.35428143071,-534765.844829895,-107875.72142264647,578868.6425605533
2017-07-01 16:20:20.207683026,0.3746,-0.993,-0.2745,193741.77844000538,-535172.1723300215,-107959.40844270666,579310.2490210488
2017-07-01 16:20:20.407693982,0.3111,-0.901,-0.1634,193817.55863423305,-535375.5215062737,-108001.2892561485,579531.2532935899
2017-07-01 16:20:20.606941998,0.3285,-0.8151,-0.2503,193893.06280696372,-535578.1273681986,-108043.02025245555,579751.4506624059
2017-07-01 16:20:20.770801300,0.3013,-0.7042,-0.1009,193955.1646696568,-535744.7670321723,-108077.34205829873,579932.5591573358
2017-07-01 16:20:20.807693004,0.4815,-1.139,-0.2121,193969.14709780528,-535782.2862641828,-108085.06964646331,579973.3360946911
2017-07-01 16:20:21.207795023,0.3031,-0.7234,-0.0961,194120.83940633977,-536189.3098229348,-108168.8931305418,580415.7007708387
2017-07-01 16:20:21.407773971,0.3889,-1.2078,-0.1593,194196.67379236224,-536392.7965960173,-108210.7961459752,580636.8544578095
2017-07-01 16:20:21.606952011,0.2939,-0.9099,-0.2203,194272.21612415256,-536595.5045098494,-108252.54008116017,580857.1613159232
2017-07-01 16:20:21.783300300,0.3156,-0.9303,-0.0791,194339.1096222616,-536775.0070103181,-108289.50179393627,581052.2471159366
2017-07-01 16:20:21.807709991,0.3241,-0.8851,-0.2719,194348.36904679323,-536799.8538267864,-108294.6181041793,581079.2509890004
2017-07-01 16:20:22.207750022,0.2306,-0.9991,-0.0473,194500.15471572717,-537207.2176089355,-108378.47470350073,581521.9674394368
2017-07-01 16:20:22.407688975,0.3309,-0.6952,-0.1175,194576.03002087882,-537410.8447444814,-108420.39070792927,581743.2669390535
2017-07-01 16:20:22.606927990,0.3704,-1.1489,-0.2001,194651.6544083739,-537613.8046375377,-108462.1679177534,581963.8402600152
2017-07-01 16:20:22.778102800,0.4267,-1.1661,-0.2371,194716.63907605107,-537788.2103816469,-108498.06746339166,582153.3813367903
2017-07-01 16:20:22.806988000,0.2718,-0.8434,-0.2086,194727.60525700613,-537817.6414951066,-108504.12557058648,582185.3665443035
2017-07-01 16:20:23.207679986,0.4658,-1.2568,-0.2739,194879.80157334555,-538226.1081106664,-108588.20687353355,582629.2810915279
2017-07-01 16:20:23.407684981,0.4236,-0.9738,-0.1451,194955.78715383238,-538430.0327580052,-108630.18177419447,582850.9033302183
2017-07-01 16:20:23.607052028,0.2745,-0.739,-0.0274,195031.54127673857,-538633.3363281796,-108672.02387825336,583071.849664003
2017-07-01 16:20:23.768601800,0.3274,-0.8414,-0.2607,195092.9343955011,-538798.0978764415,-108705.93589597548,583250.9098367003
2017-07-01 16:20:23.807766973,0.4187,-1.1642,-0.1573,195107.8188230225,-538838.0434792964,-108714.15756663353,583294.3220381081
2017-07-01 16:20:24.208076000,0.3331,-0.7528,-0.2995,195260.00661680763,-539246.449949767,-108798.23963305393,583738.1783939386
2017-07-01 16:20:24.407875001,0.5643,-1.1339,-0.2632,195335.987883114,-539450.3357460828,-108840.21650023933,583959.7637052167
2017-07-01 16:20:24.607082009,0.1533,-1.1254,0.0325,195411.7501047489,-539653.6621001925,-108882.0677026592,584180.7355299866
2017-07-01 16:20:24.776398100,0.4793,-0.9073,-0.2845,195476.15798152983,-539826.5054417944,-108917.64730804853,584368.5807877082
2017-07-01 16:20:24.807841002,0.4149,-0.6756,-0.2187,195488.1192782857,-539858.6040409976,-108924.25484693168,584403.4654500391
2017-07-01 16:20:25.207705974,0.3955,-0.8286,-0.2058,195640.29645188455,-540266.940117353,-109008.31699881218,584847.2495912606
2017-07-01 16:20:25.407693028,0.3894,-0.7562,-0.2821,195716.42137968793,-540471.1941236332,-109050.3708289229,585069.2374864903
2017-07-01 16:20:25.607177972,0.5036,-1.2978,-0.3589,195792.37522006282,-540674.9869517913,-109092.33335610967,585290.7251159154
2017-07-01 16:20:25.790399300,0.6097,-0.9297,-0.4443,195862.15716055204,-540862.1961606883,-109130.88967598078,585494.193758417
2017-07-01 16:20:25.807693004,0.3543,-1.0202,-0.1127,195868.74377167918,-540879.8665737531,-109134.52892347459,585513.3988687922
2017-07-01 16:20:26.207731008,0.4365,-1.0881,-0.2824,196021.17512994833,-541288.7927418604,-109218.75719815149,585957.8441928867
2017-07-01 16:20:26.406858026,0.3584,-1.0228,-0.2825,196097.065136666,-541492.3845791717,-109260.69472921849,586179.12017161
2017-07-01 16:20:26.606935977,0.3688,-0.7458,-0.3249,196173.33232034618,-541696.9785265295,-109302.84553950312,586401.487806326
2017-07-01 16:20:26.779998300,0.2406,-0.6622,-0.0793,196239.30869452143,-541873.9669044277,-109339.30729008019,586593.8513182005
2017-07-01 16:20:26.807955026,0.4261,-1.2788,-0.2993,196249.96694189942,-541902.5588502256,-109345.19760541023,586624.9270636947
2017-07-01 16:20:27.207702994,0.2625,-0.7068,-0.0789,196402.40916403555,-542311.5026522026,-109429.43472477708,587069.3940400159
2017-07-01 16:20:27.407684028,0.4124,-1.2126,-0.2261,196478.68759104662,-542516.132560579,-109471.58488491783,587291.7985662695
2017-07-01 16:20:27.606927990,0.2809,-1.0601,-0.1275,196554.69602914553,-542720.0503465704,-109513.58475332719,587513.4269315195
2017-07-01 16:20:27.718301500,0.3738,-1.0412,-0.0803,196597.1879083356,-542834.0493486288,-109537.06286113767,587637.3265594519
2017-07-01 16:20:27.807967007,0.3674,-0.8606,-0.2846,196631.40057589684,-542925.8355276408,-109555.96709860169,587737.0845052536
2017-07-01 16:20:28.207705020,0.3097,-1.1294,-0.1174,196783.97363877262,-543335.2081810185,-109640.26288463298,588182.0024240687
2017-07-01 16:20:28.407685995,0.3005,-0.7463,-0.1012,196860.31492435726,-543540.0390212364,-109682.43843652519,588404.6183645285
2017-07-01 16:20:28.606912970,0.4466,-1.049,-0.2398,196936.38610208873,-543744.1392119885,-109724.46448945501,588626.441137191
2017-07-01 16:20:28.791299300,0.4388,-1.1376,-0.3408,197006.805569336,-543933.0744228186,-109763.37156031109,588831.7829635052
2017-07-01 16:20:28.807107985,0.397,-1.1033,-0.2253,197012.8432049333,-543949.2733898157,-109766.70738249186,588849.3886033964
2017-07-01 16:20:29.207714021,0.3096,-1.1043,-0.2181,197165.89190804816,-544359.9467400201,-109851.27506370046,589295.7179377892
2017-07-01 16:20:29.407073974,0.4424,-0.9853,-0.1245,197242.07355120988,-544564.3558108482,-109893.36477205549,589517.8748938738
2017-07-01 16:20:29.776201400,0.4019,-0.7657,-0.267,197383.1833907604,-544942.9363249035,-109971.33288053128,589929.3338963566
2017-07-01 16:39:44.246939003,0.0636,-0.8468,-0.043,723479.9044779174,-2857596.152493188,-411132.32745271694,2976291.103639551
2017-07-01 16:39:44.446793019,0.2891,-0.9149,-0.051,723570.9902628628,-2857996.5396187925,-411184.4644051322,2976704.866490984
2017-07-01 16:39:44.647005975,0.2334,-0.6016,-0.0995,723662.248994767,-2858397.6699593295,-411236.6989845648,2977119.39848586
2017-07-01 16:39:44.846840977,0.4231,-1.2109,-0.2832,723753.3523481792,-2858798.091418189,-411288.846266967,2977533.200082767
2017-07-01 16:39:45.246932029,0.3235,-0.8406,-0.2886,723935.8027913534,-2859599.912572445,-411393.296901985,2978361.8234330397
2017-07-01 16:39:45.446743011,0.4687,-1.2268,-0.2273,724026.9397682251,-2860000.402080007,-411445.4700625805,2978775.702237911
2017-07-01 16:39:45.460919730,0.4218,-0.9701,-0.2908,724033.4060807234,-2860028.8172657564,-411449.171840669,2978805.0674254918
2017-07-01 16:39:45.646712005,0.3888,-1.1029,-0.0942,724118.1634335511,-2860401.2491185204,-411497.6885581548,2979189.9516918813
2017-07-01 16:39:45.846718013,0.2747,-0.7742,-0.1187,724209.4159971783,-2860802.2042286517,-411549.92171575146,2979604.313999214
2017-07-01 16:39:46.246954023,0.5036,-0.9454,-0.3494,724392.1039926083,-2861604.7149356715,-411654.50249874603,2980433.6755405907
2017-07-01 16:39:46.446727991,0.3399,-0.7702,-0.2994,724483.3045196898,-2862005.3112011594,-411706.7149430829,2980847.67792664
2017-07-01 16:39:46.462350240,0.3282,-0.8724,-0.2414,724490.4364466316,-2862036.6378910434,-411710.7979954652,2980880.0529909553
2017-07-01 16:39:46.646839976,0.2812,-0.8154,-0.3234,724574.6699548821,-2862406.615755046,-411759.02749278734,2981262.4143104693
2017-07-01 16:39:46.846786022,0.5079,-1.1806,-0.1952,724665.9807418785,-2862807.637081555,-411811.30539842043,2981676.86073307
2017-07-01 16:39:47.246740996,0.2734,-0.7018,-0.1935,724848.6747667951,-2863609.918116434,-411915.9086038486,2982506.0067344243
2017-07-01 16:39:47.446780979,0.4225,-1.1523,-0.235,724940.0672333392,-2864011.2301068045,-411968.23595536617,2982920.7590370793
2017-07-01 16:39:47.462179780,0.3655,-1.1317,-0.1252,724947.1025855786,-2864042.1228166874,-411972.2640721433,2982952.6863797675
2017-07-01 16:39:47.646731972,0.4323,-1.0026,-0.2508,725031.4348922365,-2864412.4012016724,-412020.5489560993,2983335.368090874
2017-07-01 16:39:47.846900999,0.3691,-0.7468,-0.2737,725122.9182006787,-2864814.042523315,-412072.93068090855,2983750.4662653343
2017-07-01 16:39:48.246775984,0.5249,-0.9488,-0.2918,725305.7571125156,-2865616.547726758,-412177.6196099963,2984579.874959513
2017-07-01 16:39:48.446744978,0.2555,-0.9694,-0.1639,725397.2011890172,-2866017.90231251,-412229.97887573094,2984994.685313953
2017-07-01 16:39:48.461180210,0.2729,-1.0525,-0.3026,725403.802351549,-2866046.8752562655,-412233.75861548993,2985024.629609368
2017-07-01 16:39:48.646968007,0.2416,-0.7161,-0.1815,725488.7705615944,-2866419.7945275726,-412282.41179665696,2985410.052530026
2017-07-01 16:39:48.846983015,0.3541,-1.1865,-0.2392,725580.2596118967,-2866821.3185837846,-412334.8002982806,2985825.040648223
2017-07-01 16:39:49.246797025,0.3775,-0.7521,-0.2122,725763.1992528406,-2867624.0532948407,-412439.5546450537,2986654.7036208687
2017-07-01 16:39:49.446739971,0.3255,-1.0193,-0.3364,725854.6985311159,-2868025.533560384,-412491.95468358265,2987069.653893713
2017-07-01 16:39:49.462200040,0.3288,-1.1003,-0.1135,725861.7735537508,-2868056.577242164,-412496.0064075946,2987101.7391228657
2017-07-01 16:39:49.646984994,0.3812,-0.9852,-0.2048,725946.3500821203,-2868427.657435169,-412544.4412332954,2987485.2711149985
2017-07-01 16:39:49.846841990,0.3056,-0.9087,-0.0997,726037.8373277445,-2868829.041195078,-412596.8306428536,2987900.1244172044
2017-07-01 16:39:50.246793985,0.2881,-1.0798,-0.2897,726220.9668530248,-2869632.4594358997,-412701.71819163737,2988730.5086178984
2017-07-01 16:39:50.446735024,0.3463,-0.7867,-0.1963,726312.529452744,-2870034.1297815903,-412754.16064552165,2989145.66284104
2017-07-01 16:39:50.461069940,0.2362,-0.6346,-0.159,726319.0941474498,-2870062.927955127,-412757.92057748797,2989175.4277634793
2017-07-01 16:39:50.646948993,0.2779,-0.8564,-0.2574,726404.2273198471,-2870436.3798391894,-412806.6840358759,2989561.41775966
2017-07-01 16:39:50.846732974,0.4757,-1.1437,-0.2871,726495.7479785361,-2870837.8139337855,-412859.10676836304,2989976.332311776
2017-07-01 16:39:51.247624993,0.2829,-0.7197,-0.1035,726679.4413099941,-2871643.458270827,-412964.3162959644,2990809.0357603966
2017-07-01 16:39:51.446735978,0.3045,-0.8779,-0.2078,726770.6883241094,-2872043.6323395385,-413016.57893611566,2991222.6520179478
2017-07-01 16:39:51.461300010,0.1887,-1.1046,-0.0567,726777.3626540212,-2872072.903424675,-413020.4017144431,2991252.9063395723
2017-07-01 16:39:51.646826028,0.3755,-0.9877,-0.3439,726862.3974909901,-2872445.811352548,-413069.1105634284,2991638.342805629
2017-07-01 16:39:51.846975982,0.3623,-0.8356,-0.2538,726954.1496428851,-2872848.146915714,-413121.6690146603,2992054.1980935973
2017-07-01 16:39:52.245811998,0.34,-1.1083,-0.2404,727137.0369574768,-2873650.051666778,-413226.439746331,2992883.0549263367
2017-07-01 16:39:52.447016000,0.3387,-1.1297,-0.0942,727229.3132986748,-2874054.640718195,-413279.2980906665,2993301.2428061715
2017-07-01 16:39:52.460990070,0.1631,-0.8731,-0.1989,727235.7221297448,-2874082.740507333,-413282.96926028177,2993330.2870722953
2017-07-01 16:39:52.646592974,0.2843,-0.8408,-0.1028,727320.8536995439,-2874455.9894758984,-413331.7330941569,2993716.0822701138
2017-07-01 16:39:52.846736013,0.3013,-0.9643,-0.2129,727412.6665473718,-2874858.517402894,-413384.3256158831,2994132.1419073045
2017-07-01 16:39:53.246728003,0.3141,-0.8143,-0.2184,727596.2075882171,-2875663.1120695183,-413489.4683230578,2994963.7920729844
2017-07-01 16:39:53.446865022,0.1095,-0.8924,-0.0869,727688.0472051684,-2876065.728821334,-413542.0802272647,2995379.9462947194
2017-07-01 16:39:53.461189740,0.3553,-0.9245,-0.3192,727694.6206577559,-2876094.546125737,-413545.84596637567,2995409.732558217
2017-07-01 16:39:53.646789014,0.3534,-1.0202,-0.1828,727779.80225863,-2876467.9548161067,-413594.64334212727,2995795.698084378
2017-07-01 16:39:53.846931993,0.1704,-0.8758,-0.162,727871.6655824542,-2876870.659187076,-413647.27100786805,2996211.9444494434
2017-07-01 16:39:54.246950984,0.4487,-0.7176,0.178,728055.3414941392,-2877675.6455960413,-413752.42765758,2997044.0058376323
2017-07-01 16:39:54.446723997,0.7589,-1.0384,-0.1083,728147.101151925,-2878077.704351894,-413804.9481382914,2997459.5924394303
2017-07-01 16:39:54.461159940,0.294,-0.9391,-0.0406,728153.7319245675,-2878106.758007799,-413808.7433674105,2997489.623650623
2017-07-01 16:39:54.646768987,0.2481,-0.9212,-0.1109,728238.9951303217,-2878480.3449306237,-413857.5440597989,2997875.7807747056
2017-07-01 16:39:54.847042977,0.2817,-0.8705,-0.32,728331.0062680849,-2878883.4838157278,-413910.2133226775,2998292.486194649
2017-07-01 16:43:31.879880011,0.4633,-0.5717,-0.8552,849864.53589302,-3342685.798255194,-511269.5203725415,3486719.7475116337
2017-07-01 16:43:32.279901981,0.2629,-0.6443,-0.0978,850088.5813088118,-3343540.7540949984,-511448.98288539954,3487620.3108223076
2017-07-01 16:43:32.480027019,0.5032,-1.2597,-0.265,850200.6880490042,-3343968.526228232,-511538.7759228713,3488070.9043304557
2017-07-01 16:43:32.679123997,0.3726,-1.0475,-0.2157,850312.2336566857,-3344394.142380714,-511628.1162358401,3488519.2279274724
2017-07-01 16:43:32.798950190,0.2897,-0.9577,-0.122,850379.3713591926,-3344650.3125221096,-511681.887309882,3488789.065290205
2017-07-01 16:43:32.879848003,0.3643,-0.7534,-0.291,850424.7001712807,-3344823.2646496054,-511718.1914799899,3488971.245208852
2017-07-01 16:43:33.279853999,0.5672,-1.0747,-0.1891,850648.9230249343,-3345678.6128526153,-511897.73073948245,3489872.240853397
2017-07-01 16:43:33.480011999,0.2765,-0.8111,-0.0194,850761.1324154172,-3346106.650896139,-511987.57071777317,3490323.122028908
2017-07-01 16:43:33.679239988,0.436,-0.9267,-0.2287,850872.8377435647,-3346532.7368927766,-512077.0023425069,3490771.9492159514
2017-07-01 16:43:33.798869720,0.3668,-0.9994,-0.2608,850939.9182996589,-3346788.6015598746,-512130.7067690158,3491041.4705217504
2017-07-01 16:43:33.880051970,0.3935,-1.047,-0.2908,850985.4426072857,-3346962.241461143,-512167.1531889863,3491224.3786531147
2017-07-01 16:43:34.279861986,0.1591,-1.1033,-0.1713,851209.6682079972,-3347817.5674595535,-512346.6735481969,3492125.3525807853
2017-07-01 16:43:34.479946970,0.412,-1.027,-0.1801,851321.8984383687,-3348245.6566019305,-512436.52174969856,3492576.289866455
2017-07-01 16:43:34.679174005,0.0945,-0.8423,-0.083,851433.6511849952,-3348671.943563114,-512525.9879834198,3493025.327182063
2017-07-01 16:43:34.798500180,0.3571,-0.7484,-0.2756,851500.5900961773,-3348927.276959746,-512579.5773231772,3493294.288259717
2017-07-01 16:43:34.879836022,0.2637,-0.8283,-0.1031,851546.2191534194,-3349101.324361078,-512616.1059009097,3493477.624977813
2017-07-01 16:43:35.280170023,0.218,-0.8356,-0.1613,851770.8397429688,-3349958.1174214273,-512795.9249565345,3494380.147117108
2017-07-01 16:43:35.479811012,0.278,-0.857,-0.2465,851882.8659817636,-3350385.422341155,-512885.60803903826,3494830.2594722672
2017-07-01 16:43:35.679122984,0.3163,-1.0657,-0.2857,851994.7201615634,-3350812.0653790724,-512975.1546694436,3495279.67550256
2017-07-01 16:43:35.801550140,0.3565,-1.0599,-0.2366,852063.4318098368,-3351074.146274404,-513030.1621333278,3495555.7459315155
2017-07-01 16:43:35.879916012,0.2496,-0.8625,-0.1002,852107.415808742,-3351241.910086287,-513065.3731383866,3495732.4647502233
2017-07-01 16:43:36.279855012,0.2811,-0.9497,-0.3629,852331.9324203444,-3352098.2419775487,-513245.12999734795,3496634.5119783916
2017-07-01 16:43:36.479839026,0.1459,-0.8496,-0.1924,852444.2047090405,-3352526.472978489,-513335.02264507086,3497085.603704552
2017-07-01 16:43:36.679111003,0.2877,-0.8006,-0.2638,852556.0886800386,-3352953.211067256,-513424.6057080742,3497535.124297985
2017-07-01 16:43:36.798860190,0.2883,-0.6444,-0.1127,852623.3276295089,-3353209.66147918,-513478.44077896164,3497805.2664206633
2017-07-01 16:43:36.880267024,0.3598,-1.2406,-0.2435,852669.0398023215,-3353384.007553331,-513515.0400747668,3497988.920785033
2017-07-01 16:43:37.279900014,0.2848,-0.6906,-0.1199,852893.4901849886,-3354239.997377702,-513694.7282427001,3498890.6155283907
2017-07-01 16:43:37.480735003,0.3911,-1.0995,-0.2387,853006.3031794908,-3354670.218190762,-513785.0399030394,3499343.8089602124
2017-07-01 16:43:37.678897976,0.2488,-1.0898,-0.1766,853117.6250196568,-3355094.7579111387,-513874.1569436243,3499791.0174546856
2017-07-01 16:43:37.798490040,0.2979,-1.0666,-0.1613,853184.8124095814,-3355350.9844078254,-513927.941703778,3500060.9254635577
2017-07-01 16:43:37.879496991,0.3375,-0.7846,-0.2959,853230.3247143618,-3355524.547287374,-513964.37532236817,3500243.756306241
2017-07-01 16:43:38.279682993,0.3976,-1.0755,-0.1556,853455.2257283975,-3356382.1451434554,-514144.3875633804,3501147.151695258
2017-07-01 16:43:38.480104029,0.288,-0.7515,-0.1017,853567.8721567551,-3356811.6772365863,-514234.5453262062,3501599.6225178237
2017-07-01 16:43:38.679238021,0.316,-0.8194,-0.2189,853679.8077341863,-3357238.4834957467,-514324.1328031581,3502049.223352182
2017-07-01 16:43:38.796089760,0.3873,-1.0944,-0.3096,853745.4967701565,-3357488.948164368,-514376.70692264615,3502313.065236428
2017-07-01 16:43:38.879917025,0.2979,-1.1608,-0.2059,853792.6229565887,-3357668.635017842,-514414.42406534735,3502502.349076179
2017-07-01 16:43:39.279856026,0.3465,-1.1087,-0.3145,854017.5169202518,-3358526.0964466785,-514594.4224617406,3503405.611594057
2017-07-01 16:43:39.479668974,0.3453,-1.0312,-0.1533,854129.8896555543,-3358954.5326864664,-514684.3573217304,3503856.933256501
2017-07-01 16:43:39.679829001,0.1866,-0.7703,-0.082,854242.4650604458,-3359383.7439897126,-514774.4516855826,3504309.0709301136
2017-07-01 16:43:39.801230070,0.4079,-0.6686,-0.2915,854310.7503120407,-3359644.079103539,-514829.100019579,3504583.3131174324
2017-07-01 16:43:39.879902005,0.2793,-0.8126,-0.1062,854355.0031574303,-3359812.7899550735,-514864.5146169336,3504761.0365583496
2017-07-01 16:43:40.279697000,0.4025,-0.6936,-0.2929,854579.9515762276,-3360670.2555277115,-515044.53131381137,3505664.3206760376
2017-07-01 16:43:40.478883028,0.3457,-1.0972,-0.3074,854692.0391862851,-3361097.5059119556,-515134.23150320863,3506114.4023779915
2017-07-01 16:43:40.679341018,0.4307,-1.1145,-0.1978,854804.8598723185,-3361527.529415814,-515224.512448291,3506567.40669694
2017-07-01 16:43:40.801990030,0.3697,-1.1393,-0.2211,854873.8940898387,-3361790.6538409474,-515279.75362591515,3506844.593013134
2017-07-01 16:43:40.879841029,0.2764,-0.8226,-0.0836,854917.7149749238,-3361957.676065605,-515314.81826229324,3507020.5412793197
2017-07-01 16:43:41.279847025,0.3215,-0.9357,-0.4063,855142.9223811831,-3362816.0021984093,-515495.0487804431,3507924.746578449
2017-07-01 16:43:41.479916989,0.3747,-0.7378,-0.2826,855255.5787853335,-3363245.338491978,-515585.20552426804,3508377.03448289
2017-07-01 16:43:41.679154992,0.2573,-0.8398,-0.251,855367.7769384137,-3363672.9227913483,-515674.99732840917,3508827.4776930697
2017-07-01 16:43:41.798569910,0.327,-0.8051,-0.1372,855435.0284772458,-3363929.2104004542,-515728.81673318427,3509097.467004914
2017-07-01 16:43:41.879857003,0.4485,-1.1368,-0.2863,855480.8103282045,-3364103.6758026956,-515765.4541059516,3509281.2600357537
2017-07-01 16:43:42.279864013,0.2712,-0.6433,-0.1407,855706.1423947284,-3364962.308438386,-515945.76607668574,3510185.803184144
2017-07-01 16:43:42.480332970,0.3957,-1.1024,-0.2949,855819.0865288614,-3365392.668172449,-516036.1437261774,3510639.1756328014
2017-07-01 16:43:42.798500180,0.1626,-0.9406,-0.1123,855998.3582740313,-3366075.793610139,-516179.59478204575,3511358.826973586
2017-07-01 16:44:02.928951025,0.2261,-0.9559,-0.1447,867432.5116978397,-3409684.52886143,-525314.3857694262,3557294.3303308096
2017-07-01 16:44:03.129010021,0.2312,-1.2974,-0.3092,867546.1550309149,-3410117.969978307,-525405.1808662674,3557750.905327551
2017-07-01 16:44:03.328939974,0.3723,-1.1658,-0.0677,867659.7399428004,-3410551.1781142857,-525495.9201041291,3558207.234675973
2017-07-01 16:44:03.529129028,0.2572,-0.7376,-0.0868,867773.4823635211,-3410984.9772300045,-525586.7804148799,3558664.1869287086
2017-07-01 16:44:03.728192985,0.2693,-0.6934,-0.2469,867886.5962036315,-3411416.365796884,-525677.1398587909,3559118.6015735506
2017-07-01 16:44:03.928928971,0.453,-1.0625,-0.353,868000.6783921004,-3411851.4206065326,-525768.2724970112,3559576.880803174
2017-07-01 16:44:04.128938972,0.312,-0.8606,-0.2483,868114.3604703372,-3412284.9364173925,-525859.0854764577,3560033.5402821708
2017-07-01 16:44:04.328922986,0.1299,-0.8319,-0.2538,868228.0329732012,-3412718.4291728726,-525949.8968070869,3560490.1752438606
2017-07-01 16:44:04.529017984,0.4409,-1.1326,-0.2749,868341.7862130107,-3413152.2078484297,-526040.7695412163,3560947.1131770164
2017-07-01 16:44:04.728182971,0.3441,-1.1989,-0.1084,868455.0243944381,-3413584.0179433296,-526131.2242126215,3561401.9770373497
2017-07-01 16:44:04.928930997,0.2517,-0.6816,-0.118,868569.1727794146,-3414019.287697276,-526222.4026075009,3561860.485992923
2017-07-01 16:44:05.128934979,0.3965,-1.0213,-0.3116,868682.9139502724,-3414452.985039428,-526313.2555271271,3562317.3405772485
2017-07-01 16:44:05.329191982,0.5631,-1.176,-0.175,868796.8215947138,-3414887.2782043037,-526404.2304009495,3562774.82502595
2017-07-01 16:44:05.528935015,0.3744,-0.7129,-0.2676,868910.4518268105,-3415320.485175984,-526494.9824595447,3563231.167958608
2017-07-01 16:44:05.728179991,0.3337,-1.1088,-0.3255,869023.8119706147,-3415752.6559687303,-526585.5211507868,3563686.420494236
2017-07-01 16:44:05.928987026,0.4051,-1.1514,-0.0876,869138.077180686,-3416188.2613620525,-526676.7731878832,3564145.291327056
2017-07-01 16:44:06.128919005,0.2723,-0.8468,-0.0946,869251.8553423085,-3416622.002368487,-526767.6313577751,3564602.19835689
2017-07-01 16:44:06.329056024,0.2524,-0.6703,-0.2201,869365.7602988256,-3417056.2150462377,-526858.5915232208,3565059.6036290764
2017-07-01 16:44:06.528914988,0.2893,-1.0269,-0.3524,869479.5185602311,-3417489.865480338,-526949.4393917266,3565516.4177902485
2017-07-01 16:44:06.728308975,0.2913,-0.845,-0.2585,869593.0237416214,-3417922.540611072,-527040.0861777721,3565972.2058641473
2017-07-01 16:44:06.929163992,0.1467,-0.8326,-0.2486,869707.3665337494,-3418358.419694307,-527131.4071939634,3566431.3689384684
2017-07-01 16:44:07.128910005,0.4097,-1.3033,-0.2377,869821.094338218,-3418791.9441076997,-527222.2334727485,3566888.0521708885
2017-07-01 16:44:07.328922986,0.3207,-1.1022,-0.1107,869934.9869738063,-3419226.0920363716,-527313.1855728192,3567345.3919830066
2017-07-01 16:44:07.529145002,0.2646,-0.6128,-0.1998,870049.0092469156,-3419660.7182626063,-527404.2407373349,3567803.237241032
2017-07-01 16:44:07.728236019,0.3399,-1.3295,-0.2893,870162.4009123169,-3420092.9421027456,-527494.7930233668,3568258.5519058546
2017-07-01 16:44:07.929027020,0.5628,-0.804,-0.3408,870276.7834887052,-3420528.88899949,-527586.1322507625,3568717.793172059
2017-07-01 16:44:08.128938019,0.3121,-0.8071,-0.2392,870390.6772361564,-3420962.957537291,-527677.0807273599,3569175.057262792
2017-07-01 16:44:08.328965008,0.1915,-1.1018,-0.2143,870504.6447277608,-3421397.322009111,-527768.0905473223,3569632.632210728
2017-07-01 16:44:08.529166996,0.2175,-1.0071,-0.0493,870618.7206444773,-3421832.1068618004,-527859.1819656627,3570090.648747221
2017-07-01 16:44:08.728219985,0.3439,-0.8159,-0.0668,870732.1554828724,-3422264.4287254703,-527949.7532390043,3570546.071493357
2017-07-01 16:44:08.928934991,0.3044,-1.099,-0.0893,870846.5497223813,-3422700.4045876935,-528041.0843457297,3571005.3429650804
2017-07-01 16:44:09.129005014,0.2305,-0.8791,-0.2641,870960.5855908206,-3423135.0146619794,-528132.1325380182,3571463.1763013783
2017-07-01 16:44:09.329171001,0.2486,-0.7425,-0.216,871074.6861173126,-3423569.862947204,-528223.2330561075,3571921.2616202724
2017-07-01 16:44:09.528923988,0.2314,-0.8619,-0.2547,871188.5604547531,-3424003.848406244,-528314.1557704769,3572378.4386533666
2017-07-01 16:44:09.728244006,0.4107,-1.3341,-0.2936,871302.204283541,-3424436.9461939917,-528404.8930721385,3572834.681407799
2017-07-01 16:44:09.929000020,0.3176,-1.0989,-0.1008,871416.6796566283,-3424873.2085126773,-528496.2881509222,3573294.257483003
2017-07-01 16:44:10.128978013,0.219,-0.747,-0.1033,871530.7201435729,-3425307.8099895823,-528587.3331632351,3573752.084030204
2017-07-01 16:44:10.328278005,0.3559,-1.1982,-0.2632,871644.3881266739,-3425740.985596262,-528678.0799529679,3574208.4091403414
2017-07-01 16:44:10.528976023,0.2948,-1.0242,-0.2043,871758.8653289458,-3426177.2410463914,-528769.4715316845,3574667.97903914
2017-07-01 16:44:10.728357970,0.3003,-0.7353,-0.2777,871872.6037884047,-3426610.664995498,-528860.2748524239,3575124.5680416008
2017-07-01 16:44:10.928947985,0.1983,-1.0023,-0.2718,871987.0393753508,-3427046.755416998,-528951.6392925464,3575583.9659226346
2017-07-01 16:44:11.128786027,0.3321,-1.1792,-0.1237,872101.0592280057,-3427481.258111861,-529042.6661651208,3576041.6908696373
2017-07-01 16:44:11.328926026,0.2733,-0.769,-0.0988,872215.2623129485,-3427916.448147111,-529133.834537617,3576500.140380486
2017-07-01 16:44:11.529120981,0.3148,-0.9317,-0.2429,872329.5093732247,-3428351.795020922,-529225.0376787863,3576958.7562414836
2017-07-01 16:44:11.728254020,0.3051,-1.116,-0.2093,872443.1625187465,-3428784.8768905136,-529315.7653407322,3577414.9861676726
2017-07-01 16:44:11.928933978,0.3954,-0.7225,-0.2984,872557.7144761925,-3429221.352153379,-529407.2098168532,3577874.7939192383
2017-07-01 16:44:12.128916025,0.2312,-1.0769,-0.3428,872671.8772990339,-3429656.3525407654,-529498.3499831826,3578333.048304302
2017-07-01 16:44:12.328920006,0.4994,-1.232,-0.2059,872786.0726200314,-3430091.449920889,-529589.5083820793,3578791.4064343367
2017-07-01 16:44:12.529075026,0.298,-0.7917,-0.0386,872900.3661175333,-3430526.907594949,-529680.7371683673,3579250.144405712
2017-07-01 16:44:12.728170990,0.2877,-0.8617,-0.1749,873014.0662719021,-3430960.0953416936,-529771.4901797312,3579706.491815068
2017-07-01 16:44:12.929009020,0.3274,-1.0777,-0.3191,873128.7744950738,-3431397.1168997036,-529863.0501403385,3580166.879158413
2017-07-01 16:44:13.128919005,0.3521,-0.7271,-0.2746,873242.9667385989,-3431832.1480988394,-529954.1979890366,3580625.1721800384
2017-07-01 16:44:13.328994989,0.2812,-1.0568,-0.2808,873357.2650603403,-3432267.582838405,-530045.432764594,3581083.8908676337
2017-07-01 16:44:13.528527021,0.4249,-1.1652,-0.1781,873471.269552694,-3432701.880139888,-530136.4265883955,3581541.4122198597
2017-07-01 16:44:22.746119022,0.2867,-0.8131,-0.068,878762.1861177741,-3452833.784820987,-534345.7594995874,3602750.271118844
2017-07-01 16:44:22.946143984,0.36,-0.7399,-0.2555,878877.0152565796,-3453270.6837790166,-534437.113714747,3603210.5478183846
2017-07-01 16:44:23.146117985,0.3323,-1.0036,-0.4007,878991.8284285421,-3453707.5115604633,-534528.4606791339,3603670.751487894
2017-07-01 16:44:23.346098005,0.3519,-1.0723,-0.269,879106.659129444,-3454144.395373382,-534619.8211508153,3604131.0152909826
2017-07-01 16:44:23.545322000,0.2674,-0.9058,-0.0734,879221.0663257339,-3454579.663497262,-534710.8391472502,3604589.5766954347
2017-07-01 16:44:23.746115982,0.2557,-0.6509,-0.1504,879336.3854186289,-3455018.387999765,-534802.5804759208,3605051.780518735
2017-07-01 16:44:23.946102023,0.3992,-1.3475,-0.2909,879451.2564642688,-3455455.4010852976,-534893.9642965255,3605512.1819828856
2017-07-01 16:44:24.146270990,0.3235,-0.784,-0.212,879566.2455436202,-3455892.845317018,-534985.4401996824,3605973.03925566
2017-07-01 16:44:24.346270024,0.2393,-0.8463,-0.3333,879681.1465751556,-3456329.952033103,-535076.8517764458,3606433.542194827
2017-07-01 16:44:24.545342028,0.421,-1.093,-0.328,879795.5317046903,-3456765.075999428,-535167.852643322,3606891.958287597
2017-07-01 16:44:24.746110022,0.1846,-0.8919,-0.055,879910.8987768908,-3457203.942946292,-535259.6310072116,3607354.316600425
2017-07-01 16:44:24.946084976,0.3439,-0.6753,-0.1242,880025.8238980199,-3457641.1033599093,-535351.0518103832,3607814.878710631
2017-07-01 16:44:25.146156013,0.3616,-1.2145,-0.2984,880140.8187120926,-3458078.5224327664,-535442.5284834612,3608275.7141580437
2017-07-01 16:44:25.346337974,0.2752,-0.9535,-0.2848,880255.8883099833,-3458516.2222302835,-535534.0672860562,3608736.846260527
2017-07-01 16:44:25.545463979,0.3344,-0.8063,-0.3996,880370.3641773049,-3458951.645140509,-535625.1390678313,3609195.5822791522
2017-07-01 16:44:25.746088981,0.382,-1.2264,-0.3029,880485.7171810574,-3459390.395225953,-535716.9086190453,3609657.8246312714
2017-07-01 16:44:25.946205019,0.2745,-1.196,-0.082,880600.7885394208,-3459828.0801452617,-535808.448644609,3610118.943549761
2017-07-01 16:44:26.146151006,0.2514,-0.5784,-0.1481,880715.7721650884,-3460265.4162600734,-535899.9168037402,3610579.696272623
2017-07-01 16:44:26.346176028,0.5206,-1.3594,-0.284,880830.8220708959,-3460702.9796354775,-535991.4324814084,3611040.6901697237
2017-07-01 16:44:26.545426011,0.1764,-1.0757,-0.1194,880945.4331948339,-3461138.8902854803,-536082.59830259,3611499.941342419
2017-07-01 16:44:26.746092975,0.3832,-0.7471,-0.3559,881060.8748146645,-3461577.9310299787,-536174.4267873631,3611962.493391055
2017-07-01 16:44:26.946110010,0.3173,-1.3401,-0.3176,881175.955231255,-3462015.6034031115,-536265.97056016,3612423.6038240525
2017-07-01 16:44:27.146640002,0.3524,-0.9442,-0.1051,881291.3449500407,-3462454.4361846102,-536357.7533293661,3612885.937432133
2017-07-01 16:44:27.346074998,0.2663,-0.6906,-0.036,881406.1151740291,-3462890.9001835193,-536449.0363497307,3613345.7757375715
2017-07-01 16:44:27.545334994,0.3855,-1.1577,-0.3664,881520.7999956707,-3463327.0271604336,-536540.2538189171,3613805.260643274
2017-07-01 16:44:27.746313989,0.1715,-0.9402,-0.252,881636.481120816,-3463766.9545446825,-536632.2683923587,3614268.7492380487
2017-07-01 16:44:27.946090996,0.3511,-0.7599,-0.33,881751.4844086289,-3464204.281198969,-536723.7458280616,3614729.500456402
2017-07-01 16:44:28.146318972,0.3212,-1.1435,-0.2595,881866.7601777868,-3464642.6409021094,-536815.4401651181,3615191.3405327913
2017-07-01 16:44:28.346189022,0.2841,-1.0122,-0.1128,881981.8412300978,-3465080.2574321968,-536906.9750962169,3615652.397370768
2017-07-01 16:44:28.545476019,0.2858,-0.6236,-0.1716,882096.5979231521,-3465516.622131127,-536998.2498203838,3616112.136901301
2017-07-01 16:44:28.746281981,0.3703,-1.2017,-0.338,882212.2442230578,-3465956.361256907,-537090.2338694591,3616575.4328248505
2017-07-01 16:44:28.946092009,0.2505,-0.8641,-0.2849,882327.3269549012,-3466393.9539142065,-537181.7730811326,3617036.468292093
2017-07-01 16:44:29.146080970,0.2468,-0.7695,-0.3246,882442.5226160382,-3466831.9692191654,-537273.407250166,3617497.9506088453
2017-07-01 16:44:29.346153020,0.3997,-1.2553,-0.3058,882557.7821367998,-3467270.216753621,-537365.091731073,3617959.6786874332
2017-07-01 16:44:29.545376002,0.3089,-1.043,-0.0814,882672.5647780981,-3467706.6458447543,-537456.3903511055,3618419.4905755557
2017-07-01 16:44:29.746186017,0.3106,-0.6712,-0.187,882788.2743158505,-3468146.578645724,-537548.4238070714,3618882.995646456
2017-07-01 16:44:29.946331024,0.3556,-1.3039,-0.2639,882903.6149113303,-3468585.106784719,-537640.1630538114,3619345.0210170327
2017-07-01 16:44:30.146100997,0.4592,-0.7308,-0.1925,883018.757706058,-3469022.842369476,-537731.7380808012,3619806.2143547614
2017-07-01 16:44:30.346144974,0.3222,-0.8247,-0.2193,883134.071324026,-3469461.211353785,-537823.4474877293,3620268.076495083
2017-07-01 16:44:30.545387983,0.3959,-1.1454,-0.3077,883248.9389472774,-3469897.870596229,-537914.8019089039,3620728.1387356925
2017-07-01 16:44:30.746109008,-0.0206,-0.9278,0.1094,883364.6578466853,-3470337.8064257293,-538006.8296039442,3621191.6489107315
2017-07-01 16:44:30.946161985,0.4036,-0.7373,-0.1382,883480.0077582297,-3470776.3075502696,-538098.5565395405,3621653.649606862
2017-07-01 16:44:31.146088004,0.4176,-0.9903,-0.2762,883595.3011578389,-3471214.5699750944,-538190.236303043,3622115.400906978
2017-07-01 16:44:31.346135020,0.1301,-0.7371,-0.2254,883710.669540483,-3471653.1271380894,-538281.980572191,3622577.4626964275
2017-07-01 16:44:31.545394003,0.2261,-0.8411,-0.2509,883825.5924366057,-3472089.9901147746,-538373.3734005084,3623037.7401412446
2017-07-01 16:44:31.746124982,0.4055,-1.2431,-0.2877,883941.3806472542,-3472530.1304396396,-538465.4529719807,3623501.4716812293
2017-07-01 16:44:31.945765018,0.2566,-0.9431,-0.0873,884056.5497932947,-3472967.916255666,-538557.0355841258,3623962.722097291
2017-07-01 16:44:32.146203994,0.2798,-0.6964,-0.1564,884172.1910762364,-3473407.482026349,-538648.9909844666,3624425.8490356454
2017-07-01 16:44:32.346104979,0.3687,-1.1673,-0.216,884287.5367039975,-3473845.9146202374,-538740.7082020931,3624887.782644841
2017-07-01 16:44:32.545484006,0.2409,-0.76,-0.1504,884402.5907310435,-3474283.23264189,-538832.1919171814,3625348.5424376284
2017-07-01 16:44:32.746698021,0.3161,-0.7688,-0.2267,884518.7164575966,-3474724.606653277,-538924.5267824964,3625813.5773110706
2017-07-01 16:44:32.946084976,0.2843,-1.2359,-0.3199,884633.7990437382,-3475162.02204144,-539016.0359480479,3626274.4414700405
2017-07-01 16:44:33.146103024,0.2026,-0.9245,-0.103,884749.2539909405,-3475600.858909007,-539107.8388761294,3626736.802529823
2017-07-01 16:44:33.346392989,0.2861,-0.648,-0.1284,884864.8773720011,-3476040.3183539747,-539199.7717577361,3627199.8207835974
2017-07-01 16:44:51.511790990,0.3926,-1.194,-0.2591,895480.9482383406,-3516291.309436168,-547623.1684374361,3669616.033876517
2017-07-01 16:44:51.711942970,0.3188,-0.7432,-0.1505,895597.9321657472,-3516734.8370926282,-547715.9860594685,3670083.428466657
2017-07-01 16:44:51.911773979,0.3523,-0.9972,-0.2721,895714.7425616658,-3517177.693312617,-547808.6657013987,3670550.116889254
2017-07-01 16:44:52.111775994,0.3282,-0.6895,-0.2126,895831.6660467043,-3517620.9560887325,-547901.4331583887,3671017.2357350267
2017-07-01 16:44:52.310926020,0.3977,-0.8523,-0.317,895948.1072222189,-3518062.364411668,-547993.8180075479,3671482.4029674144
2017-07-01 16:44:52.512028992,0.4868,-0.9658,-0.276,896065.7099545329,-3518508.140423083,-548087.1199821455,3671952.175869145
2017-07-01 16:44:52.711775004,0.3191,-0.839,-0.0942,896182.5318836635,-3518950.94199645,-548179.796151895,3672418.8148331135
2017-07-01 16:44:52.911212027,0.2877,-0.6711,-0.1355,896299.1845431479,-3519393.0852889516,-548272.3343495283,3672884.7612749133
2017-07-01 16:44:53.111773014,0.393,-1.0387,-0.3048,896416.5104284467,-3519837.762142651,-548365.4063236746,3673353.379519404
2017-07-01 16:44:53.310808002,0.3226,-0.8004,-0.276,896532.9564015456,-3520279.087312161,-548457.7810791646,3673818.4674950554
2017-07-01 16:44:53.511892974,0.255,-0.8146,-0.3002,896650.6120344504,-3520724.9909000522,-548551.1193978257,3674288.3817417673
2017-07-01 16:44:53.711795985,0.4147,-1.2272,-0.2577,896767.5926690943,-3521168.3225435675,-548643.9193794972,3674755.5865959167
2017-07-01 16:44:53.911807000,0.3395,-0.9579,-0.1047,896884.6500877662,-3521611.9320314135,-548736.7736877904,3675223.0846829372
2017-07-01 16:44:54.111754000,0.3029,-0.7389,-0.1148,897001.6821509276,-3522055.42907911,-548829.6028669442,3675690.4652419137
2017-07-01 16:44:54.310926973,0.3687,-1.1149,-0.2311,897118.2757904292,-3522497.253506336,-548922.0818571209,3676156.083964231
2017-07-01 16:44:54.511771023,0.2965,-0.8273,-0.2442,897235.8596201055,-3522942.8182473616,-549015.3466039619,3676625.6457838565
2017-07-01 16:44:54.711872994,0.3452,-0.7899,-0.3047,897353.0228228951,-3523386.7683431124,-549108.2789564601,3677093.508319204
2017-07-01 16:44:54.911756992,0.4754,-1.1591,-0.2897,897470.0773926295,-3523830.2811499904,-549201.1216514152,3677560.912097572
2017-07-01 16:44:55.111747026,0.2979,-0.9942,-0.0917,897587.2059731843,-3524274.0689989887,-549294.0172659114,3678028.605537151
2017-07-01 16:44:55.310930013,0.3131,-0.764,-0.1002,897703.8743107249,-3524716.0962813175,-549386.5419814137,3678494.4444497116
2017-07-01 16:44:55.511766016,0.5219,-1.2129,-0.2716,897821.5319275735,-3525161.840862496,-549479.8455128666,3678964.20315429
2017-07-01 16:44:55.711890995,0.535,-0.7713,-0.391,897938.7944253967,-3525606.0382551635,-549572.8343793829,3679432.33608164
2017-07-01 16:44:55.911909997,0.3233,-0.803,-0.2653,898056.0077608427,-3526050.0325473915,-549665.7846172818,3679900.2567843786
2017-07-01 16:44:56.111750006,0.3946,-1.1566,-0.2873,898173.1319631789,-3526493.6757080285,-549758.663149495,3680367.8087247186
2017-07-01 16:44:56.310929000,0.42,-1.0026,-0.1575,898289.8854136822,-3526935.8911962737,-549851.240713817,3680833.8573969216
2017-07-01 16:44:56.512008011,0.2929,-0.7151,-0.0897,898407.764446582,-3527382.353999383,-549944.7050249224,3681304.383110568
2017-07-01 16:44:56.711782991,0.3584,-0.9759,-0.2058,898524.8933180071,-3527825.9603647906,-550037.571417833,3681771.8995759534
2017-07-01 16:44:56.911967992,0.2975,-1.1017,-0.1542,898642.2745084132,-3528270.521343753,-550130.6345904606,3682240.4218670833
2017-07-01 16:44:57.111805021,0.4633,-0.6651,-0.277,898759.4701625281,-3528714.3361243177,-550223.5470577823,3682708.1615182273
2017-07-01 16:44:57.310914993,0.3197,-1.0614,-0.298,898876.2521040324,-3529156.5782748847,-550316.1333004974,3683174.244744375
2017-07-01 16:44:57.511784970,0.4639,-1.0415,-0.2306,898994.0850411062,-3529602.7715868657,-550409.5472508933,3683644.494225456
2017-07-01 16:44:57.711790025,0.333,-0.7786,-0.1216,899111.4239243759,-3530047.0747895995,-550502.5638362821,3684112.7528418894
2017-07-01 16:44:57.911849975,0.3347,-0.9672,-0.1751,899228.808409449,-3530491.5386505695,-550595.6129599524,3684581.1815411923
2017-07-01 16:44:58.111773014,0.3332,-1.0761,-0.2295,899346.12588021,-3530935.741353635,-550688.6075784038,3685049.335656299
2017-07-01 16:44:58.310912013,0.3738,-0.7062,-0.2911,899462.9980895193,-3531378.230028229,-550781.2490429751,3685515.6861349586
2017-07-01 16:44:58.511750996,0.3658,-1.1134,-0.2999,899580.882753377,-3531824.5409932304,-550874.6934540513,3685986.0662874845
2017-07-01 16:44:58.711830019,0.35,-1.0304,-0.2775,899698.3353613672,-3532269.2043988095,-550967.795387094,3686454.7113113883
2017-07-01 16:44:58.911816000,0.3384,-0.7822,-0.0774,899815.7468849127,-3532713.6923078415,-551060.857120859,3686923.172295855
2017-07-01 16:44:59.111765980,0.331,-0.9109,-0.1431,899933.1505056935,-3533158.136618996,-551153.9078230094,3687391.58808021
2017-07-01 16:44:59.310913980,0.3735,-1.0681,-0.3796,900050.098044907,-3533600.84066784,-551246.6003627155,3687858.171699471
2017-07-01 16:44:59.511735975,0.3643,-0.6825,-0.2498,900168.0433118594,-3534047.2935160003,-551340.0821301579,3688328.7089372817
2017-07-01 16:44:59.711754977,0.36,-1.1183,-0.305,900285.5313737259,-3534492.005949046,-551433.2023101606,3688797.413077685
2017-07-01 16:44:59.911750972,0.4592,-1.0205,-0.1923,900403.0242889015,-3534936.7080478226,-551526.3194707931,3689266.1082011387
2017-07-01 16:45:00.111957013,0.3073,-0.8473,-0.1037,900520.652918472,-3535381.911157304,-551619.5385843706,3689735.331892928
2017-07-01 16:45:00.310916006,0.2991,-0.7034,-0.2003,900637.560699903,-3535824.369019266,-551712.1849813977,3690201.663778134
2017-07-01 16:45:00.511753022,0.375,-1.179,-0.2897,900755.5871285287,-3536271.0509056645,-551805.7175758102,3690672.4486421263
2017-07-01 16:45:00.711763978,0.3258,-0.7851,-0.217,900873.1411376833,-3536715.9269583095,-551898.8741435311,3691141.331851809
2017-07-01 16:45:00.911805987,0.3317,-0.9442,-0.3446,900990.7266714356,-3537160.9098647186,-551992.0589642053,3691610.329515084
2017-07-01 16:45:01.111752986,0.418,-1.0139,-0.3253,901108.27306905,-3537605.721960898,-552085.2125318312,3692079.1494414485
2017-07-01 16:45:01.310917019,0.2423,-0.8836,-0.105,901225.3687816672,-3538048.8272808995,-552178.005487371,3692546.1702331374
2017-07-01 16:45:01.511837005,0.2919,-0.6735,-0.1385,901343.508666,-3538495.8664792143,-552271.6221539449,3693017.338483719
2017-07-01 16:45:01.711772024,0.4093,-1.196,-0.2445,901461.0857563327,-3538940.7619729657,-552364.7896586,3693486.248348756
2017-07-01 16:45:01.911945998,0.1039,-0.966,-0.1525,901578.807533724,-3539386.227896743,-552458.0746242558,3693955.7578071514
2017-07-01 16:45:02.112276971,0.3568,-0.7675,-0.3072,901696.6359610817,-3539832.074006817,-552551.4450832031,3694425.6705115167
2017-07-01 16:45:17.712966978,0.4969,-1.1459,-0.3167,910993.411313867,-3574831.0426295446,-559899.7091128563,3731328.672613788
2017-07-01 16:45:17.912165999,0.3494,-0.9493,-0.1501,911112.1320140555,-3575277.968242227,-559993.5421367736,3731799.9188778
2017-07-01 16:45:18.113086998,0.5801,-0.9754,-0.342,911231.9024147671,-3575728.796684161,-560088.2001075206,3732275.2845033384
2017-07-01 16:45:18.312960982,0.3645,-0.6008,-0.1471,911351.0632442096,-3576177.2998256395,-560182.3706847851,3732748.2005474973
2017-07-01 16:45:18.512190997,0.395,-1.1098,-0.3204,911469.8558309268,-3576624.4019968878,-560276.250573726,3733219.6410076115
2017-07-01 16:45:18.712998986,0.3832,-0.8969,-0.2257,911589.6047501278,-3577075.081546002,-560370.8831265399,3733694.855389477
2017-07-01 16:45:18.912977993,0.3193,-0.8035,-0.1005,911708.8720873072,-3577523.932718557,-560465.1290333611,3734168.142636207
2017-07-01 16:45:19.112948000,0.299,-0.9163,-0.1522,911828.1460133061,-3577972.8003316964,-560559.3767848455,3734641.447672978
2017-07-01 16:45:19.313082993,0.3337,-0.953,-0.4283,911947.5317127274,-3578422.0764562106,-560653.7194509235,3735115.185774097
2017-07-01 16:45:19.512184023,0.3874,-0.6809,-0.2798,912066.3159834865,-3578869.0584646505,-560747.585803466,3735586.507815307
2017-07-01 16:45:19.713165998,0.4751,-1.0851,-0.3921,912186.2416227382,-3579320.3070277306,-560842.3547675443,3736062.3317348585
2017-07-01 16:45:19.913025975,0.5088,-0.9881,-0.2288,912305.5180909998,-3579769.075928181,-560936.603815467,3736535.543630091
2017-07-01 16:45:20.112936973,0.3008,-0.8521,-0.0737,912424.8370298966,-3580217.9934457005,-561030.8798690148,3737008.9124844205
2017-07-01 16:45:20.312943994,0.3155,-0.8227,-0.1751,912544.2259019963,-3580667.159501521,-561125.2082105535,3737482.54452768
2017-07-01 16:45:20.512165009,0.4138,-1.1679,-0.2828,912663.1620120312,-3581114.6067360314,-561219.1770759464,3737954.3655039133
2017-07-01 16:45:20.713101029,0.2734,-0.8152,-0.1418,912783.1330286749,-3581565.938758456,-561313.9606026699,3738430.2834189436
2017-07-01 16:45:20.913217008,0.3239,-0.8264,-0.2885,912902.6274020307,-3582015.4619418476,-561408.3688612545,3738904.295824574
2017-07-01 16:45:21.112553000,0.4376,-1.179,-0.2971,913021.6734131488,-3582463.2798774475,-561502.4209523731,3739376.511736656
2017-07-01 16:45:21.313008010,0.303,-0.8516,-0.1016,913141.3998913792,-3582913.645960213,-561597.0051088429,3739851.4150632666
2017-07-01 16:45:21.512233972,0.2231,-0.7663,-0.1036,913260.4011467887,-3583361.281132667,-561691.0134543107,3740323.4386906796
2017-07-01 16:45:21.713020980,0.4558,-1.1909,-0.394,913380.3532188601,-3583812.47178681,-561785.7742916245,3740799.2139083506
2017-07-01 16:45:21.913011014,0.2382,-0.7729,-0.2038,913499.8386981193,-3584261.9024649896,-561880.167150593,3741273.1339746653
2017-07-01 16:45:22.113565027,0.3044,-0.8126,-0.3059,913619.6733742243,-3584712.6332379724,-561974.8385046597,3741748.4268166237
2017-07-01 16:45:22.312928020,0.3314,-1.3196,-0.2853,913738.8095658764,-3585160.7397271483,-562068.9589781523,3742220.952380359
2017-07-01 16:45:22.512187004,0.291,-1.0135,-0.1029,913857.89515729,-3585608.652676336,-562163.0344339238,3742693.27356286
2017-07-01 16:45:22.713483989,0.297,-0.7636,-0.1033,913978.210778828,-3586061.1777758966,-562258.0762698323,3743170.4589639744
2017-07-01 16:45:22.912747025,0.4136,-1.2222,-0.2676,914097.3271271709,-3586509.1789907217,-562352.1684073926,3743642.875029379
2017-07-01 16:45:23.113139986,0.2076,-0.8955,-0.2247,914217.1272637943,-3586959.7565662228,-562446.8031196402,3744118.007935592
2017-07-01 16:45:23.313032984,0.3047,-0.7928,-0.2571,914336.6406844637,-3587409.2416679575,-562541.2119995145,3744591.990444447
2017-07-01 16:45:23.512179970,0.2827,-1.1761,-0.2699,914455.7192860191,-3587857.095909376,-562635.2792442023,3745064.253207463
2017-07-01 16:45:23.712954998,0.321,-1.0002,-0.1115,914575.7843040506,-3588308.6517125014,-562730.1199905179,3745540.4193700408
2017-07-01 16:45:23.913071990,0.3039,-0.7944,-0.1571,914695.4679816955,-3588758.759364011,-562824.6561896036,3746015.059456264
2017-07-01 16:45:24.112142980,0.3031,-0.9938,-0.2662,914814.5380900778,-3589206.5537077906,-562918.7088017815,3746487.2610218474
2017-07-01 16:45:24.312942981,0.2819,-1.0858,-0.115,914934.6537362623,-3589658.2811043174,-563013.5829353075,3746963.6094146883
2017-07-01 16:45:24.512175977,0.394,-0.7075,-0.2293,915053.8476621513,-3590106.51138955,-563107.7257909331,3747436.2727187756
2017-07-01 16:45:24.712926983,0.4099,-1.2976,-0.3443,915173.9662781165,-3590558.2091569053,-563202.5998220221,3747912.5937438225
2017-07-01 16:45:24.913208007,0.351,-0.9396,-0.1231,915293.8177615877,-3591008.887135717,-563297.256679559,3748387.840085788
2017-07-01 16:45:25.112951993,0.3075,-0.8306,-0.0627,915413.3601411512,-3591458.389795552,-563391.6622236724,3748861.847363934
2017-07-01 16:45:25.313003003,0.3289,-0.9345,-0.1521,915533.0994305335,-3591908.6207794123,-563486.2189644789,3749336.6233435515
2017-07-01 16:45:25.512175977,0.3577,-1.0647,-0.341,915652.3273668358,-3592356.917908728,-563580.3742174497,3749809.361615878
2017-07-01 16:45:25.712943017,0.4035,-0.7025,-0.231,915772.525799046,-3592808.831266539,-563675.2923459555,3750285.9160651336
2017-07-01 16:45:25.913043022,0.3964,-1.0896,-0.3266,915892.3407519027,-3593259.286800182,-563769.9081924253,3750760.9349846663
2017-07-01 16:45:26.113026976,0.3961,-0.816,-0.2444,916012.1020577376,-3593709.5137201427,-563864.4789394467,3751235.715164878
2017-07-01 16:45:26.313013017,0.3045,-0.8274,-0.0566,916131.876791682,-3594159.7784299785,-563959.0529370771,3751710.53546877
2017-07-01 16:45:26.512224018,0.3387,-0.8175,-0.1743,916251.2007834968,-3594608.3305947254,-564053.2673330702,3752183.5511748767
2017-07-01 16:45:26.712936997,0.3526,-1.0761,-0.3255,916371.4386392535,-3595060.3080299846,-564148.2051841047,3752660.1803705688
2017-07-01 16:45:26.913146018,0.378,-0.735,-0.241,916491.3897487185,-3595511.180084101,-564242.9143216289,3753135.646356985
2017-07-01 16:45:27.112941980,0.3934,-1.0486,-0.3348,916611.109086304,-3595961.163785049,-564337.4414257455,3753610.1774885613
2017-07-01 16:45:27.312946021,0.486,-0.9901,-0.3611,916730.9725472752,-3596411.655730491,-564432.0814204059,3754085.2478384366
2017-07-01 16:45:27.512187004,0.1807,-0.9671,-0.052,916850.3858768647,-3596860.4673441844,-564526.362407579,3754558.544686594
2017-07-01 16:45:27.713099002,0.247,-0.6605,-0.125,916970.8106848982,-3597313.069759301,-564621.4391660456,3755035.8399188602
2017-07-01 16:45:27.912953972,0.4865,-1.1994,-0.3144,917090.6213518351,-3597763.3388720234,-564716.0282692671,3755510.6767105963
2017-07-01 16:45:28.113003015,0.2932,-0.8799,-0.1787,917210.5600969695,-3598214.080440463,-564810.7163765565,3755986.0124296527
2017-07-01 16:45:28.313126981,0.3592,-0.8371,-0.2864,917330.5581477588,-3598665.0243475814,-564905.4514169412,3756461.563681284
2017-07-01 16:47:20.624556005,0.3951,-1.1758,-0.3155,989658.3140604957,-3866570.3078022874,-622051.3081535513,4039398.1425136696
2017-07-01 16:47:20.823621988,0.4457,-1.0737,-0.1888,989786.5287897019,-3867045.198093231,-622152.603600656,4039899.7263343744
2017-07-01 16:47:21.223608016,0.3673,-1.0563,-0.3956,990044.2111791571,-3867999.5707074786,-622356.2012326136,4040907.7520150454
2017-07-01 16:47:21.235430000,0.3855,-0.9804,-0.252,990051.8272917763,-3868027.778274223,-622362.218797894,4040937.5453738263
2017-07-01 16:47:21.422792017,0.4527,-1.2484,-0.1991,990172.5479842471,-3868474.8728306335,-622457.5958340889,4041409.7756989645
2017-07-01 16:47:21.623588025,0.3705,-0.7072,-0.1026,990301.9393751553,-3868954.0529010296,-622559.8156089191,4041915.8970221668
2017-07-01 16:47:21.823632001,0.318,-1.1028,-0.1265,990430.8588880671,-3869431.4824518757,-622661.6576069809,4042420.1690919446
2017-07-01 16:47:22.223544001,0.4554,-0.8108,-0.3245,990688.6573525362,-3870386.051293406,-622865.3039234419,4043428.420126314
2017-07-01 16:47:22.235419860,0.1439,-0.9042,-0.0726,990696.313002606,-3870414.3984697014,-622871.3514514854,4043458.3614694905
2017-07-01 16:47:22.422957003,0.3354,-1.432,-0.1896,990817.2186844986,-3870862.0921116234,-622966.8574121814,4043931.2311688075
2017-07-01 16:47:22.623686015,0.3498,-0.6321,-0.0628,990946.6432926973,-3871341.303201777,-623069.0840503707,4044437.3921756367
2017-07-01 16:47:22.823553025,0.3383,-0.8216,-0.1071,991075.5256194578,-3871818.4892088296,-623170.8759692046,4044941.4150908855
2017-07-01 16:47:23.223715007,0.4102,-0.6735,-0.3265,991333.6319253418,-3872773.990837042,-623374.7300494891,4045950.6680080066
2017-07-01 16:47:23.235339990,0.3775,-1.3698,-0.2016,991341.1301434822,-3872801.7490068837,-623380.6521790929,4045979.9877083134
2017-07-01 16:47:23.422788977,0.4248,-1.1798,-0.3203,991462.051345012,-3873249.3817241825,-623476.1558049956,4046452.803276148
2017-07-01 16:47:23.623571991,0.2352,-0.7449,-0.0791,991591.5836569438,-3873728.88645041,-623578.4561903175,4046959.2838975186
2017-07-01 16:47:23.823520004,0.321,-0.8611,-0.0954,991720.5901131565,-3874206.4314752524,-623680.3349506592,4047463.6950493776
2017-07-01 16:47:24.223532974,0.3329,-0.6565,-0.1845,991978.731745304,-3875161.9058744772,-623884.1815792941,4048472.930995167
2017-07-01 16:47:24.235840080,0.3467,-1.1969,-0.3886,991986.6739813661,-3875191.302914351,-623890.4533399594,4048503.98212826
2017-07-01 16:47:24.422782003,0.3945,-1.4108,-0.3434,992107.3283867805,-3875637.886046853,-623985.7318478114,4048975.693721824
2017-07-01 16:47:24.623540997,0.4332,-0.8638,-0.1552,992236.9179439354,-3876117.5114156036,-624088.0587439927,4049482.3087279215
2017-07-01 16:47:24.823646008,0.2363,-0.8036,-0.0108,992366.0948182087,-3876595.60655721,-624190.0527373723,4049987.30675291
2017-07-01 16:47:25.222968995,0.549,-0.6207,-0.3128,992623.9634882773,-3877549.776493671,-624393.6384790397,4050995.1885740855
2017-07-01 16:47:25.235440130,0.4139,-0.9996,-0.3207,992632.0169708146,-3877579.576040803,-624399.9966534212,4051026.6656077583
2017-07-01 16:47:25.422779023,0.42,-1.1534,-0.3893,992753.0095132829,-3878027.2593509257,-624495.5215387668,4051499.551843553
2017-07-01 16:47:25.623537003,0.3665,-0.9022,-0.1875,992882.6835242513,-3878507.0465836152,-624597.8964296739,4052006.350669437
2017-07-01 16:47:25.823570013,0.2712,-0.7607,-0.0584,993011.9001126745,-3878985.131663944,-624699.9039648266,4052511.351674292
2017-07-01 16:47:26.223648011,0.1658,-0.6196,-0.1646,993270.3675653718,-3879941.429627058,-624903.9514896269,4053521.4898908897
2017-07-01 16:47:26.235919950,0.4701,-1.016,-0.2854,993278.2958322429,-3879970.7631358835,-624910.2104590925,4053552.474915883
2017-07-01 16:47:26.422856986,0.5091,-1.1221,-0.4182,993399.084000786,-3880417.6363159227,-625005.5672356184,4054024.510458807
2017-07-01 16:47:26.623647987,0.5155,-1.1556,-0.2132,993528.8446035108,-3880897.6740041366,-625107.9995296923,4054531.5798777444
2017-07-01 16:47:26.823719978,0.2667,-0.7786,-0.0098,993658.1512237873,-3881376.023897784,-625210.0654175198,4055036.86620497
2017-07-01 16:47:27.223538994,0.1773,-0.8874,-0.1659,993916.5827809995,-3882332.0885830354,-625414.0579331167,4056046.7654390945
2017-07-01 16:47:27.235450260,0.4843,-1.1771,-0.1279,993924.2819507982,-3882360.5714892885,-625420.1352237739,4056076.852187267
2017-07-01 16:47:27.422967970,0.42,-0.7296,-0.3685,994045.5038763335,-3882809.000307555,-625515.8222790011,4056550.534699091
2017-07-01 16:47:27.623804986,0.45,-1.0402,-0.176,994175.3542964786,-3883289.32279778,-625618.3130455485,4057057.9085420663
2017-07-01 16:47:27.823611974,0.3438,-0.8041,0.0713,994304.5524813496,-3883767.213971488,-625720.2753236551,4057562.714038577
2017-07-01 16:47:28.223524987,0.2827,-1.238,-0.1349,994563.1874252146,-3884723.9095387124,-625924.3740542185,4058573.2849313323
2017-07-01 16:47:28.235199920,0.4108,-0.9764,0.0609,994570.7379873006,-3884751.8391371723,-625930.3324391863,4058602.7873650896
2017-07-01 16:47:28.422774970,0.2558,-0.7387,-0.2831,994692.0579244002,-3885200.595397059,-626026.0726587482,4059076.8162502265
2017-07-01 16:47:28.623628020,0.3868,-1.2976,-0.27,994821.9814209586,-3885681.1704129227,-626128.6009973267,4059584.4562968183
2017-07-01 16:47:28.823531985,0.3755,-0.9851,-0.0788,994951.3059994254,-3886159.5139479893,-626230.648010741,4060089.739607536
2017-07-01 16:47:29.223528027,0.5889,-0.9071,-0.4685,995210.171074455,-3887116.796278185,-626434.913023535,4061100.955747448
2017-07-01 16:47:29.235189790,0.2218,-0.8664,0.1271,995217.7182371829,-3887144.705671322,-626440.8682905984,4061130.43757357
2017-07-01 16:47:29.422776997,0.4039,-0.6588,-0.3226,995339.1335775091,-3887593.669987977,-626536.6740704966,4061604.699834381
2017-07-01 16:47:29.623593986,0.4316,-1.2801,-0.3452,995469.1292657573,-3888074.349601104,-626639.2505732588,4062112.4659105865
2017-07-01 16:47:29.823764979,0.5005,-1.1509,-0.0931,995598.7268330028,-3888553.52905987,-626741.5008342572,4062618.6483724318
2017-07-01 16:47:30.223520994,0.4475,-0.8992,-0.263,995857.614102448,-3889510.6289468925,-626945.7440624072,4063629.6935442626
2017-07-01 16:47:30.236129760,0.2738,-0.7623,0.0705,995865.7797491908,-3889540.817102938,-626952.1861182954,4063661.583210856
2017-07-01 16:47:30.422783017,0.2806,-0.7068,-0.2347,995986.6692813362,-3889987.730633849,-627047.5589575472,4064133.6876464374
2017-07-01 16:47:30.623574972,0.3612,-1.2047,-0.4531,996116.7305728155,-3890468.545749803,-627150.1744109439,4064641.6062992983
2017-07-01 16:47:30.823605000,0.4547,-1.2955,-0.1963,996246.3165259833,-3890947.588195856,-627252.4083331549,4065147.653042689
2017-07-01 16:47:31.223514974,0.377,-0.914,-0.1504,996505.4514971727,-3891905.4598378646,-627456.8235249051,4066159.5257155527
2017-07-01 16:47:31.235360260,0.3106,-0.7751,-0.0547,996513.1270878661,-3891933.831991051,-627462.8782863158,4066189.4973897035
2017-07-01 16:47:57.290494024,0.2163,-0.9207,-0.1785,1013543.3532095181,-3954966.8370143506,-640902.2338254746,4132770.07393842
2017-07-01 16:47:57.490522027,0.3077,-1.1338,-0.2135,1013674.108358542,-3955450.793389914,-641005.417714209,4133281.277922463
2017-07-01 16:47:57.690626025,0.4234,-0.6939,-0.2504,1013804.9301379158,-3955934.9614159307,-641108.6508311717,4133792.7085783305
2017-07-01 16:47:57.891242980,0.3985,-1.0568,-0.3107,1013936.1033111399,-3956420.413116658,-641212.161086071,4134305.4969908353
2017-07-01 16:47:58.290575027,0.2457,-0.8744,-0.0443,1014197.2453073943,-3957386.8538386114,-641418.20737564,4135326.3571424144
2017-07-01 16:47:58.491056025,0.3506,-0.7024,-0.1891,1014328.3633471915,-3957872.0747858533,-641521.6586292301,4135838.902514297
2017-07-01 16:47:58.690472006,0.5215,-1.1624,-0.2484,1014458.8055858038,-3958354.764314365,-641624.5701958564,4136348.7760922466
2017-07-01 16:47:58.890519022,0.314,-0.915,-0.0884,1014589.6731637499,-3958839.0178902615,-641727.810955091,4136860.3019456756
2017-07-01 16:47:58.897970190,0.6091,-0.8941,-0.2255,1014594.5476332299,-3958857.054973499,-641731.6563848376,4136879.3548527556
2017-07-01 16:47:59.290455996,0.5095,-1.0809,-0.1577,1014851.3858758941,-3959807.3140237113,-641934.2363835817,4137883.1379645406
2017-07-01 16:47:59.490607976,0.5477,-1.0677,-0.0948,1014982.3849940153,-3960291.9507042584,-642037.5478353746,4138395.0741188955
2017-07-01 16:47:59.690464973,0.3142,-0.7693,-0.0954,1015113.2035963167,-3960775.9038576693,-642140.710837805,4138906.289010467
2017-07-01 16:47:59.890461981,0.3872,-0.9305,-0.1803,1015244.1293318995,-3961260.2332662074,-642243.9533234703,4139417.902722519
2017-07-01 16:47:59.897399780,0.1547,-0.7505,-0.1446,1015248.6710894773,-3961277.0344541078,-642247.5347620776,4139435.650393716
2017-07-01 16:48:00.290727019,0.3799,-0.754,-0.2526,1015506.217427018,-3962229.6671453975,-642450.6176821827,4140441.9581730976
2017-07-01 16:48:00.490540027,0.2802,-0.8383,-0.2391,1015637.0639676909,-3962713.6447322224,-642553.7947822319,4140953.2060916713
2017-07-01 16:48:00.690481007,0.4131,-1.0656,-0.1806,1015768.0108244317,-3963197.9748856006,-642657.0451827002,4141464.8275307743
2017-07-01 16:48:00.890582025,0.3397,-1.106,-0.1078,1015899.0760961979,-3963682.7369942274,-642760.3825438517,4141976.905020968
2017-07-01 16:48:00.897549980,0.3977,-0.8113,-0.3227,1015903.6400948656,-3963699.6175102512,-642763.9809923987,4141994.7367265094
2017-07-01 16:48:01.290462970,0.3706,-0.9319,-0.1792,1016161.0546481509,-3964651.6294684904,-642966.9200105881,4143000.3973278473
2017-07-01 16:48:01.490472972,0.4341,-0.7871,-0.3359,1016292.1073490072,-3965136.2769355574,-643070.2383384982,4143512.359528688
2017-07-01 16:48:01.690485000,0.3617,-0.7635,-0.192,1016423.1758471011,-3965620.9598555313,-643173.5653938943,4144024.3610367575
2017-07-01 16:48:01.890622019,0.2791,-0.876,-0.2213,1016554.3374314845,-3966105.9807503317,-643276.9658843002,4144536.7203502525
2017-07-01 16:48:01.897549980,0.3223,-0.7724,-0.1152,1016558.8777481227,-3966122.7703142003,-643280.5452104793,4144554.4562690454
2017-07-01 16:48:02.290611028,0.3364,-0.9306,-0.1137,1016816.5266698629,-3967075.477703361,-643483.637490846,4145560.8651209986
2017-07-01 16:48:02.490656971,0.3288,-0.7626,-0.1456,1016947.6686227198,-3967560.3826423795,-643587.0058535675,4146073.1041232366
2017-07-01 16:48:02.690599977,0.3963,-1.1618,-0.2009,1017078.7589372487,-3968045.0845109345,-643690.3290577824,4146585.129273875
2017-07-01 16:48:02.890614986,0.2466,-1.0052,-0.1042,1017209.9063251907,-3968530.0011432096,-643793.6936391296,4147097.380514393
2017-07-01 16:48:02.897979730,0.4578,-0.9618,-0.2393,1017214.7353223236,-3968547.856289732,-643797.4996348906,4147116.2421560874
2017-07-01 16:48:03.290517985,0.3616,-1.056,-0.2862,1017472.1748821787,-3969499.692010531,-644000.4019646974,4148121.7375170975
2017-07-01 16:48:03.490377008,0.3712,-0.9151,-0.1462,1017603.2638612855,-3969984.351283897,-644103.7145799946,4148633.7205393193
2017-07-01 16:48:03.690488994,0.3255,-0.8774,-0.0732,1017734.531795239,-3970469.659129298,-644207.1608900904,4149146.389007848
2017-07-01 16:48:03.890487015,0.3269,-0.8253,-0.1244,1017865.7380470423,-3970954.723600259,-644310.5532627815,4149658.8012292106
2017-07-01 16:48:03.897470110,0.2731,-0.7805,-0.1993,1017870.319234295,-3970971.660062314,-644314.1633020252,4149676.6925662733
2017-07-01 16:48:04.290695011,0.3892,-0.8815,-0.25,1018128.3505440746,-3971925.505087961,-644517.48679482,4150684.3227272974
2017-07-01 16:48:04.490467011,0.2944,-0.7962,-0.2126,1018259.4512214498,-3972410.1234904793,-644620.7907235996,4151196.2689138865
2017-07-01 16:48:04.690523982,0.473,-1.1831,-0.2179,1018390.7578422555,-3972895.4805429974,-644724.2507344566,4151708.9968424574
2017-07-01 16:48:04.890491008,0.3438,-0.9931,-0.1047,1018522.0191754735,-3973380.659091377,-644827.6684166294,4152221.536423886
2017-07-01 16:48:04.897979730,0.4143,-1.0074,-0.2235,1018526.9349073299,-3973398.828979879,-644831.5413990584,4152240.7309853174
2017-07-01 16:48:05.290593981,0.4211,-1.0599,-0.2033,1018784.718876379,-3974351.5924376613,-645034.6231500056,4153247.22943266
2017-07-01 16:48:05.490456998,0.277,-1.0765,-0.1062,1018915.9566647835,-3974836.6463079522,-645138.0075709226,4153759.639217385
2017-07-01 16:48:05.690485000,0.3819,-0.7156,-0.2637,1019047.3180689992,-3975322.129217568,-645241.4878856395,4154272.504927835
2017-07-01 16:48:05.890210986,0.3842,-1.071,-0.2803,1019178.4964606734,-3975806.921834474,-645344.8231399768,4154784.642807413
2017-07-01 16:48:05.898810020,0.3167,-0.7787,-0.0973,1019184.1442591889,-3975827.794229596,-645349.272159457,4154806.6925375303
2017-07-01 16:48:06.290480971,0.3293,-0.8338,-0.0571,1019441.4421149606,-3976778.6232122174,-645551.9259708006,4155811.155606532
2017-07-01 16:48:06.490086019,0.3461,-0.8865,-0.1107,1019572.58115302,-3977263.2241204134,-645655.2076952005,4156323.0925186346
2017-07-01 16:48:06.690483987,0.411,-1.0333,-0.2933,1019704.2576391373,-3977749.791575534,-645758.9114792673,4156837.108810192
2017-07-01 16:48:06.890649020,0.3547,-0.8889,-0.2447,1019835.7952809242,-3978235.829077796,-645862.5045261475,4157350.5668691644
2017-07-01 16:48:06.897579780,0.4391,-1.0419,-0.1621,1019840.3498229162,-3978252.6582874064,-645866.0914668505,4157368.3455287446
2017-07-01 16:48:07.289596974,0.4698,-1.1625,-0.2343,1020098.0357269847,-3979204.729591208,-646069.0117790211,4158374.1354616247
2017-07-01 16:48:07.490597009,0.2893,-1.0037,-0.1027,1020230.1714047862,-3979692.928233533,-646173.0598080982,4158889.8793907003
2017-07-01 16:48:07.690522015,0.3285,-0.7341,-0.1479,1020361.6134980047,-3980178.54513522,-646276.5572580472,4159402.897281806
2017-07-01 16:48:07.891013026,0.4288,-1.1482,-0.2711,1020493.44495149,-3980665.583014185,-646380.3586155475,4159917.4178085057
2017-07-01 16:48:07.899209970,0.3019,-0.842,-0.3038,1020498.8348146223,-3980685.495296249,-646384.6024866458,4159938.4537095935
2017-07-01 16:48:46.772902011,0.3697,-0.9774,-0.2771,1046618.7309782143,-4076595.7396980952,-666929.7416708401,4261318.912412476
2017-07-01 16:48:46.972914993,0.454,-1.1103,-0.2397,1046753.1412717772,-4077089.2616576115,-667035.46014283,4261840.599010491
2017-07-01 16:48:47.172038018,0.428,-0.6915,-0.2478,1046886.9704774431,-4077580.615111013,-667140.7180461473,4262359.996452631
2017-07-01 16:48:47.372992992,0.3244,-1.0206,-0.2172,1047022.0440235541,-4078076.530273344,-667246.9531024174,4262884.216567698
2017-07-01 16:48:47.572103023,0.4137,-0.9856,-0.1726,1047155.8938770399,-4078567.9315732364,-667352.2196703425,4263403.66651317
2017-07-01 16:48:47.772871017,0.2961,-0.8793,-0.0602,1047290.87021576,-4079063.46014966,-667458.3652056411,4263927.479220113
2017-07-01 16:48:47.972944021,0.2998,-0.6707,-0.1175,1047425.3913134027,-4079557.3002235387,-667564.1480049003,4264449.508187043
2017-07-01 16:48:48.172872006,0.3957,-0.8707,-0.3703,1047559.8307226648,-4080050.8171500317,-667669.8689309034,4264971.19841958
2017-07-01 16:48:48.372889995,0.2915,-0.7698,-0.1694,1047694.3423162401,-4080544.58704655,-667775.6442277939,4265493.157047635
2017-07-01 16:48:48.572270989,0.2946,-0.816,-0.2719,1047828.4372434522,-4081036.8168780003,-667881.0934720883,4266013.489152051
2017-07-01 16:48:48.773140013,0.5638,-1.1831,-0.2759,1047963.5557029011,-4081532.768079388,-667987.3408424614,4266537.757774216
2017-07-01 16:48:48.972886979,0.3914,-0.9998,-0.0919,1048097.9350046025,-4082025.9887792678,-668092.9983798069,4267059.140545675
2017-07-01 16:48:49.172942996,0.306,-0.7322,-0.1051,1048232.5344664949,-4082520.001900782,-668198.8235981688,4267581.361859664
2017-07-01 16:48:49.372874975,0.3858,-1.0599,-0.2137,1048367.065896026,-4083013.751093254,-668304.5917453524,4268103.305195408
2017-07-01 16:48:49.572115004,0.4587,-1.0179,-0.2493,1048501.1499309151,-4083505.831862934,-668410.003733051,4268623.486951673
2017-07-01 16:48:49.772888004,0.3747,-0.7874,-0.2764,1048636.2807247094,-4084001.730486982,-668516.237911849,4269147.707004834
2017-07-01 16:48:49.973164021,0.3167,-1.015,-0.2917,1048771.089725783,-4084496.442301612,-668622.2208243362,4269670.673482816
2017-07-01 16:48:50.172863006,0.5059,-0.9804,-0.2107,1048905.5304924897,-4084989.7678586575,-668727.9067832306,4270192.1770241605
2017-07-01 16:48:50.372888028,0.3408,-0.8631,-0.0849,1049040.2043882834,-4085483.933372489,-668833.7686863365,4270714.569062527
2017-07-01 16:48:50.572148978,0.3553,-0.7785,-0.1227,1049174.3779528341,-4085976.242142608,-668939.2310812486,4271234.999574024
2017-07-01 16:48:50.773012995,0.4326,-1.073,-0.2651,1049309.648406067,-4086472.5548596913,-669045.5526236452,4271759.664511222
2017-07-01 16:48:50.972881972,0.489,-0.7521,-0.3526,1049444.2682910217,-4086966.4389878465,-669151.3615560002,4272281.766261926
2017-07-01 16:48:51.172919988,0.3273,-0.7831,-0.2524,1049579.0151275955,-4087460.7721539494,-669257.2700759991,4272804.344507615
2017-07-01 16:48:51.373044013,0.2548,-0.9022,-0.1267,1049713.8301050046,-4087955.35399793,-669363.2292070594,4273327.185461998
2017-07-01 16:48:51.572449982,0.5021,-1.2644,-0.1912,1049848.1813237376,-4088448.2115310826,-669468.8157535702,4273848.204775991
2017-07-01 16:48:51.772969007,0.3658,-1.0125,-0.1145,1049983.2971800705,-4088943.8608359634,-669574.9962730967,4274372.175777323
2017-07-01 16:48:51.973273992,0.3377,-0.8326,-0.0935,1050118.2823589293,-4089439.014475613,-669681.0672037784,4274895.623501342
2017-07-01 16:48:52.172882974,0.3446,-1.0335,-0.1227,1050252.812232739,-4089932.488775342,-669786.774456894,4275417.296075344
2017-07-01 16:48:52.373021006,0.3665,-0.8833,-0.2129,1050387.7133490513,-4090427.3063758495,-669892.7704076371,4275940.390246835
2017-07-01 16:48:52.572257995,0.3263,-0.7693,-0.268,1050522.0200785939,-4090919.92679182,-669998.2997915421,4276461.1636043135
2017-07-01 16:48:52.772889018,0.3597,-1.0218,-0.2857,1050657.2810129141,-4091416.0351358773,-670104.57905036,4276985.625598559
2017-07-01 16:48:52.972904980,0.3791,-0.8804,-0.1687,1050792.1424533282,-4091910.6578156548,-670210.5392450971,4277508.518413751
2017-07-01 16:48:53.172878026,0.3387,-0.8343,-0.0906,1050926.9885018326,-4092405.2077307734,-670316.4803277333,4278031.3349977285
2017-07-01 16:48:53.372937023,0.3532,-0.8365,-0.1164,1051061.9066452477,-4092900.003689581,-670422.4716039635,4278554.412676609
2017-07-01 16:48:53.572201013,0.4245,-1.0848,-0.2006,1051196.3054977313,-4093392.8764703674,-670528.0496504584,4279075.458460446
2017-07-01 16:48:53.773097991,0.3485,-0.8431,-0.2038,1051331.8198273513,-4093889.8224192522,-670634.5011447158,4279600.811713057
2017-07-01 16:48:53.973012983,0.3009,-0.8286,-0.2665,1051466.6837876386,-4094384.3724082825,-670740.4429541767,4280123.633488979
2017-07-01 16:48:54.172883987,0.4899,-1.3299,-0.2609,1051601.5376440636,-4094878.866707138,-670846.3718754302,4280646.397641192
2017-07-01 16:48:54.372922003,0.3812,-0.933,-0.0532,1051736.5194380258,-4095373.8115390963,-670952.3914395877,4281169.638561217
2017-07-01 16:48:54.572135984,0.2746,-0.7485,-0.0941,1051870.956086901,-4095866.747204409,-671057.9780020745,4281690.755876028
2017-07-01 16:48:54.772868990,0.4203,-1.1852,-0.1778,1052006.4347630963,-4096363.4893058264,-671164.3768360768,4282215.897877467
2017-07-01 16:48:54.972878992,0.3055,-1.0362,-0.1987,1052141.4376908133,-4096858.483684139,-671270.4003895083,4282739.192465481
2017-07-01 16:48:55.172890007,0.33,-0.8187,-0.2648,1052276.4545037402,-4097353.51332108,-671376.4350730891,4283262.52608908
2017-07-01 16:48:55.372880995,0.383,-1.0837,-0.2787,1052411.4731161224,-4097848.5367350513,-671482.4702864669,4283785.854436478
2017-07-01 16:48:55.572077989,0.3938,-1.0961,-0.0794,1052545.9713102742,-4098341.6383249997,-671588.0876748072,4284307.151180531
2017-07-01 16:48:55.772931993,0.3202,-0.7281,-0.0455,1052681.601238385,-4098838.871128539,-671694.5854715632,4284832.816016502
2017-07-01 16:48:55.972940027,0.366,-0.9907,-0.2043,1052816.674552691,-4099334.0492856954,-671800.6428866062,4285356.309763763
2017-07-01 16:48:56.173044979,0.3508,-0.9207,-0.1581,1052951.8273662757,-4099829.5042582583,-671906.7580245864,4285880.097041868
2017-07-01 16:48:56.372883021,0.4022,-0.8071,-0.2438,1053086.8159682283,-4100324.330599916,-672012.7413570968,4286403.222122486
2017-07-01 16:48:56.572507977,0.3904,-1.0001,-0.2443,1053221.6761902035,-4100818.6691655833,-672118.6214156566,4286925.833021557
2017-07-01 16:48:56.772994995,0.4068,-1.0385,-0.0926,1053357.1351449795,-4101315.1842294037,-672224.9624295657,4287450.745450604
2017-07-01 16:48:56.972881972,0.315,-0.7183,-0.0217,1053492.201268113,-4101810.241964395,-672330.9860406681,4287974.1176932445
2017-07-01 16:48:57.172892987,0.3215,-0.9156,-0.1432,1053627.3640666867,-4102305.643530883,-672437.0811723649,4288497.853956681
2017-07-01 16:48:57.373217999,0.4564,-0.9045,-0.2228,1053762.7573725227,-4102801.85912525,-672543.3518036423,4289022.453207984
2017-07-01 16:49:46.856765985,0.4368,-0.7179,-0.2062,1088276.6718983813,-4227133.076340651,-699298.838204356,4420635.590591623
2017-07-01 16:49:47.256752014,0.2818,-0.8669,-0.073,1088555.7002853253,-4228138.210672478,-699515.1201631573,4421699.63300417
2017-07-01 16:49:47.456965982,0.2545,-0.7067,-0.1494,1088695.3788167213,-4228641.361406173,-699623.386606164,4422232.272771096
2017-07-01 16:49:47.567849870,0.3466,-0.8533,-0.1722,1088772.7408110101,-4228920.030325776,-699683.3495955669,4422527.274503228
2017-07-01 16:49:47.655969977,0.3871,-1.4514,-0.1853,1088834.2238690294,-4229141.501498508,-699731.003990506,4422761.725970673
2017-07-01 16:49:47.856848001,0.2755,-0.8724,-0.1224,1088974.3913660238,-4229646.400949545,-699839.6415790053,4423296.217306939
2017-07-01 16:49:48.256723999,0.3625,-1.3435,-0.1639,1089253.472473724,-4230651.689242528,-700055.9262069402,4424360.42189198
2017-07-01 16:49:48.456776976,0.4434,-1.1133,-0.0582,1089393.1110183168,-4231154.666999316,-700164.1330393549,4424892.877754105
2017-07-01 16:49:48.567409990,0.2915,-0.7466,-0.2669,1089470.3372963357,-4231432.832184127,-700223.9766953269,4425187.345940665
2017-07-01 16:49:48.656138002,0.2487,-0.6529,-0.1007,1089532.2749629216,-4231655.926644123,-700271.9722812782,4425423.515874037
2017-07-01 16:49:48.856806993,0.3961,-1.3194,-0.2349,1089672.3703398558,-4232160.534526853,-700380.5294873199,4425957.6987103745
2017-07-01 16:49:49.256751000,0.3342,-0.7266,-0.2548,1089951.641358773,-4233166.361187067,-700596.9305482903,4427022.484817547
2017-07-01 16:49:49.456911027,0.3393,-1.0896,-0.2282,1090091.4217541239,-4233669.791034764,-700705.2419568419,4427555.425221469
2017-07-01 16:49:49.568060270,0.3427,-1.0465,-0.1597,1090169.0463068062,-4233949.359513581,-700765.3894606,4427851.381823561
2017-07-01 16:49:49.656081020,0.4324,-1.1049,-0.1215,1090230.5217025937,-4234170.762538897,-700813.0221108792,4428085.763481926
2017-07-01 16:49:49.856733977,0.2032,-0.7753,-0.08,1090370.6697933478,-4234675.506241612,-700921.6091842321,4428620.094671664
2017-07-01 16:49:50.256763994,0.2532,-1.0964,-0.2697,1090650.1153297503,-4235681.959570905,-701138.1360140626,4429685.544423723
2017-07-01 16:49:50.456728994,0.4161,-0.6624,-0.304,1090789.819802118,-4236185.086903667,-701246.3845162985,4430218.16768499
2017-07-01 16:49:50.567280050,0.223,-0.957,-0.1551,1090867.058428544,-4236463.253566492,-701306.2318159675,4430512.641756893
2017-07-01 16:49:50.655973970,0.2383,-1.0958,-0.3059,1090929.0280201656,-4236686.432300445,-701354.2490654701,4430748.904248342
2017-07-01 16:49:50.856795012,0.4469,-1.096,-0.2015,1091069.3577800693,-4237191.798465751,-701462.9779933777,4431283.898597265
2017-07-01 16:49:51.256829977,0.317,-0.9534,-0.2014,1091348.9450058723,-4238198.639051966,-701679.597949262,4432349.769817992
2017-07-01 16:49:51.456839978,0.352,-1.0668,-0.2824,1091488.7474713093,-4238702.083191293,-701787.9151730825,4432882.731788614
2017-07-01 16:49:51.567330120,0.2198,-0.7709,-0.1035,1091565.9802640423,-4238980.206767613,-701847.7533716768,4433177.162211123
2017-07-01 16:49:51.656224012,0.3563,-0.7142,-0.2702,1091628.1200576902,-4239203.974338922,-701895.8978140722,4433414.050133353
2017-07-01 16:49:51.857204973,0.2791,-0.9834,-0.3023,1091768.6237226008,-4239709.932078269,-702004.7602067171,4433949.674867899
2017-07-01 16:49:52.256779015,0.2277,-0.8712,-0.0958,1092047.9980652092,-4240715.9753049,-702221.2068796408,4435014.7053505825
2017-07-01 16:49:52.456811010,0.2503,-0.6949,-0.1693,1092187.866532739,-4241219.641516012,-702329.5696911002,4435547.903906014
2017-07-01 16:49:52.568410150,0.4256,-1.0587,-0.1805,1092265.905353353,-4241500.653328733,-702390.0282504493,4435845.393154626
2017-07-01 16:49:52.655982017,0.4312,-1.0241,-0.381,1092327.1457379626,-4241721.171206824,-702437.4730156285,4436078.841846345
2017-07-01 16:49:52.856823027,0.3113,-0.7281,-0.1734,1092467.6095735994,-4242226.94557037,-702546.2918338374,4436614.275307269
2017-07-01 16:49:53.256397008,0.4217,-1.1447,-0.2745,1092747.130256585,-4243233.368422208,-702762.831128064,4437679.721024357
2017-07-01 16:49:53.456746995,0.2659,-0.8841,-0.1868,1092887.2951137114,-4243738.033377645,-702871.4133754614,4438213.983067664
2017-07-01 16:49:53.568940040,0.3004,-0.8613,-0.2815,1092965.7891526958,-4244020.649169051,-702932.2213797683,4438513.173877641
2017-07-01 16:49:53.656282007,0.314,-0.6681,-0.0606,1093026.8989345755,-4244240.669856953,-702979.5607007728,4438746.098643781
2017-07-01 16:49:53.856750011,0.3953,-1.1893,-0.173,1093167.174496728,-4244745.710951839,-703088.2212537329,4439280.760315451
2017-07-01 16:49:54.256745994,0.2739,-0.8108,-0.2775,1093447.1116706794,-4245753.554652397,-703305.0772328806,4440347.71887585
2017-07-01 16:49:54.456807017,0.3229,-1.0745,-0.2643,1093587.1372941309,-4246257.678325253,-703413.5499731442,4440881.41249878
2017-07-01 16:49:54.567340250,0.2142,-1.0872,-0.254,1093664.5037305928,-4246536.218722385,-703473.484003957,4441176.290842097
2017-07-01 16:49:54.655997991,0.4144,-1.1888,-0.192,1093726.5619309708,-4246759.642886877,-703521.5580758783,4441412.820196241
2017-07-01 16:49:54.856746971,0.2786,-0.8588,-0.1001,1093867.0924216155,-4247265.580000178,-703630.4169126041,4441948.433575268
2017-07-01 16:49:55.256763994,0.2569,-1.1575,-0.1665,1094147.1578087315,-4248273.907114783,-703847.3581702998,4443015.9009862365
2017-07-01 16:49:55.456723988,0.4292,-0.6995,-0.323,1094287.1736946865,-4248777.976342321,-703955.8154014805,4443549.5384660475
2017-07-01 16:49:55.566759700,0.2898,-0.8727,-0.2023,1094364.2263541971,-4249055.370475631,-704015.5006325196,4443843.204527189
2017-07-01 16:49:55.655974984,0.2891,-1.1649,-0.3154,1094426.7017812585,-4249280.2866975535,-704063.8950216946,4444081.314373238
2017-07-01 16:49:55.856746017,0.3441,-1.0816,-0.2305,1094567.311023433,-4249786.48417647,-704172.8115659212,4444617.206014341
2017-07-01 16:49:56.256736993,0.2695,-0.8912,-0.1397,1094847.4863257552,-4250795.111007075,-704389.8255524925,4445685.000134101
2017-07-01 16:49:56.456761002,0.2907,-1.0213,-0.341,1094987.6055853586,-4251299.537203423,-704498.3616630421,4446219.017659555
2017-07-01 16:49:56.568060270,0.2094,-0.7723,-0.0714,1095065.5746749514,-4251580.224408431,-704558.7552459487,4446516.170780529
2017-07-01 16:49:56.656391024,0.2484,-0.7741,-0.2567,1095127.455442947,-4251802.993031485,-704606.6875794418,4446752.0078590065
2017-07-01 16:49:56.856891989,0.2411,-0.9065,-0.2918,1095267.9275805757,-4252308.689414793,-704715.5003638095,4447287.370938853
2017-07-01 16:49:57.256748974,0.2379,-0.8219,-0.058,1095548.1077375193,-4253317.325851944,-704932.5138390585,4448355.17689708
2017-07-01 16:49:57.457247972,0.2538,-0.7934,-0.1071,1095688.6077724409,-4253823.115061197,-705041.3345112437,4448890.637316302
2017-07-01 16:49:57.567340250,0.5395,-1.1288,-0.2829,1095765.7616739676,-4254100.853253897,-705101.0904366696,4449184.669335208
2017-07-01 16:51:30.240023970,0.1351,-1.113,-0.0289,1161872.0857928405,-4497452.001762539,-755650.2020846605,4706169.193708729
2017-07-01 16:51:30.440083026,0.3139,-0.9081,-0.2973,1162014.8067387915,-4497977.377389138,-755759.3379148366,4706724.02796575
2017-07-01 16:51:30.640012025,0.2568,-0.7924,-0.2022,1162157.4451675569,-4498502.443146197,-755868.4108788274,4707278.535726898
2017-07-01 16:51:30.840093016,0.1155,-0.8175,-0.2659,1162300.1966580611,-4499027.9408004265,-755977.5774079611,4707833.499264593
2017-07-01 16:51:31.240002989,0.2442,-1.148,-0.0934,1162585.5588929935,-4500078.457823555,-756195.7879044442,4708942.91513059
2017-07-01 16:51:31.392389890,0.3228,-1.3003,-0.2688,1162694.3045290108,-4500478.790697948,-756278.9439140774,4709365.693202648
2017-07-01 16:51:31.440127015,0.2542,-0.7892,-0.1082,1162728.3710548098,-4500604.201835008,-756304.9938328979,4709498.135696338
2017-07-01 16:51:31.640008985,0.2654,-1.0553,-0.2355,1162871.0229314596,-4501129.357839636,-756414.0778685473,4710052.735286224
2017-07-01 16:51:31.840034008,0.3686,-0.8822,-0.2822,1163013.7916499444,-4501654.92498861,-756523.2512650873,4710607.771078684
2017-07-01 16:51:32.240065991,0.1525,-0.9139,-0.2597,1163299.3405982724,-4502706.158073284,-756741.6297580504,4711717.945293024
2017-07-01 16:51:32.393260120,0.31,-0.8028,-0.2461,1163408.7001860165,-4503108.751566842,-756825.2646044169,4712143.11256035
2017-07-01 16:51:32.440065026,0.3662,-1.1404,-0.2917,1163442.1132688515,-4503231.757151104,-756850.8179271404,4712273.015237836
2017-07-01 16:51:32.640031993,0.1901,-1.0391,-0.1057,1163584.8732739582,-4503757.3216798585,-756959.9949067411,4712828.047339105
2017-07-01 16:51:32.840072989,0.2626,-0.7653,-0.1987,1163727.6966380028,-4504283.111400383,-757069.2202555892,4713383.3181513585
2017-07-01 16:51:33.239382982,0.1475,-0.9794,-0.0963,1164012.815700252,-4505332.817875501,-757287.2647852766,4714491.874671797
2017-07-01 16:51:33.392460220,0.2218,-1.1858,-0.1978,1164122.1225412355,-4505735.255245305,-757370.8577474941,4714916.873362198
2017-07-01 16:51:33.440205991,0.2747,-0.8289,-0.2157,1164156.2166712766,-4505860.779928188,-757396.9314195495,4715049.435226866
2017-07-01 16:51:33.640142977,0.2272,-1.0562,-0.2814,1164298.996044153,-4506386.460886545,-757506.1270275228,4715604.586851533
2017-07-01 16:51:33.839217007,0.4483,-0.9862,-0.2839,1164441.1769276229,-4506909.912015919,-757614.8625830674,4716157.386003852
2017-07-01 16:51:34.240011990,0.2393,-0.7183,-0.1602,1164727.4675967128,-4507963.889557399,-757833.8051950412,4717270.45860465
2017-07-01 16:51:34.393199920,0.209,-1.0765,-0.1001,1164836.8957146741,-4508366.755784448,-757917.489643219,4717695.912136312
2017-07-01 16:51:34.440008997,0.2937,-1.237,-0.2173,1164870.3339090515,-4508489.860858326,-757943.0612709242,4717825.919256926
2017-07-01 16:51:34.639165997,0.2595,-0.9906,-0.1066,1165012.6125587348,-4509013.6711517535,-758051.8642403512,4718379.096992167
2017-07-01 16:51:34.839268982,0.2886,-0.794,-0.1951,1165155.578580216,-4509540.0013085175,-758161.1918300493,4718934.936878806
2017-07-01 16:51:35.240117013,0.3504,-0.9542,-0.2318,1165442.0256534733,-4510594.503752807,-758380.2350491459,4720048.566843089
2017-07-01 16:51:35.390719770,0.2281,-1.0409,-0.2836,1165549.6519593296,-4510990.714851907,-758462.5382876698,4720466.994127637
2017-07-01 16:51:35.439994990,0.2637,-0.96,-0.0618,1165584.866496114,-4511120.352187288,-758489.4669632412,4720603.900394239
2017-07-01 16:51:35.639263987,0.2509,-0.7682,-0.1666,1165727.2840508719,-4511644.636094612,-758598.3731466276,4721157.582089653
2017-07-01 16:51:35.840470016,0.2642,-1.152,-0.2805,1165871.0966982627,-4512174.063040299,-758708.349328906,4721716.695083623
2017-07-01 16:51:36.240025997,0.2363,-0.7621,-0.2284,1166156.7183270592,-4513225.523493664,-758926.7770677439,4722827.1163112065
2017-07-01 16:51:36.392889970,0.1639,-0.9668,-0.1763,1166265.9965991778,-4513627.818682837,-759010.3482807891,4723251.969692956
2017-07-01 16:51:36.440726995,0.219,-1.1629,-0.2676,1166300.194480741,-4513753.715003856,-759036.5015446268,4723384.925456958
2017-07-01 16:51:36.639990985,0.3478,-0.8616,-0.2219,1166442.6587529087,-4514278.167345863,-759145.45115397,4723938.787107835
2017-07-01 16:51:36.840023994,0.265,-0.9011,-0.0693,1166585.683440572,-4514804.6797613315,-759254.8240051732,4724494.823891593
2017-07-01 16:51:37.239224970,0.2549,-1.2102,-0.2349,1166871.1549273967,-4515855.620550485,-759473.1341590906,4725604.69351473
2017-07-01 16:51:37.393570060,0.2527,-0.7904,-0.1438,1166981.53423039,-4516261.969926078,-759557.5439424022,4726033.828147562
2017-07-01 16:51:37.439589977,0.1161,-0.906,-0.1063,1167014.4454445578,-4516383.129988173,-759582.7119990538,4726161.7819416495
2017-07-01 16:51:37.639990985,0.1531,-0.8707,-0.2081,1167157.7686811239,-4516910.775611448,-759692.3186402362,4726719.013314467
2017-07-01 16:51:37.840079009,0.3024,-1.2324,-0.2797,1167300.8801837496,-4517437.6465032315,-759801.7652968714,4727275.42644499
2017-07-01 16:51:38.240167021,0.2504,-0.9201,-0.0809,1167587.0803035256,-4518491.303751587,-760020.6234048035,4728388.160903359
2017-07-01 16:51:38.392460220,0.4004,-1.0536,-0.1509,1167696.0314491002,-4518892.40202219,-760103.9350778229,4728811.748741606
2017-07-01 16:51:38.440029978,0.2628,-0.7775,-0.1702,1167730.0636332645,-4519017.689400323,-760129.9583986588,4728944.0610226225
2017-07-01 16:51:38.640002012,0.3249,-1.2181,-0.2923,1167873.13989471,-4519544.41667483,-760239.3659854927,4729500.322315052
2017-07-01 16:51:38.840071022,0.2192,-0.9311,-0.1603,1168016.2943147267,-4520071.436654283,-760348.833045722,4730056.892274829
2017-07-01 16:51:39.239988982,0.2033,-1.1559,-0.2034,1168302.4782109414,-4521125.081801266,-760567.6792917718,4731169.6102200365
2017-07-01 16:51:39.392249820,0.1732,-0.8373,-0.2477,1168411.4410734088,-4521526.255722072,-760651.0064055459,4731593.276092215
2017-07-01 16:51:39.440078020,0.4033,-0.9985,-0.1424,1168445.6694286275,-4521652.274825545,-760677.1814582619,4731726.360561526
2017-07-01 16:51:39.639207005,0.3658,-0.881,-0.1212,1168588.191024106,-4522176.980479999,-760786.1640571378,4732280.4851788925
2017-07-01 16:51:39.839203000,0.2783,-0.8593,-0.1485,1168731.3442918826,-4522704.005079819,-760895.6271073244,4732837.0591059225
2017-07-01 16:51:40.240092992,0.1768,-0.8829,-0.1862,1169018.3220139316,-4523760.562565886,-761115.0746324506,4733952.853743208
2017-07-01 16:51:40.393409720,0.3119,-1.0385,-0.3289,1169128.081362799,-4524164.657769225,-761199.008071858,4734379.60572753
2017-07-01 16:51:40.439990997,0.1665,-0.8587,-0.2164,1169161.4292308954,-4524287.433388751,-761224.5095212508,4734509.265110427
2017-07-01 16:51:40.640157997,0.1916,-1.1426,-0.2019,1169304.7378891918,-4524815.065122446,-761334.1013093744,4735066.478670148
2017-07-01 16:51:40.840140998,0.3251,-0.9163,-0.1674,1169447.927816026,-4525342.2484883405,-761443.5990525804,4735623.219425808
2017-07-01 16:52:12.406756997,0.2102,-0.9858,-0.1031,1192259.4101037334,-4609538.597265459,-778830.1682782738,4824510.857245662
2017-07-01 16:52:12.606827020,0.3012,-0.9371,-0.2864,1192404.0019208307,-4610072.273396869,-778940.3762646288,4825074.277098196
2017-07-01 16:52:12.806801021,0.3094,-0.8955,-0.4024,1192548.5367150297,-4610605.729205396,-779050.5474493619,4825637.466499522
2017-07-01 16:52:13.205962002,-0.0023,-0.8796,-0.2753,1192837.0371034332,-4611670.681491128,-779270.5000906916,4826761.769957385
2017-07-01 16:52:13.406736016,0.4699,-1.1715,-0.2916,1192982.1688788105,-4612206.389150553,-779381.1458419348,4827327.335273408
2017-07-01 16:52:13.606860995,0.1124,-1.1539,-0.1052,1193126.8359934904,-4612740.411260623,-779491.4381258619,4827891.118341028
2017-07-01 16:52:13.699901500,0.3279,-0.8142,-0.2051,1193194.0963101403,-4612988.691598047,-779542.7161080431,4828153.235608615
2017-07-01 16:52:13.806728005,0.2498,-0.6094,-0.1414,1193271.3255747797,-4613273.76709016,-779601.5936663068,4828454.198955218
2017-07-01 16:52:14.206044971,0.1623,-1.0607,-0.1383,1193560.0340769163,-4614339.54705243,-779821.6997506738,4829579.370280578
2017-07-01 16:52:14.406912028,0.4112,-0.7204,-0.292,1193705.2787249787,-4614875.691792983,-779932.4307481245,4830145.395295085
2017-07-01 16:52:14.606746017,0.3038,-1.1528,-0.3799,1193849.7885053412,-4615409.125153325,-780042.6074220284,4830708.558737174
2017-07-01 16:52:14.689297900,0.3435,-1.3353,-0.1961,1193909.4881706964,-4615629.496807941,-780088.1229972021,4830941.21237144
2017-07-01 16:52:14.806828975,0.4268,-0.9659,-0.2254,1193994.4898967172,-4615943.258505129,-780152.9277153559,4831272.461605277
2017-07-01 16:52:15.205977976,0.2648,-0.9696,-0.218,1194283.2076882934,-4617008.9836657755,-780373.0466972535,4832397.585818893
2017-07-01 16:52:15.406279027,0.2478,-0.9028,-0.3746,1194428.102064165,-4617543.822351867,-780483.5218886638,4832962.235552873
2017-07-01 16:52:15.606857001,0.2864,-0.7613,-0.191,1194573.2082837364,-4618079.43109885,-780594.1574999961,4833527.699373483
2017-07-01 16:52:15.674402700,0.2647,-0.896,-0.0801,1194622.0747822223,-4618259.804279577,-780631.4149956917,4833718.12660395
2017-07-01 16:52:15.806729972,0.1126,-0.8754,-0.2673,1194717.810020902,-4618613.184682601,-780704.4100048714,4834091.204260234
2017-07-01 16:52:16.205977022,0.2228,-1.0127,-0.0966,1195006.6900870167,-4619679.536628878,-780924.6599896018,4835216.989451477
2017-07-01 16:52:16.406717002,0.2506,-0.8126,-0.1046,1195151.9480430014,-4620215.727295035,-781035.4051043454,4835783.064787116
2017-07-01 16:52:16.606880009,0.195,-1.1526,-0.2501,1195296.7963068387,-4620750.423004736,-781145.8419324015,4836347.560848799
2017-07-01 16:52:16.682902300,0.3408,-1.0594,-0.3373,1195351.8119227288,-4620953.507575574,-781187.7879992635,4836561.964201548
2017-07-01 16:52:16.807166993,0.1638,-0.9566,-0.223,1195441.742005288,-4621285.480796624,-781256.3557421652,4836912.439453277
2017-07-01 16:52:17.205991983,0.2605,-1.1202,-0.3699,1195730.4122009764,-4622351.120238687,-781476.4813470644,4838037.472811962
2017-07-01 16:52:17.406808018,0.3141,-0.8715,-0.2148,1195875.7758501589,-4622887.725289987,-781587.3274750924,4838603.986933805
2017-07-01 16:52:17.606782019,0.2074,-0.9794,-0.0891,1196020.538274453,-4623422.119489082,-781697.7123815536,4839168.165759254
2017-07-01 16:52:17.675201400,0.3771,-0.7577,-0.2797,1196070.0692555998,-4623604.96140567,-781735.4809353006,4839361.198738669
2017-07-01 16:52:17.806886970,0.2553,-0.7781,-0.1966,1196165.405084345,-4623956.887495085,-781808.1768105758,4839732.740458062
2017-07-01 16:52:18.206080973,0.2164,-0.8317,-0.1863,1196454.4423131866,-4625023.8551021395,-782028.578081066,4840859.178878302
2017-07-01 16:52:18.406749010,0.2273,-0.8614,-0.2828,1196599.7455658764,-4625560.236260948,-782139.3814395047,4841425.457689638
2017-07-01 16:52:18.606867015,0.2105,-1.0814,-0.2764,1196744.65897163,-4626095.190503625,-782249.8921544856,4841990.22966317
2017-07-01 16:52:18.711601900,0.24,-1.1073,-0.3469,1196820.5042996316,-4626375.179312243,-782307.7334693165,4842285.8248057095
2017-07-01 16:52:18.806719005,0.2439,-1.1215,-0.0655,1196889.386975525,-4626629.46696054,-782360.2638223269,4842554.285871286
2017-07-01 16:52:19.205982983,0.2207,-1.0829,-0.196,1197178.5643807705,-4627697.038537612,-782580.7967076992,4843681.358107513
2017-07-01 16:52:19.406722009,0.2611,-1.0656,-0.1646,1197323.965405295,-4628233.827315477,-782691.6812534312,4844248.064080168
2017-07-01 16:52:19.606823980,0.3144,-0.7564,-0.2145,1197468.9175814684,-4628768.942855074,-782802.2224904501,4844813.005106534
2017-07-01 16:52:19.672000600,0.3507,-0.7902,-0.1344,1197516.132463778,-4628943.242456927,-782838.228224965,4844997.019706932
2017-07-01 16:52:19.806774973,0.2002,-1.0733,-0.317,1197613.768597282,-4629303.684440706,-782912.6878330664,4845377.551675419
2017-07-01 16:52:20.205972015,0.18,-1.0316,-0.0903,1197902.9921399602,-4630371.465552441,-783133.2490128455,4846504.840943579
2017-07-01 16:52:20.406985998,0.2365,-0.729,-0.1245,1198048.6389884264,-4630909.171673922,-783244.316693184,4847072.514137563
2017-07-01 16:52:20.606724023,0.2406,-1.2215,-0.2442,1198193.370926572,-4631443.513379718,-783354.6891018348,4847636.63455681
2017-07-01 16:52:20.673699300,0.4272,-1.0851,-0.3006,1198241.9037204813,-4631622.691360312,-783391.7000413835,4847825.798298568
2017-07-01 16:52:20.806744992,0.1774,-1.0653,-0.1122,1198338.3167515933,-4631978.645414444,-783465.2238743852,4848201.589248431
2017-07-01 16:52:21.206080019,0.1591,-0.9777,-0.2299,1198627.7246637414,-4633047.193092633,-783685.9414270543,4849329.682600114
2017-07-01 16:52:21.406710982,0.2825,-0.9401,-0.1034,1198773.1382267668,-4633584.082788461,-783796.8368763294,4849896.490720392
2017-07-01 16:52:21.606738984,0.2608,-0.9598,-0.0536,1198918.1252098777,-4634119.397359681,-783907.4011934763,4850461.635101131
2017-07-01 16:52:21.675702000,0.1802,-0.8742,-0.2225,1198968.112766433,-4634303.960213925,-783945.5211584975,4850656.482501068
2017-07-01 16:52:21.806738972,0.2603,-0.8187,-0.0679,1199063.0988424618,-4634654.663075022,-784017.9542607911,4851026.727773412
2017-07-01 16:52:22.205991983,0.2466,-0.9129,-0.2524,1199352.5486609451,-4635723.355669845,-784238.6889572379,4852154.973569966
2017-07-01 16:52:22.406817972,0.0804,-0.8763,-0.2398,1199498.1464124622,-4636260.948003097,-784349.7291343478,4852722.522339253
2017-07-01 16:52:22.606760978,0.2392,-1.2399,-0.1838,1199643.1135686466,-4636796.2262414275,-784460.2884426324,4853287.626729216
2017-07-01 16:52:22.671499900,0.2353,-1.0432,-0.2302,1199690.053017957,-4636969.546684091,-784496.0870608644,4853470.604711612
2017-07-01 16:52:22.807057976,0.1942,-1.051,-0.0728,1199788.3440037947,-4637332.485011247,-784571.047815029,4853853.765413367
2017-07-01 16:52:23.690597200,0.295,-0.8956,-0.0918,1200429.2144077262,-4639698.740359679,-785059.6980157685,4856351.864264713
2017-07-01 16:52:51.373219013,0.2155,-0.8901,-0.1688,1220673.798206748,-4714519.211749977,-800499.204848291,4935335.33780136
2017-07-01 16:52:51.573244988,0.3106,-0.885,-0.3363,1220820.0916705125,-4715059.87650566,-800610.7793556452,4935906.092631871
2017-07-01 16:52:51.773221015,0.4604,-1.0639,-0.2799,1220966.367015277,-4715600.448799059,-800722.3371953164,4936476.752034785
2017-07-01 16:52:51.973621010,0.2685,-0.9931,-0.0863,1221112.963260543,-4716142.207039654,-800834.1350139298,4937048.662699944
2017-07-01 16:52:52.172502994,0.2123,-0.6382,-0.0782,1221258.4574504457,-4716679.88675623,-800945.0890677719,4937616.267970486
2017-07-01 16:52:52.373380005,0.3856,-1.0904,-0.3159,1221405.426682727,-4717223.004050455,-801057.1688721202,4938189.615038515
2017-07-01 16:52:52.573409974,0.1462,-1.0376,-0.1259,1221551.78203674,-4717763.872687859,-801168.7811048866,4938760.586468328
2017-07-01 16:52:52.773262977,0.261,-0.8263,-0.2374,1221698.0183352064,-4718304.295823601,-801280.3040766434,4939331.08848686
2017-07-01 16:52:52.973321974,0.3211,-1.3629,-0.2824,1221844.418215036,-4718845.330536536,-801391.9533008672,4939902.235739599
2017-07-01 16:52:53.172510027,0.3798,-1.0734,-0.1132,1221990.1958212866,-4719384.052477672,-801503.1209586707,4940470.941759541
2017-07-01 16:52:53.373247981,0.2146,-0.7626,-0.114,1222137.1163842839,-4719926.996994489,-801615.1582162022,4941044.105255841
2017-07-01 16:52:53.573144972,0.2558,-1.0549,-0.204,1222283.4316660203,-4720467.709075312,-801726.7342612348,4941614.911764896
2017-07-01 16:52:53.773204982,0.2426,-1.0798,-0.0844,1222429.8759798917,-4721008.905332886,-801838.4046762349,4942186.228091204
2017-07-01 16:52:53.973412990,0.3795,-0.7671,-0.279,1222576.4438401773,-4721550.532698008,-801950.1688846641,4942758.002090319
2017-07-01 16:52:54.172666013,0.2899,-1.1113,-0.4126,1222722.3240865811,-4722089.620640647,-802061.4163627865,4943327.096480638
2017-07-01 16:52:54.373214006,0.3672,-1.0858,-0.1912,1222869.167195319,-4722632.255852721,-802173.394541974,4943899.936184846
2017-07-01 16:52:54.573202013,0.2288,-0.8705,-0.0573,1223015.6094279934,-4723173.410691574,-802285.06233854,4944471.212336053
2017-07-01 16:52:54.773236989,0.3011,-0.9939,-0.3014,1223162.098102169,-4723714.732395464,-802396.7684215194,4945042.665665984
2017-07-01 16:52:54.973393023,0.1853,-1.1789,-0.2231,1223308.6828525406,-4724256.428928284,-802508.5510451813,4945614.513315133
2017-07-01 16:52:55.172492980,0.3935,-0.6979,-0.3045,1223454.5097810465,-4724795.29499,-802619.7559443159,4946183.376068395
2017-07-01 16:52:55.373219013,0.2191,-1.1136,-0.3605,1223601.5365253428,-4725338.606910965,-802731.8835936314,4946756.932282829
2017-07-01 16:52:55.573184013,0.4221,-1.3123,-0.1278,1223748.0227102987,-4725879.91139188,-802843.5912322104,4947328.369126849
2017-07-01 16:52:55.773443996,0.2678,-0.7318,-0.0729,1223894.7357276096,-4726422.043738786,-802955.466582485,4947900.6801871415
2017-07-01 16:52:55.973358988,0.2997,-0.8603,-0.249,1224041.207977926,-4726963.276528585,-803067.1591548817,4948472.042822007
2017-07-01 16:52:56.172428011,0.3308,-1.2782,-0.3099,1224187.0735189787,-4727502.269667221,-803178.3913649819,4949041.041356934
2017-07-01 16:52:56.373247027,0.4229,-0.7254,-0.3987,1224334.2384021387,-4728046.03028699,-803290.617483596,4949615.07674824
2017-07-01 16:52:56.573244988,0.2936,-1.0573,-0.336,1224480.8133407056,-4728587.61001513,-803402.3982018437,4950186.810744074
2017-07-01 16:52:56.772239983,0.4218,-1.348,-0.1108,1224626.6699262408,-4729126.527164775,-803513.6227406474,4950755.733477264
2017-07-01 16:52:56.973369002,0.2216,-0.7966,-0.0919,1224774.0996433848,-4729671.255891231,-803626.0437699605,4951330.791028445
2017-07-01 16:52:57.172437012,0.4287,-0.7434,-0.4966,1224920.035607494,-4730210.432133758,-803737.3324779613,4951899.991469788
2017-07-01 16:52:57.373202979,0.3891,-0.9409,-0.564,1225067.2320205504,-4730754.245222236,-803849.5931597129,4952474.09080368
2017-07-01 16:52:57.573208987,0.4454,-0.6268,-0.2968,1225213.889068399,-4731296.02488966,-803961.440774051,4953046.04736866
2017-07-01 16:52:57.773438990,0.2016,-1.1449,-0.3958,1225360.7184460992,-4731838.457219932,-804073.4295195931,4953618.692995622
2017-07-01 16:52:57.973206996,0.5594,-0.9108,-0.3402,1225507.231363865,-4732379.674326513,-804185.1734464198,4954190.059867999
2017-07-01 16:52:58.172446012,0.2088,-0.8668,-0.1364,1225653.3646008198,-4732919.492687144,-804296.6268874714,4954759.949628014
2017-07-01 16:52:58.373187005,0.2538,-0.8366,-0.1526,1225800.6097005783,-4733463.414217972,-804408.9266772538,4955334.17135519
2017-07-01 16:52:58.573381006,0.2435,-1.1508,-0.381,1225947.4633363006,-4734005.899757691,-804520.9357349088,4955906.877437984
2017-07-01 16:52:58.773245990,0.2676,-0.8312,-0.2232,1226094.0863089757,-4734547.526930537,-804632.7696226572,4956478.6781743085
2017-07-01 16:52:58.973174989,0.4141,-0.9643,-0.3569,1226240.7727959433,-4735089.366126431,-804744.6535956839,4957050.705365201
2017-07-01 16:52:59.172481000,0.4915,-1.1299,-0.2898,1226387.0217248374,-4735629.56180924,-804856.2004447726,4957620.999746863
2017-07-01 16:52:59.373187005,0.2444,-1.0944,-0.0946,1226534.3078016713,-4736173.596098006,-804968.5346480736,4958195.345321109
2017-07-01 16:52:59.573266983,0.2047,-0.5653,-0.1752,1226681.1426694572,-4736715.956106229,-805080.5254806246,4958767.924305427
2017-07-01 16:52:59.773202002,0.353,-1.2873,-0.4703,1226827.8852654328,-4737257.974630308,-805192.4539750043,4959340.144233061
2017-07-01 16:52:59.973255991,0.3051,-0.8333,-0.2693,1226974.7273902013,-4737800.349028895,-805304.4598495046,4959912.74136613
2017-07-01 16:53:00.172699987,0.3374,-0.9513,-0.4489,1227121.1351935605,-4738341.107491701,-805416.1420585028,4960483.635017136
2017-07-01 16:53:00.373183012,0.3689,-1.1042,-0.2616,1227268.3205544536,-4738884.727486466,-805528.4166048543,4961057.550663865
2017-07-01 16:53:00.573189973,0.1443,-0.9081,-0.0719,1227415.1621835867,-4739427.09293583,-805640.4274219433,4961630.140176608
2017-07-01 16:53:00.772293984,0.2522,-0.6418,-0.1361,1227561.350880363,-4739967.035268501,-805751.9379511278,4962200.172415386
2017-07-01 16:53:00.973313987,0.3985,-1.4166,-0.2222,1227708.9624643256,-4740512.230747932,-805864.5305329217,4962775.750319271
2017-07-01 16:53:01.172462999,0.2935,-0.9443,-0.1836,1227855.2117957436,-4741052.389278948,-805976.0824423969,4963346.010957808
2017-07-01 16:53:01.372596025,0.3748,-0.7669,-0.3818,1228002.1987708139,-4741595.247500894,-806088.2008326717,4963919.124928474
2017-07-01 16:53:01.573312997,0.3465,-1.1755,-0.2772,1228149.6285824564,-4742139.737026471,-806200.6575284253,4964493.961711705
2017-07-01 16:53:01.773172020,0.17,-0.9531,-0.0884,1228296.4350073156,-4742681.937244425,-806312.6370678444,4965066.380101227
2017-07-01 16:53:01.973390996,0.2207,-0.6592,-0.157,1228443.5146829558,-4743225.140409459,-806424.8245800389,4965639.85797177
2017-07-01 16:53:45.674112021,0.4827,-1.1741,-0.4428,1261467.6436762002,-4864029.420098616,-831757.0292295626,5093319.405976779
2017-07-01 16:53:45.874035000,0.3255,-1.0956,-0.2625,1261618.7361670693,-4864582.121852054,-831872.9300248721,5093903.574607453
2017-07-01 16:53:46.274267017,0.3752,-0.7167,-0.3057,1261921.27301591,-4865688.707452447,-832105.004393165,5095073.172728387
2017-07-01 16:53:46.473630011,0.2684,-1.2216,-0.3283,1262071.9829016293,-4866239.966826003,-832220.6179906491,5095655.822538325
2017-07-01 16:53:46.674066007,0.3837,-1.2467,-0.129,1262223.5193458989,-4866794.243247133,-832336.8590206465,5096241.660849467
2017-07-01 16:53:46.740829700,0.2868,-1.1752,-0.2202,1262273.996251638,-4866978.873710248,-832375.5789977318,5096436.804598558
2017-07-01 16:53:46.874253988,0.2559,-0.6533,-0.071,1262374.8766710826,-4867347.861156028,-832452.9604235856,5096826.8032245785
2017-07-01 16:53:47.274065017,0.3007,-1.1259,-0.2074,1262677.2168083559,-4868453.726253584,-832684.8700056345,5097995.638606962
2017-07-01 16:53:47.473860025,0.2881,-0.7516,-0.2655,1262828.3148115266,-4869006.3831471605,-832800.7712958272,5098579.766610349
2017-07-01 16:53:47.674049973,0.31,-1.2605,-0.3295,1262979.7239176233,-4869560.183007841,-832916.9148961683,5099165.102846009
2017-07-01 16:53:47.742120140,0.3165,-1.0292,-0.2859,1263031.2087040595,-4869748.495178622,-832956.4082850625,5099364.138650822
2017-07-01 16:53:47.874063014,0.3282,-1.2258,-0.0838,1263131.009246872,-4870113.528830289,-833032.9612122806,5099749.9590355335
2017-07-01 16:53:48.273579001,0.2836,-0.8656,-0.266,1263433.2452351865,-4871218.969424207,-833264.8018509977,5100918.3529289635
2017-07-01 16:53:48.473734974,0.3367,-1.1774,-0.2522,1263584.6777919861,-4871772.838079863,-833380.9632231066,5101503.763956866
2017-07-01 16:53:48.674274027,0.4245,-0.6954,-0.3175,1263736.4172483329,-4872327.794754989,-833497.3596858783,5102090.328524672
2017-07-01 16:53:48.740110270,0.2534,-0.719,-0.104,1263786.2338592687,-4872509.988132986,-833535.5726727827,5102282.898885445
2017-07-01 16:53:48.873956978,0.18,-1.2418,-0.2437,1263887.515484329,-4872880.414016921,-833613.2649847902,5102674.421973782
2017-07-01 16:53:49.274197995,0.2609,-0.8057,-0.0486,1264190.4191212999,-4873988.225407811,-833845.5956299161,5103845.326277383
2017-07-01 16:53:49.473657011,0.3298,-0.8019,-0.2596,1264341.3834409495,-4874540.332086855,-833961.387299296,5104428.87878056
2017-07-01 16:53:49.674053013,0.3761,-1.2494,-0.3804,1264493.0720397658,-4875095.082536615,-834077.7381921904,5105015.226848696
2017-07-01 16:53:49.736439820,0.3642,-1.1812,-0.2616,1264540.2967912923,-4875267.790725354,-834113.9612937764,5105197.77226292
2017-07-01 16:53:49.873816013,0.2944,-0.6302,-0.2103,1264644.2915862175,-4875648.107279335,-834193.728790084,5105599.751979278
2017-07-01 16:53:50.274114012,0.3655,-1.0758,-0.2609,1264947.3787015334,-4876756.477177754,-834426.2036581037,5106771.259605263
2017-07-01 16:53:50.473619997,0.1843,-0.7627,-0.032,1265098.4427340028,-4877308.912066053,-834542.0689322274,5107355.162737817
2017-07-01 16:53:50.674152970,0.2995,-0.9301,-0.1789,1265250.2964359438,-4877864.22810117,-834658.5378350102,5107942.111574987
2017-07-01 16:53:50.741350050,0.3279,-1.0018,-0.3192,1265301.182941625,-4878050.314820998,-834697.5671232868,5108138.798627173
2017-07-01 16:53:50.874100983,0.1594,-1.2548,-0.3946,1265401.7143913244,-4878417.959837896,-834774.6782376224,5108527.385957735
2017-07-01 16:53:51.274176001,0.2573,-1.1236,-0.3423,1265704.7298788961,-4879526.121248235,-835007.1248426213,5109698.673084313
2017-07-01 16:53:51.473623991,0.2986,-1.0861,-0.2077,1265855.8030011116,-4880078.612258647,-835123.0138923347,5110282.63642516
2017-07-01 16:53:51.674045026,0.1994,-0.7677,-0.0101,1266007.6211719397,-4880633.82953909,-835239.4687345485,5110869.4803368645
2017-07-01 16:53:51.743029710,0.4215,-0.683,-0.2166,1266059.8788132532,-4880824.937922874,-835279.5533847419,5111071.475110975
2017-07-01 16:53:51.874212026,0.3493,-1.0378,-0.2063,1266159.2587435213,-4881188.370368393,-835355.7825105597,5111455.610576641
2017-07-01 16:53:52.274049997,0.2921,-0.7462,-0.2129,1266462.2111296284,-4882296.215888096,-835588.1595938628,5112626.570007634
2017-07-01 16:53:52.473662972,0.261,-1.0672,-0.2095,1266613.4658618674,-4882849.33329654,-835704.1786365038,5113211.1982361525
2017-07-01 16:53:52.674652993,0.4127,-1.1797,-0.1909,1266765.7807087558,-4883406.314085789,-835821.0057575321,5113799.910564858
2017-07-01 16:53:52.741419790,0.303,-1.1142,-0.2778,1266816.3794692908,-4883591.342284693,-835859.8157518625,5113995.479986117
2017-07-01 16:53:52.874117016,0.2132,-0.7928,-0.0686,1266916.9469087352,-4883959.094848815,-835936.9507871025,5114384.183478227
2017-07-01 16:53:53.274167001,0.3327,-1.0252,-0.3001,1267220.1866173442,-4885067.943799376,-836169.5422572003,5115556.208302805
2017-07-01 16:53:53.473634004,0.253,-0.7285,-0.2427,1267371.3935792018,-4885620.850637638,-836285.5232301197,5116140.617869332
2017-07-01 16:53:53.674197018,0.2214,-1.1237,-0.3098,1267523.4402836247,-4886176.840733578,-836402.1539453594,5116728.286093961
2017-07-01 16:53:53.741239780,0.2845,-0.9385,-0.1703,1267574.2666413086,-4886362.697322832,-836441.1411875697,5116924.7320935335
2017-07-01 16:53:53.874086022,0.371,-1.0596,-0.2207,1267674.9863815282,-4886730.99365182,-836518.3988897684,5117314.012946227
2017-07-01 16:53:54.274121999,0.2699,-0.9426,-0.1717,1267978.3239614205,-4887840.184386289,-836751.0702105599,5118486.402408032
2017-07-01 16:53:54.473737001,0.2642,-1.12,-0.3506,1268129.6977038293,-4888393.707009479,-836867.1854535938,5119071.463753686
2017-07-01 16:53:54.674058020,0.3623,-0.7101,-0.2162,1268281.6213776006,-4888949.215878485,-836983.7200596584,5119658.626725805
2017-07-01 16:53:54.741279720,0.155,-0.8121,-0.0349,1268332.6030867514,-4889135.631591827,-837022.8257209571,5119855.664658089
2017-07-01 16:53:54.874051988,0.2773,-1.1042,-0.3172,1268433.303987732,-4889503.8481877465,-837100.0704682542,5120244.862903138
2017-07-01 16:53:55.274150013,0.2076,-0.7878,-0.0761,1268736.790886995,-4890613.563935632,-837332.8531775374,5121417.809875684
2017-07-01 16:53:55.473631024,0.2795,-0.7961,-0.1366,1268888.1146117281,-4891166.878074074,-837448.9194965244,5122002.652218924
2017-07-01 16:53:55.674009978,0.2646,-1.1288,-0.362,1269040.130128598,-4891722.728221764,-837565.5228108853,5122590.175553736
2017-07-01 16:53:55.740429750,0.2875,-1.0378,-0.2212,1269090.5201017775,-4891906.980892728,-837604.1743805141,5122784.92724991
2017-07-01 16:53:55.874046981,0.2959,-0.7274,-0.2178,1269191.8953304281,-4892277.656574528,-837681.93396664,5123176.7253028555
2017-07-01 16:53:56.273998975,0.3725,-1.0591,-0.208,1269495.3980015512,-4893387.357125576,-837914.7224102041,5124349.663562715
2017-07-01 16:53:56.740399950,0.2285,-1.0697,-0.3266,1269849.3750380322,-4894681.658672367,-838186.2579278857,5125717.723207873
2017-07-01 16:54:07.973299026,0.1981,-0.7926,-0.0461,1278399.6282237784,-4925953.897767045,-844731.7931940357,5158769.156960006
2017-07-01 16:54:08.173337996,0.4162,-1.128,-0.2039,1278551.9104536043,-4926510.848691441,-844848.3662866193,5159357.798410205
2017-07-01 16:54:08.372520029,0.2708,-0.7981,-0.0198,1278703.5510727346,-4927065.445384864,-844964.4407830613,5159943.951325383
2017-07-01 16:54:08.573502004,0.2894,-0.7368,-0.1053,1278856.573707821,-4927625.083546865,-845081.5684597093,5160535.433214879
2017-07-01 16:54:08.772625982,0.4716,-1.1242,-0.3101,1279008.2004097,-4928179.592655537,-845197.625633977,5161121.496395824
2017-07-01 16:54:08.973381996,0.5289,-0.7335,-0.2686,1279161.0911723613,-4928738.676127308,-845314.644847478,5161712.398372855
2017-07-01 16:54:09.173255980,0.3569,-0.8944,-0.3367,1279313.3244610352,-4929295.338973238,-845431.1633831711,5162300.744143667
2017-07-01 16:54:09.373247027,0.5413,-1.2289,-0.2021,1279465.6685603764,-4929852.376999305,-845547.7582451857,5162889.48821334
2017-07-01 16:54:09.573437988,0.2147,-0.7976,-0.0765,1279618.1735495336,-4930410.003813751,-845664.4727229901,5163478.854048965
2017-07-01 16:54:09.772481024,0.2899,-0.7244,-0.1315,1279769.8155375023,-4930964.46181177,-845780.5231522551,5164064.871567285
2017-07-01 16:54:09.973249971,0.4001,-1.2921,-0.3406,1279922.7885471785,-4931523.779621886,-845897.5935889061,5164656.026538265
2017-07-01 16:54:10.172564029,0.4179,-0.6064,-0.2137,1280074.6696266546,-4932079.068378521,-846013.824154293,5165242.92625405
2017-07-01 16:54:10.373332023,0.3024,-1.0776,-0.3338,1280227.6708219189,-4932638.451234999,-846130.9160413737,5165834.1540182205
2017-07-01 16:54:10.573328018,0.5717,-1.1733,-0.231,1280380.1065595676,-4933195.730066173,-846247.5669229137,5166423.1604602
2017-07-01 16:54:10.772523999,0.2042,-0.7427,-0.0551,1280531.9406338446,-4933750.809167995,-846363.7533697328,5167009.841384805
2017-07-01 16:54:10.973277986,0.3403,-0.8742,-0.2186,1280684.97598907,-4934310.265038212,-846480.8573757691,5167601.149594385
2017-07-01 16:54:11.173295021,0.486,-1.3254,-0.3066,1280837.4690069281,-4934867.720215232,-846597.5437683553,5168190.344709545
2017-07-01 16:54:11.373254001,0.433,-0.6293,-0.2958,1280989.9350765415,-4935425.038752408,-846714.2081198306,5168779.399156401
2017-07-01 16:54:11.573428988,0.2723,-1.1334,-0.2657,1281142.5767596948,-4935983.004751957,-846831.0091453427,5169369.1378384605
2017-07-01 16:54:11.772494018,0.3499,-1.228,-0.0915,1281294.3859203067,-4936537.925528935,-846947.1661427907,5169955.657045205
2017-07-01 16:54:11.973154008,0.2493,-0.6755,-0.1036,1281447.4214527137,-4937097.319671915,-847064.2579912447,5170546.904827928
2017-07-01 16:54:12.173457026,0.3396,-0.8076,-0.2904,1281600.1983617202,-4937655.751060591,-847181.1531857639,5171137.137103955
2017-07-01 16:54:12.373254001,0.387,-1.1543,-0.2293,1281752.6047456723,-4938212.817713608,-847297.7622111366,5171725.927642656
2017-07-01 16:54:12.572561025,0.4644,-0.6798,-0.321,1281904.6558394288,-4938768.545306974,-847414.0980338636,5172313.306860182
2017-07-01 16:54:12.772505998,0.4951,-1.3051,-0.2957,1282057.2134168295,-4939326.103868233,-847530.8180499155,5172902.6229354665
2017-07-01 16:54:12.973369002,0.3242,-1.1637,-0.087,1282210.4845300326,-4939886.269364629,-847648.0774864777,5173494.693547337
2017-07-01 16:54:13.173367023,0.2276,-0.6879,-0.0861,1282363.1047105896,-4940444.050117269,-847764.8354087803,5174084.24369161
2017-07-01 16:54:13.373260021,0.3436,-1.0712,-0.228,1282515.658476505,-4941001.580770135,-847881.5411293838,5174673.530107801
2017-07-01 16:54:13.573517978,0.2747,-1.0532,-0.1994,1282668.5017871477,-4941560.17158349,-847998.4679245896,5175263.93688859
2017-07-01 16:54:13.772493004,0.3667,-0.6805,-0.28,1282820.3804416498,-4942115.210786771,-848114.6567263918,5175850.592522987
2017-07-01 16:54:13.973483979,0.3216,-1.1537,-0.3493,1282973.810872124,-4942675.920069703,-848232.0368254173,5176443.242084049
2017-07-01 16:54:14.173560976,0.3685,-1.1275,-0.0778,1283126.5583507917,-4943234.124741295,-848348.8862694593,5177033.244010185
2017-07-01 16:54:14.373283028,0.2364,-0.6647,-0.0491,1283279.0442787493,-4943791.365648495,-848465.5303762223,5177622.2273146
2017-07-01 16:54:14.573264002,0.3923,-1.2137,-0.197,1283431.7435802587,-4944349.377508076,-848582.3335802681,5178212.025801811
2017-07-01 16:54:14.772523999,0.2188,-1.063,-0.1767,1283583.9010533306,-4944905.419813629,-848698.7226979295,5178799.741624944
2017-07-01 16:54:14.973276972,0.3826,-0.7298,-0.2992,1283737.2140013545,-4945465.657735507,-848815.9959312986,5179391.894943083
2017-07-01 16:54:15.173654019,0.2255,-1.1442,-0.2612,1283890.2489126616,-4946024.892507793,-848933.0600485887,5179982.987327585
2017-07-01 16:54:15.373302996,0.4359,-1.2218,-0.0875,1284042.745146468,-4946582.144001134,-849049.7023011337,5180571.983448524
2017-07-01 16:54:15.572548985,0.2451,-0.7295,-0.0585,1284194.9432994856,-4947138.299652386,-849166.1114357028,5181159.82122674
2017-07-01 16:54:15.772502005,0.3395,-0.9659,-0.2127,1284347.6951063178,-4947696.467458264,-849282.94215595,5181749.786689913
2017-07-01 16:54:15.973362028,0.241,-1.2132,-0.2186,1284501.1495307304,-4948257.216104505,-849400.3116491142,5182342.478966986
2017-07-01 16:54:16.173260986,0.4501,-0.626,-0.3127,1284653.887699895,-4948815.306723352,-849517.132053958,5182932.365842234
2017-07-01 16:54:16.373227000,0.2071,-1.0557,-0.2872,1284806.685386183,-4949373.626767052,-849634.0031302411,5183522.494928077
2017-07-01 16:54:16.573258996,0.4246,-1.2647,-0.1849,1284959.5504799576,-4949932.181641611,-849750.9201683806,5184112.87257019
2017-07-01 16:54:16.772516012,0.2441,-0.7453,-0.1013,1285111.8330231172,-4950488.602108996,-849867.3882591053,5184700.9943306735
2017-07-01 16:54:16.973442018,0.2902,-0.8212,-0.1979,1285265.4028107119,-4951049.716344051,-849984.8398837656,5185294.078198933
2017-07-01 16:54:17.173277974,0.4911,-1.2517,-0.1724,1285418.1590738061,-4951607.836446506,-850101.6612026119,5185883.998318376
2017-07-01 16:54:17.373305976,0.4267,-0.6452,-0.3158,1285571.0792112362,-4952166.518727791,-850218.6074244146,5186474.516405491
2017-07-01 16:54:17.572436988,0.3121,-1.4402,-0.234,1285723.325981258,-4952722.752806227,-850335.038500524,5187062.445627437
2017-07-01 16:54:17.772494971,0.353,-1.0558,-0.1168,1285876.2956005218,-4953281.618455871,-850452.0162474385,5187653.156414706
2017-07-01 16:54:17.972675979,0.1624,-0.6307,-0.1044,1286029.3657957148,-4953840.8530517975,-850569.0701129969,5188244.256980079
2017-07-01 16:54:18.173520982,0.3946,-1.3002,-0.1626,1286182.9596382703,-4954401.995062181,-850686.5188021427,5188837.373401837
2017-07-01 16:54:18.373336970,0.2653,-1.0259,-0.2023,1286335.7771462465,-4954960.303062154,-850803.3738284511,5189427.494185279
2017-07-01 16:54:18.573486983,0.4604,-0.6369,-0.3519,1286488.868557238,-4955519.569879201,-850920.4382941107,5190018.632787754
2017-07-01 16:55:29.523257970,0.203,-1.0963,-0.2511,1341779.0421665327,-5159288.763706446,-893681.8024813128,5405302.832348173
2017-07-01 16:55:29.723285019,0.1801,-0.8598,-0.175,1341934.927680641,-5159863.279884806,-893802.3656086257,5405909.829621689
2017-07-01 16:55:29.923241019,0.4394,-0.7669,-0.4128,1342090.7753929559,-5160437.622659269,-893922.9024170176,5406516.647733342
2017-07-01 16:55:30.123790979,0.3331,-1.3417,-0.2623,1342247.0994410305,-5161013.7254557945,-894043.807824175,5407125.325032675
2017-07-01 16:55:30.322556018,0.2775,-0.903,-0.0869,1342402.043147876,-5161584.73653703,-894163.6405905248,5407728.62244896
2017-07-01 16:55:30.523244976,0.2718,-0.8356,-0.0276,1342558.497558165,-5162161.308296574,-894284.6343733601,5408337.794509153
2017-07-01 16:55:30.723367989,0.2511,-1.1077,-0.3057,1342714.5208217092,-5162736.298480134,-894405.2991954852,5408945.2956467215
2017-07-01 16:55:30.923219978,0.3394,-0.6599,-0.2242,1342870.3463408854,-5163310.536318895,-894525.8095575386,5409552.004141191
2017-07-01 16:55:31.123314023,0.3898,-1.2009,-0.3605,1343026.37619891,-5163885.517742124,-894646.4803124553,5410159.499705003
2017-07-01 16:55:31.322556972,0.5528,-1.0874,-0.17,1343181.7643319862,-5164458.096660758,-894766.6445453586,5410764.459148985
2017-07-01 16:55:31.523241996,0.1886,-0.8226,-0.0105,1343338.2847246786,-5165034.852904736,-894887.6789224417,5411373.830813658
2017-07-01 16:55:31.723330020,0.2492,-0.821,-0.1506,1343494.3494755747,-5165609.926276857,-895008.3592744423,5411981.424644206
2017-07-01 16:55:31.923223018,0.3697,-1.3197,-0.3076,1343650.2768821805,-5166184.49185591,-895128.9342900194,5412588.482367864
2017-07-01 16:55:32.123251974,0.2928,-0.6891,-0.2094,1343806.3220588097,-5166759.475799958,-895249.5996935879,5413195.983679643
2017-07-01 16:55:32.322497010,0.3546,-1.1314,-0.4311,1343961.7697664222,-5167332.251278162,-895369.8093195654,5413801.1534534665
2017-07-01 16:55:32.523288011,0.3867,-1.2262,-0.1865,1344118.4392011536,-5167909.520423484,-895490.9591848914,5414411.071193811
2017-07-01 16:55:32.723245978,0.251,-0.7253,-0.0509,1344274.4686875264,-5168484.423616534,-895611.6084634493,5415018.489123223
2017-07-01 16:55:32.923326015,0.3421,-1.0354,-0.2463,1344430.6071214695,-5169059.719224663,-895732.3412556606,5415626.322545464
2017-07-01 16:55:33.123372018,0.228,-1.1188,-0.1957,1344586.7281201598,-5169634.961746491,-895853.0613425928,5416234.098953387
2017-07-01 16:55:33.322476983,0.422,-0.6637,-0.2435,1344742.1314380697,-5170207.524576295,-895973.2232022188,5416839.047262278
2017-07-01 16:55:33.523379981,0.3152,-1.3932,-0.3803,1344898.9508599357,-5170785.314211993,-896094.4855426152,5417449.518058701
2017-07-01 16:55:33.723410010,0.4034,-1.0354,-0.114,1345055.105006764,-5171360.63464938,-896215.2255320647,5418057.380609907
2017-07-01 16:55:33.923258006,0.1885,-0.8794,-0.0323,1345211.1245774326,-5171935.466651402,-896335.856934736,5418664.725679239
2017-07-01 16:55:34.123215973,0.3818,-1.008,-0.3181,1345367.245267074,-5172510.655271135,-896456.5674362899,5419272.449400436
2017-07-01 16:55:34.322466015,0.1336,-0.9652,-0.1991,1345522.8185358534,-5173083.845829873,-896576.8584825039,5419878.060837994
2017-07-01 16:55:34.523308992,0.3922,-0.6805,-0.3441,1345679.6513794998,-5173661.646298328,-896698.125094196,5420488.546437731
2017-07-01 16:55:34.723340988,0.3701,-1.2892,-0.2117,1345835.8657587748,-5174237.1652589915,-896818.9105158711,5421096.621364441
2017-07-01 16:55:34.922500014,0.4005,-1.0272,-0.0918,1345991.4142803408,-5174810.21331072,-896939.1724528125,5421702.08607792
2017-07-01 16:55:35.123311996,0.2203,-0.7514,-0.0412,1346148.262688413,-5175388.047777916,-897060.4341866437,5422312.6074401755
2017-07-01 16:55:35.322485029,0.3268,-1.2499,-0.195,1346303.8439251345,-5175961.215769182,-897180.7139651738,5422918.197873304
2017-07-01 16:55:35.523386001,0.2455,-1.0326,-0.1849,1346460.78482598,-5176539.397994756,-897302.0447017719,5423529.085705366
2017-07-01 16:55:35.723420977,0.2653,-0.8206,-0.2544,1346617.0598391287,-5177115.120765756,-897422.8626143247,5424137.376012346
2017-07-01 16:55:35.923246026,0.2112,-1.042,-0.2466,1346773.1792824615,-5177690.280950759,-897543.5635810917,5424745.071467633
2017-07-01 16:55:36.123320996,0.3694,-0.8096,-0.2269,1346929.508771314,-5178266.192896344,-897664.4245912493,5425353.563157785
2017-07-01 16:55:36.322852015,0.2404,-0.9416,-0.1152,1347085.4228125317,-5178840.576577028,-897784.9615986566,5425960.439519201
2017-07-01 16:55:36.523491978,0.2183,-0.976,-0.2047,1347242.2121733571,-5179418.191830235,-897906.1767613903,5426570.729879967
2017-07-01 16:55:36.723230004,0.2041,-0.8465,-0.2483,1347398.3048614592,-5179993.244300445,-898026.8569314954,5427178.312780228
2017-07-01 16:55:36.923245012,0.3655,-0.8092,-0.2628,1347554.6286296118,-5180569.126583973,-898147.7149655598,5427786.77458446
2017-07-01 16:55:37.123248994,0.2876,-0.8601,-0.3732,1347710.9552847398,-5181145.011526863,-898268.5812658152,5428395.2410959825
2017-07-01 16:55:37.322528004,0.3362,-1.2845,-0.2658,1347866.7286401268,-5181718.860019243,-898389.0200068589,5429001.555877752
2017-07-01 16:55:37.523226976,0.2868,-1.0843,-0.0141,1348023.623510426,-5182296.841143058,-898510.3175017469,5429612.235686871
2017-07-01 16:55:37.723282992,0.281,-0.8851,-0.0627,1348180.027001138,-5182873.00607967,-898631.2289193355,5430220.99623424
2017-07-01 16:55:37.923237025,0.2748,-0.892,-0.2335,1348336.361748643,-5183448.912967003,-898752.0880353492,5430829.484848541
2017-07-01 16:55:38.123223006,0.3008,-0.8958,-0.2628,1348492.7335051147,-5184024.947697828,-898872.9769723626,5431438.109690721
2017-07-01 16:55:38.322471976,0.3251,-0.944,-0.2411,1348648.5418891886,-5184598.897037128,-898993.4299674727,5432044.532201768
2017-07-01 16:55:38.523230016,0.2671,-0.908,-0.2592,1348805.5410984983,-5185177.229944451,-899114.8056951019,5432655.58704512
2017-07-01 16:55:38.723387002,0.3651,-0.9582,-0.2067,1348962.084891288,-5185753.869756101,-899235.8263142017,5433264.854163803
2017-07-01 16:55:38.923283994,0.1399,-0.9166,-0.0992,1349118.4309316906,-5186329.797167471,-899356.6936974318,5433873.3669607295
2017-07-01 16:55:39.123220980,0.2958,-0.89,-0.1027,1349274.820077267,-5186905.875383962,-899477.5893683792,5434482.039160969
2017-07-01 16:55:39.322462975,0.3119,-0.9042,-0.1015,1349430.6779879332,-5187479.987018019,-899598.0688291888,5435088.633669984
2017-07-01 16:55:39.523468971,0.3439,-1.069,-0.1211,1349587.9296907291,-5188059.224775244,-899719.6198550124,5435700.644267899
2017-07-01 16:55:39.723227977,0.2997,-0.8832,-0.2509,1349744.2178031423,-5188634.904331876,-899840.426821061,5436308.896455901
2017-07-01 16:55:39.923240005,0.2426,-0.9556,-0.262,1349900.7135809127,-5189211.351293705,-899961.3972868536,5436917.959793785
2017-07-01 16:55:40.123683989,0.2837,-0.8948,-0.1675,1350057.5587332475,-5189789.079130372,-900082.635736307,5437528.376837005
2017-07-01 16:55:57.877431988,0.32,-1.0879,-0.2341,1364050.5284955152,-5241302.557921234,-910894.7691463697,5491959.17942029
2017-07-01 16:55:58.277571022,0.2372,-0.8371,-0.0146,1364365.9440158044,-5242463.717421854,-911138.4584293321,5493186.101717625
2017-07-01 16:55:58.477569997,0.3545,-0.9459,-0.1282,1364523.6103500274,-5243044.130302645,-911260.2652378698,5493799.387173242
2017-07-01 16:55:58.676774024,0.2861,-1.1891,-0.2181,1364680.6613514435,-5243622.2833674755,-911381.5965482296,5494410.284336378
2017-07-01 16:55:58.774469970,0.4956,-1.1857,-0.1699,1364757.688852695,-5243905.839206313,-911441.1028762633,5494709.899872505
2017-07-01 16:55:58.877443015,0.3448,-0.798,-0.1977,1364838.8806918703,-5244204.719927646,-911503.825566871,5495025.7086553
2017-07-01 16:55:59.277419984,0.5407,-1.0838,-0.1013,1365154.3396852328,-5245365.832132352,-911747.4747711038,5496252.5907944245
2017-07-01 16:55:59.477479994,0.3267,-0.7605,-0.1289,1365312.138669411,-5245946.6263077445,-911869.3481026514,5496866.284536745
2017-07-01 16:55:59.676611006,0.6529,-1.0961,-0.204,1365469.2307882968,-5246524.766973057,-911990.6635928447,5497477.177867297
2017-07-01 16:55:59.774239890,0.3025,-1.1349,-0.1575,1365546.2519526153,-5246808.225493251,-912050.1430015771,5497776.694689834
2017-07-01 16:55:59.877439022,0.6376,-0.9857,-0.337,1365627.6743752065,-5247107.8673300585,-912113.0196165551,5498093.312864967
2017-07-01 16:56:00.277876019,0.8695,-1.1893,-0.0542,1365943.7520224608,-5248270.73910493,-912357.0044185077,5499322.084416017
2017-07-01 16:56:00.477418005,0.872,-0.7438,-0.1169,1366101.2915737005,-5248850.240011333,-912478.5892774926,5499934.432045186
2017-07-01 16:56:00.676671981,0.5976,-0.4074,-0.1278,1366258.6274653836,-5249428.920666636,-912600.003720251,5500545.918092593
2017-07-01 16:56:00.776519770,0.6455,-0.7235,-0.0425,1366337.476196547,-5249718.909465587,-912660.8459093546,5500852.347310886
2017-07-01 16:56:00.877409994,0.4655,-0.6622,-0.1878,1366417.1528657305,-5250011.932557968,-912722.325217173,5501161.983671866
2017-07-01 16:56:01.277667999,0.3768,-0.7916,-0.3019,1366733.3114954438,-5251174.558911316,-912966.2781375904,5502390.536659967
2017-07-01 16:56:01.477362990,0.3275,-1.0521,-0.2169,1366891.0610502951,-5251754.653373857,-913087.9987220465,5503003.525841447
2017-07-01 16:56:01.676796019,0.5388,-1.2338,-0.1463,1367048.6250975926,-5252334.035934935,-913209.5654510212,5503615.764100272
2017-07-01 16:56:01.774019950,0.4688,-1.1041,-0.2039,1367125.4422621948,-5252616.496326805,-913268.8313595264,5503914.242672925
2017-07-01 16:56:01.877397000,0.4552,-0.8101,-0.3025,1367207.125904725,-5252916.84176088,-913331.8513282273,5504231.621419143
2017-07-01 16:56:02.277562022,0.5296,-1.3177,-0.2575,1367523.4021342848,-5254079.668040133,-913575.8382654742,5505460.400889294
2017-07-01 16:56:02.477551996,0.3075,-0.3728,-0.1933,1367681.4794098714,-5254660.827190062,-913697.7830440513,5506074.5251645595
2017-07-01 16:56:02.676762998,0.4045,-1.0434,-0.0932,1367838.9570183263,-5255239.764100341,-913819.2565396214,5506686.301592004
2017-07-01 16:56:02.774539700,0.3633,-0.7733,-0.089,1367916.2536181565,-5255523.925185548,-913878.8789859709,5506986.58165853
2017-07-01 16:56:02.877595007,0.4641,-1.0882,-0.2436,1367997.7281064214,-5255823.438641117,-913941.7228163297,5507303.085447373
2017-07-01 16:56:03.277427017,0.3971,-0.7748,-0.2451,1368313.8947510957,-5256985.609084155,-914185.5822910437,5508531.191484318
2017-07-01 16:56:03.477450013,0.4029,-1.1351,-0.2585,1368472.0787961339,-5257567.050705167,-914307.5876251064,5509145.6223169565
2017-07-01 16:56:03.676602005,0.4742,-0.5913,-0.2012,1368629.5928331832,-5258145.983879263,-914429.0696644823,5509757.406058074
2017-07-01 16:56:03.774239890,0.67,-0.9777,-0.0377,1368706.8233409347,-5258429.82571442,-914488.6288024364,5510057.354731616
2017-07-01 16:56:03.877425014,0.6271,-0.943,-0.2299,1368788.4483313928,-5258729.80389675,-914551.5742055615,5510374.356480627
2017-07-01 16:56:04.277442991,0.1116,-0.837,-0.0872,1369104.9019530881,-5259892.863849404,-914795.6087292574,5511603.412572079
2017-07-01 16:56:04.477419018,0.5935,-0.538,-0.1733,1369263.1264224518,-5260474.319504378,-914917.6128129874,5512217.867045955
2017-07-01 16:56:04.676840007,0.5549,-0.9139,-0.6011,1369420.9338038797,-5261054.197660632,-915039.3021765992,5512830.660304259
2017-07-01 16:56:04.774260160,0.0946,-0.9747,-0.0719,1369498.0259814095,-5261337.486113594,-915098.7499436669,5513130.028223491
2017-07-01 16:56:04.877416014,0.425,-0.5751,-0.275,1369579.66155419,-5261637.459554172,-915161.7006789414,5513447.029174775
2017-07-01 16:56:05.277410984,0.5069,-1.0877,-0.2912,1369896.2910362873,-5262800.80428624,-915405.8437169536,5514676.419564616
2017-07-01 16:56:05.477401971,0.4821,-1.0951,-0.207,1370054.6199158872,-5263382.501553553,-915527.9195490599,5515291.142876035
2017-07-01 16:56:05.676665008,0.4377,-0.6746,-0.2177,1370212.3898711868,-5263962.108278325,-915649.5596795754,5515903.660044099
2017-07-01 16:56:05.774199960,0.8395,-0.7639,-0.4262,1370289.622842275,-5264245.820516085,-915709.1039501815,5516203.483587923
2017-07-01 16:56:05.877595007,0.7245,-1.0883,-0.1015,1370371.5038700365,-5264546.590387066,-915772.2268447521,5516521.3343587555
2017-07-01 16:56:06.277396976,0.4843,-0.7798,-0.2895,1370688.1940889312,-5265709.714518697,-916016.3530653818,5517750.527350304
2017-07-01 16:56:06.477280020,0.1721,-1.1862,-0.2476,1370846.531863342,-5266291.271783625,-916138.4151133271,5518365.117390521
2017-07-01 16:56:06.676656007,0.7372,-1.3278,0.1822,1371004.4972757602,-5266871.406553522,-916260.1602755272,5518978.204888073
2017-07-01 16:56:06.773900150,0.2072,-0.9509,-0.0521,1371081.545680821,-5267154.371930563,-916319.5410583846,5519277.242898675
2017-07-01 16:56:06.877394020,0.0951,-0.802,0.0263,1371163.5468834161,-5267455.531634272,-916382.7378683764,5519595.508034039
2017-07-01 16:56:07.277504980,0.1871,-0.8063,-0.3465,1371480.596384059,-5268619.9547746,-916627.1144406181,5520826.072340517
2017-07-01 16:56:07.477400004,0.365,-0.6082,-0.2529,1371639.0085730916,-5269201.723680071,-916749.21483009,5521440.889619664
2017-07-01 16:56:07.676626980,-0.0141,-1.5318,-0.1195,1371796.8907898671,-5269781.609116533,-916870.9119038958,5522053.71093573
2017-07-01 16:56:07.768589970,0.5661,-1.2992,-0.2927,1371869.7738644201,-5270049.29469149,-916927.0896373362,5522336.600808745
2017-07-01 16:56:07.877695977,0.065,-0.975,-0.2563,1371956.2440020307,-5270366.891711608,-916993.7426328454,5522672.236583828
2017-07-01 16:56:08.277365982,0.3334,-0.9996,-0.4196,1372273.0490234338,-5271530.45206275,-917237.9685617471,5523901.892600217
2017-07-01 16:56:08.477536022,0.1642,-0.8402,-0.7038,1372431.7236863086,-5272113.24129906,-917360.3144571001,5524517.789979708
2017-07-01 16:56:08.775030250,0.2882,-0.6341,-0.0794,1372667.5726773692,-5272979.443191273,-917542.1528796065,5525433.20253794
2017-07-01 16:56:42.773319005,0.2585,-0.7374,-0.2348,1399919.7053215948,-5372823.231887521,-938594.4455929227,5630982.524902369
2017-07-01 16:56:42.973344027,0.233,-1.0775,-0.1932,1400080.0494322744,-5373410.69444681,-938718.3120659679,5631603.564298681
2017-07-01 16:56:43.173304975,0.428,-0.6966,-0.3089,1400240.3592932522,-5373997.996677381,-938842.1512120505,5632224.43773139
2017-07-01 16:56:43.373301029,0.1726,-1.0234,-0.3306,1400400.7042026431,-5374585.442951631,-938966.0253233418,5632845.463229961
2017-07-01 16:56:43.572646975,0.3681,-0.9218,-0.2803,1400560.5425220632,-5375171.016301825,-939089.5079077223,5633464.510549725
2017-07-01 16:56:43.773348987,0.1756,-0.9144,-0.1458,1400721.4752272365,-5375760.609892609,-939213.836364813,5634087.806952855
2017-07-01 16:56:43.973420023,0.2247,-0.6298,-0.2128,1400881.9109793287,-5376348.375102478,-939337.7824705638,5634709.171603523
2017-07-01 16:56:44.173282980,0.337,-1.2548,-0.2761,1401042.1933356638,-5376935.579144719,-939461.6106980612,5635329.943113762
2017-07-01 16:56:44.373288989,0.3382,-0.7646,-0.1993,1401202.6039429794,-5377523.234064351,-939585.5355281463,5635951.192901888
2017-07-01 16:56:44.572547018,0.2546,-0.8669,-0.3151,1401362.4247572664,-5378108.725698571,-939709.0094163393,5636570.156871545
2017-07-01 16:56:44.773311972,0.3335,-1.0719,-0.3028,1401523.4676877013,-5378698.688424122,-939833.4293030447,5637193.848553573
2017-07-01 16:56:44.973289012,0.2248,-0.9975,-0.1223,1401683.8875855154,-5379286.375696715,-939957.3657873832,5637815.133717236
2017-07-01 16:56:45.173416972,0.2363,-0.6645,-0.174,1401844.4380141813,-5379874.533103063,-940081.4027738393,5638436.916749484
2017-07-01 16:56:45.373335003,0.3262,-1.0957,-0.2437,1402004.8330669503,-5380462.117339743,-940205.3193887494,5639058.094281177
2017-07-01 16:56:45.572524011,0.2091,-1.1492,-0.1191,1402164.651517895,-5381047.604482098,-940328.7888535915,5639677.053060369
2017-07-01 16:56:45.773313999,0.3052,-0.7403,-0.272,1402325.7668129462,-5381637.827318897,-940453.2616693539,5640301.020165652
2017-07-01 16:56:45.973294019,0.3676,-1.2879,-0.3148,1402486.2468850538,-5382225.720757776,-940577.2449629233,5640922.525228504
2017-07-01 16:56:46.173289000,0.2158,-0.9902,-0.1009,1402646.7475946394,-5382813.69778443,-940701.241567787,5641544.1174806645
2017-07-01 16:56:46.373281002,0.2826,-0.6696,-0.1393,1402807.257216603,-5383401.692834805,-940825.2418972293,5642165.729851188
2017-07-01 16:56:46.572529017,0.3712,-1.1797,-0.2631,1402967.1844658828,-5383987.547328158,-940948.791380069,5642785.079946995
2017-07-01 16:56:46.773434996,0.1926,-1.1071,-0.2373,1403128.4502608287,-5384578.321465395,-941073.378509533,5643409.629972451
2017-07-01 16:56:46.973308980,0.3342,-0.7302,-0.3171,1403288.9010319156,-5385166.090140629,-941197.3383395303,5644031.005217573
2017-07-01 16:56:47.173375010,0.2148,-1.0621,-0.2986,1403449.514567458,-5385754.46607687,-941321.4292264087,5644653.022279353
2017-07-01 16:56:47.373355984,0.4942,-1.2504,-0.1725,1403610.079584059,-5386342.641877663,-941445.4742560195,5645274.828758717
2017-07-01 16:56:47.572516024,0.2877,-0.8072,-0.0988,1403769.9968830908,-5386928.435198564,-941569.0139921516,5645894.116808263
2017-07-01 16:56:47.773384988,0.3127,-0.9342,-0.2052,1403931.298994547,-5387519.2927044695,-941693.6220598703,5646518.759323095
2017-07-01 16:56:47.973306000,0.2757,-1.294,-0.2324,1404091.8508993878,-5388107.413521856,-941817.6513589158,5647140.507710294
2017-07-01 16:56:48.173282027,0.4774,-0.6894,-0.3676,1404252.4660769152,-5388695.7237498835,-941941.7294892757,5647762.460780077
2017-07-01 16:56:48.373438000,0.3706,-1.2277,-0.2888,1404413.2406291903,-5389284.612546353,-942065.9308398598,5648385.026140892
2017-07-01 16:56:48.572602987,0.4018,-1.3135,-0.1147,1404573.2351136673,-5389870.637816054,-942189.5218107774,5649004.563655381
2017-07-01 16:56:48.773298025,0.2245,-0.763,-0.1006,1404734.467770971,-5390461.195857305,-942314.0663002395,5649628.892992393
2017-07-01 16:56:48.973285019,0.3342,-0.823,-0.2595,1404895.1449722233,-5391049.703349322,-942438.1817804158,5650251.05626528
2017-07-01 16:56:49.173460006,0.373,-1.2948,-0.2241,1405055.988160363,-5391638.8159364285,-942562.4229120793,5650873.85918882
2017-07-01 16:56:49.373328983,0.5283,-0.6815,-0.299,1405216.6065698355,-5392227.055164068,-942686.4860591094,5651495.743325078
2017-07-01 16:56:49.572785973,0.2923,-1.134,-0.3293,1405376.9055275265,-5392814.126976813,-942810.3065771605,5652116.393785511
2017-07-01 16:56:49.773281991,0.4425,-1.3335,-0.1419,1405538.0573158313,-5393404.31061795,-942934.7778155777,5652740.333994615
2017-07-01 16:56:49.973280012,0.2487,-0.8244,-0.0712,1405698.8187791163,-5393993.061321615,-943058.9427371784,5653362.75894085
2017-07-01 16:56:50.173268020,0.3274,-0.8354,-0.2698,1405859.5852882285,-5394581.815961178,-943183.1122331066,5653985.189744268
2017-07-01 16:56:50.373462021,0.3594,-1.2826,-0.3318,1406020.5317950505,-5395171.228437354,-943307.4229246988,5654608.316597384
2017-07-01 16:56:50.572529971,0.352,-0.6672,-0.3016,1406180.5869592084,-5395757.352026706,-943431.0463454671,5655227.969259921
2017-07-01 16:56:50.773404002,0.316,-1.0731,-0.3519,1406342.1070043298,-5396348.836631321,-943555.8055620098,5655853.290773671
2017-07-01 16:56:50.973417997,0.405,-1.1935,-0.1887,1406502.9517086013,-5396937.8365594335,-943680.0381748514,5656475.98592105
2017-07-01 16:56:51.173269987,0.187,-0.8601,-0.0564,1406663.6736026907,-5397526.393769359,-943804.1724158742,5657098.2117990395
2017-07-01 16:56:51.373413026,0.2789,-0.7685,-0.2395,1406824.6407316942,-5398115.838892526,-943928.4970301244,5657721.377672973
2017-07-01 16:56:51.572821974,0.4471,-1.1609,-0.2934,1406985.035238798,-5398703.168192079,-944052.3773093395,5658342.308374117
2017-07-01 16:56:51.773311972,0.3445,-0.8146,-0.269,1407146.3131356388,-5399293.714306944,-944176.9399899411,5658966.6418821085
2017-07-01 16:56:51.973285973,0.2672,-0.9396,-0.2409,1407307.1866400824,-5399882.778119602,-944301.1917196186,5659589.4087543655
2017-07-01 16:56:52.173300027,0.3009,-0.9753,-0.108,1407468.1044037386,-5400471.998933945,-944425.4726564111,5660212.341386649
2017-07-01 16:56:52.373401999,0.3132,-0.9277,-0.0423,1407629.1054410425,-5401061.515891516,-944549.8099157476,5660835.586761109
2017-07-01 16:56:52.572507977,0.3149,-0.7416,-0.1119,1407789.3175902388,-5401648.127967785,-944673.5327308781,5661455.76195216
2017-07-01 16:56:52.773488998,0.2959,-1.6175,-0.1101,1407951.0504595353,-5402240.329688936,-944798.4251295982,5662081.843662726
2017-07-01 16:56:52.973304986,0.2576,-0.988,-0.2278,1408111.8560918742,-5402829.138023072,-944922.6026558668,5662704.337942038
2017-07-01 16:56:53.173308014,0.3537,-0.8274,-0.2818,1408272.82639656,-5403418.530614865,-945046.9076922449,5663327.451975361
2017-07-01 16:56:53.373434007,0.3234,-0.9737,-0.2926,1408433.9086206185,-5404008.32457156,-945171.3008720607,5663950.991576751
2017-07-01 16:57:02.656741976,0.3775,-1.0262,-0.2855,1415938.6137620385,-5431455.721793683,-950966.1711287142,5692971.989600766
2017-07-01 16:57:02.856770992,0.5273,-0.7087,-0.3633,1416100.3400184733,-5432047.163886956,-951091.0487201218,5693597.346726259
2017-07-01 16:57:03.256767988,0.5501,-1.2932,-0.1296,1416423.8311975617,-5433230.074512279,-951340.7865340107,5694848.093170899
2017-07-01 16:57:03.456022977,0.1424,-0.7037,-0.0972,1416584.9811397255,-5433819.358985372,-951465.1950907761,5695471.170354913
2017-07-01 16:57:03.567920200,0.1964,-1.1678,-0.3066,1416675.4818649401,-5434150.302817371,-951535.0640411915,5695821.092048736
2017-07-01 16:57:03.656728029,0.3811,-0.9067,-0.2698,1416747.3112548033,-5434412.965309152,-951590.5180349272,5696098.817215333
2017-07-01 16:57:03.856706023,0.2749,-1.1364,-0.3822,1416909.0680928305,-5435004.475705898,-951715.4049502678,5696724.249093201
2017-07-01 16:57:04.256237983,0.2894,-1.123,-0.3902,1417232.2849797062,-5436186.421536294,-951964.9762600495,5697973.979873037
2017-07-01 16:57:04.455959975,0.3783,-1.1953,-0.1275,1417393.872927305,-5436777.311999814,-952089.7395232634,5698598.757887175
2017-07-01 16:57:04.566970100,0.296,-0.7764,-0.2943,1417483.6909118143,-5437105.752220411,-952159.0894713798,5698946.034706087
2017-07-01 16:57:04.656714975,0.2128,-0.9288,-0.1152,1417556.3049553998,-5437371.283467894,-952215.1555772803,5699226.79444424
2017-07-01 16:57:04.856707990,0.2444,-0.6112,-0.1836,1417718.132344347,-5437963.034124302,-952340.1040893674,5699852.483804934
2017-07-01 16:57:05.256708979,0.3252,-0.7809,-0.2147,1418041.8512588008,-5439146.70464327,-952590.0448115618,5701104.047465484
2017-07-01 16:57:05.455968022,0.2967,-0.7961,-0.2839,1418203.1224430508,-5439736.3774309615,-952714.5631485089,5701727.5444630105
2017-07-01 16:57:05.568370220,0.3374,-1.2158,-0.3584,1418294.099919966,-5440069.027719766,-952784.8085778836,5702079.276165885
2017-07-01 16:57:05.656947016,0.3592,-0.9934,-0.2484,1418365.7961174767,-5440331.175376709,-952840.1663399205,5702356.461320387
2017-07-01 16:57:05.856729984,0.1942,-1.0255,-0.1048,1418527.5130270047,-5440922.48444254,-952965.0287080519,5702981.687930227
2017-07-01 16:57:06.256729006,0.3111,-1.1886,-0.2801,1418851.3471888863,-5442106.574578654,-953215.0689345384,5704233.698064606
2017-07-01 16:57:06.455953001,0.1801,-0.9504,-0.1422,1419012.6435700622,-5442696.361660549,-953339.6099150522,5704857.314576558
2017-07-01 16:57:06.567470190,0.2482,-0.6523,-0.1717,1419102.9335672916,-5443026.507703439,-953409.3248379977,5705206.397695849
2017-07-01 16:57:06.656874001,0.3553,-0.7562,-0.3046,1419175.322287099,-5443291.193253112,-953465.2180268371,5705486.266035748
2017-07-01 16:57:06.856952011,0.3265,-1.1095,-0.2019,1419337.3350622626,-5443883.581075274,-953590.3102400099,5706112.634253397
2017-07-01 16:57:07.256457984,0.2715,-0.7097,-0.0855,1419660.8775710734,-5445066.545342361,-953840.10189202,5707363.4570167195
2017-07-01 16:57:07.455962002,0.3205,-1.0043,-0.1898,1419822.4599532147,-5445657.3302363,-953964.8496045241,5707988.1315946095
2017-07-01 16:57:07.567470190,0.1841,-1.1621,-0.0508,1419912.7750030733,-5445987.550331326,-954034.5751044657,5708337.293597452
2017-07-01 16:57:07.656865000,0.3314,-1.0592,-0.2328,1419985.1821704835,-5446252.292383425,-954090.4750825899,5708617.221755087
2017-07-01 16:57:07.857425987,0.4367,-0.7552,-0.271,1420147.648238509,-5446846.28260364,-954215.8999173136,5709245.287493389
2017-07-01 16:57:08.256900012,0.4412,-1.0583,-0.2287,1420471.3158464667,-5448029.551288977,-954465.7555046413,5710496.443330616
2017-07-01 16:57:08.456019997,0.2446,-0.9925,-0.0665,1420632.659411611,-5448619.397306471,-954590.3000080575,5711120.129235657
2017-07-01 16:57:08.567290180,0.2527,-1.0202,-0.3434,1420722.8228927134,-5448949.021625311,-954659.9009387527,5711468.66455731
2017-07-01 16:57:08.657094001,0.2747,-0.7121,-0.1297,1420795.5941545654,-5449215.060213015,-954716.0754298978,5711749.966298037
2017-07-01 16:57:08.856815993,0.2524,-1.2275,-0.2005,1420957.4461265209,-5449806.773942022,-954841.0144288387,5712375.626641007
2017-07-01 16:57:09.256727993,0.3357,-0.7601,-0.3022,1421281.5830325696,-5450991.7095474,-955091.2335316688,5713628.551121528
2017-07-01 16:57:09.455941975,0.2657,-1.0541,-0.2653,1421443.0606093607,-5451582.020590763,-955215.8893420005,5714252.733038188
2017-07-01 16:57:09.567380180,0.2962,-0.9991,-0.2276,1421533.393144777,-5451912.246783275,-955285.6233168651,5714601.907094409
2017-07-01 16:57:09.656599998,0.2643,-1.2005,-0.1108,1421605.7174147286,-5452176.642514699,-955341.4547153781,5714881.473142448
2017-07-01 16:57:09.856724023,0.2573,-0.7337,-0.1445,1421767.954277815,-5452769.723299028,-955466.6928157534,5715508.58386357
2017-07-01 16:57:10.256739020,0.3159,-0.8999,-0.2821,1422092.289620001,-5453955.338194504,-955717.0683107558,5716762.232757061
2017-07-01 16:57:10.456067025,0.4347,-0.763,-0.2404,1422253.9236237078,-5454546.161988965,-955841.8403043887,5717386.962608711
2017-07-01 16:57:10.567680000,0.3589,-0.7971,-0.2408,1422344.4344538674,-5454877.001504946,-955911.70891789,5717736.788889096
2017-07-01 16:57:10.656045019,0.3144,-0.879,-0.3218,1422416.095165639,-5455138.937056598,-955967.0270546338,5718013.75717066
2017-07-01 16:57:10.856800973,0.482,-1.0659,-0.2319,1422578.9201307637,-5455734.069816363,-956092.7133422982,5718643.047180132
2017-07-01 16:57:11.256738007,0.2786,-0.7635,-0.0943,1422903.337306921,-5456919.788808306,-956343.1150272974,5719896.820963379
2017-07-01 16:57:11.456095993,0.2882,-1.1061,-0.2028,1423065.0621042906,-5457510.882184242,-956467.9416746498,5720521.840146461
2017-07-01 16:57:11.568050140,0.3344,-0.9785,-0.0264,1423155.8866439373,-5457842.83678012,-956538.0413334259,5720872.847144861
2017-07-01 16:57:11.656711995,0.287,-1.0484,-0.2358,1423227.817206212,-5458105.735776656,-956593.5584667111,5721150.835163114
2017-07-01 16:57:11.856534004,0.3205,-0.8089,-0.2807,1423389.9437947546,-5458698.277736118,-956718.6916350976,5721777.387698622
2017-07-01 16:57:12.256447017,0.2915,-1.0457,-0.1194,1423714.461841998,-5459884.326558287,-956969.1455184594,5723031.5108104395
2017-07-01 16:57:12.455956995,0.2623,-0.8415,-0.0797,1423876.368961079,-5460476.060165136,-957094.0959847311,5723657.207266276
2017-07-01 16:57:12.567690130,0.331,-1.1868,-0.2799,1423967.0472048963,-5460807.468186191,-957164.0764669839,5724007.636735158
2017-07-01 16:57:12.656756997,0.268,-0.953,-0.1763,1424039.332517831,-5461071.654086311,-957219.8620544211,5724286.985811797
2017-07-01 16:57:12.857006013,0.2969,-1.0133,-0.2765,1424201.8634753881,-5461665.663816031,-957345.2958650138,5724915.0899160635
2017-07-01 16:57:13.256856024,0.2691,-1.0929,-0.3707,1424526.4424517164,-5462851.93574783,-957595.8168404048,5726169.453096739
2017-07-01 16:57:13.567319980,0.3585,-0.7082,-0.2478,1424778.4966897808,-5463773.086082261,-957790.3579966481,5727143.482635808
2017-07-01 16:57:23.756775021,0.4372,-0.9925,-0.2314,1433096.331806738,-5494108.3694562595,-964199.2413965552,5759224.952081394
2017-07-01 16:57:23.956740975,0.2536,-0.7694,-0.1296,1433259.5777462241,-5494703.723902523,-964325.0195939301,5759854.579248019
2017-07-01 16:57:24.156714975,0.2661,-1.0069,-0.3532,1433422.8408954456,-5495299.142569502,-964450.8169765504,5760484.275257819
2017-07-01 16:57:24.356710970,0.2862,-0.8334,-0.2315,1433586.1334494078,-5495894.660060828,-964576.6374551657,5761114.076810826
2017-07-01 16:57:24.555938005,0.2464,-0.7956,-0.2691,1433748.8079435497,-5496487.919439138,-964701.9848504763,5761741.4912849385
2017-07-01 16:57:24.755878984,0.343,-1.2297,-0.1911,1433912.079105011,-5497083.353962855,-964827.7890764251,5762371.205813876
2017-07-01 16:57:24.956905007,0.2966,-1.2124,-0.0912,1434076.2482959584,-5497682.068798293,-964954.2797049752,5763004.388115095
2017-07-01 16:57:25.156706988,0.2441,-0.8265,-0.0964,1434239.427609831,-5498277.17106991,-965080.0039838881,5763633.749615658
2017-07-01 16:57:25.356786012,0.2772,-0.6709,-0.2227,1434402.8442829223,-5498873.125360318,-965205.9115055999,5764264.013740371
2017-07-01 16:57:25.556037008,0.3641,-1.1288,-0.2724,1434565.599110448,-5499466.658105482,-965331.3087729708,5764891.7177569205
2017-07-01 16:57:25.756816983,0.2544,-0.9041,-0.1972,1434729.6131142993,-5500064.781849672,-965457.6762425837,5765524.277280074
2017-07-01 16:57:25.956722974,0.235,-0.781,-0.2261,1434892.9225655315,-5500660.333205299,-965583.5026771699,5766154.117015014
2017-07-01 16:57:26.156786024,0.2616,-1.2013,-0.2335,1435056.3707937675,-5501256.400546666,-965709.4373149831,5766784.501715897
2017-07-01 16:57:26.356745004,0.3306,-1.2371,-0.1035,1435219.7472170978,-5501852.207285844,-965835.3105816614,5767414.60975231
2017-07-01 16:57:26.555957973,0.2656,-0.7728,-0.0717,1435382.5246529195,-5502445.8218464,-965960.7170832872,5768042.399409175
2017-07-01 16:57:26.756695985,0.3257,-0.8726,-0.1765,1435546.561329674,-5503044.015890288,-966087.0907265146,5768675.033093803
2017-07-01 16:57:26.956682980,0.2507,-1.1178,-0.3145,1435709.994326076,-5503640.016629275,-966213.004148991,5769305.347252604
2017-07-01 16:57:27.156711995,0.3344,-0.7879,-0.2095,1435873.4750418647,-5504236.174121305,-966338.9524100294,5769935.828740148
2017-07-01 16:57:27.356693029,0.2103,-0.8743,-0.2537,1436036.9249539059,-5504832.223578285,-966464.8806059086,5770566.196225594
2017-07-01 16:57:27.556141018,0.3509,-1.1938,-0.2541,1436199.9531524673,-5505426.731767457,-966590.4832509524,5771194.934032827
2017-07-01 16:57:27.756771028,0.2267,-1.1622,-0.082,1436363.9566567307,-5506024.810068376,-966716.8335760416,5771827.445566124
2017-07-01 16:57:27.956713974,0.2478,-0.7413,-0.107,1436527.4084320008,-5506620.86986577,-966842.7554878881,5772457.822579307
2017-07-01 16:57:28.155936002,0.2875,-1.1181,-0.2229,1436690.282273221,-5507214.824875624,-966968.2322201212,5773085.97343146
2017-07-01 16:57:28.356719017,0.2508,-0.9814,-0.1727,1436854.4424090679,-5507813.473332658,-967094.6990766529,5773719.087613944
2017-07-01 16:57:28.556014001,0.3474,-0.7549,-0.2046,1437017.399729397,-5508407.715105757,-967220.2367960298,5774347.543180047
2017-07-01 16:57:28.756778001,0.2123,-0.9578,-0.2764,1437181.5667754991,-5509006.375678015,-967346.7110025483,5774980.672039323
2017-07-01 16:57:28.956812024,0.4428,-1.1582,-0.2918,1437345.1546289877,-5509602.905866891,-967472.7370253929,5775611.54950363
2017-07-01 16:57:29.156750023,0.212,-1.0896,-0.1011,1437508.672428778,-5510199.193255388,-967598.706592408,5776242.168543454
2017-07-01 16:57:29.356903970,0.2474,-0.7082,-0.1425,1437672.376751268,-5510796.153050511,-967724.8179247599,5776873.499270817
2017-07-01 16:57:29.555945992,0.2574,-1.3362,-0.2263,1437835.1818367408,-5511389.849462926,-967850.2376301577,5777501.377357796
2017-07-01 16:57:29.756687998,0.1742,-0.9977,-0.1775,1437999.3844325112,-5511988.656739924,-967976.7356766723,5778134.65942679
2017-07-01 16:57:29.956955015,0.2344,-0.7937,-0.232,1438163.2078986603,-5512586.078972061,-968102.9437125488,5778766.477394188
2017-07-01 16:57:30.156709015,0.3256,-1.0172,-0.2935,1438326.6246959574,-5513182.011396569,-968228.8401568595,5779396.720853093
2017-07-01 16:57:30.356706023,0.1716,-0.9411,-0.23,1438490.2471595216,-5513778.7064374015,-968354.8989584944,5780027.770268278
2017-07-01 16:57:30.555979013,0.2492,-0.9347,-0.089,1438653.2871818435,-5514373.278472847,-968480.5049432607,5780656.573738805
2017-07-01 16:57:30.756685018,0.2337,-0.731,-0.1278,1438817.5090742032,-5514972.155650687,-968607.019335877,5781289.930450437
2017-07-01 16:57:30.955989003,0.2865,-1.0343,-0.335,1438980.5951845625,-5515566.890491751,-968732.6632765369,5781918.907223226
2017-07-01 16:57:31.156684994,0.2213,-0.9123,-0.2193,1439144.8292568321,-5516165.815907206,-968859.1935898549,5782552.315817253
2017-07-01 16:57:31.356745004,0.2694,-0.8382,-0.2864,1439308.5536739214,-5516762.876949542,-968985.3344069921,5783183.753907819
2017-07-01 16:57:31.556034028,0.2962,-1.2476,-0.3015,1439471.6588980753,-5517357.686603576,-969111.0010803776,5783812.810863553
2017-07-01 16:57:31.756699025,0.3394,-1.1351,-0.126,1439635.9039338934,-5517956.6487733815,-969237.5404814889,5784446.259022253
2017-07-01 16:57:31.956754028,0.2673,-0.7692,-0.1062,1439799.6603852676,-5518553.820965472,-969363.6994705566,5785077.814410916
2017-07-01 16:57:32.156746983,0.2959,-0.7958,-0.2915,1439963.3778819744,-5519150.839771556,-969489.830989999,5785709.209265996
2017-07-01 16:57:32.356747984,0.3681,-0.9636,-0.3882,1440127.1166894156,-5519747.921140938,-969615.9831120466,5786340.6726419255
2017-07-01 16:57:32.555959999,0.2936,-0.8642,-0.2911,1440290.2212135973,-5520342.681374049,-969741.649127722,5786969.682586603
2017-07-01 16:57:32.756873011,0.2331,-0.8855,-0.2924,1440454.727835723,-5520942.555786803,-969868.3999616047,5787604.10191351
2017-07-01 16:57:32.956744015,0.3522,-1.0618,-0.2817,1440618.3953364692,-5521539.361449767,-969994.504673003,5788235.276845331
2017-07-01 16:57:33.156868994,0.2577,-1.1215,-0.1422,1440782.281129507,-5522136.97038653,-970120.7753200845,5788867.300261262
2017-07-01 16:57:33.356714010,0.2517,-0.7978,-0.1511,1440945.9477084232,-5522733.775166325,-970246.8753566414,5789498.473505243
2017-07-01 16:57:33.555956006,0.2672,-0.955,-0.2093,1441109.1310406784,-5523328.817035527,-970372.6032027818,5790127.7825027695
2017-07-01 16:57:33.756763994,0.2857,-1.0567,-0.1471,1441273.6084734248,-5523928.57839444,-970499.3251698235,5790762.08230315
2017-07-01 16:57:33.956725001,0.3826,-0.8652,-0.2393,1441437.4074605845,-5524525.844635368,-970625.5222089736,5791393.745207992
2017-07-01 16:57:34.156800985,0.2546,-0.8766,-0.2656,1441601.3108234273,-5525123.489393304,-970751.8024431301,5792025.809193192
2017-07-01 16:57:34.356775999,0.2799,-1.135,-0.2063,1441765.1426642851,-5525720.877933527,-970878.0271988602,5792657.601751531
2017-07-01 16:57:45.373398005,0.2929,-0.9121,-0.0251,1450826.1856255597,-5558741.705980354,-977834.7943212033,5827578.12986556
2017-07-01 16:57:45.573421001,0.3004,-1.1288,-0.3172,1450990.7142229087,-5559341.292903609,-977961.1173640174,5828212.213948644
2017-07-01 16:57:45.773386001,0.4292,-1.0357,-0.1896,1451155.2122777319,-5559940.747392138,-978087.4113612327,5828846.1593093695
2017-07-01 16:57:45.973196983,0.2425,-0.9018,-0.0983,1451319.5933137494,-5560539.7761698095,-978213.6120082521,5829479.653881744
2017-07-01 16:57:46.172612011,0.2771,-0.711,-0.1783,1451483.6596245219,-5561137.646160276,-978339.5696610047,5830111.924076803
2017-07-01 16:57:46.373363971,0.3328,-1.1705,-0.3077,1451648.8392922727,-5561739.571604744,-978466.3841684754,5830748.483678614
2017-07-01 16:57:46.573405027,0.3859,-0.7161,-0.2157,1451813.4494671682,-5562339.394163113,-978592.7582312226,5831382.821799235
2017-07-01 16:57:46.773370027,0.2826,-0.9065,-0.3269,1451978.0083569977,-5562939.024915085,-978719.0973177282,5832016.958405555
2017-07-01 16:57:46.973424017,0.407,-1.2376,-0.1952,1452142.656768912,-5563538.97205019,-978845.5004408658,5832651.4299126845
2017-07-01 16:57:47.172630012,0.3721,-1.0307,-0.0652,1452306.6220301334,-5564136.417012241,-978971.3703498943,5833283.255207066
2017-07-01 16:57:47.373410999,0.2514,-0.7126,-0.0478,1452471.8937925252,-5564738.614309359,-979098.2373572384,5833920.106261222
2017-07-01 16:57:47.573471009,0.3227,-1.2285,-0.1496,1452636.5850024219,-5565338.698368031,-979224.6547901424,5834554.721672352
2017-07-01 16:57:47.773464024,0.2195,-1.0335,-0.1353,1452801.2298408153,-5565938.622810952,-979351.0353006911,5835189.167171035
2017-07-01 16:57:47.973375976,0.2625,-0.8378,-0.2287,1452965.8184346124,-5566538.337569506,-979477.3737254813,5835823.391674101
2017-07-01 16:57:48.172622978,0.3227,-1.2437,-0.2369,1453129.8723824557,-5567136.106922338,-979603.3013263724,5836455.558554197
2017-07-01 16:57:48.373524010,0.3792,-1.0108,-0.1452,1453295.3035134901,-5567738.879397614,-979730.280163692,5837093.017096763
2017-07-01 16:57:48.573392987,0.2863,-0.8299,-0.1018,1453459.8962400667,-5568338.588504,-979856.6107607055,5837727.236164118
2017-07-01 16:57:48.773382008,0.2975,-1.0361,-0.154,1453624.5997219456,-5568938.699243203,-979983.0233929012,5838361.879755626
2017-07-01 16:57:48.973469018,0.3041,-0.921,-0.3287,1453789.396078488,-5569539.140891865,-980109.5111231765,5838996.874795435
2017-07-01 16:57:49.172774016,0.3259,-0.7734,-0.2044,1453953.5612971543,-5570137.266519972,-980235.5126131838,5839629.422015689
2017-07-01 16:57:49.373520016,0.3168,-1.0464,-0.3305,1454118.9262191886,-5570739.75884582,-980362.4384297528,5840266.588355224
2017-07-01 16:57:49.573494017,0.3861,-1.0305,-0.3038,1454283.670645476,-5571339.9754059035,-980488.8882828044,5840901.349646986
2017-07-01 16:57:49.773428976,0.2947,-1.0321,-0.104,1454448.3946881571,-5571940.116039632,-980615.3176056657,5841536.0300751
2017-07-01 16:57:49.973369002,0.2447,-0.7219,-0.1213,1454613.13268761,-5572540.300741554,-980741.7549817463,5842170.757444591
2017-07-01 16:57:50.172604978,0.2816,-1.135,-0.239,1454777.3017722727,-5573138.41706332,-980867.7566202431,5842803.297174746
2017-07-01 16:57:50.373566985,0.2379,-1.0579,-0.1595,1454942.902702466,-5573741.757740165,-980994.8562839145,5843441.361060809
2017-07-01 16:57:50.573629021,0.2473,-0.7969,-0.2449,1455107.7719178072,-5574342.428363696,-981121.3965574414,5844076.602110388
2017-07-01 16:57:50.773434996,0.2488,-1.1201,-0.2943,1455272.4400484213,-5574942.3749012025,-981247.7866202306,5844711.077288649
2017-07-01 16:57:50.973577976,0.3742,-1.0712,-0.1852,1455437.4009078029,-5575543.376254586,-981374.3972788396,5845346.668598198
2017-07-01 16:57:51.172631025,0.3911,-0.9762,-0.0182,1455601.4789258435,-5576141.143376851,-981500.3191670799,5845978.839581639
2017-07-01 16:57:51.373386979,0.2322,-0.7495,-0.0626,1455766.9699947566,-5576744.054622428,-981627.3208439394,5846616.45045419
2017-07-01 16:57:51.573468029,0.277,-1.141,-0.2194,1455931.9158026052,-5577344.984670067,-981753.9043480098,5847251.965682645
2017-07-01 16:57:51.773366987,0.2111,-1.0621,-0.1913,1456096.7199301983,-5577945.4102576515,-981880.3802938192,5847886.946480054
2017-07-01 16:57:51.973358988,0.2701,-0.8092,-0.2564,1456261.611569033,-5578546.147678827,-982006.9253630562,5848522.258192485
2017-07-01 16:57:52.172666013,0.2625,-0.9899,-0.2554,1456425.948878568,-5579144.866886217,-982133.0471586102,5849155.435837786
2017-07-01 16:57:52.373386979,0.282,-0.9772,-0.2125,1456591.463405418,-5579747.872949106,-982260.0722596217,5849793.147325902
2017-07-01 16:57:52.573507010,0.2849,-1.0021,-0.0995,1456756.4938108951,-5580349.113814785,-982386.721047177,5850428.991450412
2017-07-01 16:57:52.773140013,0.2768,-0.7185,-0.1735,1456921.1336166752,-5580948.920087568,-982513.0685267388,5851063.319434454
2017-07-01 16:57:52.973389029,0.3096,-1.1547,-0.2433,1457086.2938708498,-5581550.623502007,-982639.8156364122,5851699.653756667
2017-07-01 16:57:53.172627985,0.1845,-1.0607,-0.1339,1457250.6283773752,-5582149.334018232,-982765.928746472,5852332.821353495
2017-07-01 16:57:53.373391985,0.314,-0.7179,-0.2004,1457416.2334132928,-5582752.6562079955,-982893.0152473301,5852970.867622357
2017-07-01 16:57:53.573377013,0.2947,-0.946,-0.3007,1457581.2076815711,-5583353.675318917,-983019.6206739024,5853606.479369244
2017-07-01 16:57:53.773365020,0.3147,-0.9257,-0.2993,1457746.1969938155,-5583954.740406249,-983146.2399569681,5854242.141122698
2017-07-01 16:57:53.973360002,0.2529,-1.0075,-0.1061,1457911.2021758996,-5584555.86675496,-983272.8678999331,5854877.86679495
2017-07-01 16:57:54.172806978,0.256,-0.7134,-0.0988,1458075.7654109392,-5585155.374336523,-983399.1528000047,5855511.880859487
2017-07-01 16:57:54.373561024,0.2827,-1.201,-0.1751,1458241.4184998178,-5585758.859176642,-983526.2723614365,5856150.100187314
2017-07-01 16:57:54.573381006,0.2049,-1.0882,-0.1946,1458406.3090229083,-5586359.579585477,-983652.8082337687,5856785.394887747
2017-07-01 16:57:54.773370981,0.2719,-0.8078,-0.2432,1458571.3506983442,-5586960.843354387,-983779.4614810813,5857421.265291166
2017-07-01 16:57:54.973625004,0.2953,-1.1996,-0.2809,1458736.6221213485,-5587562.949081535,-983906.2932140193,5858058.02604352
2017-07-01 16:57:55.172728002,0.3064,-1.2143,-0.1338,1458900.9557395116,-5588161.642147858,-984032.4012445024,5858691.17671595
2017-07-01 16:57:55.373543024,0.3322,-0.7727,-0.0669,1459066.7158072442,-5588765.514347802,-984159.596336094,5859329.805242253
2017-07-01 16:57:55.573364973,0.3495,-0.9429,-0.2159,1459231.6701113018,-5589366.437920142,-984286.1710415317,5859965.3165276935
2017-07-01 16:57:55.773361980,0.3954,-1.032,-0.3264,1459396.784742391,-5589967.929222316,-984412.8696908716,5860601.430148912
2017-07-01 16:57:55.973437011,0.2832,-0.8112,-0.2739,1459561.975125465,-5590569.687654138,-984539.6287328501,5861237.827651668
2017-07-01 16:58:03.839963018,0.3019,-0.8802,-0.2415,1466075.5929863506,-5614284.02204665,-989538.4700596773,5886318.807904193
2017-07-01 16:58:04.239962995,0.3124,-0.6913,-0.2486,1466406.8497816136,-5615489.967759375,-989792.6927385167,5887594.262658662
2017-07-01 16:58:04.400069950,0.285,-1.0234,-0.1954,1466539.4483870266,-5615972.694761109,-989894.4548008,5888104.813403294
2017-07-01 16:58:04.440110981,0.2654,-1.0661,-0.3593,1466572.6103005565,-5616093.4213123415,-989919.9049764136,5888232.498505818
2017-07-01 16:58:04.639212012,0.4314,-1.2249,-0.2767,1466737.5225358172,-5616693.773612788,-990046.4650393375,5888867.455588727
2017-07-01 16:58:04.839698016,0.3171,-0.8849,-0.087,1466903.5946680305,-5617298.337611157,-990173.9089676649,5889506.867283489
2017-07-01 16:58:05.240031003,0.2645,-1.3387,-0.2507,1467235.251991333,-5618505.753193766,-990428.4307934963,5890783.874823586
2017-07-01 16:58:05.399649730,0.2191,-0.6726,-0.1456,1467367.4942901884,-5618987.184914007,-990529.9161475247,5891293.055205327
2017-07-01 16:58:05.439970016,0.2386,-0.845,-0.199,1467400.899576192,-5619108.7977365665,-990555.5520501278,5891421.677538863
2017-07-01 16:58:05.639222979,0.3084,-0.8393,-0.3419,1467565.9925494501,-5619709.81179617,-990682.251966429,5892057.334721639
2017-07-01 16:58:05.839928984,0.3412,-1.2243,-0.2534,1467732.303199263,-5620315.258038293,-990809.88604305,5892697.6796602495
2017-07-01 16:58:06.240022003,0.2623,-0.6096,-0.1064,1468063.8735333104,-5621522.269258609,-991064.3324481336,5893974.2679786915
2017-07-01 16:58:06.399720070,0.2356,-1.1401,-0.1024,1468196.2266185014,-5622004.079694897,-991165.8979391129,5894483.850957632
2017-07-01 16:58:06.439960002,0.327,-1.2808,-0.2203,1468229.5768262248,-5622125.485988419,-991191.4902677805,5894612.25534361
2017-07-01 16:58:06.639943003,0.1588,-1.102,-0.1689,1468395.3258683728,-5622728.890795202,-991318.6848789516,5895250.439752772
2017-07-01 16:58:06.839962005,0.3794,-0.6961,-0.307,1468561.1199275972,-5623332.432076391,-991445.9146700685,5895888.771535734
2017-07-01 16:58:07.240153014,0.4754,-1.2027,-0.1692,1468892.9110072583,-5624540.168934898,-991700.4986748876,5897166.130866724
2017-07-01 16:58:07.397049780,0.2571,-1.0458,-0.2847,1469022.997588404,-5625013.693590746,-991800.3165388815,5897666.9529919755
2017-07-01 16:58:07.439963996,0.2982,-0.6893,-0.1665,1469058.5792638455,-5625143.212758354,-991827.6189084253,5897803.938669006
2017-07-01 16:58:07.639205992,0.327,-0.8806,-0.2279,1469223.7907431175,-5625744.578926817,-991954.3873165841,5898439.973512205
2017-07-01 16:58:07.840385019,0.2926,-1.0124,-0.3281,1469390.6202510523,-5626351.832552985,-992082.4014465989,5899082.2362308325
2017-07-01 16:58:08.239962995,0.1691,-0.906,-0.2796,1469722.0008613078,-5627558.09286694,-992336.7053305458,5900358.038725637
2017-07-01 16:58:08.400800100,0.3634,-0.8233,-0.3117,1469855.3967376994,-5628043.654981164,-992439.075142778,5900871.595583396
2017-07-01 16:58:08.440006971,0.2403,-0.9556,-0.2804,1469887.91469634,-5628162.020749019,-992464.0300146483,5900996.785666381
2017-07-01 16:58:08.639204978,0.3403,-0.9865,-0.2471,1470053.1419077984,-5628763.439815952,-992590.8278190582,5901632.88022156
2017-07-01 16:58:08.840179026,0.253,-0.8176,-0.1721,1470219.852496895,-5629370.254133161,-992718.7630985426,5902274.681459948
2017-07-01 16:58:09.239696979,0.2572,-0.8631,-0.3109,1470551.298892708,-5630576.683038459,-992973.1363106894,5903550.673593486
2017-07-01 16:58:09.399659870,0.2743,-0.9135,-0.2432,1470684.0136491626,-5631059.748173986,-993074.9909590614,5904061.592935563
2017-07-01 16:58:09.440393984,0.269,-0.8196,-0.1754,1470717.809546345,-5631182.7607534425,-993100.9282585636,5904191.698618159
2017-07-01 16:58:09.639303028,0.1847,-0.8888,-0.2308,1470882.8458416993,-5631783.479526975,-993227.5920032039,5904827.055552163
2017-07-01 16:58:09.840070009,0.293,-1.1611,-0.2603,1471049.4354910967,-5632389.8561968785,-993355.4493598031,5905468.396547473
2017-07-01 16:58:10.239986002,0.305,-0.8581,-0.0273,1471381.3210334517,-5633597.860021984,-993610.1380444358,5906746.054026287
2017-07-01 16:58:10.400030010,0.2997,-1.2215,-0.0616,1471514.1473352178,-5634081.327274225,-993712.0645229784,5907257.397077454
2017-07-01 16:58:10.439966976,0.256,-0.6684,-0.1503,1471547.2928738194,-5634201.971502488,-993737.4992313758,5907384.99746084
2017-07-01 16:58:10.639419972,0.3193,-1.0863,-0.3427,1471712.8408592807,-5634804.535518963,-993864.5387580557,5908022.305379012
2017-07-01 16:58:10.839960992,0.3068,-0.7918,-0.2414,1471879.3042540492,-5635410.418389619,-993992.2809987012,5908663.124994574
2017-07-01 16:58:11.239932000,0.3128,-1.249,-0.2457,1472211.3588482803,-5636619.0272458745,-994247.097072146,5909941.423861029
2017-07-01 16:58:11.400289890,0.2292,-0.9106,-0.2408,1472344.4933264777,-5637103.61069761,-994349.2650886127,5910453.949211609
2017-07-01 16:58:11.439945995,0.0384,-1.0787,-0.0058,1472377.417210237,-5637223.448669223,-994374.5309925934,5910580.6970909005
2017-07-01 16:58:11.639187991,0.2845,-0.6749,-0.1028,1472542.8461697488,-5637825.570817061,-994501.4771707937,5911217.538617515
2017-07-01 16:58:11.840058028,0.2928,-1.3111,-0.3038,1472709.6386921792,-5638432.665910959,-994629.4729062504,5911859.639426699
2017-07-01 16:58:12.239968001,0.0963,-0.8344,-0.2012,1473041.7195129455,-5639641.458377568,-994884.3304020371,5913138.127708183
2017-07-01 16:58:12.399460190,0.2021,-0.9197,-0.2982,1473174.1652045525,-5640123.5726670325,-994985.9803136762,5913648.039662255
2017-07-01 16:58:12.439983010,0.1827,-1.2449,-0.2432,1473207.8165125188,-5640246.067422015,-995011.8073136864,5913777.5971367685
2017-07-01 16:58:12.639361023,0.2892,-1.0136,-0.1429,1473373.3972093705,-5640848.799255718,-995138.8854917043,5914415.080554173
2017-07-01 16:58:12.840333998,0.238,-0.8557,-0.1197,1473540.3121130732,-5641456.3873181855,-995266.9850902624,5915057.699891533
2017-07-01 16:58:13.239960014,0.1137,-1.053,-0.0907,1473872.2332942402,-5642664.717907979,-995521.7200529691,5916335.688067108
2017-07-01 16:58:13.400120010,0.2333,-1.0791,-0.1965,1474005.2648899164,-5643149.0139158005,-995623.8164212629,5916847.9022201765
2017-07-01 16:58:13.439976990,0.2955,-0.7294,-0.2347,1474038.3712395902,-5643269.5356588,-995649.2242179959,5916975.371730666
2017-07-01 16:58:13.639190018,0.2699,-1.0602,-0.3238,1474203.8540002229,-5643871.969118183,-995776.2302353865,5917612.534430491
2017-07-01 16:58:13.839993000,0.3424,-0.99,-0.2581,1474370.6713138926,-5644479.250622932,-995904.2603170696,5918254.825779394
2017-07-01 16:58:14.239934980,0.2657,-0.9871,-0.1573,1474702.9660842333,-5645688.9391934285,-996159.2847006783,5919534.251679268
2017-07-01 16:58:14.399730200,0.2636,-0.8491,-0.1026,1474835.7398628197,-5646172.287109388,-996261.1812939504,5920045.464069679
2017-07-01 16:58:14.440235972,0.2775,-0.9516,-0.3405,1474869.3965464027,-5646294.810361147,-996287.0111619937,5920175.050705044
2017-07-01 16:58:22.539930999,0.2504,-0.7908,-0.2345,1481615.9481611215,-5670846.926832356,-1001467.4385388267,5946143.936692323
2017-07-01 16:58:22.739951014,0.2842,-1.0944,-0.3101,1481782.5639962163,-5671453.279211266,-1001595.3803498322,5946785.280399617
2017-07-01 16:58:22.939917981,0.4963,-1.2982,-0.1351,1481949.155487992,-5672059.522688213,-1001723.2936311626,5947426.509455402
2017-07-01 16:58:23.140116989,0.2838,-0.7664,-0.0973,1482115.9516665807,-5672666.500365102,-1001851.3592423863,5948068.515456493
2017-07-01 16:58:23.339119970,0.2987,-0.7477,-0.2528,1482281.7632022067,-5673269.881452311,-1001978.6697766923,5948706.718943474
2017-07-01 16:58:23.539901018,0.3511,-1.1823,-0.3298,1482449.0703972816,-5673878.701336933,-1002107.1311100991,5949350.676000563
2017-07-01 16:58:23.739943027,0.3687,-0.8006,-0.2658,1482615.776518797,-5674485.31230229,-1002235.1302368618,5949992.298868777
2017-07-01 16:58:23.939889013,0.3138,-0.9667,-0.3426,1482782.4151642323,-5675091.670732902,-1002363.081618828,5950633.65611887
2017-07-01 16:58:24.139928996,0.4911,-1.1636,-0.2724,1482949.151800343,-5675698.360782478,-1002491.1040526266,5951275.366097499
2017-07-01 16:58:24.339217007,0.2764,-0.904,-0.1036,1483115.272632771,-5676302.806121335,-1002618.6493507542,5951914.7015665015
2017-07-01 16:58:24.539999008,0.2246,-0.6393,-0.2033,1483282.6478672726,-5676911.808540222,-1002747.1590054783,5952558.85819713
2017-07-01 16:58:24.739943981,0.3088,-1.0706,-0.3087,1483449.3376864365,-5677518.314926016,-1002875.1452652432,5953200.375494971
2017-07-01 16:58:24.940091013,0.2607,-0.8116,-0.2569,1483616.2064011765,-5678125.466742565,-1003003.2711555869,5953842.576514389
2017-07-01 16:58:25.139909982,0.2933,-0.8102,-0.3186,1483782.8133105098,-5678731.655719862,-1003131.1997544434,5954483.760887361
2017-07-01 16:58:25.339250028,0.3273,-1.194,-0.2784,1483949.0339047331,-5679336.439238165,-1003258.8327986506,5955123.458911136
2017-07-01 16:58:25.539960980,0.2467,-1.107,-0.1452,1484116.407573374,-5679945.426583112,-1003387.3494531631,5955767.60235266
2017-07-01 16:58:25.739932000,0.2371,-0.7473,-0.1314,1484283.1736910013,-5680552.1987459455,-1003515.397578414,5956409.4029504545
2017-07-01 16:58:25.940015971,0.3153,-1.0845,-0.2282,1484450.046626869,-5681159.357052487,-1003643.5271656304,5957051.612230416
2017-07-01 16:58:26.140372991,0.2536,-1.0863,-0.1487,1484617.157469814,-5681767.387538262,-1003771.8375769659,5957694.743125041
2017-07-01 16:58:26.339114010,0.3904,-0.7165,-0.2389,1484782.9358823765,-5682370.542189354,-1003899.1225230092,5958332.719279051
2017-07-01 16:58:26.539924025,0.2555,-0.91,-0.2841,1484950.450436241,-5682980.012685341,-1004027.7440268988,5958977.376665195
2017-07-01 16:58:26.739902973,0.4031,-1.0156,-0.2672,1485117.2878394234,-5683587.001458352,-1004155.8439069951,5959619.410720658
2017-07-01 16:58:26.939904987,0.0189,-1.0361,-0.0813,1485284.1452420042,-5684194.101687583,-1004283.9618144714,5960261.559170449
2017-07-01 16:58:27.139910995,0.273,-0.7005,-0.1025,1485451.0168973499,-5684801.242062166,-1004412.0863806829,5960903.750658998
2017-07-01 16:58:27.339138984,0.2935,-1.3647,-0.2146,1485617.2510751442,-5685406.07484135,-1004539.7210629905,5961543.500112056
2017-07-01 16:58:27.540098011,0.1889,-1.0665,-0.128,1485784.9372452928,-5686016.205918727,-1004668.4698976799,5962188.852101378
2017-07-01 16:58:27.739973008,0.3091,-0.7668,-0.2596,1485951.7312172197,-5686623.076409661,-1004796.534595655,5962830.7569977
2017-07-01 16:58:27.940042972,0.2238,-1.0201,-0.2977,1486118.6968457014,-5687230.579701732,-1004924.7361299897,5963473.331297357
2017-07-01 16:58:28.140163004,0.3081,-1.0822,-0.1457,1486285.7165965391,-5687838.278362969,-1005052.9755820709,5964116.111872427
2017-07-01 16:58:28.339354991,0.294,-0.8292,-0.1339,1486451.9734681735,-5688443.191757577,-1005180.6256439678,5964755.946847327
2017-07-01 16:58:28.540018022,0.2557,-0.8054,-0.2048,1486619.4684520604,-5689052.604901499,-1005309.2266551392,5965400.542001784
2017-07-01 16:58:28.740023970,0.2052,-1.1212,-0.3307,1486786.4231721736,-5689660.067336595,-1005437.4197834568,5966043.073518208
2017-07-01 16:58:28.939900994,0.2807,-0.8169,-0.2426,1486953.2814873322,-5690267.170836729,-1005565.5399704477,5966685.22648918
2017-07-01 16:58:29.139891028,0.1844,-0.8184,-0.3029,1487120.241519055,-5690874.650324495,-1005693.7447110838,5967327.777706922
2017-07-01 16:58:29.339420020,0.2786,-1.2422,-0.3063,1487286.8277452367,-5691480.778828927,-1005821.6660925025,5967968.899696506
2017-07-01 16:58:29.540135025,0.2048,-0.9546,-0.1989,1487454.412421204,-5692090.548657189,-1005950.3558597238,5968613.872717694
2017-07-01 16:58:29.739942014,0.208,-0.7821,-0.1876,1487621.2472636453,-5692697.591167153,-1006078.47093594,5969255.961128769
2017-07-01 16:58:29.939902007,0.3173,-1.2005,-0.2829,1487788.2225482916,-5693305.146526173,-1006206.6954289022,5969898.592148845
2017-07-01 16:58:30.139918029,0.2324,-0.9933,-0.218,1487955.2539170773,-5693912.911861208,-1006334.964571899,5970541.444998028
2017-07-01 16:58:30.339123010,0.3638,-0.7896,-0.2732,1488121.622430218,-5694518.244114043,-1006462.7244401854,5971181.726541204
2017-07-01 16:58:30.539308011,0.2534,-1.027,-0.2834,1488288.8195739894,-5695126.595549421,-1006591.1242000685,5971825.201822441
2017-07-01 16:58:30.739916026,0.2945,-1.0504,-0.1838,1488456.3818763462,-5695736.274773413,-1006719.8026802255,5972470.081434201
2017-07-01 16:58:30.939890980,0.2793,-0.8443,-0.0871,1488623.4265696371,-5696344.063789269,-1006848.0785713629,5973112.961640857
2017-07-01 16:58:31.139886021,0.2389,-0.8387,-0.1552,1488790.4975976893,-5696951.947402396,-1006976.3735551953,5973755.941921924
2017-07-01 16:58:31.339143991,0.2848,-1.0759,-0.3225,1488956.9642020506,-5697557.633410314,-1007104.2085191995,5974396.598326479
2017-07-01 16:58:31.539891004,0.2872,-0.7991,-0.2206,1489124.686375457,-5698167.877877092,-1007233.0076763526,5975042.0774916615
2017-07-01 16:58:31.740068972,0.2503,-0.8945,-0.2321,1489291.9431471366,-5698776.428365759,-1007361.4510351219,5975685.765286839
2017-07-01 16:58:31.939915001,0.3885,-1.2306,-0.2941,1489458.9380864662,-5699384.018892407,-1007489.6931525093,5976328.438503055
2017-07-01 16:58:32.139922976,0.1541,-1.136,-0.1342,1489626.0745152803,-5699992.147226006,-1007618.0445598189,5976971.67836995
2017-07-01 16:58:32.339199006,0.2032,-0.6348,-0.1259,1489792.607364379,-5700598.075274382,-1007745.9312546111,5977612.591222332
2017-07-01 16:58:32.539960026,0.3277,-1.3423,-0.2276,1489960.3944116987,-5701208.572754423,-1007874.7801248573,5978258.3366207685
2017-07-01 16:58:32.739889025,0.153,-1.0583,-0.1087,1490127.4922088757,-5701816.582430102,-1008003.0993470841,5978901.448510832
2017-07-01 16:58:32.939915001,0.3147,-0.7865,-0.2306,1490294.6836493122,-5702424.918493424,-1008131.4900378693,5979544.907129146
2017-07-01 16:58:33.140498995,0.3112,-1.1011,-0.3618,1490462.3540291379,-5703034.9959502835,-1008260.2534603563,5980190.208724107
2017-07-01 16:58:49.306033015,0.4057,-0.9315,-0.1747,1504081.322115952,-5752445.991297365,-1018683.2527438164,6032463.10189726
2017-07-01 16:58:49.506072998,0.2759,-0.7216,-0.0396,1504249.86072503,-5753057.455258009,-1018812.2334637442,6033109.9852436315
2017-07-01 16:58:49.705942988,0.2504,-1.1299,-0.1693,1504418.2661138042,-5753668.444736827,-1018941.111339685,6033756.36562791
2017-07-01 16:58:49.906080007,0.3389,-1.0973,-0.2864,1504586.9100690277,-5754280.294457983,-1019070.1728699072,6034403.656896978
2017-07-01 16:58:50.105095982,0.3309,-0.775,-0.2179,1504754.622491023,-5754888.747670509,-1019198.5201075732,6035047.356513634
2017-07-01 16:58:50.305929005,0.2447,-0.9982,-0.359,1504923.876024229,-5755502.796420454,-1019328.0536561231,6035696.976588689
2017-07-01 16:58:50.505940020,0.3488,-1.0044,-0.2951,1505092.4507575775,-5756114.37205407,-1019457.0688301672,6036343.981640101
2017-07-01 16:58:50.705923020,0.2386,-1.1134,-0.0736,1505261.0114214984,-5756725.906554377,-1019586.0688769055,6036990.941483004
2017-07-01 16:58:50.905918002,0.3002,-0.7921,-0.0856,1505429.5941921445,-5757337.50937724,-1019715.0800765218,6037637.973950336
2017-07-01 16:58:51.105198979,0.2302,-0.7473,-0.237,1505597.5842448955,-5757946.958385408,-1019843.6401033333,6038282.728683963
2017-07-01 16:58:51.306020975,0.4229,-1.0159,-0.2558,1505766.8904025292,-5758561.161169872,-1019973.2045876962,6038932.5143806245
2017-07-01 16:58:51.505518019,0.3471,-0.7798,-0.2331,1505935.0933526964,-5759171.342698448,-1020101.9235289035,6039578.047706447
2017-07-01 16:58:51.705941975,0.2287,-0.8787,-0.2415,1506104.0870016837,-5759784.394576633,-1020231.250230753,6040226.618003591
2017-07-01 16:58:51.906041979,0.3669,-1.1806,-0.2387,1506272.8221912165,-5760396.502829628,-1020360.377455043,6040874.190426738
2017-07-01 16:58:52.105099022,0.2648,-1.2232,-0.1145,1506440.688391755,-5761005.469120441,-1020488.8361794844,6041518.437251087
2017-07-01 16:58:52.305932998,0.2421,-0.7269,-0.1389,1506610.0628572865,-5761619.900821739,-1020618.4472256259,6042168.466524679
2017-07-01 16:58:52.505936026,0.2897,-0.8423,-0.247,1506778.7481264898,-5762231.824012773,-1020747.5318880253,6042815.843075701
2017-07-01 16:58:52.705928027,0.295,-1.0111,-0.2817,1506947.4358944278,-5762843.753906698,-1020876.6207005484,6043463.22742045
2017-07-01 16:58:52.905843019,0.3045,-0.7897,-0.2805,1507116.0708770344,-5763455.479731807,-1021005.6710165458,6044110.397584938
2017-07-01 16:58:53.105436980,0.2714,-0.8628,-0.3567,1507284.4458712197,-5764066.257596628,-1021134.5283088258,6044756.566449454
2017-07-01 16:58:53.305941998,0.3519,-1.0738,-0.299,1507453.6035689858,-5764679.86655792,-1021263.9857973844,6045405.731586435
2017-07-01 16:58:53.505936026,0.2407,-1.1105,-0.1106,1507622.3397932856,-5765291.956145058,-1021393.1177853569,6046053.2878973195
2017-07-01 16:58:53.705955028,0.2424,-0.7155,-0.1354,1507791.1067861496,-5765904.1507915445,-1021522.2713155516,6046700.955778468
2017-07-01 16:58:53.906293988,0.3442,-1.2805,-0.2975,1507960.157559819,-5766517.376121623,-1021651.6433850137,6047349.714241086
2017-07-01 16:58:54.105195999,0.3102,-0.9914,-0.1739,1508128.0080739218,-5767126.242260286,-1021780.0944016405,6047993.8611261565
2017-07-01 16:58:54.306041002,0.3535,-0.6925,-0.2334,1508297.512510449,-5767741.084096584,-1021909.8096185136,6048644.332279374
2017-07-01 16:58:54.505928993,0.2995,-1.0444,-0.3003,1508466.2212371072,-5768353.037984954,-1022038.918750253,6049291.748864803
2017-07-01 16:58:54.705928027,0.4003,-1.0681,-0.2161,1508635.039697715,-5768965.374553281,-1022168.108249404,6049939.5713776
2017-07-01 16:58:54.906350016,0.2552,-0.9814,-0.0462,1508804.2254242294,-5769579.045503759,-1022297.5728124041,6050588.804434839
2017-07-01 16:58:55.105126023,0.2649,-0.6656,-0.1258,1508972.0321658105,-5770187.702930416,-1022425.9791076742,6051232.734217243
2017-07-01 16:58:55.305944979,0.2687,-1.4444,-0.2889,1509141.5744015137,-5770802.674171441,-1022555.7167679437,6051883.342374185
2017-07-01 16:58:55.506066024,0.218,-0.9219,-0.1366,1509310.5361535216,-5771415.545108612,-1022685.0090183842,6052531.727842184
2017-07-01 16:58:55.706022024,0.201,-0.8342,-0.2463,1509479.3665948668,-5772027.943948594,-1022814.2044858284,6053179.614119926
2017-07-01 16:58:55.905981004,0.1874,-1.0793,-0.2978,1509648.2070452648,-5772640.39506962,-1022943.4137858229,6053827.555161471
2017-07-01 16:58:56.105098009,0.282,-0.964,-0.2172,1509816.3477332753,-5773250.305539325,-1023072.0876306823,6054472.808658203
2017-07-01 16:58:56.305926978,0.2473,-0.9518,-0.0945,1509985.94403193,-5773865.498272705,-1023201.8715962202,6055123.649716487
2017-07-01 16:58:56.505957007,0.2467,-0.7576,-0.1605,1510154.8755116991,-5774478.273952728,-1023331.1456756955,6055771.934121509
2017-07-01 16:58:56.705936014,0.2327,-1.1695,-0.3349,1510323.773207874,-5775090.940101195,-1023460.4001741993,6056420.1024268875
2017-07-01 16:58:56.905911982,0.1813,-0.9142,-0.174,1510492.6755876364,-5775703.633498435,-1023589.6596668022,6057068.298804936
2017-07-01 16:58:57.105090975,0.199,-0.7829,-0.2512,1510660.9127264263,-5776313.916155088,-1023718.4139802592,6057713.94523781
2017-07-01 16:58:57.306083977,0.2648,-1.0812,-0.3619,1510830.6927708436,-5776929.800597644,-1023848.3555348876,6058365.518717326
2017-07-01 16:58:57.505917012,0.3382,-0.9934,-0.2307,1510999.506489312,-5777542.170329273,-1023977.5563858801,6059013.374677929
2017-07-01 16:58:57.705932974,0.2629,-0.9431,-0.0939,1511168.4852574016,-5778155.138353685,-1024106.8792638275,6059661.862998111
2017-07-01 16:58:57.906122028,0.2294,-0.7016,-0.1198,1511337.6194515408,-5778768.664952149,-1024236.3188576846,6060310.942506946
2017-07-01 16:58:58.105084002,0.2409,-1.2528,-0.2258,1511505.7264559665,-5779378.480467549,-1024364.9739763367,6060956.094669397
2017-07-01 16:58:58.306008994,0.2288,-0.9794,-0.1901,1511675.5012909384,-5779994.352143375,-1024494.9061191459,6061607.653475817
2017-07-01 16:58:58.506142973,0.2041,-0.7887,-0.2399,1511844.6159215716,-5780607.8308106465,-1024624.3363465251,6062256.681051535
2017-07-01 16:58:58.705933988,0.1929,-1.128,-0.2531,1512013.4484450773,-5781220.303202447,-1024753.5548757986,6062904.643046066
2017-07-01 16:58:58.905955970,0.3516,-1.0735,-0.2311,1512182.490213328,-5781833.5265880935,-1024882.9320332777,6063553.40021501
2017-07-01 16:58:59.105095028,0.284,-0.9115,-0.1194,1512350.7970708273,-5782444.079269804,-1025011.742837508,6064199.331835817
2017-07-01 16:58:59.305930018,0.3341,-0.6732,-0.2438,1512520.5507592529,-5783059.8587670205,-1025141.660469402,6064850.795409683
2017-07-01 16:58:59.505934000,0.3453,-1.0068,-0.3342,1512689.6158593514,-5783673.130586966,-1025271.0539011933,6065499.607564905
2017-07-01 16:58:59.706000983,0.2827,-0.9179,-0.258,1512858.745530317,-5784286.632327353,-1025400.4984186649,6066148.663773888
2017-07-01 16:58:59.906091988,0.2493,-0.8155,-0.3024,1513027.9054897234,-5784900.240380456,-1025529.9705855226,6066797.833660984
2017-07-01 16:59:08.840641021,0.3426,-1.2058,-0.266,1520608.6567059269,-5812395.58368894,-1031332.4508500927,6095887.116106412
2017-07-01 16:59:09.240768015,0.364,-0.9559,-0.3034,1520948.2131696935,-5813627.094801573,-1031592.3590974614,6097190.0298336875
2017-07-01 16:59:09.408669710,0.2424,-0.7019,-0.0923,1521090.7050308643,-5814143.8825308075,-1031701.4246618284,6097736.78091724
2017-07-01 16:59:09.440734982,0.3438,-0.9338,-0.3349,1521117.9179761393,-5814242.577784059,-1031722.2539619865,6097841.198573925
2017-07-01 16:59:09.640561997,0.3581,-0.8416,-0.2205,1521287.5201592247,-5814857.668634703,-1031852.0685227925,6098491.954310245
2017-07-01 16:59:09.840771973,0.1953,-0.8766,-0.2406,1521457.4552069623,-5815473.973421621,-1031982.1415125675,6099143.994361009
2017-07-01 16:59:10.240665018,0.2428,-1.0621,-0.065,1521796.9168993724,-5816705.130866937,-1032241.95556411,6100446.5320634525
2017-07-01 16:59:10.406550160,0.2428,-1.1418,-0.2394,1521937.7403609832,-5817215.875664328,-1032349.7391972095,6100986.888499003
2017-07-01 16:59:10.440728008,0.2638,-0.8562,-0.1292,1521966.754978721,-5817321.107053658,-1032371.9463558509,6101098.220931624
2017-07-01 16:59:10.640501022,0.2361,-1.0863,-0.1947,1522136.357806813,-5817936.238630715,-1032501.7572376656,6101749.015424083
2017-07-01 16:59:10.840920984,0.3174,-0.9671,-0.2657,1522306.5226286855,-5818553.401105957,-1032631.9991737162,6102401.959562894
2017-07-01 16:59:11.240728020,0.1826,-0.8796,-0.3199,1522646.0044956952,-5819784.686036813,-1032891.8629632103,6103704.633041389
2017-07-01 16:59:11.407879940,0.2987,-0.7744,-0.2436,1522787.9439249665,-5820299.485107798,-1033000.5140087856,6104249.280661115
2017-07-01 16:59:11.440851986,0.2903,-1.1504,-0.2674,1522815.942922193,-5820401.034570707,-1033021.9465826061,6104356.718063836
2017-07-01 16:59:11.640277028,0.3292,-1.2078,-0.0975,1522985.3025330906,-5821015.2848876435,-1033151.5812369739,6105006.582178257
2017-07-01 16:59:11.840700984,0.2898,-0.8001,-0.1279,1523155.5221023506,-5821632.644105654,-1033281.8703651148,6105659.735937854
2017-07-01 16:59:12.240728020,0.4969,-0.9682,-0.3463,1523495.3435876654,-5822864.98895769,-1033541.9704119626,6106963.545508158
2017-07-01 16:59:12.407930010,0.3046,-0.7913,-0.2659,1523637.3895743778,-5823380.102543707,-1033650.6936110789,6107508.532127782
2017-07-01 16:59:12.440703988,0.1957,-0.8987,-0.2565,1523665.2328266662,-5823481.073128684,-1033672.0051863935,6107615.358314472
2017-07-01 16:59:12.640250027,0.2809,-0.8364,-0.3003,1523834.7690753825,-5824095.870996737,-1033801.7737587275,6108265.811622064
2017-07-01 16:59:12.841147005,0.2708,-1.0783,-0.2864,1524005.464024345,-5824714.874604054,-1033932.4324312938,6108920.714794314
2017-07-01 16:59:13.240543007,0.2534,-0.8382,-0.1107,1524344.856888505,-5825945.626952037,-1034192.207862057,6110222.84484998
2017-07-01 16:59:13.408719770,0.3488,-1.1411,-0.1466,1524487.7775315223,-5826463.901634543,-1034301.5976578223,6110771.176849199
2017-07-01 16:59:13.440636992,0.2565,-0.7555,-0.1744,1524514.9018128712,-5826562.262533149,-1034322.3582445553,6110875.24220463
2017-07-01 16:59:13.640317976,0.3488,-1.4142,-0.3093,1524684.6110400606,-5827177.685791439,-1034452.2532588649,6111526.356745948
2017-07-01 16:59:13.841243028,0.2561,-0.8593,-0.1334,1524855.3879418608,-5827796.977998283,-1034582.9629406723,6112181.564556827
2017-07-01 16:59:14.240655004,0.1748,-1.1719,-0.2591,1525194.8973364646,-5829028.234554693,-1034842.8375399339,6113484.221988693
2017-07-01 16:59:14.407649870,0.1567,-0.8254,-0.1898,1525336.8511953119,-5829543.048155025,-1034951.4968705964,6114028.889429758
2017-07-01 16:59:14.441003978,0.3491,-1.2002,-0.1168,1525365.2042178246,-5829645.87389938,-1034973.199674019,6114137.677984854
2017-07-01 16:59:14.640380978,0.2787,-0.8322,-0.0489,1525534.6978852383,-5830260.556559084,-1035102.931959853,6114788.005448131
2017-07-01 16:59:14.840740978,0.2833,-0.8539,-0.213,1525705.0385899541,-5830878.3041034695,-1035233.3124230085,6115441.576304498
2017-07-01 16:59:15.240701019,0.2904,-0.7398,-0.232,1526045.1203573192,-5832111.574440136,-1035493.6159330234,6116746.369984866
2017-07-01 16:59:15.407289860,0.2841,-1.0752,-0.4103,1526186.776960647,-5832625.278283727,-1035602.0473005932,6117289.866878717
2017-07-01 16:59:15.440913021,0.1323,-0.889,-0.2208,1526215.368117582,-5832728.96178595,-1035623.9326014991,6117399.563647276
2017-07-01 16:59:15.640228986,0.3303,-1.2946,-0.2974,1526384.8678035482,-5833343.642438737,-1035753.6790914013,6118049.893486605
2017-07-01 16:59:15.840739011,0.279,-1.1996,-0.1775,1526555.3941434529,-5833962.053742996,-1035884.210001477,6118704.169383584
2017-07-01 16:59:16.240698993,0.2391,-0.9671,-0.3,1526895.583523089,-5835195.7616038965,-1036144.6297136579,6120009.427517808
2017-07-01 16:59:16.406240220,0.2466,-0.8405,-0.1051,1527036.3927857701,-5835706.40950497,-1036252.4188740094,6120549.690873508
2017-07-01 16:59:16.440811991,0.1985,-0.9577,-0.3012,1527065.799749502,-5835813.054792698,-1036274.9300141631,6120662.521151556
2017-07-01 16:59:16.640206992,0.1813,-0.7549,-0.2392,1527235.413587413,-5836428.168634457,-1036404.7740304838,6121313.309395171
2017-07-01 16:59:16.840745985,0.1259,-0.9824,-0.3425,1527406.0056165801,-5837046.85108639,-1036535.3767768139,6121967.87275799
2017-07-01 16:59:17.240965008,0.0914,-1.1054,-0.1276,1527746.4736229174,-5838281.7430629395,-1036796.0433007865,6123274.371972357
2017-07-01 16:59:17.407299990,0.2531,-1.1811,-0.2887,1527887.9824943724,-5838795.009052797,-1036904.3868723146,6123817.400307232
2017-07-01 16:59:17.440788984,0.2137,-0.7148,-0.1712,1527916.4733719688,-5838898.348078609,-1036926.2003784697,6123926.731585533
2017-07-01 16:59:17.640289008,0.4226,-0.9829,-0.284,1528086.2155277168,-5839513.9965572795,-1037056.15870259,6124578.081335657
2017-07-01 16:59:17.841057002,0.2603,-0.8762,-0.3484,1528257.0470123503,-5840133.593254423,-1037186.9570510784,6125233.609641235
2017-07-01 16:59:18.240707993,0.0834,-0.9138,-0.1055,1528597.1193771858,-5841367.115250558,-1037447.3425418404,6126538.657108594
2017-07-01 16:59:18.407099720,0.1714,-0.9778,-0.1531,1528738.7107303275,-5841880.71005961,-1037555.7563491205,6127082.031749305
2017-07-01 16:59:18.440940976,0.2105,-1.0808,-0.1796,1528767.508251861,-5841985.167773228,-1037577.8060849834,6127192.546219608
2017-07-01 16:59:18.640262007,0.3003,-0.9042,-0.3491,1528937.134208656,-5842600.447384849,-1037707.6903139163,6127843.5031159585
2017-07-01 16:59:18.840735018,0.2858,-1.0305,-0.1408,1529107.752008297,-5843219.324432852,-1037838.3308700944,6128498.26561945
2017-07-01 16:59:19.240691006,0.2601,-0.8069,-0.2405,1529448.1866200904,-5844454.151286212,-1038099.0052868768,6129804.697281939
2017-07-01 16:59:19.407500260,0.2811,-0.9562,-0.1419,1529590.1791734425,-5844969.185924694,-1038207.728460168,6130349.597540702
2017-07-01 16:59:19.440683007,0.3262,-1.125,-0.3109,1529618.4255852862,-5845071.641096257,-1038229.3567006266,6130457.9938657675
2017-07-01 16:59:30.838804006,0.3704,-0.7883,-0.2366,1539369.0594754522,-5880366.935072779,-1045689.2962382602,6167806.619588103
2017-07-01 16:59:31.238965988,0.1182,-0.8847,-0.1409,1539711.4008771158,-5881606.213856359,-1045951.2202307004,6169117.992709071
2017-07-01 16:59:31.387989870,0.1826,-1.5597,-0.0809,1539838.8959158198,-5882067.766938182,-1046048.7648522385,6169606.394145194
2017-07-01 16:59:31.439351022,0.1716,-0.8389,-0.2864,1539882.8375943862,-5882226.843640936,-1046082.3844080841,6169774.724293963
2017-07-01 16:59:31.638186991,0.2141,-1.0834,-0.3334,1540052.958797839,-5882842.724886956,-1046212.5499847125,6170426.43108261
2017-07-01 16:59:31.838818013,0.3293,-1.1255,-0.145,1540224.6290781442,-5883464.2114953,-1046343.8965078635,6171084.068923724
2017-07-01 16:59:32.238795995,0.2522,-0.6636,-0.2242,1540566.9112764455,-5884703.313289337,-1046605.7847891105,6172395.253247509
2017-07-01 16:59:32.388380280,0.2414,-0.8615,-0.0923,1540694.923818787,-5885166.733463455,-1046703.7281737957,6172885.63181911
2017-07-01 16:59:32.438544988,0.2727,-1.1142,-0.394,1540737.854895798,-5885322.149235457,-1046736.5755387854,6173050.088599722
2017-07-01 16:59:32.638113021,0.3074,-0.9278,-0.2319,1540908.657938393,-5885940.469860286,-1046867.2599900966,6173704.37961584
2017-07-01 16:59:32.838800013,0.2771,-0.8253,-0.2406,1541080.4298176968,-5886562.290589292,-1046998.6868669394,6174362.375375779
2017-07-01 16:59:33.238794982,0.3447,-1.1074,-0.1953,1541422.8484012976,-5887801.836403259,-1047260.6687717652,6175674.033713521
2017-07-01 16:59:33.389339920,0.2685,-1.0827,-0.3275,1541551.729568544,-5888268.38517832,-1047359.2775583591,6176167.724982364
2017-07-01 16:59:33.438835024,0.2593,-0.8678,-0.0635,1541594.1028458592,-5888421.775923262,-1047391.6976159937,6176330.039540578
2017-07-01 16:59:33.638052999,0.263,-0.8077,-0.1904,1541764.6658802435,-5889039.206289672,-1047522.1960233502,6176983.3907284625
2017-07-01 16:59:33.838919997,0.2183,-1.0883,-0.3127,1541936.649554772,-5889661.79133444,-1047653.7872454715,6177642.19629745
2017-07-01 16:59:34.239014983,0.1757,-0.7975,-0.2088,1542279.2416977973,-5890902.008991166,-1047915.9293715983,6178954.566424552
2017-07-01 16:59:34.389500260,0.2917,-0.7945,-0.1887,1542408.105388388,-5891368.502455703,-1048014.5315574699,6179448.1997708
2017-07-01 16:59:34.438834011,0.3389,-1.2832,-0.2908,1542450.3517361686,-5891521.436635435,-1048046.8571263857,6179610.031437128
2017-07-01 16:59:34.638071000,0.3457,-1.1896,-0.1114,1542620.9795913242,-5892139.116712195,-1048177.4100854656,6180263.646510458
2017-07-01 16:59:34.838773012,0.2568,-0.7699,-0.0442,1542792.8724459573,-5892761.36970674,-1048308.924802786,6180922.100253268
2017-07-01 16:59:35.238838016,0.2554,-1.0229,-0.2689,1543135.5522180423,-5894001.887938927,-1048571.1198510396,6182234.788564131
2017-07-01 16:59:35.388090010,0.3944,-0.9727,-0.2822,1543263.4043261586,-5894464.708946793,-1048668.9430755626,6182724.536345024
2017-07-01 16:59:35.438796997,0.4007,-0.7537,-0.1817,1543306.8419297822,-5894621.950049156,-1048702.1780801332,6182890.925825767
2017-07-01 16:59:35.637814998,0.2578,-0.8844,-0.3398,1543477.3388044965,-5895239.1349374205,-1048832.6343943842,6183544.020096516
2017-07-01 16:59:35.839170992,0.3478,-1.1614,-0.3241,1543649.8527174043,-5895863.617383271,-1048964.6364036053,6184204.837406631
2017-07-01 16:59:36.238794028,0.272,-0.8712,-0.1134,1543992.2774883918,-5897103.141375179,-1049226.6335220195,6185516.481382355
2017-07-01 16:59:36.387939810,0.283,-1.0462,-0.041,1544120.0822477385,-5897565.7750537135,-1049324.4159971345,6186006.032125526
2017-07-01 16:59:36.437860012,0.2185,-1.269,-0.2171,1544162.859995313,-5897720.625147565,-1049357.1450594992,6186169.891650836
2017-07-01 16:59:36.638163983,0.1853,-1.0173,-0.1052,1544334.5124225952,-5898341.999360764,-1049488.4740926223,6186827.41677315
2017-07-01 16:59:36.838805973,0.3008,-0.7246,-0.282,1544506.4666279003,-5898964.451332087,-1049620.0360999873,6187486.084325169
2017-07-01 16:59:37.238798975,0.408,-1.2012,-0.3153,1544849.3339222155,-5900205.542456861,-1049882.3640598927,6188799.389713854
2017-07-01 16:59:37.390139810,0.1488,-0.9594,-0.3142,1544979.0641564482,-5900675.142064101,-1049981.6253240344,6189296.313343952
2017-07-01 16:59:37.438906013,0.2305,-1.1258,-0.1071,1545020.8673743114,-5900826.462723605,-1050013.6103035249,6189456.438623983
2017-07-01 16:59:37.638179004,0.2136,-0.8122,-0.1793,1545191.6960503072,-5901444.835518362,-1050144.317419337,6190110.791546246
2017-07-01 16:59:37.838774979,0.4047,-1.1638,-0.2381,1545363.675151601,-5902067.360552888,-1050275.9018874976,6190769.539166145
2017-07-01 16:59:38.238798975,0.4082,-0.7653,-0.2372,1545706.6973394803,-5903308.908482472,-1050538.342640344,6192083.338628944
2017-07-01 16:59:38.387920140,0.1742,-1.0204,-0.1062,1545834.5732128392,-5903771.756092522,-1050636.177809956,6192573.120593654
2017-07-01 16:59:38.438777983,0.2578,-0.9199,-0.3598,1545878.186006003,-5903929.612865535,-1050669.5454708955,6192740.163564091
2017-07-01 16:59:38.638110995,0.3722,-1.1815,-0.2451,1546049.1374471176,-5904548.366074676,-1050800.3369330626,6193394.924499384
2017-07-01 16:59:38.839106023,0.2457,-1.031,-0.055,1546221.5241879544,-5905172.320029124,-1050932.221141522,6194055.187398133
2017-07-01 16:59:39.238815009,0.1158,-1.296,-0.2866,1546564.3597729162,-5906413.353813051,-1051194.5386086712,6195368.429966182
2017-07-01 16:59:39.387979740,0.2857,-0.6973,-0.1296,1546692.3066555052,-5906876.502449967,-1051292.4339985705,6195858.527149044
2017-07-01 16:59:39.438778996,0.1731,-1.0443,-0.2012,1546735.8804482557,-5907034.234160382,-1051325.7735848597,6196025.436488505
2017-07-01 16:59:39.638046026,0.1497,-0.7238,-0.1233,1546906.8105545484,-5907652.987109265,-1051456.5575681955,6196680.190964694
2017-07-01 16:59:39.839102983,0.3056,-1.0435,-0.2893,1547079.2884034172,-5908277.340222707,-1051588.5280204518,6197340.872169301
2017-07-01 16:59:40.238777995,0.1656,-0.8546,-0.0598,1547422.1783282293,-5909518.609308346,-1051850.877622597,6198654.358850731
2017-07-01 16:59:40.387939810,0.3439,-1.0287,-0.2201,1547550.1551596904,-5909981.8834481845,-1051948.793426382,6199144.586909693
2017-07-01 16:59:40.438781023,0.298,-0.863,-0.0978,1547593.7763253595,-5910139.790831902,-1051982.16789252,6199311.681570737
2017-07-01 16:59:40.638059973,0.3429,-1.1319,-0.3672,1547764.768949223,-5910758.774941182,-1052112.9981689302,6199966.680270197
2017-07-01 16:59:40.838806986,0.1041,-0.907,-0.0708,1547937.0254494376,-5911382.355580187,-1052244.7951087523,6200626.540717919
2017-07-01 16:59:41.238858997,0.1408,-1.024,-0.2068,1548280.3236230626,-5912625.201408231,-1052507.475355278,6201941.6893844465
2017-07-01 16:59:41.389599800,0.172,-0.7938,-0.131,1548409.6833174746,-5913093.527497967,-1052606.4570402433,6202437.260120612
2017-07-01 16:59:41.438894987,0.3999,-0.9553,-0.2375,1548451.9874360925,-5913246.681598514,-1052638.826561764,6202599.323994413
2017-07-01 16:59:58.423213005,0.3215,-0.9206,-0.1044,1563120.3230316844,-5966280.437532358,-1063821.638780841,6258719.028898353
2017-07-01 16:59:58.623224973,0.2189,-1.13,-0.0803,1563293.070115149,-5966905.022733046,-1063953.3338443402,6259379.9589085
2017-07-01 16:59:58.823194026,0.2761,-0.7161,-0.1891,1563465.7911742087,-5967529.50255652,-1064085.0082127214,6260040.778521935
2017-07-01 16:59:59.222429990,0.188,-0.9467,-0.2555,1563810.656790136,-5968776.420390519,-1064347.9353314016,6261360.255914403
2017-07-01 16:59:59.232949850,0.2689,-1.1998,-0.2523,1563819.7440222646,-5968809.276784327,-1064354.8634838613,6261395.024261147
2017-07-01 16:59:59.423241019,0.2607,-0.7428,-0.2236,1563984.1301769929,-5969403.634935754,-1064480.1932322513,6262023.969773148
2017-07-01 16:59:59.623172998,0.1451,-0.9521,-0.2664,1564156.8505039872,-5970028.143388744,-1064611.8832687282,6262684.819454768
2017-07-01 16:59:59.823226988,0.3087,-1.1973,-0.3074,1564329.688590397,-5970653.0808737185,-1064743.6659733423,6263346.123357906
2017-07-01 17:00:00.222545027,0.3058,-0.8675,-0.1112,1564674.7310493037,-5971900.626518222,-1065006.7287516193,6264666.267190868
2017-07-01 17:00:00.232020020,0.3196,-1.1568,-0.114,1564682.918223488,-5971930.228305681,-1065012.9706987042,6264697.591591152
2017-07-01 17:00:00.423307001,0.3082,-0.923,-0.2207,1564848.2172041351,-5972527.881154212,-1065138.9950376577,6265330.02425261
2017-07-01 17:00:00.623211979,0.2526,-1.0104,-0.2353,1565020.973446324,-5973152.500261184,-1065270.7065177436,6265990.992402409
2017-07-01 17:00:00.823197007,0.3649,-0.8093,-0.213,1565193.8134608811,-5973777.401857941,-1065402.4792591324,6266652.261252123
2017-07-01 17:00:01.222437024,0.3796,-1.0699,-0.3283,1565538.9230484334,-5975025.094402137,-1065665.5960382856,6267972.571804582
2017-07-01 17:00:01.231959810,0.2523,-0.8901,-0.2238,1565547.1547229732,-5975054.85479892,-1065671.8719945445,6268004.0643156655
2017-07-01 17:00:01.423300027,0.2514,-1.2541,-0.0455,1565712.5619935633,-5975652.872858689,-1065797.9757099417,6268636.886015664
2017-07-01 17:00:01.623210012,0.3058,-0.7839,-0.0746,1565885.3897653108,-5976277.706348987,-1065929.7303545957,6269298.084103052
2017-07-01 17:00:01.823262989,0.2734,-1.0605,-0.257,1566058.352099435,-5976903.029213867,-1066061.5895264132,6269959.800147835
2017-07-01 17:00:02.222433984,0.3391,-0.8311,-0.2858,1566403.5224496885,-5978150.884886928,-1066324.7371573395,6271280.28736484
2017-07-01 17:00:02.231729740,0.2556,-0.9807,-0.3198,1566411.5606794471,-5978179.94460277,-1066330.8652759416,6271311.038508705
2017-07-01 17:00:02.423236012,0.1747,-0.8894,-0.3224,1566577.1664648203,-5978778.650190492,-1066457.1253735623,6271944.592127917
2017-07-01 17:00:02.623171985,0.3735,-0.9668,-0.3152,1566750.0767969955,-5979403.748178987,-1066588.955773531,6272606.0762220975
2017-07-01 17:00:02.823248982,0.2352,-1.0608,-0.1271,1566923.1185059934,-5980029.329542404,-1066720.8842474346,6273268.070661858
2017-07-01 17:00:03.222495973,0.2714,-1.0872,-0.2452,1567268.4607399034,-5981277.82963784,-1066984.1822123094,6274589.241411621
2017-07-01 17:00:03.231990210,0.2604,-0.7507,-0.1674,1567276.6731258703,-5981307.519486692,-1066990.4435476756,6274620.65940361
2017-07-01 17:00:03.422402024,0.1517,-0.996,-0.123,1567441.3822571898,-5981903.000811785,-1067116.022313546,6275250.8000088455
2017-07-01 17:00:03.623194992,0.2979,-0.8922,-0.2402,1567615.083256169,-5982530.983443489,-1067248.4572533735,6275915.334564613
2017-07-01 17:00:03.823310017,0.153,-1.0459,-0.2628,1567788.203910574,-5983156.887683736,-1067380.4555734475,6276577.668753781
2017-07-01 17:00:04.222615003,0.2554,-1.0931,-0.084,1568133.6856633371,-5984405.977109616,-1067643.8554233934,6277899.4541965
2017-07-01 17:00:04.236380100,0.3895,-0.9248,-0.2596,1568145.5954052,-5984449.036694849,-1067652.9355607636,6277945.019829191
2017-07-01 17:00:04.423258006,0.2821,-0.7364,-0.2102,1568307.294464234,-5985033.648566912,-1067776.2167919804,6278563.65688001
2017-07-01 17:00:04.623203992,0.274,-0.9989,-0.3252,1568480.3118399184,-5985659.181368248,-1067908.131888064,6279225.597339221
2017-07-01 17:00:04.823248982,0.2983,-0.8765,-0.2864,1568653.4268231697,-5986285.058980256,-1068040.1237635538,6279887.904001407
2017-07-01 17:00:05.222416996,0.1058,-0.8982,-0.2831,1568998.8757961597,-5987534.072778549,-1068303.5442990358,6281209.613418069
2017-07-01 17:00:05.231779810,0.3208,-0.7767,-0.2307,1569006.9786140022,-5987563.369492326,-1068309.7230645271,6281240.615278158
2017-07-01 17:00:05.423166990,0.4194,-1.2405,-0.2792,1569172.6253192124,-5988162.2749991305,-1068436.0346899838,6281874.379514287
2017-07-01 17:00:05.623172998,0.3195,-1.1979,-0.0936,1569345.744450403,-5988788.1992153935,-1068568.038309914,6282536.733930303
2017-07-01 17:00:05.823342025,0.2984,-0.7923,-0.1204,1569519.0166420764,-5989414.66534962,-1068700.1543462465,6283199.662354038
2017-07-01 17:00:06.222675979,0.3686,-1.0137,-0.2101,1569864.750626718,-5990664.616753012,-1068963.7571945903,6284522.368475776
2017-07-01 17:00:06.232750170,0.224,-0.9168,-0.1901,1569873.4726480735,-5990696.14997529,-1068970.4072505652,6284555.7371249655
2017-07-01 17:00:06.423174023,0.3157,-0.8063,-0.2076,1570038.3490375055,-5991292.224858847,-1069096.1151231118,6285186.508328438
2017-07-01 17:00:06.623175024,0.2285,-0.9447,-0.3052,1570211.526834822,-5991918.3164293775,-1069228.1575362044,6285849.043894951
2017-07-01 17:00:06.823162972,0.3871,-1.0728,-0.2606,1570384.70881188,-5992544.410045074,-1069360.201754336,6286511.582835804
2017-07-01 17:00:07.222427010,0.2331,-0.6419,-0.1606,1570730.4934828547,-5993794.471019844,-1069623.8457801417,6287834.41380627
2017-07-01 17:00:07.234439960,0.2358,-1.0507,-0.0746,1570740.8973939365,-5993832.082673028,-1069631.7782421133,6287874.214951487
2017-07-01 17:00:07.423174977,0.383,-1.2723,-0.2507,1570904.3665022962,-5994423.043297673,-1069756.413791472,6288499.5774478745
2017-07-01 17:00:07.623332023,0.2654,-1.011,-0.1498,1571077.7392082221,-5995049.808692069,-1069888.598144221,6289162.828530792
2017-07-01 17:00:07.823266983,0.2997,-0.7777,-0.2439,1571250.931527151,-5995675.909741214,-1070020.6455803213,6289825.378056548
2017-07-01 17:00:08.222509980,0.3829,-0.951,-0.2846,1571596.8341294967,-5996926.300199939,-1070284.371763807,6291148.567274297
2017-07-01 17:00:08.232719770,0.2011,-1.07,-0.2441,1571605.6798733822,-5996958.276386442,-1070291.116025146,6291182.405142333
2017-07-01 17:00:08.423242986,0.2336,-1.0419,-0.0922,1571770.7573281187,-5997555.016576237,-1070416.9729261962,6291813.886819848
2017-07-01 17:00:08.623247981,0.2598,-0.7913,-0.1357,1571944.0605938232,-5998181.486420303,-1070549.09878259,6292476.829244243
2017-07-01 17:00:08.823427975,0.2732,-1.1282,-0.2267,1572117.5264429103,-5998808.549617924,-1070681.3493298893,6293140.3991744025
2017-07-01 17:00:09.232849710,0.1737,-0.9774,-0.1702,1572472.3397089653,-6000091.225744768,-1070951.8656715953,6294497.746047306
2017-07-01 17:00:17.690156996,0.3938,-0.7424,-0.1885,1579829.7824803693,-6026640.199337668,-1076553.3267705017,6322596.088575117
2017-07-01 17:00:17.890196025,0.2765,-0.7677,-0.2168,1580003.8176942347,-6027268.187718275,-1076685.8257056484,6323260.728286045
2017-07-01 17:00:18.290208995,0.3717,-0.9777,-0.2665,1580351.8909708527,-6028524.116588971,-1076950.8231066666,6324589.962913019
2017-07-01 17:00:18.489400982,0.2552,-1.0515,-0.0818,1580525.228995358,-6029149.565449191,-1077082.785470654,6325251.916627845
2017-07-01 17:00:18.690135002,0.2569,-0.7289,-0.1709,1580699.9192575065,-6029779.885555219,-1077215.7762997563,6325919.0266471235
2017-07-01 17:00:18.890124022,0.1908,-1.1755,-0.3159,1580873.9688090694,-6030407.913319361,-1077348.2861841181,6326583.709714649
2017-07-01 17:00:18.901409980,0.1815,-1.1084,-0.3041,1580883.7909510662,-6030443.35488112,-1077355.7641383372,6326621.21984901
2017-07-01 17:00:19.290112972,0.2424,-0.811,-0.1631,1581222.1148506773,-6031664.130646049,-1077613.3391972207,6327913.247685274
2017-07-01 17:00:19.489383995,0.2042,-0.988,-0.2849,1581395.5668250439,-6032290.008219164,-1077745.3979772313,6328575.655303155
2017-07-01 17:00:19.690128028,0.393,-1.0988,-0.2982,1581570.3167923642,-6032920.5565545205,-1077878.4449517278,6329243.007718092
2017-07-01 17:00:19.890223979,0.3141,-1.0795,-0.097,1581744.5151729796,-6033549.112449187,-1078011.0662811196,6329908.250728499
2017-07-01 17:00:19.901190040,0.2461,-1.022,-0.1783,1581754.0619728032,-6033583.559957196,-1078018.3344835548,6329944.708845086
2017-07-01 17:00:20.290160000,0.2384,-1.1218,-0.2794,1582092.7263194846,-6034805.594654478,-1078276.1823994073,6331238.068930583
2017-07-01 17:00:20.489399015,0.1888,-1.0371,-0.105,1582266.2051815493,-6035431.589018806,-1078408.2619719268,6331900.598499238
2017-07-01 17:00:20.690423011,0.3247,-0.8271,-0.2153,1582441.2513609135,-6036063.225086095,-1078541.5335448636,6332569.100359407
2017-07-01 17:00:20.890188992,0.1795,-1.0949,-0.3578,1582615.2092585445,-6036690.952046974,-1078673.9853782936,6333233.464655646
2017-07-01 17:00:20.901349780,0.2662,-0.8197,-0.1241,1582624.928199831,-6036726.022822759,-1078681.385386612,6333270.582342475
2017-07-01 17:00:21.290112018,0.1451,-1.053,-0.0325,1582963.488713646,-6037947.797618662,-1078939.1538001029,6334563.655925435
2017-07-01 17:00:21.489395022,0.2354,-0.6295,-0.1242,1583137.0472129541,-6038574.115318044,-1079071.2931292434,6335226.52413494
2017-07-01 17:00:21.690221011,0.2724,-1.2034,-0.2881,1583311.960506779,-6039205.33093085,-1079204.4671906205,6335894.5757826185
2017-07-01 17:00:21.890358984,0.1921,-1.0872,-0.2072,1583486.2822543173,-6039834.427590483,-1079337.1933062791,6336560.383650512
2017-07-01 17:00:21.897290110,0.4658,-0.9392,-0.2348,1583492.3193419182,-6039856.214346783,-1079341.7898537251,6336583.441786507
2017-07-01 17:00:22.290158987,0.1257,-0.9621,-0.253,1583834.5318913485,-6041091.275969883,-1079602.3696051843,6337890.572222594
2017-07-01 17:00:22.489392995,0.3834,-1.1089,-0.258,1584008.0919791462,-6041717.651803066,-1079734.52660396,6338553.499616837
2017-07-01 17:00:22.690280020,0.338,-1.0224,-0.0976,1584183.1057111716,-6042349.2658494385,-1079867.7840297767,6339221.9707088135
2017-07-01 17:00:22.890139997,0.2663,-0.8468,-0.0876,1584357.2353111827,-6042977.684552447,-1080000.3636674194,6339887.059767193
2017-07-01 17:00:22.902559750,0.3543,-0.7732,-0.2077,1584368.0561747549,-6043016.73603752,-1080008.6024993262,6339928.390047405
2017-07-01 17:00:23.290314972,0.1197,-1.0453,-0.1058,1584705.9107101671,-6044236.11368668,-1080265.8417263764,6341218.913602873
2017-07-01 17:00:23.489401996,0.3007,-0.7822,-0.2188,1584879.3889036772,-6044862.215606407,-1080397.9259691795,6341881.547417628
2017-07-01 17:00:23.690151989,0.194,-1.1,-0.2658,1585054.3239745665,-6045493.59167064,-1080531.124220293,6342549.762303013
2017-07-01 17:00:23.890277981,0.3095,-0.9505,-0.2016,1585228.7276818408,-6046123.043265758,-1080663.9165189457,6343215.940975292
2017-07-01 17:00:23.903530120,0.2142,-1.0697,-0.2228,1585240.2765550085,-6046164.7250960115,-1080672.7099286013,6343260.054844982
2017-07-01 17:00:24.290134012,0.244,-0.784,-0.1107,1585577.2276393098,-6047380.823921235,-1080929.2561103282,6344547.110003508
2017-07-01 17:00:24.489441990,0.3703,-0.9823,-0.3607,1585750.952548718,-6048007.804891733,-1081061.5290677121,6345210.675869691
2017-07-01 17:00:24.690119028,0.3599,-0.9103,-0.2609,1585925.885279927,-6048639.129295924,-1081194.7211237743,6345878.840242428
2017-07-01 17:00:24.890112996,0.3143,-0.8704,-0.2553,1586100.2351415541,-6049268.33959471,-1081327.470028451,6346544.768437167
2017-07-01 17:00:24.902249810,0.2635,-1.1666,-0.0923,1586110.815758686,-6049306.523960004,-1081335.5260288394,6346585.181067361
2017-07-01 17:00:25.290512979,0.2579,-1.0504,-0.2418,1586449.3342358128,-6050528.220567648,-1081593.278239468,6347878.16971274
2017-07-01 17:00:25.489389002,0.3491,-1.1731,-0.1706,1586622.7438578373,-6051154.043969666,-1081725.3107330806,6348540.512831117
2017-07-01 17:00:25.689700007,0.2556,-0.7937,-0.1207,1586797.4149658848,-6051784.414822256,-1081858.300744904,6349207.668876379
2017-07-01 17:00:25.890215992,0.3327,-0.809,-0.2486,1586972.2781931576,-6052415.463266031,-1081991.436841943,6349875.5437515965
2017-07-01 17:00:25.901619790,0.1746,-0.8936,-0.2514,1586982.2230834584,-6052451.3525358215,-1081999.0086258722,6349913.527431927
2017-07-01 17:00:26.290127992,0.2199,-0.939,-0.2378,1587321.0619473113,-6053674.181277015,-1082257.0024520596,6351207.717128923
2017-07-01 17:00:26.489408016,0.1499,-0.873,-0.2511,1587494.8707094602,-6054301.449398625,-1082389.346865233,6351871.590557108
2017-07-01 17:00:26.690142989,0.2386,-0.9846,-0.3042,1587669.9580684924,-6054933.336896236,-1082522.669786245,6352540.353324152
2017-07-01 17:00:26.890179991,0.2144,-1.0666,-0.1846,1587844.4452144322,-6055563.069952019,-1082655.5365198995,6353206.83490804
2017-07-01 17:00:26.901330110,0.3186,-1.1658,-0.2694,1587854.1712168478,-6055598.17159538,-1082662.9425826601,6353243.984935711
2017-07-01 17:00:27.290413975,0.2776,-0.6748,-0.2827,1588193.6024993886,-6056823.147051887,-1082921.4202467827,6354540.4520006655
2017-07-01 17:00:27.489382982,0.3263,-1.1232,-0.336,1588367.1931758674,-6057449.617263339,-1083053.613391504,6355203.484981543
2017-07-01 17:00:27.690603017,0.2259,-0.844,-0.216,1588542.756910185,-6058083.20919392,-1083187.310843878,6355874.055582152
2017-07-01 17:00:27.890178978,0.2341,-0.9005,-0.2267,1588716.8955203698,-6058711.660211094,-1083319.9249470164,6356539.1853961665
2017-07-01 17:00:27.903639790,0.2595,-0.9996,-0.1534,1588728.6407048393,-6058754.0475662565,-1083328.8694063048,6356584.046639003
2017-07-01 17:00:28.290498971,0.3286,-1.2096,-0.2961,1589066.2425095625,-6059972.426836176,-1083585.9744532919,6357873.536107028
2017-07-01 17:00:28.901349780,0.1072,-0.9304,-0.2626,1589599.3559012387,-6061896.595382473,-1083992.0414165081,6359909.998674949
2017-07-01 17:00:41.723412990,0.2688,-1.1401,-0.1047,1600833.864087493,-6102473.291548343,-1092532.802780448,6402849.151715311
2017-07-01 17:00:41.923429012,0.4052,-0.992,-0.1463,1601009.131472549,-6103106.301858857,-1092666.0390725816,6403519.020334861
2017-07-01 17:00:42.123395979,0.2781,-0.6516,-0.2137,1601184.3669926664,-6103739.182975595,-1092799.251232978,6404188.753807046
2017-07-01 17:00:42.323428988,0.351,-1.1428,-0.3884,1601359.6744314986,-6104372.318837619,-1092932.522929757,6404858.75828374
2017-07-01 17:00:42.522624015,0.2578,-0.9544,-0.236,1601534.2576983073,-6105002.840224432,-1093065.2456864298,6405525.99628299
2017-07-01 17:00:42.723442971,0.3153,-0.8573,-0.2722,1601710.276963284,-6105638.536483491,-1093199.0614370916,6406198.711985838
2017-07-01 17:00:42.923560976,0.2434,-1.0906,-0.3604,1601885.6915871403,-6106272.057544201,-1093332.4245419337,6406869.12619662
2017-07-01 17:00:43.123727023,0.3361,-0.8317,-0.287,1602061.1617888291,-6106905.764016532,-1093465.8311621072,6407539.738511932
2017-07-01 17:00:43.323424994,0.225,-1.1405,-0.113,1602236.2306370726,-6107538.034087541,-1093598.9303254562,6408208.829072363
2017-07-01 17:00:43.522431015,0.2541,-0.6646,-0.2094,1602410.7029380216,-6108168.139674155,-1093731.5765954677,6408875.630331951
2017-07-01 17:00:43.723393976,0.2924,-1.1968,-0.2815,1602586.9027337716,-6108804.489783407,-1093865.5386207926,6409549.039659022
2017-07-01 17:00:43.923566997,0.2195,-0.9754,-0.18,1602762.4187231276,-6109438.377627674,-1093998.9812841222,6410219.842716143
2017-07-01 17:00:44.123386979,0.2534,-0.7417,-0.166,1602937.6352780934,-6110071.177118063,-1094132.1952267834,6410889.494654515
2017-07-01 17:00:44.323399007,0.1283,-1.0654,-0.2113,1603113.0253654441,-6110704.6274100505,-1094265.545653725,6411559.833609275
2017-07-01 17:00:44.522625029,0.3688,-1.1319,-0.2017,1603287.7408439848,-6111335.633299347,-1094398.38004668,6412227.586184362
2017-07-01 17:00:44.723541021,0.3451,-1.1712,-0.0597,1603463.9523082345,-6111972.039085911,-1094532.3436408127,6412901.052113293
2017-07-01 17:00:44.923362016,0.2802,-0.7614,-0.0602,1603639.2146037023,-6112605.006847102,-1094665.5795338193,6413570.879889233
2017-07-01 17:00:45.123369991,0.2909,-0.9752,-0.282,1603814.6525356018,-6113238.605911081,-1094798.951381548,6414241.376533602
2017-07-01 17:00:45.323417007,0.1947,-0.9648,-0.2601,1603990.1325041591,-6113872.36726198,-1094932.3596719825,6414912.044650119
2017-07-01 17:00:45.522737026,0.2524,-0.8552,-0.1659,1604164.9847830434,-6114503.859417091,-1095065.2897302075,6415580.311554239
2017-07-01 17:00:45.723502993,0.1877,-0.8746,-0.2576,1604341.113076668,-6115139.967924078,-1095199.194499893,6416253.463668949
2017-07-01 17:00:45.923367023,0.2324,-1.041,-0.2959,1604516.4594009006,-6115773.26031001,-1095332.509525052,6416923.635702218
2017-07-01 17:00:46.123368978,0.3767,-0.9861,-0.2026,1604691.9417989023,-6116407.029172091,-1095465.9246542896,6417594.313031852
2017-07-01 17:00:46.323486983,0.2014,-1.0011,-0.0808,1604867.5340850796,-6117041.205866227,-1095599.4204327143,6418265.420366952
2017-07-01 17:00:46.522620022,0.2534,-0.6597,-0.1916,1605042.2721673436,-6117672.287349364,-1095732.2667525043,6418933.25337233
2017-07-01 17:00:46.723448991,0.3735,-1.1734,-0.2866,1605218.5134824128,-6118308.790806542,-1095866.2560261951,6419606.824937503
2017-07-01 17:00:46.923780024,0.1842,-0.9657,-0.175,1605394.3252166018,-6118943.754870952,-1095999.920109636,6420278.766501672
2017-07-01 17:00:47.123614013,0.3178,-0.7901,-0.1849,1605569.713432856,-6119577.175069102,-1096133.259941062,6420949.075476975
2017-07-01 17:00:47.323584973,0.1526,-0.9393,-0.2937,1605745.2279666197,-6120211.06698971,-1096266.702911389,6421619.883296823
2017-07-01 17:00:47.523186981,0.3034,-1.1714,-0.2601,1605920.4307589198,-6120843.836031741,-1096399.9100383474,6422289.502797953
2017-07-01 17:00:47.723515987,0.371,-1.0861,-0.1765,1606096.2865703362,-6121478.953356217,-1096533.6094205999,6422961.607755967
2017-07-01 17:00:47.923753023,0.2782,-0.7501,-0.1036,1606272.0728016614,-6122113.809176808,-1096667.2515759931,6423633.4363859175
2017-07-01 17:00:48.123385012,0.3185,-0.943,-0.1968,1606447.340561012,-6122746.784264213,-1096800.497754117,6424303.275382241
2017-07-01 17:00:48.323377013,0.3284,-1.1067,-0.2735,1606622.9375293883,-6123380.945109624,-1096933.9951646342,6424974.369760166
2017-07-01 17:00:48.522662997,0.2726,-0.8724,-0.1525,1606797.9254270305,-6124012.901871092,-1097067.027355619,6425643.13185467
2017-07-01 17:00:48.723406970,0.1692,-0.9183,-0.1686,1606974.2003657653,-6124649.519074413,-1097201.039612885,6426316.824859106
2017-07-01 17:00:48.923406004,0.2672,-1.1345,-0.2745,1607149.8318553155,-6125283.819240254,-1097334.5655451675,6426988.065728709
2017-07-01 17:00:49.123405992,-0.0227,-1.2123,-0.0194,1607325.4632746319,-6125918.170923716,-1097468.0928903718,6427659.355990858
2017-07-01 17:00:49.323342978,0.2982,-0.7814,-0.0268,1607501.0512887766,-6126552.35401635,-1097601.579244449,6428330.467793151
2017-07-01 17:00:49.522625982,0.232,-0.8534,-0.1446,1607676.0741785432,-6127184.496625459,-1097734.6347151978,6428999.4200829435
2017-07-01 17:00:49.723402023,0.3691,-1.1145,-0.39,1607852.4232262678,-6127821.42020133,-1097868.7027646622,6429673.433485016
2017-07-01 17:00:49.923489987,0.2291,-0.9318,-0.2351,1608028.177082491,-6128456.198289362,-1098002.3207635044,6430345.176508379
2017-07-01 17:00:50.123374998,0.1897,-0.8785,-0.1891,1608203.7602475367,-6129090.367609597,-1098135.810786392,6431016.274876821
2017-07-01 17:00:50.323377013,0.2448,-1.1504,-0.2041,1608379.455983535,-6129724.954161922,-1098269.3871127032,6431687.813845926
2017-07-01 17:00:50.522675991,0.3078,-1.0798,-0.107,1608554.546348581,-6130357.352937338,-1098402.498148295,6432357.036983409
2017-07-01 17:00:50.723504006,0.2886,-0.7501,-0.0979,1608730.9916600813,-6130994.633777471,-1098536.6343704236,6433031.426939377
2017-07-01 17:00:50.923388004,0.3037,-0.9711,-0.252,1608906.6197024165,-6131628.957798905,-1098670.150136909,6433702.688642225
2017-07-01 17:00:51.123380005,0.3049,-1.0934,-0.3367,1609082.3548365945,-6132263.668296121,-1098803.751512677,6434374.360144847
2017-07-01 17:00:51.323370993,0.1103,-0.8842,-0.1169,1609258.0934922409,-6132898.410943213,-1098937.3568873054,6435046.063920796
2017-07-01 17:00:51.522625029,0.09,-0.8241,-0.1494,1609433.1881371336,-6133530.847329153,-1099070.4758675138,6435715.325675863
2017-07-01 17:00:51.723618984,0.2044,-1.0721,-0.2247,1609609.8199947192,-6134168.849564895,-1099204.766342101,6436390.476497283
2017-07-01 17:00:51.923452019,0.2662,-0.8962,-0.2977,1609785.442275453,-6134803.202554821,-1099338.29305712,6437061.766584239
2017-07-01 17:00:52.123392999,0.2419,-1.1027,-0.0551,1609961.1690934093,-6135437.942288949,-1099471.8941027587,6437733.464161853
2017-07-01 17:00:52.323496997,0.3376,-0.8621,-0.1038,1610137.052704866,-6136073.23406568,-1099605.608233738,6438405.7464538105
2017-07-01 17:01:01.423307001,0.2177,-1.0256,-0.2357,1618153.4578477875,-6165048.310193061,-1105705.8297642304,6469066.908150948
2017-07-01 17:01:01.623336017,0.2364,-0.7574,-0.2444,1618329.681274943,-6165685.261044956,-1105839.9325966134,6469740.926195403
2017-07-01 17:01:01.823478996,0.1869,-1.0355,-0.2813,1618506.0125889776,-6166322.616267595,-1105974.1230998111,6470415.37164704
2017-07-01 17:01:02.222653985,0.2978,-1.1008,-0.1029,1618857.7438753152,-6167593.964234827,-1106241.7756274233,6471760.700822787
2017-07-01 17:01:02.233730070,0.3432,-0.9868,-0.2948,1618867.5035610136,-6167629.241010332,-1106249.2023366725,6471798.03040253
2017-07-01 17:01:02.423434972,0.2643,-0.8533,-0.0969,1619034.6714339987,-6168233.472322213,-1106376.4062878138,6472437.422545844
2017-07-01 17:01:02.623335003,0.2097,-0.8174,-0.427,1619210.831629618,-6168870.20892256,-1106510.4635020965,6473111.213136893
2017-07-01 17:01:02.823355972,0.2629,-1.0313,-0.3845,1619387.1089190226,-6169507.372004364,-1106644.6172032005,6473785.456016759
2017-07-01 17:01:03.222693979,0.1344,-0.8643,-0.2746,1619739.0645605128,-6170779.593639494,-1106912.4962708573,6475131.7133276565
2017-07-01 17:01:03.235769740,0.2588,-0.8706,-0.2453,1619750.58889689,-6170821.250895228,-1106921.2676358477,6475175.794793259
2017-07-01 17:01:03.423466980,0.2407,-1.233,-0.2901,1619916.0245462754,-6171419.267326088,-1107047.1872391417,6475808.611631413
2017-07-01 17:01:03.623739004,0.3511,-1.0098,-0.1453,1620092.5576457484,-6172057.38839328,-1107181.5486590478,6476483.867242337
2017-07-01 17:01:03.823283970,0.2809,-0.8349,-0.099,1620268.4610528108,-6172693.226100408,-1107315.4262416672,6477156.706659263
2017-07-01 17:01:04.222518026,0.2311,-0.9516,-0.2737,1620620.4317500337,-6173965.512430346,-1107583.3217262165,6478503.032881211
2017-07-01 17:01:04.232790110,0.2778,-0.9466,-0.2106,1620629.4878017798,-6173998.247793807,-1107590.2145595076,6478537.67326251
2017-07-01 17:01:04.423287987,0.0856,-0.8992,-0.1149,1620797.4372208612,-6174605.364366772,-1107718.0477177578,6479180.118765665
2017-07-01 17:01:04.623281002,0.2567,-0.8082,-0.1859,1620973.7681444082,-6175242.774262258,-1107852.260001807,6479854.620906369
2017-07-01 17:01:04.823261976,0.2727,-1.1577,-0.3195,1621150.099357506,-6175880.192080331,-1107986.476982892,6480529.131541189
2017-07-01 17:01:05.222531974,0.2911,-1.1436,-0.0721,1621502.1980698986,-6177153.004509115,-1108254.4580376153,6481876.006467707
2017-07-01 17:01:05.232689970,0.3456,-0.8809,-0.2961,1621511.1559970363,-6177185.386756509,-1108261.2758869266,6481910.272983692
2017-07-01 17:01:05.423406004,0.327,-0.8207,-0.1005,1621679.3526722617,-6177793.392215586,-1108389.2844343868,6482553.657752094
2017-07-01 17:01:05.622877001,0.2925,-1.0124,-0.3206,1621855.2821805717,-6178429.348904671,-1108523.1820667582,6483226.621129562
2017-07-01 17:01:05.823005020,0.1879,-0.9798,-0.1861,1622031.7986950285,-6179067.439564212,-1108657.5281876577,6483901.841751433
2017-07-01 17:01:06.222660005,0.1422,-0.8674,-0.2456,1622384.324297147,-6180341.843023139,-1108925.8561702727,6485250.3997016745
2017-07-01 17:01:06.233560200,0.3111,-0.7926,-0.225,1622393.939121739,-6180376.601213,-1108933.1745777198,6485287.180395261
2017-07-01 17:01:06.423327028,0.2844,-1.0401,-0.2264,1622561.3385490556,-6180981.7610022705,-1109060.5924667083,6485927.553169202
2017-07-01 17:01:06.623277008,0.2965,-1.1152,-0.1079,1622737.7327166018,-6181619.439093441,-1109194.852090729,6486602.335496196
2017-07-01 17:01:06.823275983,0.3054,-0.8319,-0.1039,1622914.182322994,-6182257.306714539,-1109329.1487691863,6487277.318715409
2017-07-01 17:01:07.222526013,0.2352,-0.8986,-0.2633,1623266.4591724668,-6183530.799812122,-1109597.281877843,6488624.914236464
2017-07-01 17:01:07.235499730,0.2081,-0.9248,-0.2175,1623277.906520724,-6183572.182404371,-1109605.994958431,6488668.70481543
2017-07-01 17:01:07.423283994,0.1447,-0.822,-0.1553,1623443.6029102977,-6184171.1915923795,-1109732.1153658521,6489302.5685836105
2017-07-01 17:01:07.623645007,0.1044,-0.8905,-0.2442,1623620.4009165782,-6184810.354843836,-1109866.6924222955,6489978.921892155
2017-07-01 17:01:07.823643982,0.2627,-1.2823,-0.2934,1623796.8899694167,-6185448.414464551,-1110001.0380435162,6490654.106662445
2017-07-01 17:01:08.222591996,0.3,-0.8543,-0.0658,1624148.9893071493,-6186721.32004996,-1110269.034483519,6492001.075197163
2017-07-01 17:01:08.228480100,0.2627,-1.0521,-0.0998,1624154.1859770904,-6186740.106996525,-1110272.9898667652,6492020.955247601
2017-07-01 17:01:08.423271000,0.2809,-0.9244,-0.2032,1624326.1134383196,-6187361.653890847,-1110403.849997697,6492678.666692679
2017-07-01 17:01:08.623287022,0.2287,-0.9604,-0.3032,1624502.6618761588,-6187999.911743627,-1110538.2324849176,6493354.061807549
2017-07-01 17:01:08.823427021,0.1066,-1.04,-0.141,1624679.3240149315,-6188638.606869443,-1110672.7039150523,6494029.917357831
2017-07-01 17:01:09.222525000,0.2051,-1.0208,-0.246,1625031.6376009637,-6189912.387604867,-1110940.8917750013,6495377.80690593
2017-07-01 17:01:09.232939720,0.2917,-0.8747,-0.2236,1625040.831483597,-6189945.627832239,-1110947.8903349917,6495412.981061951
2017-07-01 17:01:09.423493027,0.3154,-0.9197,-0.2065,1625209.0591472255,-6190553.8422680395,-1111075.947243038,6496056.582304053
2017-07-01 17:01:09.623327970,0.2157,-1.0979,-0.0861,1625385.4896037884,-6191191.725984443,-1111210.245096515,6496731.577225599
2017-07-01 17:01:09.823396027,0.2546,-0.687,-0.2052,1625562.1360631841,-6191830.38131178,-1111344.7078264193,6497407.389778762
2017-07-01 17:01:10.222620010,0.0898,-0.7604,-0.1254,1625914.6379447707,-6193104.90146304,-1111613.040242937,6498756.056480868
2017-07-01 17:01:10.232840180,0.2594,-1.3324,-0.2611,1625923.662051852,-6193137.529433127,-1111619.9096042926,6498790.582617801
2017-07-01 17:01:10.423430025,0.1516,-0.8616,-0.1179,1626091.9527407794,-6193746.020253129,-1111748.016503251,6499434.471888205
2017-07-01 17:01:10.623511016,0.0899,-0.8896,-0.166,1626268.6277033563,-6194384.848799968,-1111882.509617715,6500110.462114359
2017-07-01 17:01:10.823332011,0.2003,-1.1331,-0.258,1626445.08108265,-6195022.892461541,-1112016.838266128,6500785.620868289
2017-07-01 17:01:11.222517013,0.2228,-0.9581,-0.0948,1626797.619797551,-6196297.673259141,-1112285.203461347,6502134.551457288
2017-07-01 17:01:11.233510130,0.2478,-0.9449,-0.2188,1626807.3283569273,-6196332.779437905,-1112292.5939708352,6502171.699650421
2017-07-01 17:01:11.423335015,0.2335,-0.7188,-0.216,1626974.9804124108,-6196939.0052315565,-1112420.2182084115,6502813.188407544
2017-07-01 17:01:11.623372972,0.2731,-1.194,-0.2932,1627151.6635122057,-6197577.895326081,-1112554.7206940039,6503489.241264531
2017-07-01 17:01:11.823266029,0.1153,-0.974,-0.1103,1627328.223236453,-6198216.361550909,-1112689.130158319,6504164.8434762
2017-07-01 17:01:12.233370060,0.2143,-0.7962,-0.2215,1627690.4922430962,-6199526.383739264,-1112964.9241782469,6505551.063796894
2017-07-01 17:01:21.223218023,0.1416,-0.9639,-0.2543,1635643.1973335692,-6228321.144227378,-1119031.1281638402,6536018.942017614
2017-07-01 17:01:21.423259019,0.2574,-1.1068,-0.1102,1635820.1702535967,-6228961.926001782,-1119166.1170018837,6536696.956600742
2017-07-01 17:01:21.623201012,0.2866,-0.8228,-0.0677,1635997.0670446788,-6229602.423537512,-1119301.0417385513,6537374.670367321
2017-07-01 17:01:21.823279023,0.3231,-0.8918,-0.2841,1636174.0971104868,-6230243.392495421,-1119436.0696356716,6538052.884444231
2017-07-01 17:01:22.223428010,0.2693,-0.8425,-0.3266,1636528.1941376016,-6231525.4427743815,-1119706.1729770924,6539409.437246971
2017-07-01 17:01:22.225960010,0.2684,-0.9069,-0.3184,1636530.4347389534,-6231533.555136872,-1119707.882096694,6539418.021036209
2017-07-01 17:01:22.423198997,0.1557,-0.9067,-0.2089,1636704.980267315,-6232165.5312318485,-1119841.0280667457,6540086.721844578
2017-07-01 17:01:22.623238027,0.3186,-1.1488,-0.2487,1636882.0164269009,-6232806.524952252,-1119976.074154753,6540764.964426429
2017-07-01 17:01:22.823378980,0.2845,-1.0273,-0.076,1637059.1541852122,-6233447.886418877,-1120111.192095131,6541443.595236326
2017-07-01 17:01:23.223322987,0.3563,-0.9926,-0.2476,1637413.1876312876,-6234729.685309805,-1120381.2394604832,6542799.883661975
2017-07-01 17:01:23.224829910,0.272,-0.7253,-0.1145,1637414.5215714902,-6234734.514918088,-1120382.2569546395,6542804.9939351585
2017-07-01 17:01:23.423189997,0.1858,-0.9475,-0.1814,1637590.1188058322,-6235370.2857562555,-1120516.1994221718,6543477.7107338
2017-07-01 17:01:23.623188018,0.2602,-0.8159,-0.1355,1637767.1764205145,-6236011.339029209,-1120651.2533230342,6544156.017106849
2017-07-01 17:01:23.823238015,0.1414,-0.8487,-0.2538,1637944.2857082132,-6236652.59286571,-1120786.3524791277,6544834.535348181
2017-07-01 17:01:24.223269999,0.0816,-1.0713,-0.1992,1638298.4571307374,-6237935.053970257,-1121056.5367394257,6546191.51344918
2017-07-01 17:01:24.224279760,0.1535,-1.2085,-0.3689,1638299.351130634,-6237938.291160662,-1121057.2187390914,6546194.93873582
2017-07-01 17:01:24.423215985,0.289,-0.8054,-0.1256,1638475.4923299898,-6238576.092208744,-1121191.5866322352,6546869.799467485
2017-07-01 17:01:24.623193979,0.2744,-1.0362,-0.2125,1638652.5669012573,-6239217.274667398,-1121326.666667632,6547548.237997189
2017-07-01 17:01:24.823189020,0.0718,-0.8225,-0.2886,1638829.6594389942,-6239858.544681622,-1121461.7697612704,6548226.7684716955
2017-07-01 17:01:25.223257005,0.1025,-0.8933,-0.1687,1639183.9299019536,-6241141.477477142,-1121732.0555757093,6549584.238899481
2017-07-01 17:01:25.224400160,-0.0207,-0.9623,-0.1686,1639184.9421950025,-6241145.143332941,-1121732.8278911156,6549588.117739603
2017-07-01 17:01:25.423204004,0.195,-1.1969,-0.2666,1639360.995800705,-6241782.712430275,-1121867.150285506,6550262.728061818
2017-07-01 17:01:25.623263001,0.3444,-0.9869,-0.1978,1639538.1747093424,-6242424.346335211,-1122002.3286443334,6550941.640064513
2017-07-01 17:01:25.823203027,0.2151,-0.972,-0.0293,1639715.2568521418,-6243065.637530252,-1122137.4277866485,6551620.187778313
2017-07-01 17:01:26.223380029,0.1534,-1.2432,-0.3612,1640069.7087050448,-6244349.371451125,-1122407.8845630568,6552978.496949553
2017-07-01 17:01:26.224350090,0.2775,-0.6338,-0.2672,1640070.5679248942,-6244352.483325229,-1122408.5401721254,6552981.789600423
2017-07-01 17:01:26.423256993,0.2959,-0.9486,-0.2085,1640246.7590259826,-6244990.597472044,-1122542.978286379,6553656.97386654
2017-07-01 17:01:26.623305022,0.2641,-0.7775,-0.2153,1640423.9715019213,-6245632.4035853455,-1122678.1962862692,6554336.065492064
2017-07-01 17:01:26.823391020,0.1548,-0.9842,-0.3358,1640601.2238100115,-6246274.370914939,-1122813.4533940111,6555015.327475467
2017-07-01 17:01:27.223209023,0.2379,-0.9419,-0.133,1640955.4528600236,-6247557.320369684,-1123083.7495726836,6556372.806524207
2017-07-01 17:01:27.224270220,0.2661,-1.0277,-0.3301,1640956.3930551177,-6247560.725575466,-1123084.4669932108,6556376.409546887
2017-07-01 17:01:27.423170983,0.1964,-0.8128,-0.1802,1641132.622131323,-6248198.997405748,-1123218.9406635417,6557051.759996344
2017-07-01 17:01:27.623701989,0.2403,-1.1898,-0.2771,1641310.3052905246,-6248842.548524983,-1123354.5276584001,6557732.695781348
2017-07-01 17:01:27.823203027,0.0894,-0.9717,-0.1547,1641487.0793910902,-6249482.832909188,-1123489.4244080607,6558410.173006207
2017-07-01 17:01:28.223182976,0.227,-1.1113,-0.2583,1641841.5303833701,-6250766.717881578,-1123759.9204402762,6559768.633957724
2017-07-01 17:01:28.226659770,0.0616,-0.753,-0.2066,1641844.6114212675,-6250777.877959029,-1123762.2717080913,6559780.442282314
2017-07-01 17:01:28.423250973,0.2269,-0.9487,-0.2649,1642018.83383296,-6251408.947999352,-1123895.2316025626,6560448.168944519
2017-07-01 17:01:28.623390018,0.2379,-1.0083,-0.0402,1642196.2099307997,-6252051.447222185,-1124030.5926078113,6561127.987148427
2017-07-01 17:01:28.823181986,0.263,-0.8075,-0.1617,1642373.2889247988,-6252692.864468971,-1124165.7253273507,6561806.660939929
2017-07-01 17:01:29.223219990,0.1638,-1.1266,-0.1469,1642727.875573911,-6253977.337004324,-1124436.321391565,6563165.733532552
2017-07-01 17:01:29.224249950,0.2014,-1.0567,-0.2554,1642728.7885125491,-6253980.644079572,-1124437.018083449,6563169.232677627
2017-07-01 17:01:29.423205018,0.2805,-0.8289,-0.211,1642905.1499290597,-6254619.497213793,-1124571.6048474233,6563845.190208211
2017-07-01 17:01:29.623199999,0.1568,-0.9872,-0.2858,1643082.4394360941,-6255261.729038638,-1124706.9065108325,6564524.722103793
2017-07-01 17:01:29.823469996,0.3381,-1.1405,-0.3015,1643259.986297041,-6255904.889749039,-1124842.4063221058,6565205.237554375
2017-07-01 17:01:30.223181009,0.2442,-0.7742,-0.1373,1643614.3841117616,-6257188.672616867,-1125112.867004251,6566563.583175179
2017-07-01 17:01:30.224199890,0.3099,-1.1893,-0.1289,1643615.2874877425,-6257191.945037249,-1125113.5564205914,6566567.04565969
2017-07-01 17:01:30.422577023,0.248,-0.9421,-0.2709,1643791.1854395666,-6257829.125579613,-1125247.7971211101,6567241.2344307285
2017-07-01 17:01:30.623256981,0.2608,-1.118,-0.1528,1643969.1357739433,-6258473.747741433,-1125383.6022841043,6567923.29605302
2017-07-01 17:01:30.823181986,0.3627,-0.7906,-0.2377,1644146.4311607194,-6259115.976451036,-1125518.9060523312,6568602.827211002
2017-07-01 17:01:31.223289012,0.4328,-0.9368,-0.2508,1644501.3191435547,-6260401.409463319,-1125789.7276796515,6569962.93042999
2017-07-01 17:01:31.224099750,0.2677,-1.1328,-0.3818,1644502.0382542554,-6260404.014140617,-1125790.276446533,6569965.686412062
2017-07-01 17:01:31.423328995,0.1567,-0.9345,-0.0677,1644678.757397295,-6261044.119777484,-1125925.132084309,6570642.973704567
2017-07-01 17:01:31.623188018,0.258,-0.6877,-0.168,1644856.0454677364,-6261686.276303629,-1126060.4207210033,6571322.431921548
2017-07-01 17:01:31.823323011,0.1447,-1.3537,-0.2391,1645033.5841374963,-6262329.373755603,-1126195.9057443177,6572002.883174791
2017-07-01 17:02:06.823719024,0.1083,-1.0618,-0.1873,1676214.916625639,-6376097.524090565,-1150119.50806055,6692315.814892
2017-07-01 17:02:07.223776996,0.2343,-1.3965,-0.2312,1676571.359824454,-6377398.128753431,-1150392.9941928778,6693691.243125832
2017-07-01 17:02:07.237500070,0.3304,-0.7543,-0.2736,1676583.5868556064,-6377442.74316462,-1150402.3755608485,6693738.42421055
2017-07-01 17:02:07.423847019,0.26,-0.9373,-0.1758,1676749.6279226474,-6378048.599116717,-1150529.772168479,6694379.135071415
2017-07-01 17:02:07.622991025,0.1013,-0.8364,-0.2266,1676927.0755924738,-6378696.094357066,-1150665.926506138,6695063.879862793
2017-07-01 17:02:07.823774993,0.1783,-1.0338,-0.2529,1677105.9917417837,-6379348.963433665,-1150803.2122778255,6695754.3068863675
2017-07-01 17:02:08.223994970,0.2176,-1.0861,-0.1288,1677462.657744854,-6380650.492531061,-1151076.8827866958,6697130.703969518
2017-07-01 17:02:08.237910150,0.3648,-0.9698,-0.2838,1677475.058674813,-6380695.745361658,-1151086.3980448132,6697178.559894921
2017-07-01 17:02:08.423708021,0.2694,-0.8646,-0.2199,1677640.647319359,-6381299.998767232,-1151213.4549950077,6697817.5725206435
2017-07-01 17:02:08.622992992,0.2571,-0.9769,-0.1616,1677818.2662832146,-6381948.15383045,-1151349.7414493351,6698503.0118668275
2017-07-01 17:02:08.823702991,0.2477,-0.9393,-0.2928,1677997.1653263203,-6382600.98149843,-1151487.0142431695,6699193.3932256745
2017-07-01 17:02:09.223703980,0.1194,-0.929,-0.2241,1678353.7177099225,-6383902.17001829,-1151760.625175676,6700569.427729259
2017-07-01 17:02:09.237579940,0.2557,-0.836,-0.2897,1678366.0864951056,-6383947.308167287,-1151770.1167438754,6700617.1622901615
2017-07-01 17:02:09.423767983,0.3103,-1.1367,-0.2263,1678532.0619785506,-6384553.012594668,-1151897.482732515,6701257.707658103
2017-07-01 17:02:09.622977972,0.1653,-1.1205,-0.0884,1678709.652306412,-6385201.124307557,-1152033.7601752398,6701943.097280721
2017-07-01 17:02:09.823884010,0.2892,-0.8083,-0.1181,1678888.7662892232,-6385854.786588338,-1152171.202634013,6702634.357112466
2017-07-01 17:02:10.223680019,0.1852,-0.9366,-0.3187,1679245.226470182,-6387155.7014337415,-1152444.7592736545,6704010.099049505
2017-07-01 17:02:10.235570070,0.2316,-1.0364,-0.2153,1679255.8277336408,-6387194.391170728,-1152452.894959085,6704051.0141764125
2017-07-01 17:02:10.423690974,0.2224,-0.7119,-0.2617,1679423.5656893053,-6387806.554049805,-1152581.6246522262,6704698.388924008
2017-07-01 17:02:10.623039007,0.0062,-0.7987,-0.2237,1679601.3145580406,-6388455.282788565,-1152718.045873472,6705384.431137158
2017-07-01 17:02:10.823907017,0.2523,-1.1756,-0.246,1679780.4288955454,-6389109.005348605,-1152855.5171967119,6706075.75375182
2017-07-01 17:02:11.223686993,0.2918,-0.8059,-0.1073,1680136.9599995292,-6390410.213348833,-1153129.1383025055,6707451.804436005
2017-07-01 17:02:11.238140220,0.3755,-1.2197,-0.2663,1680149.849730498,-6390457.256116332,-1153139.0305693292,6707501.553009262
2017-07-01 17:02:11.423762977,0.2,-0.9208,-0.2229,1680315.3994031714,-6391061.457984619,-1153266.0846067744,6708140.50710867
2017-07-01 17:02:11.622977972,0.3112,-0.9034,-0.2657,1680493.083811463,-6391709.938425417,-1153402.4527287977,6708826.287784266
2017-07-01 17:02:11.824208021,0.3447,-0.7753,-0.1518,1680672.5794506043,-6392365.009622039,-1153540.206357409,6709519.039636181
2017-07-01 17:02:12.223945975,0.2765,-1.1199,-0.3223,1681029.1867796576,-6393666.469474287,-1153813.9016497883,6710895.362716153
2017-07-01 17:02:12.236830110,0.1631,-1.012,-0.2308,1681040.6807790298,-6393708.41758409,-1153822.7232850015,6710939.723785968
2017-07-01 17:02:12.423795998,0.2744,-1.003,-0.1122,1681207.4835472272,-6394317.175357214,-1153950.740834801,6711583.498257074
2017-07-01 17:02:12.622978985,0.2264,-0.8385,-0.1034,1681385.1948576851,-6394965.745064846,-1154087.1276656617,6712269.374234244
2017-07-01 17:02:12.824110984,0.2616,-1.1511,-0.1984,1681564.655661878,-6395620.707614834,-1154224.8570721839,6712962.009986816
2017-07-01 17:02:13.223702013,0.3195,-0.7959,-0.2548,1681921.2433188532,-6396922.055591352,-1154498.526197634,6714338.21765264
2017-07-01 17:02:13.239030120,0.1949,-0.9592,-0.2007,1681934.9218843423,-6396971.974857888,-1154509.0240521291,6714391.008512173
2017-07-01 17:02:13.423681974,0.1657,-1.0029,-0.2161,1682099.70799118,-6397573.367401904,-1154635.4950662157,6715026.995134193
2017-07-01 17:02:13.623142004,0.3679,-1.0069,-0.2576,1682277.7237748564,-6398223.028746793,-1154772.1186858015,6715714.028425346
2017-07-01 17:02:13.823832988,0.167,-1.0058,-0.0676,1682456.8448970637,-6398876.7399429325,-1154909.5881914734,6716405.342504298
2017-07-01 17:02:14.223707020,0.2979,-1.2279,-0.1925,1682813.7889093792,-6400179.446872147,-1155183.5250759514,6717782.980784292
2017-07-01 17:02:14.238410230,0.2525,-0.7513,-0.1232,1682826.9136541213,-6400227.3470531115,-1155193.5976534812,6717833.636176528
2017-07-01 17:02:14.423685014,0.284,-1.0508,-0.1375,1682992.3079854115,-6400830.972114212,-1155320.52667267,6718471.981162521
2017-07-01 17:02:14.622982025,0.2232,-0.8199,-0.1743,1683170.228788643,-6401480.314142717,-1155457.069035631,6719158.672767118
2017-07-01 17:02:14.823505997,0.3027,-1.1951,-0.2554,1683349.257122962,-6402133.701864231,-1155594.4622836793,6719849.642608303
2017-07-01 17:02:15.223728001,0.2607,-0.9198,-0.0663,1683706.6181484903,-6403437.933394075,-1155868.6934892635,6721228.889080909
2017-07-01 17:02:15.237110250,0.3076,-0.8985,-0.1426,1683718.567307271,-6403481.543228893,-1155877.863001336,6721275.0072099315
2017-07-01 17:02:15.423687994,0.2943,-0.9074,-0.155,1683885.1748923261,-6404089.591047414,-1156005.7113983629,6721918.028150122
2017-07-01 17:02:15.622976005,0.2723,-0.8846,-0.3144,1684063.1431284766,-6404739.096142147,-1156142.2817198387,6722604.892099181
2017-07-01 17:02:15.823684990,0.2359,-0.8096,-0.1958,1684242.3898262503,-6405393.264986736,-1156279.8337099273,6723296.688431155
2017-07-01 17:02:16.223695993,0.3205,-1.1852,-0.2152,1684599.6779879332,-6406697.206604475,-1156554.007886594,6724675.631236735
2017-07-01 17:02:16.237600200,0.211,-0.8501,-0.207,1684612.0972085013,-6406742.531207483,-1156563.5381007274,6724723.56286176
2017-07-01 17:02:16.423681974,0.1431,-1.0738,-0.0689,1684778.3101749034,-6407349.153326799,-1156691.0845566073,6725365.075010143
2017-07-01 17:02:16.623046994,0.2714,-0.8169,-0.0731,1684956.3988611593,-6407999.110978266,-1156827.7386836314,6726052.415001633
2017-07-01 17:02:16.823691010,0.2555,-0.9679,-0.1589,1685135.6403342527,-6408653.277300049,-1156965.2758914477,6726744.205378406
2017-07-01 17:02:17.223755002,0.3275,-0.7505,-0.2537,1685493.0822246126,-6409957.73928394,-1157239.551858669,6728123.70055866
2017-07-01 17:02:17.236880180,0.3238,-0.9685,-0.3385,1685504.809125422,-6410000.535843548,-1157248.5502796515,6728168.958804755
2017-07-01 17:02:17.423510015,0.1288,-1.1215,-0.2601,1685671.5610312044,-6410609.1087377425,-1157376.5098951582,6728812.535831101
2017-07-01 18:11:43.856269001,0.1909,-0.3819,-0.0064,8722201.904166546,-26626207.565594465,-4125119.872317653,28320458.14149475
2017-07-01 18:11:44.255627989,0.3905,0.5334,-0.3017,8722876.428702159,-26628145.176727835,-4125404.3832007954,28322529.019637953
2017-07-01 18:11:44.456119000,2.5165,-0.5998,-0.5944,8723215.162791677,-26629117.94372508,-4125547.240675285,28323568.724160153
2017-07-01 18:11:44.550850030,2.0557,-1.0524,-0.9397,8723375.231453367,-26629577.580856025,-4125614.7485717353,28324059.995297223
2017-07-01 18:11:44.655584990,0.3536,-0.4163,-0.0962,8723552.207807582,-26630085.761851415,-4125689.3865947784,28324603.15204022
2017-07-01 18:11:44.855588972,0.5339,-0.5796,-0.23,8723890.186762955,-26631056.217666045,-4125831.9260621844,28325640.404787008
2017-07-01 18:11:45.255596995,0.2232,0.4295,-0.1683,8724566.180486836,-26632997.060858823,-4126117.031968125,28327714.860943284
2017-07-01 18:11:45.455699980,1.8934,-1.0589,-0.6804,8724904.4204231,-26633968.00507532,-4126259.6827085395,28328752.669505946
2017-07-01 18:11:45.551930060,1.1195,-0.034,-0.5368,8725067.091312585,-26634434.935154505,-4126328.2888158006,28329251.758738108
2017-07-01 18:11:45.656292974,0.2547,-0.4081,0.0055,8725243.51301982,-26634941.332025714,-4126402.6930718026,28329793.033259816
2017-07-01 18:11:45.855581998,1.6606,-0.908,-0.7773,8725580.469813216,-26635908.371924385,-4126544.804601792,28330826.697382543
2017-07-01 18:11:46.255591988,0.7754,-0.0936,-0.6203,8726256.92858992,-26637849.415124528,-4126830.148021984,28332901.519562673
2017-07-01 18:11:46.455747008,0.7256,-0.7536,-0.45,8726595.440755265,-26638820.69490968,-4126972.9447789383,28333939.748808254
2017-07-01 18:11:46.553240180,0.5859,-0.0246,-0.5455,8726760.331645384,-26639293.794180207,-4127042.50459601,28334445.46084094
2017-07-01 18:11:46.655655980,0.3699,-0.6257,-0.0886,8726933.552090876,-26639790.787755456,-4127115.577558659,28334976.714804575
2017-07-01 18:11:46.855731010,1.2821,-0.4588,-0.8382,8727271.999303723,-26640761.711044863,-4127258.363257428,28336014.58729832
2017-07-01 18:11:47.255594015,2.589,-1.0022,-0.5162,8727948.822103066,-26642702.324846525,-4127543.8123305123,28338089.133432064
2017-07-01 18:11:47.455651998,-0.0797,-0.3625,0.1044,8728287.444398426,-26643673.260090504,-4127686.6229789094,28339127.07477109
2017-07-01 18:11:47.551630250,0.0687,0.5702,-0.2755,8728449.899813185,-26644139.06313072,-4127755.139235613,28339625.025015473
2017-07-01 18:11:47.655597984,2.0381,-1.1267,-1.0879,8728625.900474137,-26644643.653019316,-4127829.3707250636,28340164.445899587
2017-07-01 18:11:47.855597972,0.3494,0.4198,-0.3472,8728964.48228002,-26645614.30248868,-4127972.1817716435,28341202.106180605
2017-07-01 18:11:48.255585014,0.412,-0.4868,-0.2727,8729641.689911429,-26647555.616538458,-4128257.838258385,28343277.45956511
2017-07-01 18:11:48.455981016,0.2542,-0.5972,-0.1853,8729980.985365525,-26648528.250964366,-4128400.961380719,28344317.251350734
2017-07-01 18:11:48.552620290,2.1751,-0.6116,-0.9317,8730144.628036981,-26648997.301386908,-4128469.9899950614,28344818.695028897
2017-07-01 18:11:48.655575990,0.9595,0.0469,-0.7809,8730318.976704659,-26649497.008851033,-4128543.5386564033,28345352.91737168
2017-07-01 18:11:48.855760991,0.2742,0.2872,-0.3513,8730657.987750394,-26650468.61852647,-4128686.5592784327,28346391.643221546
2017-07-01 18:11:49.256285011,-0.0059,-0.3303,0.0803,8731336.26972314,-26652412.638399325,-4128972.6976777725,28348469.941791557
2017-07-01 18:11:49.455797016,1.6152,-1.0095,-1.0311,8731674.20487936,-26653381.048226345,-4129115.272109283,28349505.262922544
2017-07-01 18:11:49.552189940,1.2567,-0.7302,-0.7063,8731837.487722827,-26653848.93590303,-4129184.162578652,28350005.482511483
2017-07-01 18:11:49.655687987,0.1966,0.4532,-0.3883,8732012.808251603,-26654351.306728534,-4129258.135124337,28350542.569983765
2017-07-01 18:11:49.855587005,1.6815,-0.4641,-0.9647,8732351.494408533,-26655321.618314102,-4129401.0463136854,28351579.95948301
2017-07-01 18:11:50.255735993,0.3211,-0.4747,-0.176,8733029.512749821,-26657264.021017913,-4129687.147774885,28353656.651220713
2017-07-01 18:11:50.455814003,1.3607,-0.2407,-0.6734,8733368.582348494,-26658235.249072693,-4129830.227976397,28354695.045123678
2017-07-01 18:11:50.547810190,0.4998,-0.5148,-0.2438,8733524.491318835,-26658681.825632848,-4129896.018543815,28355172.505995743
2017-07-01 18:11:50.655624985,0.2905,0.2934,-0.2571,8733707.211982321,-26659205.186960123,-4129973.124690325,28355732.063830372
2017-07-01 18:11:50.855597972,2.0057,-1.0549,-0.6725,8734046.199264104,-26660175.950536866,-4130116.166708522,28356769.990162335
2017-07-01 18:11:51.255584001,1.7534,-1.1109,-1.1442,8734724.52225192,-26662117.849867877,-4130402.4624557374,28358846.330937594
2017-07-01 18:11:51.455583989,0.4907,0.3841,-0.3579,8735063.715199953,-26663088.818025153,-4130545.6296367263,28359884.53123552
2017-07-01 18:11:51.551570050,0.0815,-0.3674,0.0258,8735226.50493561,-26663554.818481956,-4130614.339671983,28360382.79843602
2017-07-01 18:11:51.655728995,2.615,-0.4721,-0.8237,8735403.184029482,-26664060.502401795,-4130688.909067557,28360923.506239876
2017-07-01 18:11:51.855596005,0.4389,-0.5892,-0.1369,8735742.2249866,-26665030.865385197,-4130832.0031796093,28361961.080148388
2017-07-01 18:11:52.255569994,1.0428,-0.1392,-0.678,8736420.880794412,-26666972.778680984,-4131118.471674602,28364037.561889958
2017-07-01 18:11:52.455731987,0.3415,0.3813,-0.3104,8736760.519309135,-26667944.569687195,-4131261.843695262,28365076.702960633
2017-07-01 18:11:52.550739760,0.4955,-0.4005,-0.2945,8736921.734701097,-26668405.838190492,-4131329.898515657,28365569.941023476
2017-07-01 18:11:52.655589997,2.412,-1.1538,-1.1448,8737099.677945051,-26668914.905138165,-4131405.016156423,28366114.298708074
2017-07-01 18:11:52.855839014,0.1147,-0.392,-0.057,8737439.528792838,-26669887.1662119,-4131548.4824356353,28367153.96088409
2017-07-01 18:11:53.254932999,0.4159,0.5086,-0.4679,8738116.913861962,-26671824.79032842,-4131834.4836033266,28369225.950776167
2017-07-01 18:11:53.455594003,2.0068,-0.3006,-1.0815,8738457.578019673,-26672799.02307982,-4131978.3260633163,28370267.772009384
2017-07-01 18:11:53.551030030,1.5836,-1.1024,-1.3431,8738619.615123725,-26673262.38624501,-4132046.750955588,28370763.286442973
2017-07-01 18:11:53.655634999,0.4019,-0.4906,-0.4129,8738797.224214075,-26673770.27203382,-4132121.7542341524,28371306.414104056
2017-07-01 18:11:53.855578005,0.3417,-0.6311,-0.0561,8739136.721703375,-26674741.07534684,-4132265.118509474,28372344.5821291
2017-07-01 18:12:02.203917980,1.1272,-0.3162,-0.9598,8753390.523485092,-26715297.64449144,-4138317.985936047,28415746.508637257
2017-07-01 18:12:02.396198000,1.0287,-0.1709,-0.7548,8753718.85687948,-26716231.754829325,-4138457.424248754,28416746.16938677
2017-07-01 18:12:02.403916001,0.1663,0.3774,-0.3944,8753732.03598863,-26716269.24941768,-4138463.021239821,28416786.295136254
2017-07-01 18:12:02.604396998,1.0051,-1.0144,-1.4247,8754074.413857045,-26717243.240886427,-4138608.464639065,28417828.651387498
2017-07-01 18:12:02.803149998,0.3179,-0.3521,-0.1946,8754413.85324095,-26718208.851182457,-4138752.6621116796,28418862.041386496
2017-07-01 18:12:03.204496026,0.6311,0.0231,-0.7319,8755099.391839394,-26720158.724227715,-4139043.9609326227,28420948.83214566
2017-07-01 18:12:03.395697300,1.0889,-0.8135,-1.0357,8755426.022280475,-26721087.673613932,-4139182.773573025,28421943.02516336
2017-07-01 18:12:03.403989970,0.4236,0.1715,-0.5271,8755440.188734353,-26721127.96345244,-4139188.79411005,28421986.144725896
2017-07-01 18:12:03.603909015,0.7737,-0.8068,-0.9024,8755781.743428344,-26722099.299999267,-4139333.9728163453,28423025.71289844
2017-07-01 18:12:03.803233027,0.2364,-0.4029,-0.1445,8756122.290921459,-26723067.76149661,-4139478.7251581233,28424062.205728933
2017-07-01 18:12:04.203926026,0.2731,0.6792,-0.4588,8756806.923619827,-26725014.5114232,-4139769.788598388,28426145.747109804
2017-07-01 18:12:04.389498400,1.076,-0.5202,-1.0322,8757124.033633929,-26725916.124839082,-4139904.6239380497,28427110.728100494
2017-07-01 18:12:04.403990983,1.5498,-0.7517,-1.2189,8757148.799193082,-26725986.537995312,-4139915.154384031,28427186.090181597
2017-07-01 18:12:04.603944003,0.2451,-0.3366,-0.2721,8757490.497450963,-26726958.036193553,-4140060.4529922307,28428225.872112125
2017-07-01 18:12:04.803427994,0.6292,-0.4629,-0.5272,8757831.419226903,-26727927.27397293,-4140205.4317533905,28429263.243135657
2017-07-01 18:12:05.204019010,0.4099,0.2921,-0.4954,8758516.102351418,-26729873.588532735,-4140496.648344753,28431346.41322924
2017-07-01 18:12:05.390297100,0.832,-0.05,-0.904,8758834.51445918,-26730778.642413814,-4140632.097803518,28432315.119433533
2017-07-01 18:12:05.403909981,1.3162,-0.7369,-1.1228,8758857.783709826,-26730844.78232441,-4140641.996424027,28432385.91104385
2017-07-01 18:12:05.603896975,0.1661,-0.3705,-0.0943,8759199.639186392,-26731816.459342714,-4140787.420945209,28433425.927956115
2017-07-01 18:12:05.803152024,1.2072,-0.794,-1.1018,8759540.291413508,-26732784.61158292,-4140932.35696232,28434462.189236473
2017-07-01 18:12:06.204065024,1.5804,-0.534,-1.1289,8760225.957958529,-26734732.677256443,-4141224.158291555,28436547.393944845
2017-07-01 18:12:06.398600100,0.5713,0.4904,-0.5781,8760558.68566073,-26735677.91890101,-4141365.7709725015,28437559.19056872
2017-07-01 18:12:06.403918027,0.4922,-0.389,-0.4261,8760567.781317797,-26735703.758602038,-4141369.642193359,28437586.849662036
2017-07-01 18:12:06.603910982,0.4713,-0.4977,-0.2548,8760909.863407534,-26736675.540280633,-4141515.2386062583,28438627.059909202
2017-07-01 18:12:06.803174972,1.1634,-0.1425,-0.8286,8761250.744818117,-26737643.785518426,-4141660.3372275243,28439663.50299897
2017-07-01 18:12:07.204033970,1.9158,-0.6947,-1.3793,8761936.80316361,-26739591.714292016,-4141952.4534908743,28441748.74575483
2017-07-01 18:12:07.403774976,0.2486,-0.4003,-0.1101,8762278.663919168,-26740562.34899583,-4142098.0142925913,28442787.804375175
2017-07-01 18:12:07.418901400,0.2565,0.3566,-0.4623,8762304.553157255,-26740635.855263148,-4142109.037745296,28442866.492437724
2017-07-01 18:12:07.604817986,0.3845,-0.5739,-0.2539,8762622.767151065,-26741539.329496708,-4142244.534108679,28443833.659525692
2017-07-01 18:12:07.803144991,0.7711,-0.2106,-0.9473,8762962.253092451,-26742503.121285062,-4142389.11246988,28444865.410125837
2017-07-01 18:12:08.203922986,1.6826,-0.8388,-1.3268,8763648.554464376,-26744450.88054884,-4142681.488649828,28446950.606429804
2017-07-01 18:12:08.403909981,0.1654,-0.3213,-0.1883,8763991.023367235,-26745422.819320764,-4142827.3910013395,28447991.12825959
2017-07-01 18:12:08.407099700,0.2339,0.2032,-0.4502,8763996.48562263,-26745438.321384557,-4142829.7180947526,28448007.724199604
2017-07-01 18:12:08.603913009,1.1256,-0.8375,-1.1355,8764333.56347577,-26746394.86832456,-4142973.3493212163,28449031.783830397
2017-07-01 18:12:08.803364992,0.7276,-0.0707,-0.7894,8764675.18947293,-26747364.242492024,-4143118.9376132446,28450069.589171708
2017-07-01 18:12:09.203970015,0.6684,-0.5661,-0.9737,8765361.46234502,-26749311.349134266,-4143411.5121331494,28452154.192211248
2017-07-01 18:12:09.392597900,0.4778,0.1957,-0.4972,8765684.616083466,-26750228.15196313,-4143549.290734701,28453135.744509272
2017-07-01 18:12:09.403900027,0.141,-0.4433,-0.0979,8765703.978692498,-26750283.084629565,-4143557.546108033,28453194.556811947
2017-07-01 18:12:09.603971004,1.4617,-1.0578,-1.3712,8766046.795348885,-26751255.548555866,-4143703.7381431405,28454235.72180228
2017-07-01 18:12:09.803276002,0.4621,0.1831,-0.5968,8766388.317875013,-26752224.282095525,-4143849.394183111,28455272.902943466
2017-07-01 18:12:10.203909993,0.3825,-0.4665,-0.4673,8767074.89257306,-26754171.661797106,-4144142.260443884,28457357.898365922
2017-07-01 18:12:10.390702400,1.8533,-0.6812,-1.3789,8767395.06722126,-26755079.635838877,-4144278.85511686,28458330.060173675
2017-07-01 18:12:10.403894007,0.3976,-0.6053,-0.3247,8767417.678584978,-26755143.758661605,-4144288.5017284523,28458398.716072764
2017-07-01 18:12:10.603900015,0.7958,-0.4088,-1.1372,8767760.535109831,-26756115.9802808,-4144434.8053873717,28459439.681894183
2017-07-01 18:12:10.803804993,0.2168,0.3457,-0.3767,8768103.227109674,-26757087.696982138,-4144581.0501969033,28460480.1137805
2017-07-01 18:12:11.204298019,0.1787,-0.4056,-0.072,8768789.810741348,-26759034.515771043,-4144874.0510790115,28462564.604414962
2017-07-01 18:12:11.394701900,1.5488,-0.8546,-1.5112,8769116.285029665,-26759960.110568367,-4145013.405432463,28463555.675122485
2017-07-01 18:12:11.403913974,1.2931,-0.7064,-1.1068,8769132.080538565,-26760004.89252941,-4145020.147734633,28463603.62496735
2017-07-01 18:12:11.604216992,0.6485,0.0212,-0.646,8769475.55669709,-26760978.609643817,-4145166.775110264,28464646.234913927
2017-07-01 18:12:11.803227007,0.8728,-0.0308,-0.8723,8769816.850203615,-26761946.042405516,-4145312.490519195,28465682.13141561
2017-07-01 18:12:12.204060971,0.1665,-0.3547,-0.0884,8770504.289742095,-26763894.64408838,-4145605.995906473,28467768.635591075
2017-07-01 18:12:12.396502000,0.7186,-0.6172,-0.6253,8770834.357179388,-26764830.193738725,-4145746.931470727,28468770.402680647
2017-07-01 18:12:12.403918981,1.3697,-1.0865,-1.2766,8770847.078574738,-26764866.251358658,-4145752.363420049,28468809.01245543
2017-07-01 18:12:12.604034006,0.4411,0.1829,-0.547,8771190.327851532,-26765839.10233259,-4145898.9428901384,28469850.731326465
2017-07-01 18:12:50.169914007,1.3668,-0.5078,-1.2579,8837554.397033548,-26949180.68986064,-4175190.1942265444,28666930.78676631
2017-07-01 18:12:50.369912028,0.6472,-0.1007,-1.0551,8837907.740412908,-26950156.79120537,-4175346.1809277413,28667980.047941834
2017-07-01 18:12:50.569979012,0.0087,0.4346,-0.2758,8838261.205979804,-26951133.211732168,-4175502.2324554157,28669029.656319037
2017-07-01 18:12:50.770210027,1.9657,-0.9283,-1.4092,8838615.04015594,-26952110.470024854,-4175658.4684249735,28670080.192797218
2017-07-01 18:12:50.969241023,0.1284,-0.3958,-0.0517,8838966.758829197,-26953081.887119036,-4175813.770093435,28671124.44987001
2017-07-01 18:12:51.169921994,1.608,-1.1514,-1.1998,8839321.458023215,-26954061.40367035,-4175970.4075383716,28672177.434504993
2017-07-01 18:12:51.369916975,0.6458,0.3385,-0.5335,8839674.970575728,-26955037.558389995,-4176126.5308867134,28673226.818089627
2017-07-01 18:12:51.570191979,0.41,0.1602,-0.3882,8840028.99454402,-26956015.07344717,-4176282.888401915,28674277.67230151
2017-07-01 18:12:51.770097017,0.5818,-0.4764,-0.8651,8840382.387777304,-26956990.801788528,-4176438.9916505986,28675326.6154165
2017-07-01 18:12:51.969155013,0.0618,-0.3354,-0.0661,8840734.286053818,-26957962.40904233,-4176594.436074334,28676371.12759203
2017-07-01 18:12:52.169920980,1.309,-0.6247,-1.1487,8841089.256473763,-26958942.37812675,-4176751.2605535416,28677424.64867844
2017-07-01 18:12:52.369919002,0.363,0.4693,-0.4586,8841442.883624732,-26959918.579983722,-4176907.5035108984,28678474.129504092
2017-07-01 18:12:52.569921970,2.396,-0.7395,-0.9497,8841796.615363833,-26960894.83556328,-4177063.7883213093,28679523.69920859
2017-07-01 18:12:52.769941985,0.3991,-0.3924,-0.2394,8842150.393220006,-26961871.19005189,-4177220.096030375,28680573.379483733
2017-07-01 18:12:52.969152987,0.4082,-0.6109,-0.2439,8842502.75636438,-26962843.61976191,-4177375.7812070437,28681618.843389265
2017-07-01 18:12:53.169914007,1.1007,-0.0714,-0.8683,8842857.905534362,-26963823.618616324,-4177532.7127334382,28682672.46334067
2017-07-01 18:12:53.370083987,0.0446,0.2415,-0.2302,8843212.010933006,-26964800.722679846,-4177689.191477424,28683722.974271182
2017-07-01 18:12:53.570101976,0.887,-0.8032,-0.6486,8843565.882942382,-26965777.11695259,-4177845.5773542547,28684772.732502606
2017-07-01 18:12:53.769922018,0.0797,-0.3704,0.0668,8843919.40792601,-26966752.55973001,-4178001.8057972365,28685821.466376737
2017-07-01 18:12:53.969139993,1.8937,-1.1319,-1.2677,8844271.94287935,-26967725.108375985,-4178157.613828942,28686867.11313266
2017-07-01 18:12:54.169920980,0.4479,0.449,-0.3797,8844627.261785703,-26968705.269283112,-4178314.659596462,28687920.954575643
2017-07-01 18:12:54.369763016,2.388,-0.9541,-1.0067,8844981.014414636,-26969680.884577774,-4178471.0111448714,28688969.938850943
2017-07-01 18:12:54.570447027,0.4648,-0.5619,-0.1761,8845336.27619448,-26970660.6329674,-4178628.0285263066,28690023.37082431
2017-07-01 18:12:54.769924998,0.5222,-0.7299,-0.434,8845689.42375565,-26971634.52245916,-4178784.1195582515,28691070.50830494
2017-07-01 18:12:54.969164013,1.0056,0.001,-0.5925,8846042.18819747,-26972607.245282467,-4178940.047127691,28692116.407144338
2017-07-01 18:12:55.170349001,0.3277,0.1519,-0.3491,8846398.41136319,-26973589.462568425,-4179097.5117759993,28693172.521711223
2017-07-01 18:12:55.369961977,1.375,-0.6231,-0.9408,8846751.905872535,-26974564.029868025,-4179253.783519217,28694220.429775905
2017-07-01 18:12:55.569922983,0.1603,-0.3788,-0.0164,8847106.023117516,-26975540.311495125,-4179410.328381702,28695270.18124005
2017-07-01 18:12:55.770062029,1.4546,-1.0272,-1.1304,8847460.513924072,-26976517.50352276,-4179567.057906492,28696320.93064985
2017-07-01 18:12:55.969168007,0.624,0.3313,-0.495,8847813.199674563,-26977489.638394292,-4179722.998055818,28697366.254527323
2017-07-01 18:12:56.169984996,1.0629,-0.211,-0.6851,8848168.959083091,-26978470.13578556,-4179880.305900289,28698420.586638704
2017-07-01 18:12:56.369934976,0.7865,-0.5968,-0.3116,8848523.213977147,-26979446.423828997,-4180036.9470402827,28699470.400743872
2017-07-01 18:12:56.570035994,0.2016,-0.5677,-0.1105,8848877.74454003,-26980423.472070787,-4180193.7109281574,28700521.032395344
2017-07-01 18:12:56.769990980,1.1194,-0.2567,-0.8678,8849232.061125407,-26981399.817534562,-4180350.395107473,28701570.925842706
2017-07-01 18:12:56.969151973,0.1413,0.3466,-0.2386,8849584.97637436,-26982372.272320513,-4180506.4665801413,28702616.640530877
2017-07-01 18:12:57.169927000,1.5047,-0.9363,-1.0928,8849940.812362898,-26983352.645785533,-4180663.846933566,28703670.890501183
2017-07-01 18:12:57.369925975,0.0041,-0.3207,0.0103,8850295.273109166,-26984329.24265899,-4180820.6185556245,28704721.07758547
2017-07-01 18:12:57.570043027,1.4649,-0.854,-1.1252,8850650.001789423,-26985306.450303547,-4180977.5277944696,28705771.94152583
2017-07-01 18:12:57.770606994,0.2604,0.305,-0.4002,8851005.5331487,-26986285.828045722,-4181134.803552097,28706825.14640525
2017-07-01 18:12:57.969165980,2.146,-0.6037,-0.8581,8851357.594969472,-26987255.439028114,-4181290.5408998244,28707867.876120556
2017-07-01 18:12:58.169919013,0.7251,-0.5593,-0.4198,8851713.576243354,-26988235.78660715,-4181448.0160405617,28708922.160544503
2017-07-01 18:12:58.369919002,0.1716,-0.5719,-0.155,8852068.229061123,-26989212.47968381,-4181604.906676849,28709972.51480777
2017-07-01 18:12:58.570011973,0.8766,-0.4089,-1.0967,8852423.08185715,-26990189.643206082,-4181761.9141619597,28711023.39003543
2017-07-01 18:12:58.769940972,0.1741,0.4642,-0.2371,8852777.650817798,-26991165.98740849,-4181918.8024599915,28712073.390213817
2017-07-01 18:12:58.969165027,1.2528,-1.0176,-0.8545,8853131.019302225,-26992138.929437604,-4182075.171489615,28713119.74639785
2017-07-01 18:12:59.170028984,0.0071,-0.3745,-0.0269,8853487.296806617,-26993119.895295948,-4182232.828747738,28714174.730094425
2017-07-01 18:12:59.369907021,1.6209,-1.2607,-1.2982,8853841.890316602,-26994096.096551143,-4182389.7640261697,28715224.610418662
2017-07-01 18:12:59.570075988,0.4251,0.2678,-0.4145,8854197.01698352,-26995073.70797387,-4182546.9443378276,28716276.01650485
2017-07-01 18:12:59.769918978,1.7568,-0.465,-1.0689,8854551.63548511,-26996049.745918233,-4182703.9113688003,28717325.755713113
2017-07-01 18:12:59.969156980,0.5765,-0.5545,-0.4156,8854905.203328844,-26997022.851098042,-4182860.419708442,28718372.34721727
2017-07-01 18:13:00.170120000,0.3097,-0.6457,-0.1136,8855261.844897846,-26998004.407574937,-4183018.2876972337,28719428.029268775
2017-07-01 18:13:00.369925022,0.9127,0.021,-0.7539,8855616.467847882,-26998980.307245333,-4183175.2761093513,28720477.64309104
2017-07-01 18:13:00.570129990,0.0999,0.4984,-0.2077,8855971.804644281,-26999958.140379082,-4183332.5870872936,28721529.34161173
2017-07-01 18:13:00.770012974,1.4818,-0.7376,-1.1805,8856326.629165202,-27000934.430360883,-4183489.692231191,28722579.40158079
2017-07-01 18:13:24.886605978,0.1075,-0.3622,-0.0333,8899199.992807496,-27118937.94849498,-4202464.354280831,28849493.281777184
2017-07-01 18:13:25.286642014,0.4209,0.4281,-0.3663,8899911.225726636,-27120895.273372203,-4202779.1567187,28851598.44610324
2017-07-01 18:13:25.486734986,3.8365,-0.8281,-0.959,8900267.129051289,-27121874.335705902,-4202936.655317248,28852651.50690492
2017-07-01 18:13:25.685872972,0.0033,-0.5005,0.022,8900621.333882967,-27122848.74510548,-4203093.401348014,28853699.560359634
2017-07-01 18:13:25.867400160,2.5113,-1.3826,-1.3166,8900944.297309283,-27123737.028021593,-4203236.328904534,28854655.003754508
2017-07-01 18:13:25.886632025,1.2052,-1.3201,-0.7807,8900978.514056653,-27123831.137482245,-4203251.471627332,28854756.228672024
2017-07-01 18:13:26.286719977,0.5201,0.0973,-0.2867,8901690.42158523,-27125788.91754379,-4203566.537459191,28856862.067725424
2017-07-01 18:13:26.486579000,0.3042,-0.6402,-0.2569,8902046.05839915,-27126766.928102236,-4203723.934987737,28857914.043101415
2017-07-01 18:13:26.686088025,0.2453,-0.5633,-0.3705,8902401.082177086,-27127743.248366226,-4203881.071625215,28858964.202507265
2017-07-01 18:13:26.866889950,0.6526,0.2946,-0.4626,8902722.83824105,-27128628.013663527,-4204023.489360638,28859915.89276317
2017-07-01 18:13:26.886720001,0.9465,0.0144,-0.5739,8902758.1282771,-27128725.053227372,-4204039.1097239675,28860020.272693835
2017-07-01 18:13:27.286574006,1.2281,-0.8714,-0.512,8903469.914441098,-27130681.90250703,-4204354.161265147,28862125.197665673
2017-07-01 18:13:27.486694991,-0.1707,-0.5318,0.1663,8903826.145998016,-27131661.297777385,-4204511.833217685,28863178.69831971
2017-07-01 18:13:27.685796976,1.3958,-0.3327,-0.8024,8904180.618984172,-27132635.71923436,-4204668.734125711,28864226.86877131
2017-07-01 18:13:27.865640040,0.3171,0.2998,-0.2779,8904500.814435523,-27133515.87625459,-4204810.467165818,28865173.646213006
2017-07-01 18:13:27.886569976,-0.022,0.6669,-0.1663,8904538.078416808,-27133618.30765869,-4204826.961972424,28865283.830854945
2017-07-01 18:13:28.286700010,-0.2441,-0.3045,0.2278,8905250.437027328,-27135576.598480757,-4205142.266528424,28867390.324723426
2017-07-01 18:13:28.486576020,2.5785,-1.1528,-1.4121,8905606.382852223,-27136554.86492066,-4205299.826281908,28868442.659971703
2017-07-01 18:13:28.685818016,0.3046,0.7481,-0.3787,8905961.211695788,-27137529.998566102,-4205456.901283498,28869491.63521689
2017-07-01 18:13:28.866140120,2.2019,-1.0222,-0.9287,8906282.417817332,-27138412.567384657,-4205599.090741466,28870441.058209505
2017-07-01 18:13:28.886650025,3.5173,-1.7813,-1.1355,8906318.953403885,-27138512.951848574,-4205615.263902393,28870549.047175787
2017-07-01 18:13:29.286586999,2.3603,-1.3796,-1.3127,8907031.763873432,-27140470.6393456,-4205930.845638154,28872655.154074788
2017-07-01 18:13:29.486694991,0.3207,0.6068,-0.2916,8907388.430590801,-27141450.14167148,-4206088.758263054,28873708.925052363
2017-07-01 18:13:29.685797989,4.1664,-0.7276,-1.607,8907743.471200276,-27142424.75352731,-4206245.941514682,28874757.491104785
2017-07-01 18:13:29.865719910,-0.3773,-0.3299,0.1871,8908064.295885509,-27143305.48443247,-4206387.976074395,28875705.04639004
2017-07-01 18:13:29.886659979,0.1736,-0.4993,-0.2367,8908101.63488625,-27143407.987814013,-4206404.506756917,28875815.327101216
2017-07-01 18:13:30.286641001,1.1991,0.1508,-0.5769,8908815.047472117,-27145365.904099453,-4206720.355379874,28877921.8740871
2017-07-01 18:13:30.486710011,0.0322,0.4084,-0.137,8909171.89506602,-27146345.230149306,-4206878.347162578,28878975.54689414
2017-07-01 18:13:30.685805022,1.4597,-0.9631,-1.0724,8909527.06327415,-27147319.826707426,-4207035.612300161,28880024.15005774
2017-07-01 18:13:30.868080250,0.6048,-0.6091,-0.3409,8909852.246544247,-27148212.10842766,-4207179.602818283,28880984.19288716
2017-07-01 18:13:30.886645972,-0.2242,-0.1958,0.0715,8909885.368149262,-27148302.992234785,-4207194.269009993,28881081.97850169
2017-07-01 18:13:31.286570012,0.1964,0.6554,-0.1208,8910598.871738095,-27150260.614630476,-4207510.212625989,28883188.291543007
2017-07-01 18:13:31.486566007,3.6614,-0.6603,-1.4723,8910955.830597367,-27151239.618546396,-4207668.270164185,28884241.705648553
2017-07-01 18:13:31.686348974,0.0141,-0.3267,-0.103,8911312.409800643,-27152217.59270486,-4207826.163456667,28885294.01076833
2017-07-01 18:13:31.867599840,2.2655,-1.3425,-1.55,8911635.986727117,-27153104.89294354,-4207969.461303617,28886248.774709187
2017-07-01 18:13:31.886577010,0.7156,-0.8044,-0.2739,8911669.865853809,-27153197.7945685,-4207984.464848377,28886348.739938244
2017-07-01 18:13:32.286104977,0.5642,0.3279,-0.3959,8912383.216036001,-27155153.60800551,-4208300.398941303,28888453.304245703
2017-07-01 18:13:32.486603021,0.6711,-0.7665,-0.6452,8912741.228757115,-27156135.13899095,-4208458.972396311,28889509.49428302
2017-07-01 18:13:32.685792982,0.1306,-0.5958,0.0223,8913096.910924722,-27157110.28994231,-4208616.510406609,28890558.817290008
2017-07-01 18:13:32.866370200,0.9107,0.0759,-0.5426,8913419.38707355,-27157994.318193812,-4208759.345415904,28891510.098721594
2017-07-01 18:13:32.886566996,1.1841,0.0949,-0.689,8913455.455146173,-27158093.192965843,-4208775.3211869765,28891616.49567094
2017-07-01 18:13:33.286589980,1.3069,-0.7918,-0.8237,8914170.037882652,-27160051.65906787,-4209091.873262771,28893724.024173256
2017-07-01 18:13:33.486599028,-0.3151,-0.2874,0.2318,8914527.3122799,-27161030.891650382,-4209250.138093808,28894777.781177234
2017-07-01 18:13:33.685841977,1.0841,-1.0681,-1.2834,8914883.2612376,-27162006.41585824,-4209407.847667721,28895827.562550016
2017-07-01 18:13:33.868179790,-0.0067,0.4725,-0.1435,8915209.008825809,-27162899.15420369,-4209552.180852509,28896788.259178713
2017-07-01 18:13:33.886582970,0.01,0.8618,-0.1223,8915241.886219801,-27162989.25713393,-4209566.748303376,28896885.221099574
2017-07-01 18:13:34.287627995,-0.3574,-0.3174,0.3185,8915958.298134625,-27164952.845567435,-4209884.153282542,28898998.25357338
2017-07-01 18:13:34.486590981,2.2577,-1.4755,-1.7755,8916313.80758583,-27165927.062472034,-4210041.6917784875,28900046.645730685
2017-07-01 18:13:34.685860991,0.0855,0.9048,-0.3471,8916669.869026283,-27166902.7467831,-4210199.4871582575,28901096.625007845
2017-07-01 18:13:34.865910050,2.4104,-1.2393,-1.4343,8916991.664052868,-27167784.35986579,-4210342.108594524,28902045.39530655
2017-07-01 18:13:34.886702001,2.65,-0.0559,-1.5259,8917028.825883804,-27167886.16800891,-4210358.579087072,28902154.959172588
2017-07-01 18:13:35.286593973,1.0068,-1.0494,-1.0088,8917743.721055536,-27169844.413691774,-4210675.517690848,28904262.43400659
2017-07-01 18:13:35.486737012,0.473,0.5788,-0.5293,8918101.539864209,-27170824.47830415,-4210834.164371466,28905317.19711753
2017-07-01 18:13:35.866240260,0.0841,-0.4405,0.0362,8918780.033730196,-27172682.901175022,-4211134.978666131,28907317.259587046
2017-07-01 18:13:42.820213973,1.5078,0.4975,-1.1094,8931285.590832906,-27206712.36937551,-4216700.713169014,28943973.900613405
2017-07-01 18:13:43.202029940,0.727,0.4322,-0.6593,8931972.328889297,-27208580.733664833,-4217006.402372097,28945986.56501534
2017-07-01 18:13:43.220209002,0.4818,0.2785,-0.4088,8932005.026093129,-27208669.69032995,-4217020.957013702,28946082.39219127
2017-07-01 18:13:43.420427024,0.6678,-0.6217,-0.6384,8932365.16877456,-27209649.453785095,-4217181.282490685,28947137.835640922
2017-07-01 18:13:43.619493007,0.0642,-0.4732,0.117,8932723.24176695,-27210623.598508783,-4217340.680830893,28948187.22393369
2017-07-01 18:13:43.820258021,1.0701,-0.0017,-0.8082,8933084.414049514,-27211606.057640083,-4217501.472213992,28949245.586938117
2017-07-01 18:13:44.204719900,0.089,0.6179,-0.2122,8933776.06650792,-27213487.360262435,-4217809.416577069,28951272.25854227
2017-07-01 18:13:44.220210015,2.2375,-0.8965,-0.9526,8933803.93398481,-27213563.158874113,-4217821.824000886,28951353.914315145
2017-07-01 18:13:44.420301973,-0.2727,-0.3269,0.2227,8934163.898316512,-27214542.292686835,-4217982.086698253,28952408.70197383
2017-07-01 18:13:44.619670987,1.0147,-0.3863,-1.0032,8934522.602408234,-27215517.90418622,-4218141.810232275,28953459.7113584
2017-07-01 18:13:44.820114970,-0.0946,0.7226,-0.1026,8934883.23677992,-27216498.747009777,-4218302.399094823,28954516.359820012
2017-07-01 18:13:45.202180140,2.09,-1.1135,-1.1659,8935570.94505114,-27218368.488645554,-4218608.666830486,28956530.703480218
2017-07-01 18:13:45.220444023,-0.3863,-0.3458,0.2032,8935603.819479791,-27218457.868126407,-4218623.30729665,28956626.995327696
2017-07-01 18:13:45.420216977,2.0457,-1.4479,-1.467,8935963.486305768,-27219435.571404938,-4218783.505347979,28957680.33733798
2017-07-01 18:13:45.619632005,0.5067,0.4921,-0.4562,8936322.528879268,-27220411.503398724,-4218943.434519646,28958731.78262807
2017-07-01 18:13:45.820629000,1.6612,0.3945,-1.0379,8936684.486863293,-27221395.161560412,-4219104.674346456,28959791.58096031
2017-07-01 18:13:46.199120040,0.4631,-0.5567,-0.3719,8937366.1447571,-27223247.53666779,-4219408.35320592,28961787.356778294
2017-07-01 18:13:46.220219016,0.9406,-0.8476,-0.7357,8937404.144182462,-27223350.797661096,-4219425.282105814,28961898.611800965
2017-07-01 18:13:46.420238018,0.8088,0.4089,-0.5883,8937764.412370898,-27224329.69899099,-4219585.792182566,28962953.311221484
2017-07-01 18:13:46.619965970,0.2907,0.3734,-0.2691,8938124.167925248,-27225307.16101466,-4219746.079433956,28964006.46712647
2017-07-01 18:13:46.820222973,0.3333,-0.3639,-0.2086,8938484.889787292,-27226287.226789948,-4219906.799628986,28965062.431801803
2017-07-01 18:13:47.202379820,0.4354,-0.7752,-0.6057,8939173.330447135,-27228157.630883988,-4220213.595578932,28967077.70204569
2017-07-01 18:13:47.220785021,0.7194,0.377,-0.4742,8939206.48694283,-27228247.71199798,-4220228.371455793,28967174.7602241
2017-07-01 18:13:47.420295000,0.5906,0.2566,-0.413,8939565.922541276,-27229224.16931427,-4220388.556473499,28968226.858298425
2017-07-01 18:13:47.619488000,0.5311,-0.5993,-0.6377,8939924.808145773,-27230199.099026125,-4220548.512293785,28969277.31740177
2017-07-01 18:13:47.820344984,0.1414,-0.6273,-0.0236,8940286.697451279,-27231182.198244527,-4220709.805277419,28970336.57738513
2017-07-01 18:13:48.201470250,0.6835,-0.0874,-0.8284,8940973.480139732,-27233047.63749199,-4221015.9783528065,28972346.578901403
2017-07-01 18:13:48.220319986,0.1353,0.4798,-0.1944,8941007.447162766,-27233139.89842429,-4221031.121164059,28972445.989650313
2017-07-01 18:13:48.420374989,1.7825,-0.9082,-1.3802,8941368.015481621,-27234119.11353045,-4221191.889271332,28973501.114713293
2017-07-01 18:13:48.619490981,-0.1493,-0.3572,0.2094,8941726.885458505,-27235093.746593826,-4221351.894468908,28974551.297592547
2017-07-01 18:13:48.819965004,2.397,-1.3915,-2.0378,8942088.299371684,-27236075.082872216,-4221513.0728489375,28975608.73731296
2017-07-01 18:13:49.192670220,0.0472,0.7047,-0.3299,8942760.217672978,-27237899.406641807,-4221812.768585046,28977574.561203707
2017-07-01 18:13:49.220068991,2.8337,-0.7326,-1.7703,8942809.61469698,-27238033.519157596,-4221834.80152099,28977719.076676883
2017-07-01 18:13:49.419565021,0.1595,-0.406,-0.0965,8943169.290833786,-27239010.035848413,-4221995.231654047,28978771.340994988
2017-07-01 18:13:49.619256019,0.3981,-0.7101,-0.5491,8943529.334357869,-27239987.535207883,-4222155.840472083,28979824.66844879
2017-07-01 18:13:49.820399999,0.5596,0.2562,-0.5646,8943892.020254062,-27240972.136635438,-4222317.640747342,28980885.660695028
2017-07-01 18:13:50.202149740,1.4311,0.28,-1.3278,8944580.567816775,-27242840.763935324,-4222624.913852699,28982899.3647356
2017-07-01 18:13:50.220228016,0.628,-0.6983,-0.6933,8944613.175124373,-27242929.25554007,-4222639.465413339,28982994.72673305
2017-07-01 18:13:50.420314013,0.2032,-0.5845,-0.3353,8944974.073072655,-27243908.682671014,-4222800.53199917,28984050.196801543
2017-07-01 18:13:50.619524002,0.7805,0.2282,-0.827,8945333.421926739,-27244883.81265973,-4222960.926229307,28985101.051733926
2017-07-01 18:13:50.820210993,0.311,0.2684,-0.3972,8945695.447625518,-27245866.161741797,-4223122.525667221,28986159.6941025
2017-07-01 18:13:51.202379820,0.5111,-0.6938,-0.9531,8946384.928875787,-27247736.953318555,-4223430.399155085,28988175.808583826
2017-07-01 18:13:51.220664024,-0.0859,-0.5306,0.2001,8946417.9158804,-27247826.458270833,-4223445.128760681,28988272.266233496
2017-07-01 18:13:51.419351994,0.78,-0.2823,-1.0581,8946776.404770043,-27248799.088035744,-4223605.231939109,28989320.46344569
2017-07-01 18:13:51.619741976,-0.0693,0.6981,-0.1703,8947137.96178444,-27249780.021563135,-4223766.71344093,28990377.61362134
2017-07-01 18:13:51.820245981,1.5625,-0.9143,-1.4393,8947499.787342163,-27250761.550003644,-4223928.344689142,28991435.427738197
2017-07-01 18:13:52.202400080,-0.4031,-0.3012,0.2247,8948189.356193667,-27252632.35521051,-4224236.375765006,28993451.60550742
2017-07-01 18:13:52.219982981,1.4256,-1.4857,-1.4857,8948221.08368085,-27252718.43137287,-4224250.548726792,28993544.3704377
2017-07-01 18:13:52.420204997,0.0037,0.7985,-0.2569,8948582.374690473,-27253698.575656913,-4224411.950992823,28994600.685318563
2017-07-01 18:13:52.619476974,1.9893,-1.34,-1.526,8948942.03039411,-27254674.122437634,-4224572.648013186,28995652.07133592
2017-07-01 18:13:52.820061981,-0.307,-0.2427,0.294,8949304.043565864,-27255656.10699287,-4224734.392059047,28996710.38877149
2017-07-01 18:13:53.203239910,1.6707,-1.4305,-1.5488,8949995.843333034,-27257532.204032276,-4225043.599427503,28998732.401030887
2017-07-01 18:13:53.220211982,0.0633,0.7898,-0.2174,8950026.485187786,-27257615.3016338,-4225057.295189493,28998821.961677305
2017-07-01 18:13:53.420548975,3.0891,-0.8526,-1.7753,8950388.303193936,-27258596.213356487,-4225219.0301302755,28999879.20928876
2017-07-01 18:14:00.818210005,-0.3808,-0.4095,0.2488,8963727.986572865,-27294839.854021184,-4231177.652784057,29038931.90879017
2017-07-01 18:14:01.176630020,0.3433,-0.4633,-0.4105,8964374.344353933,-27296595.934283644,-4231466.403475227,29040824.1086406
2017-07-01 18:14:01.218201994,0.2028,-0.7509,-0.384,8964449.313645171,-27296799.617630247,-4231499.895394163,29041043.58019341
2017-07-01 18:14:01.418501019,0.7622,0.2945,-0.8204,8964810.555744933,-27297780.977922395,-4231661.296606833,29042101.02503291
2017-07-01 18:14:01.617446005,0.4055,0.2323,-0.4328,8965169.371865703,-27298755.69493855,-4231821.623862969,29043151.320309117
2017-07-01 18:14:01.818203985,0.5826,-0.6646,-0.7191,8965531.481373804,-27299739.321377635,-4231983.441170551,29044211.223667596
2017-07-01 18:14:02.182039730,0.0734,-0.5217,0.1225,8966187.745863525,-27301522.026716527,-4232276.688119656,29046132.163063675
2017-07-01 18:14:02.218200981,0.8049,-0.2683,-1.1677,8966252.972351588,-27301699.208270986,-4232305.835151601,29046323.084090464
2017-07-01 18:14:02.418341994,0.0628,0.5349,-0.1883,8966613.982714882,-27302679.83034616,-4232467.162237604,29047379.75296272
2017-07-01 18:14:02.617404997,0.9377,-0.7072,-0.7554,8966973.085742636,-27303655.198566947,-4232627.650308753,29048430.77257054
2017-07-01 18:14:02.818103015,-0.0171,-0.5574,-0.0647,8967335.137594212,-27304638.600480538,-4232789.459163659,29049490.44610577
2017-07-01 18:14:03.181949730,0.8384,-0.1629,-1.0883,8967991.61469281,-27306421.43763802,-4233082.947541194,29051411.61065778
2017-07-01 18:14:03.218326985,0.0782,0.4822,-0.2309,8968057.249124797,-27306599.68437506,-4233112.290702154,29051603.68743842
2017-07-01 18:14:03.418232023,1.4469,-1.0684,-1.1576,8968417.989840157,-27307579.251796618,-4233273.587328848,29052659.277574193
2017-07-01 18:14:03.617452025,-0.0844,-0.2905,0.1858,8968777.49101696,-27308555.47395914,-4233434.323848977,29053711.25918372
2017-07-01 18:14:03.818247020,1.0256,-1.0016,-1.5259,8969139.875688067,-27309539.454319566,-4233596.392641687,29054771.617283165
2017-07-01 18:14:04.185179710,0.0096,0.7823,-0.2228,8969802.098577235,-27311337.474290684,-4233892.587083499,29056709.221128188
2017-07-01 18:14:04.218205988,1.8457,-1.3062,-1.6234,8969861.704866152,-27311499.30895903,-4233919.2482395405,29056883.62003584
2017-07-01 18:14:04.418205022,0.0762,-0.456,0.0176,8970222.668970764,-27312479.358231623,-4234080.700953144,29057939.755029596
2017-07-01 18:14:04.617569983,1.6518,-1.2012,-1.3665,8970582.554334968,-27313456.348118655,-4234241.696113681,29058992.61477985
2017-07-01 18:14:04.818590998,0.4382,0.5902,-0.4922,8970945.446846632,-27314441.429664407,-4234404.04849343,29060054.20625989
2017-07-01 18:14:05.181970000,3.3269,-0.6088,-2.0827,8971601.874866795,-27316222.20919522,-4234697.802498431,29061973.46123846
2017-07-01 18:14:05.218300998,-0.0285,-0.4208,0.0444,8971667.505162675,-27316400.253878728,-4234727.172260617,29062165.350792084
2017-07-01 18:14:05.418202996,2.4126,-1.6764,-1.8207,8972028.715441767,-27317379.966073558,-4234888.844600676,29063221.277203117
2017-07-01 18:14:05.617457985,0.2868,0.5589,-0.4204,8972388.76800317,-27318356.485111788,-4235050.010357982,29064273.771110673
2017-07-01 18:14:05.819055020,2.7687,-0.4381,-1.6162,8972753.16515129,-27319344.49997379,-4235213.136144485,29065338.697141502
2017-07-01 18:14:06.183429710,0.0843,-0.4201,-0.0228,8973411.802587315,-27321130.334043115,-4235507.9793605525,29067263.54426593
2017-07-01 18:14:06.218187987,1.1368,-1.1258,-0.9107,8973474.632425688,-27321300.68893481,-4235536.10602072,29067447.16034386
2017-07-01 18:14:06.418202996,0.5872,0.4191,-0.6145,8973836.207517939,-27322280.97206048,-4235697.984259771,29068503.76626634
2017-07-01 18:14:06.617560029,1.0749,0.154,-1.1641,8974196.63588078,-27323258.024293847,-4235859.376243895,29069556.910570644
2017-07-01 18:14:06.818291008,0.5599,-0.7014,-0.6403,8974559.570834918,-27324241.83852155,-4236021.90632278,29070617.35036466
2017-07-01 18:14:07.182030200,0.0284,-0.5469,0.0775,8975217.239232047,-27326024.65410184,-4236316.4124404825,29072539.012516648
2017-07-01 18:14:07.218186974,0.9891,-0.0934,-1.0364,8975282.614749622,-27326201.87147586,-4236345.688592746,29072730.03225765
2017-07-01 18:14:07.418259024,0.0038,0.6079,-0.2349,8975644.367690327,-27327182.47233073,-4236507.69640277,29073787.010862395
2017-07-01 18:14:07.617413997,1.1593,-0.7778,-0.959,8976004.508432854,-27328158.60922206,-4236668.999648666,29074839.19334359
2017-07-01 18:14:07.818216979,-0.145,-0.4356,0.1989,8976367.62349625,-27329142.84121819,-4236831.629660203,29075900.096230008
2017-07-01 18:14:08.182690020,1.1816,-0.5654,-1.2143,8977026.862562323,-27330929.374002866,-4237126.9770971155,29077825.860231407
2017-07-01 18:14:08.218448996,0.0377,0.5942,-0.2376,8977091.541506607,-27331104.652552593,-4237155.9543641675,29078014.799070712
2017-07-01 18:14:08.418707013,2.9419,-1.2119,-1.5635,8977453.875594744,-27332086.299027003,-4237318.296042472,29079072.98879844
2017-07-01 18:14:08.617774009,-0.2522,-0.3698,0.2132,8977814.044731323,-27333062.12187977,-4237479.663756015,29080124.894523054
2017-07-01 18:14:08.818270981,1.7612,-1.4986,-1.9013,8978176.871902054,-27334045.01469158,-4237642.267067311,29081184.446166873
2017-07-01 18:14:09.181900260,0.0545,0.7409,-0.2914,8978834.9168891,-27335827.530202687,-4237937.20942756,29083106.007041007
2017-07-01 18:14:09.218225002,2.5206,-1.4873,-1.8282,8978900.655610247,-27336005.596528485,-4237966.675103009,29083297.964571323
2017-07-01 18:14:09.418247997,0.0457,-0.3281,-0.0844,8979262.649160212,-27336986.135815743,-4238128.9318731595,29084354.996381924
2017-07-01 18:14:09.617456972,1.5592,-1.2252,-1.6086,8979623.231405238,-27337962.73328995,-4238290.59215398,29085407.800618574
2017-07-01 18:14:09.818071007,0.4534,0.6103,-0.5485,8979986.375155142,-27338946.19433569,-4238453.414731418,29086468.01630618
2017-07-01 18:14:10.184680220,2.8287,-0.7547,-2.089,8980650.377125742,-27340743.507414833,-4238751.243259021,29088405.745874852
2017-07-01 18:14:10.218321025,0.1401,-0.5094,-0.2637,8980711.30745195,-27340908.43308506,-4238778.572907248,29088583.556513626
2017-07-01 18:14:10.418385028,0.7982,-0.3838,-0.8772,8981073.695918472,-27341889.271877937,-4238941.139170716,29089641.03712018
2017-07-01 18:14:10.617435991,0.6662,0.3251,-0.7865,8981434.275797857,-27342865.13123465,-4239102.913429113,29090693.16372519
2017-07-01 18:14:10.818297028,0.458,0.261,-0.5426,8981798.153095825,-27343849.85405828,-4239266.180676318,29091754.856915463
2017-07-01 18:14:11.183119770,0.5567,-0.5644,-0.9976,8982459.135425922,-27345638.475557547,-4239562.854811132,29093683.317094523
2017-07-01 18:14:11.218262016,-0.0385,-0.427,0.1671,8982522.8057612,-27345810.76846003,-4239591.432306284,29093869.08015724
2017-07-01 18:14:11.418259978,0.5667,-0.7452,-1.3785,8982885.18253938,-27346791.334040925,-4239754.124767474,29094926.31901212
2017-07-01 18:14:19.386595010,-0.0139,0.7327,-0.3976,8997322.144971129,-27385812.58516873,-4246261.376367613,29137008.638616376
2017-07-01 18:14:19.586634993,0.0884,-0.4627,-0.2307,8997684.579268271,-27386792.207375605,-4246424.746012016,29138065.109432273
2017-07-01 18:14:19.787064015,0.6523,-0.3739,-0.8082,8998047.744633943,-27387773.74977806,-4246588.465845561,29139123.661874194
2017-07-01 18:14:19.986573994,0.7842,0.2902,-0.8012,8998409.275963305,-27388750.77988554,-4246751.466852793,29140177.363935854
2017-07-01 18:14:20.185845971,0.7442,0.3796,-0.8683,8998770.405561758,-27389726.629388098,-4246914.307890378,29141229.809038423
2017-07-01 18:14:20.386655986,0.5448,-0.5333,-0.7214,8999134.344430411,-27390710.032280806,-4247078.434871785,29142290.408503383
2017-07-01 18:14:20.586636006,0.0821,-0.429,-0.0697,8999496.782337507,-27391689.387694746,-4247241.886265237,29143346.641861465
2017-07-01 18:14:20.786599993,0.8442,-0.2061,-1.0843,8999859.224942705,-27392668.67283185,-4247405.36791068,29144402.81508074
2017-07-01 18:14:20.986723005,0.1656,0.504,-0.2569,9000221.962419132,-27393648.716578472,-4247568.9898565225,29145459.812871434
2017-07-01 18:14:21.185820996,1.0066,-0.8516,-1.2418,9000582.881872274,-27394623.77434286,-4247731.822963136,29146511.448045667
2017-07-01 18:14:21.386588990,-0.0366,-0.4359,0.1672,9000946.82718642,-27395607.028310377,-4247896.015149075,29147571.919303425
2017-07-01 18:14:21.586588025,1.2657,-1.0176,-1.7886,9001309.429185653,-27396586.557032693,-4248059.650007871,29148628.393235866
2017-07-01 18:14:21.786660015,0.1611,0.7751,-0.4479,9001672.169902308,-27397566.412038,-4248223.362485761,29149685.228043135
2017-07-01 18:14:21.986639022,2.192,-1.5123,-2.1622,9002034.829697637,-27398545.87213723,-4248387.085348495,29150741.668260403
2017-07-01 18:14:22.185841977,-0.003,-0.4715,-0.1827,9002396.082011899,-27399521.54998763,-4248550.1801071325,29151794.02744449
2017-07-01 18:14:22.386650979,1.4467,-1.1595,-1.3361,9002760.305211399,-27400505.140865285,-4248714.643672536,29152854.94100076
2017-07-01 18:14:22.586588978,0.6541,0.3797,-0.7249,9003122.974751519,-27401484.45026854,-4248878.422860201,29153911.250963468
2017-07-01 18:14:22.786697983,0.4637,0.3786,-0.6656,9003485.97304936,-27402464.58210986,-4249042.368780441,29154968.459807552
2017-07-01 18:14:22.986621975,0.5104,-0.5959,-1.0163,9003848.656133583,-27403443.831577305,-4249206.203743768,29156024.725859065
2017-07-01 18:14:23.185836970,0.0577,-0.5026,0.1771,9004210.055312825,-27404419.628246784,-4249369.4506653,29157077.26452502
2017-07-01 18:14:23.386600971,0.9142,-0.5677,-1.4581,9004574.30141709,-27405403.03515312,-4249534.025691753,29158138.02876365
2017-07-01 18:14:23.586640000,-0.0325,0.7516,-0.2441,9004937.230904229,-27406382.860836763,-4249698.016194783,29159194.935322583
2017-07-01 18:14:23.786800980,1.2092,-0.8413,-1.9547,9005300.430092154,-27407363.31756364,-4249862.1849862505,29160252.544320103
2017-07-01 18:14:23.986600995,0.0101,-0.4495,0.0588,9005662.974699495,-27408342.024104938,-4250026.055372776,29161308.262756966
2017-07-01 18:14:24.185956001,1.6025,-1.0378,-1.5644,9006024.77550857,-27409318.592045136,-4250189.622948402,29162361.697371554
2017-07-01 18:14:24.386690020,0.4641,0.3645,-0.7598,9006389.097729422,-27410301.900583137,-4250354.352597503,29163422.41547544
2017-07-01 18:14:24.586844980,2.0716,-0.8252,-1.9996,9006752.45197956,-27411282.40562245,-4250518.687157684,29164480.142150715
2017-07-01 18:14:24.786603987,0.2784,-0.4633,-0.3461,9007115.098539777,-27412260.98948242,-4250682.710436593,29165535.79927253
2017-07-01 18:14:24.986856997,0.2245,-0.6489,-0.4348,9007478.650925811,-27413242.019396976,-4250847.156780261,29166594.096864022
2017-07-01 18:14:25.185846984,0.8574,-0.0118,-1.0589,9007839.944287928,-27414216.86228953,-4251010.607867727,29167645.736719184
2017-07-01 18:14:25.386611998,0.0333,0.4636,-0.229,9008204.46179498,-27415200.38227246,-4251175.526198933,29168706.74164708
2017-07-01 18:14:25.586184024,1.2248,-0.9498,-1.7068,9008566.86204478,-27416178.09580207,-4251339.532530804,29169761.50244509
2017-07-01 18:14:25.786617994,-0.1043,-0.3628,0.1418,9008930.823297368,-27417160.046614323,-4251504.241503152,29170820.830345884
2017-07-01 18:14:25.986779987,1.4237,-1.788,-1.7549,9009294.34771643,-27418140.736613516,-4251668.79728496,29171878.816050693
2017-07-01 18:14:26.185984015,0.1885,0.6114,-0.5344,9009656.139806429,-27419116.708819106,-4251832.586717455,29172931.720944114
2017-07-01 18:14:26.386596977,2.0753,-0.9228,-1.888,9010020.574307946,-27420099.621037893,-4251997.610586549,29173992.144674487
2017-07-01 18:14:26.586784005,0.0329,-0.6125,0.0229,9010384.23637411,-27421080.470919754,-4252162.283165372,29175050.340352967
2017-07-01 18:14:26.786592006,1.2895,-1.0603,-1.4477,9010747.261376463,-27422059.50602594,-4252326.701755861,29176106.5966468
2017-07-01 18:14:26.986326992,0.5571,0.2803,-0.6527,9011110.175945096,-27423038.172185127,-4252491.086302409,29177162.467163
2017-07-01 18:14:27.185814976,1.8532,-0.2564,-1.723,9011472.715464856,-27424015.638281684,-4252655.3361306,29178217.074355416
2017-07-01 18:14:27.386991024,0.3941,-0.6037,-0.8244,9011838.338737937,-27425001.40011291,-4252821.009203058,29179280.638426658
2017-07-01 18:14:27.586670994,0.0497,-0.5676,-0.064,9012201.244976452,-27425979.85379931,-4252985.452772911,29180336.315444667
2017-07-01 18:14:27.786656022,0.7719,0.0825,-1.0435,9012564.736510763,-27426959.79900376,-4253150.189302647,29181393.617830023
2017-07-01 18:14:27.986600995,0.2213,0.4286,-0.367,9012928.164088486,-27427939.53080043,-4253314.907509227,29182450.697271887
2017-07-01 18:14:28.185976028,0.7783,-0.6867,-1.2745,9013290.586659355,-27428916.49718362,-4253479.206851041,29183504.806176864
2017-07-01 18:14:28.386816024,-0.078,-0.379,0.1757,9013655.669083681,-27429900.657384165,-4253644.706340388,29184566.672858898
2017-07-01 18:14:28.586610972,0.8127,-0.8021,-1.6805,9014018.884284649,-27430879.728637658,-4253809.411754264,29185623.064186137
2017-07-01 18:14:28.787111997,0.0104,0.6966,-0.3957,9014383.38350923,-27431862.231933285,-4253974.715145837,29186683.164994188
2017-07-01 18:14:28.986600995,1.7022,-0.8101,-1.9866,9014746.110667987,-27432839.80829158,-4254139.263228582,29187737.977755897
2017-07-01 18:14:29.185863018,0.1211,-0.3693,-0.2014,9015108.429930612,-27433816.28704424,-4254303.632088132,29188791.606859952
2017-07-01 18:14:29.386753022,1.2322,-0.7525,-1.5425,9015473.759087933,-27434800.77404713,-4254469.406100092,29189853.89720034
2017-07-01 18:14:29.586637020,0.4621,0.4313,-0.7652,9015837.2772324,-27435780.313757733,-4254634.380530506,29190910.86188134
2017-07-01 18:14:29.786635994,1.3877,0.2414,-1.3723,9016201.059984887,-27436760.407257028,-4254799.504747897,29191968.450669825
2017-07-01 18:14:29.986750006,0.3906,-0.5704,-0.4413,9016565.067624468,-27437741.087341215,-4254964.741615706,29193026.676709473
2017-07-01 18:14:53.986594021,0.1694,-0.5778,-0.406,9060318.387212405,-27555687.694138955,-4275015.592962418,29320318.07287656
2017-07-01 18:14:54.186757028,0.7715,0.0187,-0.8811,9060683.32866171,-27556671.389261562,-4275182.855963203,29321379.72350477
2017-07-01 18:14:54.386811971,0.3277,0.1709,-0.3979,9061048.086201636,-27557654.546467114,-4275350.044586789,29322440.800974026
2017-07-01 18:14:54.586799979,0.6512,-0.6493,-0.7947,9061412.747744735,-27558637.400693778,-4275517.2090560775,29323501.56057157
2017-07-01 18:14:54.786013007,0.1901,-0.603,-0.0921,9061776.003720367,-27559616.470160786,-4275683.7293959875,29324558.234997872
2017-07-01 18:14:54.986756026,0.6524,-0.4194,-1.0856,9062142.075855872,-27560603.075953927,-4275851.572388566,29325623.055314206
2017-07-01 18:14:55.186757981,0.0934,0.4556,-0.2862,9062506.8003336,-27561586.0213635,-4276018.807219282,29326683.930489067
2017-07-01 18:14:55.387013018,1.6115,-1.2202,-1.6392,9062872.05095732,-27562570.259522423,-4276186.319403886,29327746.223693874
2017-07-01 18:14:55.586836993,0.0126,-0.3582,0.0689,9063236.515858416,-27563552.393347446,-4276353.46825646,29328806.243498355
2017-07-01 18:14:55.786015987,1.1077,-1.0255,-1.4313,9063599.848304424,-27564531.397778034,-4276520.134377945,29329862.901981235
2017-07-01 18:14:55.986899018,0.5385,0.196,-0.6017,9063966.31090087,-27565518.769980527,-4276688.250659894,29330928.60338089
2017-07-01 18:14:56.186761021,0.9715,-0.0698,-0.9691,9064330.949684603,-27566501.126455367,-4276855.551167894,29331988.908456765
2017-07-01 18:14:56.386759996,0.6765,-0.5397,-0.6731,9064695.865427002,-27567484.177759167,-4277022.993256155,29333049.97282985
2017-07-01 18:14:56.586938977,0.0793,-0.5205,-0.1281,9065061.112783879,-27568468.134700447,-4277190.591181267,29334112.013589058
2017-07-01 18:14:56.786015987,1.0073,-0.3143,-1.1699,9065424.389401099,-27569446.687485237,-4277357.31285684,29335168.238752082
2017-07-01 18:14:56.986837983,0.1814,0.3305,-0.2643,9065790.857592333,-27570433.804329906,-4277525.506570633,29336233.713479724
2017-07-01 18:14:57.186912000,1.51,-0.6803,-1.2458,9066156.021285612,-27571417.27180413,-4277693.123701193,29337295.271357123
2017-07-01 18:14:57.386138975,-0.0007,-0.3539,0.0927,9066519.638978323,-27572396.589674763,-4277860.027521239,29338352.347692467
2017-07-01 18:14:57.586755990,1.4853,-1.2364,-1.7309,9066885.853471775,-27573382.79017196,-4278028.165521069,29339416.874884024
2017-07-01 18:14:57.785991013,0.2421,0.4031,-0.4873,9067249.554830642,-27574362.181021184,-4278195.164610521,29340474.059670623
2017-07-01 18:14:57.986761987,1.6613,-0.7829,-1.7239,9067616.127016604,-27575349.153789345,-4278363.5206250185,29341539.455095693
2017-07-01 18:14:58.186752974,0.4861,-0.5709,-0.3512,9067981.294526905,-27576332.315042723,-4278531.236630038,29342600.741079144
2017-07-01 18:14:58.387297987,-0.0466,-0.5215,-0.2638,9068347.471770095,-27577318.220877167,-4278699.427860721,29343664.987834398
2017-07-01 18:14:58.586750984,0.5732,-0.8055,-1.5739,9068711.67789257,-27578298.79026038,-4278866.765861657,29344723.48586058
2017-07-01 18:14:58.785996973,0.1369,0.5039,-0.3782,9069075.511448087,-27579278.32192729,-4279033.9452002095,29345780.87042244
2017-07-01 18:14:58.987200021,2.2097,-0.6736,-1.6381,9069443.008149838,-27580267.5021424,-4279202.832943332,29346848.703962754
2017-07-01 18:14:59.186752021,0.1081,-0.5555,-0.0609,9069807.493522529,-27581248.587384265,-4279370.337239058,29347907.79752256
2017-07-01 18:14:59.386756002,0.7664,-0.9113,-0.9036,9070172.83510399,-27582231.93121661,-4279538.257073859,29348969.3389707
2017-07-01 18:14:59.586741983,0.8117,0.0976,-0.8394,9070538.176268812,-27583215.18264632,-4279706.195367469,29350030.796201684
2017-07-01 18:14:59.786005973,0.3815,0.2374,-0.4442,9070902.21362391,-27584194.874907557,-4279873.5450063655,29351088.419805642
2017-07-01 18:14:59.986908018,0.6615,-0.63,-0.5184,9071269.270257114,-27585182.64618326,-4280042.291270948,29352154.772893064
2017-07-01 18:15:00.186766028,0.1904,-0.4935,-0.1241,9071634.426998887,-27586165.303983852,-4280210.165562604,29353215.606083423
2017-07-01 18:15:00.386750996,0.7446,-0.4088,-1.2212,9071999.845482713,-27587148.6023585,-4280378.195335548,29354277.144909445
2017-07-01 18:15:00.586775004,0.1939,0.3949,-0.3535,9072365.34305945,-27588132.076887626,-4280546.272053765,29355338.88063525
2017-07-01 18:15:00.786044001,1.8501,-0.7675,-1.4294,9072729.534492359,-27589111.86966792,-4280713.771108088,29356396.66841378
2017-07-01 18:15:00.986883997,-0.0241,-0.4151,0.0813,9073096.596169375,-27590099.40369254,-4280882.587413831,29357462.810608797
2017-07-01 18:15:01.186760008,1.6548,-1.0913,-1.4497,9073461.962146161,-27591082.241382737,-4281050.651356919,29358523.905481737
2017-07-01 18:15:01.386779010,0.6432,0.0611,-0.7467,9073827.61523811,-27592065.779749088,-4281218.865406377,29359585.76953309
2017-07-01 18:15:01.586838006,0.6019,0.2341,-0.676,9074193.365532968,-27593049.505405396,-4281387.140146358,29360647.848551404
2017-07-01 18:15:01.786001980,0.7104,-0.325,-0.8833,9074557.507716628,-27594028.842970926,-4281554.697097668,29361705.202045176
2017-07-01 18:15:01.986799001,0.3547,-0.5998,-0.1065,9074924.649989078,-27595016.23480824,-4281723.6322279,29362771.25315471
2017-07-01 18:15:02.186793982,0.7584,-0.4546,-1.407,9075290.3561261,-27595999.700906835,-4281891.9488606965,29363833.080886487
2017-07-01 18:15:02.386758983,0.0541,0.4221,-0.2623,9075656.009605639,-27596983.002702072,-4282060.250750524,29364894.735843606
2017-07-01 18:15:02.586750984,1.5234,-0.7413,-1.6586,9076021.773388164,-27597966.466915913,-4282228.641703777,29365956.59058052
2017-07-01 18:15:02.786221027,0.1851,-0.4432,0.0208,9076386.589930661,-27598947.382026203,-4282396.59234683,29367015.692777976
2017-07-01 18:15:02.986747980,1.3998,-1.014,-1.289,9076753.395773929,-27599933.53537762,-4282565.484723557,29368080.47005969
2017-07-01 18:15:03.186749994,0.4792,0.1343,-0.6963,9077119.260562083,-27600917.10180694,-4282733.962826766,29369142.464968834
2017-07-01 18:15:03.386897027,1.775,-0.3116,-1.3628,9077485.461738726,-27601901.393890508,-4282902.617683556,29370205.271647207
2017-07-01 18:15:03.586758017,0.43,-0.5386,-0.5099,9077851.156729808,-27602884.300773002,-4283071.051872497,29371266.587959558
2017-07-01 18:15:03.786089003,0.3348,-0.7421,-0.2093,9078215.895250365,-27603864.63060667,-4283239.047713099,29372325.122902486
2017-07-01 18:15:03.987047970,1.0488,-0.197,-1.2216,9078583.655027734,-27604852.974970352,-4283408.464947233,29373392.33096252
2017-07-01 18:15:04.186758995,0.1815,0.3127,-0.3745,9078949.138280049,-27605835.169308502,-4283576.845048201,29374452.90448725
2017-07-01 18:15:04.386745989,1.1324,-0.7932,-1.5191,9079315.17186243,-27606818.75260751,-4283745.518579894,29375514.99629047
2017-07-01 18:15:04.586955010,0.2068,-0.4319,-0.112,9079681.62010723,-27607803.445199903,-4283914.383863524,29376578.28678448
2017-07-01 18:15:27.556387007,1.1684,-0.8208,-1.2415,9122339.664186765,-27721207.57606995,-4303942.843769992,29499260.235246442
2017-07-01 18:15:27.755877017,0.3528,0.2701,-0.5599,9122710.164255496,-27722192.482632138,-4304116.813656177,29500325.73262055
2017-07-01 18:15:27.955802023,1.6176,-0.05,-1.4449,9123081.536870033,-27723179.538821246,-4304291.2206433695,29501393.58373098
2017-07-01 18:15:28.156040012,0.6425,-0.5265,-0.8795,9123453.516630346,-27724168.161358956,-4304465.935928826,29502463.13959219
2017-07-01 18:15:28.355560004,0.2122,-0.6299,-0.1233,9123824.17102337,-27725153.26405005,-4304640.0296428595,29503528.887297858
2017-07-01 18:15:28.556086003,0.7095,-0.4448,-1.2046,9124196.722835852,-27726143.351648923,-4304815.049598914,29504600.041424856
2017-07-01 18:15:28.756205976,0.1504,0.4791,-0.3066,9124568.526326863,-27727131.4153267,-4304989.727452444,29505669.012376294
2017-07-01 18:15:28.955789029,1.0568,-0.9465,-1.5322,9124939.374368548,-27728116.865741257,-4305163.9976796685,29506735.172719862
2017-07-01 18:15:29.156145989,-0.0607,-0.4606,0.0664,9125311.657980898,-27729106.1558467,-4305338.940994915,29507805.4835385
2017-07-01 18:15:29.355428993,1.5476,-1.1965,-1.7531,9125682.007534703,-27730090.19066383,-4305513.016198827,29508870.131159723
2017-07-01 18:15:29.556680023,0.1927,0.5852,-0.3523,9126056.022292698,-27731083.919648092,-4305688.824757109,29509945.275046308
2017-07-01 18:15:29.756228029,2.1016,-0.6929,-1.6893,9126426.955752056,-27732069.26710199,-4305863.212857287,29511011.38256461
2017-07-01 18:15:29.955792009,0.4738,-0.4324,-0.4453,9126797.937774431,-27733054.710654516,-4306037.632651813,29512077.60011033
2017-07-01 18:15:30.156044006,0.1416,-0.536,-0.2782,9127170.204473123,-27734043.573117394,-4306212.664932277,29513147.51721035
2017-07-01 18:15:30.355495989,0.7793,-0.2657,-0.94,9127541.014954241,-27735028.49560866,-4306387.035346651,29514213.185007967
2017-07-01 18:15:30.556043982,0.2771,0.3965,-0.3761,9127913.874223474,-27736018.814407434,-4306562.379071674,29515284.69951188
2017-07-01 18:15:30.756223976,0.9183,-0.7915,-1.1935,9128286.086106304,-27737007.347720653,-4306737.448872671,29516354.296064984
2017-07-01 18:15:30.956131994,0.0974,-0.5282,0.0545,9128657.796173178,-27737994.55906449,-4306912.278635819,29517422.46020456
2017-07-01 18:15:31.156480014,0.9452,-0.3106,-1.255,9129030.362321882,-27738983.955749754,-4307087.543578028,29518493.006276287
2017-07-01 18:15:31.355633974,0.0123,0.5577,-0.3643,9129400.70849059,-27739967.433581233,-4307261.778402578,29519557.153521523
2017-07-01 18:15:31.555182993,1.6248,-0.7722,-1.5802,9129771.854009181,-27740952.89307316,-4307436.421777643,29520623.469866265
2017-07-01 18:15:31.756045997,0.2667,-0.6193,-0.1848,9130145.45419704,-27741944.866578422,-4307612.222595627,29521696.83563814
2017-07-01 18:15:31.955877006,0.9575,-0.8568,-0.9902,9130517.17313519,-27742931.77773109,-4307787.159724337,29522764.736491807
2017-07-01 18:15:32.156233012,0.3385,0.1573,-0.6489,9130889.88224339,-27743921.275387127,-4307962.58249721,29523835.445089605
2017-07-01 18:15:32.355328023,0.3069,0.4018,-0.5325,9131260.257770633,-27744904.529443745,-4308136.922306838,29524899.406846974
2017-07-01 18:15:32.556050002,0.742,-0.5615,-0.7529,9131633.689833585,-27745895.84109505,-4308312.717123315,29525972.09811602
2017-07-01 18:15:32.756053984,0.2372,-0.326,-0.1574,9132005.795591485,-27746883.619793575,-4308487.8894053,29527040.968479007
2017-07-01 18:15:32.956043004,1.2167,-1.194,-1.6891,9132377.922175363,-27747871.372352608,-4308663.116139489,29528109.828745257
2017-07-01 18:15:33.155348002,0.2947,0.5862,-0.5095,9132748.78768173,-27748855.72321844,-4308837.763784675,29529175.01796337
2017-07-01 18:15:33.355337977,1.7537,-0.6394,-1.5626,9133120.997930028,-27749843.482702337,-4309013.074161514,29530243.922978397
2017-07-01 18:15:33.555896997,0.2967,-0.4082,-0.2309,9133494.27918775,-27750834.069144495,-4309188.8926485265,29531315.889978074
2017-07-01 18:15:33.756172001,0.667,-0.83,-0.8775,9133867.05858717,-27751823.28608696,-4309364.49735174,29532386.383717418
2017-07-01 18:15:33.956041991,0.694,0.0961,-0.7744,9134239.111842714,-27752810.498707578,-4309539.777867179,29533454.722170755
2017-07-01 18:15:34.156045019,0.2472,0.3696,-0.3897,9134611.422633646,-27753798.35365486,-4309715.190641779,29534523.763255313
2017-07-01 18:15:34.355324983,0.6937,-0.7162,-1.1178,9134982.414970873,-27754782.665686563,-4309890.013643306,29535588.98127858
2017-07-01 18:15:34.556124985,0.0736,-0.5971,-0.1684,9135356.24007574,-27755774.509782292,-4310066.176923655,29536662.349027053
2017-07-01 18:15:34.756196975,0.8928,-0.4312,-1.2191,9135728.74559382,-27756762.775150407,-4310241.750312973,29537731.859694064
2017-07-01 18:15:34.956475019,0.0565,0.5359,-0.314,9136101.637021355,-27757752.03683668,-4310417.517120146,29538802.45427007
2017-07-01 18:15:35.156047999,1.0899,-0.808,-1.5322,9136473.259122312,-27758737.84808269,-4310592.726179878,29539869.332551736
2017-07-01 18:15:35.355663001,-0.1118,-0.3956,0.0637,9136844.955017058,-27759723.882663824,-4310767.969593354,29540936.448620394
2017-07-01 18:15:35.555796027,1.1021,-1.1234,-1.5048,9137217.659648271,-27760712.52111445,-4310943.728055838,29542006.398791075
2017-07-01 18:15:35.756133019,0.1655,0.3445,-0.4501,9137590.75076453,-27761702.153311584,-4311119.683707656,29543077.431183334
2017-07-01 18:15:35.956188023,1.5123,-0.9626,-1.3243,9137963.377254838,-27762690.431058988,-4311295.444691018,29544147.018762928
2017-07-01 18:15:36.156260013,-0.0798,-0.3839,0.0005,9138336.032189313,-27763678.808084797,-4311471.220577641,29545216.710688986
2017-07-01 18:15:36.355771005,1.7198,-0.9758,-1.2993,9138707.710662555,-27764664.45256186,-4311646.5553102335,29546283.468520943
2017-07-01 18:15:36.556043028,0.4332,0.0583,-0.6603,9139080.824271647,-27765653.854423255,-4311822.585337825,29547354.302604627
2017-07-01 18:15:36.756044983,1.3355,0.117,-1.3344,9139453.48815589,-27766641.917390335,-4311998.431364933,29548423.71265913
2017-07-01 18:15:36.956166028,0.2907,-0.3912,-0.4199,9139826.385582753,-27767630.584360708,-4312174.398914872,29549493.78034716
2017-07-01 18:15:37.156305015,0.7238,-0.6377,-0.7461,9140199.345434263,-27768619.36551421,-4312350.412126805,29550563.98138719
2017-07-01 18:15:37.355282008,0.6668,0.022,-0.7324,9140570.166304866,-27769602.404997338,-4312525.432414492,29551627.98056984
2017-07-01 18:15:37.556051015,0.4752,0.2963,-0.5602,9140944.345993375,-27770594.285925116,-4312702.051539466,29552701.560354136
2017-07-01 18:15:37.756292998,0.6986,-0.4038,-0.8198,9141317.571461879,-27771583.579330105,-4312878.239905924,29553772.350721814
2017-07-01 18:15:37.956107020,0.091,-0.4316,0.0323,9141690.002898999,-27772570.775630195,-4313054.050429633,29554840.869786788
2017-07-01 18:15:38.156072974,0.9252,-0.4671,-1.1756,9142062.754516117,-27773558.74123947,-4313230.041641865,29555910.23725563
2017-07-01 18:15:53.456296026,0.014,0.547,-0.2759,9170586.801386753,-27849024.029478155,-4326760.445253616,29637622.33423646
2017-07-01 18:15:53.656275987,-0.122,-0.345,0.1466,9170959.617071286,-27850010.404411927,-4326937.287112383,29638690.35754462
2017-07-01 18:15:53.856266975,0.005,-1.1484,-1.3294,9171332.453513052,-27850996.87966679,-4327114.1918935105,29639758.490813605
2017-07-01 18:15:54.255486011,1.9641,-1.1936,-1.938,9172077.017103406,-27852966.25713079,-4327467.635457063,29641891.003518503
2017-07-01 18:15:54.456323027,0.0579,-0.4844,-0.0761,9172451.590579545,-27853957.02074106,-4327645.447058321,29642963.836469863
2017-07-01 18:15:54.563129780,0.1112,0.6002,-0.1677,9172650.793058809,-27854483.910012778,-4327740.010622197,29643534.372002665
2017-07-01 18:15:54.655743002,0.8016,-0.7761,-1.0106,9172823.530430421,-27854940.78771675,-4327822.016318493,29644029.098834645
2017-07-01 18:15:54.856243014,0.6358,0.5182,-0.6807,9173197.518198738,-27855929.86955467,-4327999.579273689,29645100.134147443
2017-07-01 18:15:55.255518972,0.5968,-0.5127,-0.4753,9173942.373019857,-27857899.61001684,-4328353.254122928,29647233.112682577
2017-07-01 18:15:55.456266999,-0.0087,-0.4825,0.16,9174316.870889705,-27858889.97587118,-4328531.068369553,29648305.549306314
2017-07-01 18:15:55.563650130,0.7548,0.3434,-1.0406,9174517.204121713,-27859419.733463038,-4328626.19587671,29648879.21250355
2017-07-01 18:15:55.656284987,0.7269,-0.8169,-1.3899,9174690.02931268,-27859876.7398016,-4328708.27025564,29649374.09760765
2017-07-01 18:15:55.856415987,0.0276,0.8131,-0.2427,9175063.4069139,-27860864.036826722,-4328885.595816873,29650443.23279343
2017-07-01 18:15:56.255576014,-0.1625,-0.4081,0.253,9175808.080311872,-27862833.25958648,-4329239.23022881,29652575.663688764
2017-07-01 18:15:56.456395983,1.2667,-0.7337,-1.3689,9176182.781357555,-27863824.01777272,-4329417.201174864,29653648.55514612
2017-07-01 18:15:56.562819830,1.1849,-1.1785,-1.3086,9176381.366299098,-27864349.0799896,-4329511.5310825445,29654217.149151914
2017-07-01 18:15:56.656288027,0.2903,0.5816,-0.3826,9176555.778772123,-27864810.21797103,-4329594.380954687,29654716.521121107
2017-07-01 18:15:56.856474995,2.8811,-0.814,-1.7432,9176929.444864709,-27865797.900052343,-4329771.895818324,29655786.135464434
2017-07-01 18:15:57.255575001,0.2314,-0.5862,-0.6058,9177674.43600819,-27867767.072271973,-4330125.892386408,29657918.670933053
2017-07-01 18:15:57.456565976,0.7867,0.0796,-0.9484,9178049.653191067,-27868758.764968183,-4330304.207106933,29658992.65083896
2017-07-01 18:15:57.563430190,0.1317,-0.4471,-0.1958,9178249.152654262,-27869286.03982091,-4330399.0168956565,29659563.677220307
2017-07-01 18:15:57.656534016,0.1368,0.3224,-0.2694,9178422.964722265,-27869745.41724629,-4330481.620821669,29660061.17339841
2017-07-01 18:15:57.856332004,0.5275,-0.6664,-1.0322,9178795.981208196,-27870731.253876552,-4330658.927547253,29661128.82270666
2017-07-01 18:15:58.255672991,0.9667,-0.5214,-1.3857,9179541.692286476,-27872701.752128117,-4331013.535695582,29663262.917115
2017-07-01 18:15:58.456393003,-0.0275,0.9239,-0.2809,9179916.506540485,-27873692.14274936,-4331191.783041748,29664335.539453946
2017-07-01 18:15:58.564190140,-0.0477,-0.3137,0.1441,9180117.80083013,-27874224.037920628,-4331287.509508196,29664911.59675572
2017-07-01 18:15:58.656329989,1.901,-0.9536,-1.5476,9180289.873722866,-27874678.68462865,-4331369.345062719,29665403.997589827
2017-07-01 18:15:58.856302976,-0.1421,-0.4215,0.1581,9180663.32133684,-27875665.43047508,-4331546.9481076915,29666472.678348262
2017-07-01 18:15:59.255517005,0.0433,0.5717,-0.2246,9181408.856565395,-27877635.219348792,-4331901.539926447,29668606.050269883
2017-07-01 18:15:59.456371009,1.8648,-1.0693,-1.8497,9181784.028172405,-27878626.309778724,-4332080.018064089,29669679.47489825
2017-07-01 18:15:59.563949940,1.4975,-0.7982,-1.3906,9181984.99026727,-27879157.15458287,-4332175.628404743,29670254.425716784
2017-07-01 18:15:59.656367003,0.0144,-0.4885,0.0679,9182157.629460093,-27879613.187805142,-4332257.763116489,29670748.348499294
2017-07-01 18:15:59.856258988,1.4245,-1.005,-1.3416,9182531.09351597,-27880599.597611092,-4332435.468662944,29671816.733995713
2017-07-01 18:16:00.255591988,0.9754,0.4064,-0.9924,9183277.334611213,-27882570.12700763,-4332790.637094873,29673951.105250195
2017-07-01 18:16:00.455389022,0.5262,-0.7044,-0.6498,9183650.720095478,-27883556.063951533,-4332968.363347592,29675019.025402658
2017-07-01 18:16:00.563740130,0.7542,0.2256,-0.6117,9183853.218096476,-27884090.740713153,-4333064.7525222795,29675598.16612661
2017-07-01 18:16:00.656403005,0.1029,-0.5149,-0.0687,9184026.397153277,-27884548.005672205,-4333147.186030576,29676093.457192957
2017-07-01 18:16:00.856341004,1.0142,-0.13,-0.9113,9184400.10486419,-27885534.648084003,-4333325.088630215,29677162.16587218
2017-07-01 18:16:01.255509972,1.3741,-0.8461,-1.4628,9185146.417706933,-27887504.578711145,-4333680.497798596,29679296.03274561
2017-07-01 18:16:01.456282019,-0.1629,-0.3618,0.0815,9185521.787908645,-27888495.419326585,-4333859.256471293,29680369.325950883
2017-07-01 18:16:01.562670230,0.1609,0.4676,-0.2515,9185720.696723161,-27889020.45605082,-4333953.982740158,29680938.05526939
2017-07-01 18:16:01.656367003,1.6105,-1.0552,-1.5269,9185895.891117906,-27889482.868491564,-4334037.422171451,29681438.953849994
2017-07-01 18:16:01.856153011,0.5206,0.3957,-0.5527,9186269.472134603,-27890468.836874116,-4334215.358906858,29682506.99541234
2017-07-01 18:16:02.255514025,0.5731,-0.6693,-0.6757,9187016.331017405,-27892439.839064684,-4334571.152218428,29684642.095128376
2017-07-01 18:16:02.456499993,0.1294,-0.5556,-0.0305,9187392.207073856,-27893431.805562258,-4334750.213149925,29685716.647380386
2017-07-01 18:16:02.562779900,0.7302,0.0198,-0.8788,9187590.975825904,-27893956.34995313,-4334844.909184707,29686284.866565112
2017-07-01 18:16:02.656268000,0.89,-0.2901,-1.1092,9187765.82862926,-27894417.762926884,-4334928.217337142,29686784.701342855
2017-07-01 18:16:02.856271982,0.0637,0.5845,-0.2753,9188139.90292484,-27895404.8644538,-4335106.4538373165,29687854.004518654
2017-07-01 18:16:03.255666971,-0.0811,-0.4225,0.2083,9188886.892111091,-27897376.10962073,-4335462.347348691,29689989.388393637
2017-07-01 18:16:03.456371009,0.795,-0.642,-1.3229,9189262.301268663,-27898366.725939382,-4335641.2443059385,29691062.503990084
2017-07-01 18:16:03.563330050,1.122,-1.1114,-1.3155,9189462.37686307,-27898894.657137904,-4335736.596983929,29691634.406079527
2017-07-01 18:16:03.656279981,0.3031,0.3781,-0.4568,9189636.24989534,-27899353.43854261,-4335819.464658159,29692131.400831066
2017-07-01 18:16:03.856356978,2.4819,-0.126,-1.6675,9190010.615197018,-27900340.98176694,-4335997.906102545,29693201.23947607
2017-07-01 18:16:04.563420050,-0.1723,-0.4019,0.146,9191333.519127607,-27903831.11584982,-4336628.437117684,29696982.153130054
2017-07-01 18:16:27.266485989,0.9982,-1.2599,-1.3354,9234325.101254987,-28016545.110591758,-4357562.441807877,29819254.02225457
2017-07-01 18:16:27.466605007,0.8105,-0.0395,-0.726,9234704.088398414,-28017538.64379634,-4357746.996288519,29820331.8247897
2017-07-01 18:16:27.666486024,0.3641,0.287,-0.3342,9235082.639360147,-28018530.983928256,-4357931.344631122,29821408.341285244
2017-07-01 18:16:27.866526007,0.7825,-0.824,-0.8273,9235461.522697162,-28019524.14624457,-4358115.872691773,29822485.759557508
2017-07-01 18:16:28.266566991,1.1953,-0.6255,-1.2519,9236219.406824995,-28021510.377439138,-4358485.093198948,29824640.569025762
2017-07-01 18:16:28.466481983,0.0368,0.7992,-0.286,9236598.150488202,-28022502.93728078,-4358669.61751088,29825717.377761837
2017-07-01 18:16:28.657330150,-0.081,-0.374,0.1596,9236959.713887526,-28023450.49477912,-4358845.767204398,29826745.360692523
2017-07-01 18:16:28.666388988,1.8506,-1.3901,-1.2121,9236976.876081409,-28023495.471850578,-4358854.128461128,29826794.15531101
2017-07-01 18:16:28.866626024,-0.2271,-0.2555,0.2107,9237356.221020443,-28024489.65766966,-4359038.937675705,29827872.719773896
2017-07-01 18:16:29.266507983,0.1356,0.777,-0.4233,9238113.810835829,-28026474.965193722,-4359408.077300891,29830026.55950917
2017-07-01 18:16:29.466480970,1.8254,-0.4111,-1.4027,9238492.739379084,-28027467.794304032,-4359592.732753139,29831103.698183607
2017-07-01 18:16:29.657190080,2.0276,-1.7537,-1.7795,9238854.187558051,-28028414.693750445,-4359768.89864337,29832131.030038446
2017-07-01 18:16:29.666514992,0.0823,-0.5367,-0.0719,9238871.860934148,-28028460.993389253,-4359777.512456397,29832181.262502816
2017-07-01 18:16:29.866355001,0.4361,-0.8237,-0.7543,9239250.63234153,-28029453.26301949,-4359962.143193305,29833257.823460985
2017-07-01 18:16:30.266478002,0.9036,0.286,-0.8902,9240009.159439353,-28031439.956044253,-4360331.956455516,29835413.354708605
2017-07-01 18:16:30.466480016,0.2716,-0.582,-0.3619,9240388.321081854,-28032433.03047439,-4360516.822582577,29836490.827381883
2017-07-01 18:16:30.657259820,0.7637,0.2389,-0.7005,9240750.027155297,-28033380.304965716,-4360693.1899203025,29837518.62142406
2017-07-01 18:16:30.666724979,0.3279,-0.8335,-0.4599,9240767.972509202,-28033427.302172627,-4360701.940074771,29837569.613460835
2017-07-01 18:16:30.866478979,0.7756,0.2142,-0.7573,9241146.724641016,-28034419.129058074,-4360886.63473964,29838645.762351405
2017-07-01 18:16:31.266716003,0.4643,-0.6807,-0.5275,9241905.685577905,-28036406.51165043,-4361256.782632747,29840802.125809085
2017-07-01 18:16:31.466491997,-0.0039,-0.6107,-0.0522,9242284.516381117,-28037398.526541952,-4361441.541894539,29841878.48546466
2017-07-01 18:16:31.657089940,0.3968,0.2507,-0.3813,9242645.957463795,-28038344.957464606,-4361617.826851409,29842905.39334786
2017-07-01 18:16:31.666532993,0.977,-0.1812,-0.943,9242663.864917839,-28038391.847794596,-4361626.560860768,29842956.27089814
2017-07-01 18:16:31.866550028,0.2654,0.4084,-0.317,9243043.180392053,-28039385.034054086,-4361811.572044536,29844033.91823146
2017-07-01 18:16:32.266722977,-0.4898,-0.2927,0.3558,9243801.996277032,-28041372.143050402,-4362181.665894731,29846189.972887434
2017-07-01 18:16:32.466543972,1.2129,-1.0837,-1.2119,9244180.949241221,-28042364.42254723,-4362366.515684426,29847266.632749163
2017-07-01 18:16:32.657780170,0.7927,-1.0776,-0.8378,9244543.650452442,-28043314.110707447,-4362543.454516013,29848297.08726219
2017-07-01 18:16:32.666535973,0.1171,0.5377,-0.292,9244560.256838176,-28043357.592405193,-4362551.555732465,29848344.266880963
2017-07-01 18:16:32.866625010,2.1341,-1.3086,-0.9969,9244939.834111145,-28044351.29563842,-4362736.725962508,29849422.504791833
2017-07-01 18:16:33.266484975,2.1198,-1.3989,-1.5144,9245698.724121567,-28046337.345945794,-4363107.014166442,29851577.617219582
2017-07-01 18:16:33.466596007,-0.0128,0.8615,-0.2833,9246078.512226146,-28047331.235849563,-4363292.337272925,29852656.118479934
2017-07-01 18:16:33.659729830,-0.2736,-0.1679,0.3077,9246445.048171757,-28048290.478366528,-4363471.187298983,29853697.01712126
2017-07-01 18:16:33.666679978,3.0058,-1.7883,-1.6247,9246458.23854448,-28048324.997924216,-4363477.6235062145,29853734.475223817
2017-07-01 18:16:33.866490006,-0.1975,-0.4755,0.0763,9246837.441108452,-28049317.42078035,-4363662.655188338,29854811.374421082
2017-07-01 18:16:34.266619980,0.7469,0.4031,-0.4002,9247596.933548342,-28051304.734631773,-4364033.254829658,29856967.90717046
2017-07-01 18:16:34.466480016,0.8864,0.0202,-0.6294,9247976.326154249,-28052297.372826472,-4364218.389965856,29858045.082990825
2017-07-01 18:16:34.657950040,1.1664,-1.1812,-0.9193,9248339.83483288,-28053248.38393127,-4364395.78693532,29859077.098532666
2017-07-01 18:16:34.666785001,0.629,-0.8904,-0.5777,9248356.608186394,-28053292.26630593,-4364403.972571421,29859124.718698006
2017-07-01 18:16:34.866464972,-0.1393,-0.5663,0.1489,9248735.699126575,-28054284.079488657,-4364588.971138651,29860201.006221212
2017-07-01 18:16:35.266467988,0.2085,0.7888,-0.2053,9249495.135238647,-28056270.773801677,-4364959.5969138015,29862356.944360092
2017-07-01 18:16:35.466476023,1.401,-1.3409,-0.7679,9249874.921731193,-28057264.207016136,-4365144.946567485,29863435.021017328
2017-07-01 18:16:35.660349720,1.4743,-0.2377,-0.6096,9250243.115412667,-28058227.180113535,-4365324.634375476,29864480.0615813
2017-07-01 18:16:35.666392028,-0.183,-0.5497,0.4042,9250254.590606911,-28058257.192353625,-4365330.234548349,29864512.63154934
2017-07-01 18:16:35.866321027,1.4791,-1.0409,-1.2801,9250634.343067693,-28059250.2844829,-4365515.585266554,29865590.377583403
2017-07-01 18:16:36.266611993,2.7583,-1.5294,-1.4126,9251395.112354819,-28061238.86445064,-4365886.9144450445,29867748.604178056
2017-07-01 18:16:36.466569006,-0.5772,-0.4051,0.3861,9251775.115725392,-28062232.23434345,-4366072.3887630785,29868826.70728965
2017-07-01 18:16:36.657209750,0.1446,0.7273,-0.3474,9252137.41947779,-28063179.295349937,-4366249.234206423,29869854.55885359
2017-07-01 18:16:36.666463017,1.951,-1.419,-2.118,9252155.005042829,-28063225.26365313,-4366257.818062336,29869904.448619664
2017-07-01 18:16:36.866604983,0.3715,0.6844,-0.4713,9252535.383914303,-28064219.499839913,-4366443.499993762,29870983.512506228
2017-07-01 18:16:37.266785979,0.3404,-0.5915,-0.1911,9253296.00053602,-28066207.555588637,-4366814.798961302,29873141.195986472
2017-07-01 18:16:37.466535985,0.23,-0.2515,-0.6098,9253675.670857044,-28067199.90197057,-4367000.156858262,29874218.21786452
2017-07-01 18:16:37.658040040,2.2987,-0.2721,-1.7663,9254039.75217466,-28068151.292927716,-4367177.927706929,29875250.823880278
2017-07-01 18:16:37.666472017,0.8228,-0.0334,-0.9657,9254055.782835208,-28068193.182939515,-4367185.75507568,29875296.28984412
2017-07-01 18:16:37.866590976,0.3234,0.2485,-0.3559,9254436.256869555,-28069187.36279082,-4367371.538915774,29876375.345728423
2017-07-01 18:17:13.354909002,0.634,-0.735,-0.8603,9322706.515380576,-28246417.02597661,-4401401.202339299,30069008.36611102
2017-07-01 18:17:13.554870009,0.3798,0.2109,-0.4386,9323091.203337844,-28247415.628464114,-4401592.962008646,30070093.77897179
2017-07-01 18:17:13.754869997,0.763,-0.7292,-1.205,9323475.996807337,-28248414.45479019,-4401784.807260193,30071179.447472103
2017-07-01 18:17:13.955249011,-0.0691,-0.308,0.101,9323861.516736034,-28249415.18638885,-4401977.012028127,30072267.183747094
2017-07-01 18:17:14.153981983,1.1812,-0.9812,-1.6271,9324243.916407524,-28250407.736087307,-4402167.702164551,30073346.045058325
2017-07-01 18:17:14.354891002,0.0997,0.613,-0.3783,9324630.507227656,-28251411.129066788,-4402360.49555199,30074436.699839886
2017-07-01 18:17:14.554929018,1.5257,-0.9068,-1.5992,9325015.48310771,-28252410.208311837,-4402552.517112534,30075522.688805513
2017-07-01 18:17:14.754909992,-0.0499,-0.4185,0.045,9325400.34721404,-28253409.019400466,-4402744.482117358,30076608.383063644
2017-07-01 18:17:14.954852998,1.3466,-1.8256,-1.5358,9325785.19208412,-28254407.713839144,-4402936.472073071,30077693.965559587
2017-07-01 18:17:15.154052019,0.3939,0.3432,-0.5247,9326168.620582122,-28255402.678532165,-4403127.768457195,30078775.503848094
2017-07-01 18:17:15.354956984,1.6533,-0.3113,-1.6237,9326555.399500504,-28256406.17668566,-4403320.7686440805,30079866.34666723
2017-07-01 18:17:15.554907023,0.4684,-0.7624,-0.7123,9326940.358737774,-28257404.93556982,-4403512.879955116,30080952.04331385
2017-07-01 18:17:15.754862010,-0.0439,-0.4847,0.0146,9327325.325746106,-28258403.73854872,-4403704.995436436,30082037.784531165
2017-07-01 18:17:15.954964995,0.7241,-0.1857,-0.9055,9327710.606684139,-28259403.28823387,-4403897.289370604,30083124.35077874
2017-07-01 18:17:16.154231011,0.3436,0.1805,-0.5657,9328094.289754279,-28260398.649944216,-4404088.80146084,30084206.37316976
2017-07-01 18:17:16.355085015,0.6009,-0.6474,-1.0141,9328481.054707982,-28261401.96999507,-4404281.880657755,30085297.056568634
2017-07-01 18:17:16.554849028,0.0112,-0.509,0.1498,9328865.721219335,-28262399.865558185,-4404473.906077989,30086381.8395394
2017-07-01 18:17:16.754938006,0.7848,-1.0034,-1.6217,9329251.044904739,-28263399.42461409,-4404666.308800242,30087468.44428777
2017-07-01 18:17:16.955127000,0.0095,0.6226,-0.3437,9329636.561577842,-28264399.458356116,-4404858.821470456,30088555.57100968
2017-07-01 18:17:17.154003977,1.602,-1.008,-1.8362,9330019.614978781,-28265392.977853697,-4405050.145058943,30089635.640679896
2017-07-01 18:17:17.354923009,-0.0145,-0.418,-0.0385,9330406.600960119,-28266396.715614557,-4405243.434698947,30090726.816457983
2017-07-01 18:17:17.554960012,1.4485,-1.1313,-1.7437,9330791.94604513,-28267396.09226312,-4405435.945576582,30091813.27284634
2017-07-01 18:17:17.754894018,0.3087,0.5704,-0.5033,9331177.105059765,-28268394.93154196,-4405628.3774510585,30092899.155312717
2017-07-01 18:17:17.955025970,1.4472,-0.8481,-1.5733,9331562.703368068,-28269394.793697085,-4405821.062859067,30093986.172103066
2017-07-01 18:17:18.154254019,0.41,-0.4624,-0.4667,9331946.576381693,-28270390.158293117,-4406012.896520822,30095068.304472513
2017-07-01 18:17:18.354920983,0.0482,-0.6322,-0.2475,9332333.223840574,-28271392.737319004,-4406206.125658112,30096158.278596282
2017-07-01 18:17:18.555005013,0.8385,-0.0716,-0.9656,9332718.781663578,-28272392.406736866,-4406398.83212462,30097245.105256356
2017-07-01 18:17:18.755168020,0.3877,0.3249,-0.4628,9333104.507206932,-28273392.457726207,-4406591.63319825,30098332.356342077
2017-07-01 18:17:18.955109000,0.7618,-0.5864,-0.7732,9333489.835345598,-28274391.42287021,-4406784.251320713,30099418.437535707
2017-07-01 18:17:19.154003977,-0.0055,-0.4779,0.1221,9333873.147399861,-28275385.18077464,-4406975.856919957,30100498.853945885
2017-07-01 18:17:19.354936003,0.7759,-0.5614,-1.1986,9334260.41659784,-28276389.139246657,-4407169.473303508,30101590.3740216
2017-07-01 18:17:19.554862976,0.0224,0.614,-0.3338,9334645.74958797,-28277388.051421266,-4407362.134568826,30102676.413671162
2017-07-01 18:17:19.755132973,0.9099,-0.9984,-1.6982,9335031.780206157,-28278388.717519823,-4407555.19450356,30103764.375725616
2017-07-01 18:17:19.954855978,0.0289,-0.4014,-0.2383,9335416.757622208,-28279386.666537818,-4407747.736644555,30104849.383179873
2017-07-01 18:17:20.154024004,1.0762,-0.8143,-1.286,9335800.707975367,-28280381.874813046,-4407939.794773252,30105931.42685729
2017-07-01 18:17:20.354857027,0.9008,0.3004,-0.7655,9336187.904394308,-28281385.390674815,-4408133.489337513,30107022.520698596
2017-07-01 18:17:20.554847002,0.9913,0.059,-1.2686,9336573.515105236,-28282384.691662226,-4408326.421558195,30108109.052033514
2017-07-01 18:17:20.754853010,0.6497,-0.6677,-0.7471,9336959.182719758,-28283384.09947222,-4408519.399131859,30109195.70813167
2017-07-01 18:17:20.954973995,-0.0088,-0.5384,0.0261,9337345.07168972,-28284384.10337158,-4408712.486596839,30110283.00903766
2017-07-01 18:17:21.154015004,0.7188,-0.7216,-1.2602,9337728.906642236,-28285378.739222303,-4408904.581968772,30111364.48532508
2017-07-01 18:17:21.354866981,0.2671,0.5775,-0.4617,9338116.24467952,-28286382.401437007,-4409098.443739736,30112455.785705373
2017-07-01 18:17:21.554928004,1.5121,-1.1889,-1.4854,9338502.117902622,-28287382.158820357,-4409291.601536357,30113542.860855795
2017-07-01 18:17:21.754854977,-0.0747,-0.3168,0.0732,9338887.729587264,-28288381.25898346,-4409484.626982591,30114629.218289208
2017-07-01 18:17:21.954860985,1.5114,-1.1714,-1.6452,9339273.554171298,-28289380.800969,-4409677.794547472,30115716.077715997
2017-07-01 18:17:22.154585003,0.6017,0.329,-0.634,9339658.858779922,-28290378.920568947,-4409870.715053986,30116801.403722286
2017-07-01 18:17:22.354925990,1.2109,-0.12,-1.3624,9340045.40223728,-28291380.128284205,-4410064.286194703,30117890.11015377
2017-07-01 18:17:22.554875016,0.4513,-0.6732,-0.42,9340431.207477009,-28292379.404081535,-4410257.495410854,30118976.72003375
2017-07-01 18:17:22.754884004,0.1033,-0.5756,-0.2531,9340817.132546866,-28293379.002574187,-4410450.772692737,30120063.680300098
2017-07-01 18:17:22.954914987,0.7493,-0.2389,-1.1212,9341203.130038213,-28294378.720551707,-4410644.116091231,30121150.785078835
2017-07-01 18:17:23.154011011,0.2612,0.5673,-0.4147,9341587.333703678,-28295373.74328917,-4410836.572227356,30122232.79327961
2017-07-01 18:17:23.354933977,0.7723,-0.7711,-1.0042,9341975.094070934,-28296377.92766894,-4411030.834916232,30123324.775168717
2017-07-01 18:17:23.555046975,0.029,-0.4543,0.0798,9342361.292445745,-28297378.082136497,-4411224.311290653,30124412.372135814
2017-07-01 18:17:23.754850983,0.6019,-0.8074,-1.5454,9342746.918529129,-28298376.72452067,-4411417.550617442,30125498.336666137
2017-07-01 18:17:23.954927980,0.0337,0.7553,-0.4881,9343133.07283626,-28299376.701098587,-4411611.073503047,30126585.75994404
2017-07-01 18:18:16.106308996,1.5236,-1.0836,-1.7216,9447930.561004162,-28562974.291219816,-4466736.43249237,30414776.451649208
2017-07-01 18:18:16.306362986,0.1976,0.4989,-0.3022,9448332.574674148,-28563985.438141257,-4466947.906830104,30415881.972323738
2017-07-01 18:18:16.506352007,2.4222,-1.4621,-1.206,9448734.55466461,-28564996.3151629,-4467159.360724701,30416987.226283498
2017-07-01 18:18:16.706373989,-0.5217,-0.2705,0.2573,9449136.580034433,-28566007.369613655,-4467370.839175607,30418092.66478888
2017-07-01 18:18:16.905589997,1.9726,-1.5303,-1.5362,9449537.063758938,-28567014.410827223,-4467581.526456703,30419193.73953395
2017-07-01 18:18:17.106355011,0.3271,0.6547,-0.3588,9449940.674632808,-28568029.25591078,-4467793.8664008,30420303.35735169
2017-07-01 18:18:17.306339025,2.5488,-1.0644,-1.627,9450342.81734764,-28569040.195694353,-4468005.445386626,30421408.740040265
2017-07-01 18:18:17.506363987,-0.2254,-0.457,0.0637,9450745.033385502,-28570051.36075885,-4468217.06514596,30422514.363275774
2017-07-01 18:18:17.706303000,2.3023,-1.6391,-1.9116,9451147.16863045,-28571062.156858463,-4468428.670391484,30423619.61300065
2017-07-01 18:18:17.905526995,0.2103,0.7821,-0.3336,9451547.874114022,-28572069.307127066,-4468639.532139106,30424720.885755684
2017-07-01 18:18:18.105400025,2.4957,-0.7759,-1.9176,9451949.984723382,-28573079.769501936,-4468851.1574420165,30425825.817804914
2017-07-01 18:18:18.306289970,0.1354,-0.4732,-0.1329,9452354.146657413,-28574095.392009147,-4469063.864816615,30426936.39217198
2017-07-01 18:18:18.506537020,0.579,-0.7302,-0.7768,9452757.038395597,-28575107.793566033,-4469275.922626475,30428043.45194453
2017-07-01 18:18:18.706323981,0.9395,-0.1946,-1.0049,9453159.041946933,-28576117.876789562,-4469487.533321263,30429147.99318294
2017-07-01 18:18:18.905771970,0.558,0.5076,-0.2814,9453560.385628957,-28577126.226045858,-4469698.796177061,30430250.650177658
2017-07-01 18:18:19.106292009,0.8927,-0.8616,-0.9067,9453963.922461538,-28578140.02990911,-4469911.231045632,30431359.283307176
2017-07-01 18:18:19.306271016,0.2962,-0.6256,-0.1911,9454366.382339027,-28579151.123402,-4470123.100376667,30432464.953701552
2017-07-01 18:18:19.506347000,0.806,-0.1251,-1.0485,9454769.06964826,-28580162.712218225,-4470335.114422622,30433571.181385964
2017-07-01 18:18:19.706556022,0.2345,0.4865,-0.3012,9455172.034118954,-28581174.954176966,-4470547.281517837,30434678.13124273
2017-07-01 18:18:19.905687987,1.2371,-1.0655,-1.1442,9455572.879832124,-28582181.792866286,-4470758.352597232,30435779.18788332
2017-07-01 18:18:20.106321990,-0.1684,-0.4232,0.3255,9455976.742316725,-28583196.243102465,-4470971.002667825,30436888.561901957
2017-07-01 18:18:20.306397974,1.2916,-1.0625,-1.3198,9456379.533250622,-28584207.914402507,-4471183.11413151,30437994.914428364
2017-07-01 18:18:20.506204009,0.1202,0.8122,-0.411,9456781.78552462,-28585218.188297838,-4471394.9558156645,30439099.74789855
2017-07-01 18:18:20.706444978,2.7929,-1.4723,-1.675,9457185.025399126,-28586230.720372286,-4471607.325794338,30440207.08666561
2017-07-01 18:18:20.905523002,-0.4743,-0.5383,0.3292,9457585.904568803,-28587237.39327021,-4471818.449339154,30441308.006807707
2017-07-01 18:18:21.106450021,3.0311,-2.0352,-1.9129,9457990.629390823,-28588253.498099625,-4472031.610982207,30442419.27881019
2017-07-01 18:18:21.306293010,0.3993,0.5137,-0.4115,9458393.186611485,-28589264.100382436,-4472243.639021879,30443524.543664884
2017-07-01 18:18:21.506362020,2.2464,0.0229,-1.3436,9458796.289039522,-28590275.844732612,-4472455.960644852,30444631.093763586
2017-07-01 18:18:21.706319987,0.1416,-0.5678,-0.1892,9459199.173397863,-28591287.050243363,-4472668.171989157,30445737.05411235
2017-07-01 18:18:21.905593991,1.6432,-0.9816,-1.2594,9459600.744928293,-28592294.83587087,-4472879.707468305,30446839.295931812
2017-07-01 18:18:22.106361985,0.5069,0.5821,-0.5775,9460005.347538585,-28593310.153569903,-4473092.852141498,30447949.78939603
2017-07-01 18:18:22.306361019,0.6461,0.0045,-0.6731,9460408.42632718,-28594321.582328174,-4473305.2073746035,30449056.041605722
2017-07-01 18:18:22.506601989,0.3774,-0.6396,-0.4602,9460812.007846877,-28595334.26024318,-4473517.837943212,30450163.663751516
2017-07-01 18:18:22.706301987,-0.067,-0.3902,0.2224,9461214.496376768,-28596344.21786371,-4473729.885198688,30451268.306241643
2017-07-01 18:18:22.905541002,0.3935,-0.9166,-1.4944,9461616.071431605,-28597351.88050622,-4473941.502291011,30452370.446758125
2017-07-01 18:18:23.106504023,0.0152,0.7888,-0.1817,9462021.121910725,-28598368.230550483,-4474154.957834426,30453482.09562181
2017-07-01 18:18:23.306303977,0.7958,-0.927,-1.0502,9462423.859941619,-28599378.735507514,-4474367.219934777,30454587.361857634
2017-07-01 18:18:23.506376981,-0.3018,-0.4216,0.3153,9462827.13628031,-28600390.638314046,-4474579.7594949,30455694.14903174
2017-07-01 18:18:23.706291019,1.3077,-1.1644,-2.0087,9463230.144462872,-28601401.783659313,-4474792.210462791,30456800.128775828
2017-07-01 18:18:23.905539989,0.1337,0.717,-0.3456,9463631.817237863,-28602409.536691695,-4475003.968375574,30457902.406335305
2017-07-01 18:18:24.106293976,2.9157,-0.9797,-2.4831,9464036.641536826,-28603424.94121958,-4475217.425865324,30459013.098409846
2017-07-01 18:18:24.306370973,-0.1755,-0.4825,0.0541,9464440.093646951,-28604436.940877724,-4475430.161360187,30460120.06082863
2017-07-01 18:18:24.506286025,1.6849,-1.1955,-1.1266,9464843.286536297,-28605448.16918918,-4475642.769689821,30461226.199887894
2017-07-01 18:18:24.706359028,0.5576,0.3045,-0.5836,9465246.820304833,-28606460.184273712,-4475855.569360338,30462333.21204241
2017-07-01 18:18:24.905658006,0.4999,0.1821,-0.4981,9465648.812773159,-28607468.27692944,-4476067.565554606,30463435.943991743
2017-07-01 18:18:25.106303989,0.3265,-0.5352,-0.6095,9466053.535338527,-28608483.20454268,-4476281.019108485,30464546.157140214
2017-07-01 18:18:25.306380987,0.1412,-0.6504,0.123,9466457.115857868,-28609495.280095026,-4476493.862434305,30465653.24769137
2017-07-01 18:18:25.506371974,1.2833,-0.197,-0.9803,9466860.574209556,-28610506.92844601,-4476706.653469481,30466759.8916491
2017-07-01 18:18:25.706364989,0.1313,0.7249,-0.173,9467264.04190413,-28611518.558061596,-4476919.453581971,30467866.522474047
2017-07-01 18:18:25.905541002,1.6493,-0.9342,-1.1188,9467665.926801091,-28612526.092076477,-4477131.428757522,30468968.694421474
2017-07-01 18:18:26.106410026,-0.1612,-0.4011,0.2357,9468071.221245563,-28613542.206389535,-4477345.196227802,30470080.246917598
2017-07-01 18:18:26.306398987,1.4122,-1.0399,-1.6386,9468474.796464238,-28614553.910414897,-4477558.09266017,30471186.995856687
2017-07-01 18:18:26.506309986,0.0039,0.8548,-0.1851,9468878.214512436,-28615565.18588457,-4477770.913496211,30472293.282630205
2017-07-01 18:18:26.706443011,2.1435,-1.7077,-2.107,9469282.166460587,-28616577.652900178,-4477984.05508838,30473400.901608277
2017-07-01 18:18:33.622817993,-0.3068,-0.4151,0.3189,9483227.620810091,-28651587.244861364,-4485334.736720458,30511690.96360326
2017-07-01 18:18:33.822784006,0.7699,-0.6613,-1.1378,9483630.842127226,-28652599.467511125,-4485547.304890013,30512798.04966715
2017-07-01 18:18:34.222809016,0.3084,0.3501,-0.2906,9484437.521609185,-28654624.32747018,-4485972.586574929,30515012.706817865
2017-07-01 18:18:34.227689740,0.8722,0.0922,-0.8282,9484447.36396434,-28654649.032879774,-4485977.775476539,30515039.727966882
2017-07-01 18:18:34.422029972,0.4155,-0.8146,-0.9404,9484839.281674858,-28655632.7814368,-4486184.422214211,30516115.69275938
2017-07-01 18:18:34.622928977,0.0715,-0.5358,0.0944,9485244.42907072,-28656649.752070576,-4486398.03924614,30517227.99106458
2017-07-01 18:18:34.822830021,0.7385,-0.9922,-1.6921,9485647.593417363,-28657661.7105758,-4486610.662757614,30518334.820620164
2017-07-01 18:18:35.222774028,1.8825,-1.2514,-1.8415,9486454.509451354,-28659686.54619036,-4487036.355289347,30520549.59104542
2017-07-01 18:18:35.228400230,0.1729,1.097,-0.4389,9486465.860727318,-28659715.030478403,-4487042.343721947,30520580.747248705
2017-07-01 18:18:35.422070026,-0.3387,-0.3964,0.2171,9486856.59106815,-28660695.55515665,-4487248.474377405,30521653.24086609
2017-07-01 18:18:35.623161971,1.3453,-1.3653,-1.9173,9487262.350054327,-28661713.712408025,-4487462.582260199,30522766.91681116
2017-07-01 18:18:35.822817027,0.0613,0.6758,-0.3335,9487665.212160444,-28662724.567546245,-4487675.173543507,30523872.61269935
2017-07-01 18:18:36.222766995,0.1447,-0.5208,-0.251,9488472.250614341,-28664749.600725863,-4488101.077574194,30526087.640009068
2017-07-01 18:18:36.227699870,1.5198,-1.3948,-1.9389,9488482.204445876,-28664774.576972693,-4488106.330606781,30526114.95961415
2017-07-01 18:18:36.422052025,1.9916,-1.2869,-1.5634,9488874.454340892,-28665758.673910286,-4488313.355822129,30527191.412594073
2017-07-01 18:18:36.622887015,0.73,0.2444,-0.7949,9489279.817617215,-28666775.586651675,-4488527.318658725,30528303.77670583
2017-07-01 18:18:36.822623014,0.5102,0.405,-0.6367,9489682.983055577,-28667786.91857822,-4488740.13606812,30529410.048951946
2017-07-01 18:18:37.222779989,0.0234,-0.6425,0.0766,9490490.700299567,-28669813.153585687,-4489166.48845983,30531626.483944453
2017-07-01 18:18:37.228520030,0.6105,-0.8025,-0.7571,9490502.286598034,-28669842.218885873,-4489172.604285228,30531658.27757802
2017-07-01 18:18:37.422006011,0.6871,-0.4988,-1.4824,9490892.86464011,-28670821.974136002,-4489378.8127475055,30532730.0149368
2017-07-01 18:18:37.622847020,-0.0159,0.6965,-0.1768,9491298.289175592,-28671838.94495757,-4489592.866992051,30533842.467187766
2017-07-01 18:18:37.822759985,0.8032,-0.5973,-1.105,9491701.872429732,-28672851.24044238,-4489805.976298557,30534949.818141676
2017-07-01 18:18:38.222814977,1.659,-1.2583,-1.6767,9492509.766880179,-28674877.192692265,-4490232.707439819,30537166.100626644
2017-07-01 18:18:38.227990150,-0.1822,-0.3994,0.1768,9492520.217922356,-28674903.40073334,-4490238.227694861,30537194.770811964
2017-07-01 18:18:38.421999990,0.0557,0.6235,-0.2669,9492912.014654677,-28675885.879271224,-4490445.184213487,30538269.555287313
2017-07-01 18:18:38.622922003,1.9934,-1.0066,-1.9839,9493317.850774502,-28676903.40214204,-4490659.594258101,30539382.707303073
2017-07-01 18:18:38.822915971,-0.012,-0.4342,-0.0647,9493721.81188515,-28677916.242511444,-4490873.016545264,30540490.734510142
2017-07-01 18:18:39.222765028,0.2207,0.6736,-0.4411,9494529.488874763,-28679941.112223074,-4491299.783438498,30542705.940378144
2017-07-01 18:18:39.228319760,1.9153,-1.5525,-1.953,9494540.709240977,-28679969.241907362,-4491305.7121752845,30542736.71425671
2017-07-01 18:18:39.421990990,2.016,-0.4977,-1.6523,9494931.994033659,-28680950.02986465,-4491512.485427773,30543809.72625502
2017-07-01 18:18:39.622821986,0.2026,-0.4813,-0.301,9495337.752272585,-28681967.095651522,-4491726.914950745,30544922.428846706
2017-07-01 18:18:39.822799980,0.5681,-0.5675,-0.8294,9495741.809828267,-28682979.864286523,-4491940.466882547,30546030.438863963
2017-07-01 18:18:40.222778975,0.3491,0.333,-0.2883,9496550.027275639,-28685005.464798782,-4492367.641437956,30548246.561168186
2017-07-01 18:18:40.228180280,0.8726,0.2216,-0.7306,9496560.941446574,-28685032.818444163,-4492373.410012347,30548276.48763205
2017-07-01 18:18:40.422152996,0.53,-0.6276,-1.2431,9496952.913218057,-28686015.171492524,-4492580.618950313,30549351.247984763
2017-07-01 18:18:40.622811019,0.1099,-0.622,0.0928,9497358.39879708,-28687031.4065718,-4492794.965647751,30550463.074725855
2017-07-01 18:18:40.822758018,0.8893,-0.9225,-1.6163,9497762.48310667,-28688044.07754154,-4493008.617433636,30551571.017163876
2017-07-01 18:18:41.222904980,1.755,-1.2575,-1.6787,9498571.443961622,-28690070.902014907,-4493436.46009749,30553788.620392382
2017-07-01 18:18:41.228279820,0.0334,0.9619,-0.3315,9498582.310058232,-28690098.12662778,-4493442.206960303,30553818.40758654
2017-07-01 18:18:41.422258973,-0.2758,-0.301,0.243,9498974.45948745,-28691080.680196155,-4493649.603354518,30554893.440122616
2017-07-01 18:18:41.622816026,0.8866,-2.0642,-1.5378,9499379.94250093,-28692096.635523595,-4493864.094487145,30556005.025754496
2017-07-01 18:18:41.822763979,0.4561,0.8512,-0.5006,9499784.212280365,-28693109.471322734,-4494077.954214979,30557113.212339982
2017-07-01 18:18:42.222765028,0.143,-0.4803,0.058,9500592.987305364,-28695135.75237099,-4494505.77684913,30559330.246842224
2017-07-01 18:18:42.228649970,1.4683,-1.0595,-1.9579,9500604.886310292,-28695165.563695617,-4494512.071178901,30559362.864622336
2017-07-01 18:18:42.422002017,0.7182,-1.0088,-1.1684,9500995.8595723,-28696145.064017747,-4494718.91750021,30560434.584705997
2017-07-01 18:18:42.622759997,1.0233,-0.2142,-0.9973,9501401.849464422,-28697162.090619493,-4494933.726818528,30561547.38178002
2017-07-01 18:18:42.822920978,0.4412,0.048,-0.6736,9501806.649730721,-28698176.090940837,-4495147.924340424,30562656.877588656
2017-07-01 18:18:43.222652018,-0.0945,-0.4229,0.1775,9502615.040098647,-28700201.165590607,-4495575.658661246,30564872.648980968
2017-07-01 18:18:43.231270190,0.5734,-0.8665,-1.0466,9502632.46897847,-28700244.82611637,-4495584.880659668,30564920.420945298
2017-07-01 18:18:43.422011017,0.6859,-0.7535,-1.5929,9503018.23686671,-28701211.16573559,-4495789.043567336,30565977.771283984
2017-07-01 18:18:43.623076021,0.157,0.6278,-0.3091,9503424.89145585,-28702229.784777086,-4496004.269641351,30567092.332741115
2017-07-01 18:18:43.822760999,1.0154,-1.1183,-1.4609,9503828.79542631,-28703241.45703518,-4496218.076745769,30568199.307569504
2017-07-01 18:18:44.222931981,0.9003,-1.3136,-1.8171,9504638.367778368,-28705269.070178222,-4496646.839615394,30570417.98362918
2017-07-01 18:18:44.230630040,-0.2104,-0.3435,0.2822,9504653.941448178,-28705308.07523969,-4496655.087677657,30570460.664154943
2017-07-01 18:19:22.522720992,0.0491,0.6761,-0.3755,9582193.30548549,-28898337.753731675,-4538233.623585431,30781941.4250415
2017-07-01 18:19:22.722706973,0.5124,-0.8625,-1.0925,9582598.286517402,-28899345.913629647,-4538450.817194218,30783045.982756153
2017-07-01 18:19:22.922730028,-0.0921,-0.3173,0.0629,9583003.33894106,-28900354.273118246,-4538668.048550426,30784150.75588138
2017-07-01 18:19:23.122695982,0.5717,-1.1687,-1.6697,9583408.29859377,-28901362.39148044,-4538885.284658408,30785255.274701305
2017-07-01 18:19:23.321949005,0.1381,0.5709,-0.4651,9583811.819942068,-28902366.89297089,-4539101.764728059,30786355.83901606
2017-07-01 18:19:23.522683978,2.2896,-1.3565,-2.0953,9584218.434750173,-28903378.920129146,-4539319.939303485,30787464.681537665
2017-07-01 18:19:23.722216010,0.1016,-0.5277,-0.1756,9584622.616889756,-28904384.903539095,-4539536.813419076,30788566.901376236
2017-07-01 18:19:23.922693014,0.0676,-0.5235,-0.1111,9585028.715929158,-28905395.67226747,-4539754.719102981,30789674.36276557
2017-07-01 18:19:24.122711002,0.7767,-0.4641,-1.4328,9585433.916229988,-28906404.145287685,-4539972.183188154,30790779.324291866
2017-07-01 18:19:24.321937978,0.1197,0.5561,-0.3659,9585837.518834498,-28907408.608022917,-4540188.801790251,30791879.89916488
2017-07-01 18:19:24.522746980,1.3189,-1.316,-1.4702,9586244.379559202,-28908421.100084886,-4540407.19980688,30792989.288870957
2017-07-01 18:19:24.722827017,0.0114,-0.3313,0.1386,9586649.763778456,-28909429.929920472,-4540624.799459467,30794094.663357154
2017-07-01 18:19:24.922722995,0.9536,-1.3259,-1.7787,9587054.81317821,-28910437.88468724,-4540842.270010298,30795199.093306005
2017-07-01 18:19:25.122695028,0.2815,0.7301,-0.6738,9587460.027945131,-28911446.19375764,-4541059.850247241,30796303.923774946
2017-07-01 18:19:25.321936011,2.1906,-0.871,-1.7487,9587863.848303808,-28912450.851266917,-4541276.704480885,30797404.785260674
2017-07-01 18:19:25.522985994,0.2981,-0.4614,-0.0799,9588271.347181723,-28913464.649171457,-4541495.530862931,30798515.66395565
2017-07-01 18:19:25.722702026,0.0502,-0.536,-0.657,9588676.144338578,-28914471.74198491,-4541712.931554379,30799619.196861833
2017-07-01 18:19:25.922734022,0.581,-0.4264,-1.4027,9589081.605158802,-28915480.445147406,-4541930.732314084,30800724.507407874
2017-07-01 18:19:26.122142016,0.2811,0.3878,-0.2619,9589485.812317096,-28916485.986229047,-4542147.864056009,30801826.3607105
2017-07-01 18:19:26.322103023,2.1045,-0.9708,-1.4872,9589891.22459976,-28917494.35476846,-4542365.65742855,30802931.341408197
2017-07-01 18:19:26.523016989,-0.0393,-0.4074,-0.04,9590298.56737913,-28918507.54535945,-4542584.490358882,30804041.603571028
2017-07-01 18:19:26.722689986,1.564,-1.256,-1.2964,9590703.456512984,-28919514.527934134,-4542802.023328168,30805145.082361132
2017-07-01 18:19:26.924250006,0.4907,0.2113,-0.6411,9591112.192014046,-28920531.018480558,-4543021.638152928,30806258.991890308
2017-07-01 18:19:27.122839987,0.6823,0.149,-1.0008,9591514.931600373,-28921532.524899747,-4543238.056366003,30807356.49660255
2017-07-01 18:19:27.322125971,0.4534,-0.5823,-0.7175,9591919.100684384,-28922537.564448144,-4543455.261560548,30808457.87953026
2017-07-01 18:19:27.522773027,0.2005,-0.5086,-0.1165,9592326.038211234,-28923549.488633938,-4543673.954900892,30809566.80729618
2017-07-01 18:19:27.722699999,0.7732,-0.746,-1.2516,9592731.546222363,-28924557.81103512,-4543891.913420011,30810671.800573356
2017-07-01 18:19:27.922694981,0.3192,0.279,-0.5631,9593137.20494422,-28925566.46528214,-4544109.968605868,30811777.166809496
2017-07-01 18:19:28.123059988,0.5474,-0.824,-1.1101,9593543.636180244,-28926577.018792834,-4544328.4717974225,30812884.622881982
2017-07-01 18:19:28.321937978,0.002,-0.573,0.2057,9593947.051149525,-28927580.09510335,-4544545.345222767,30813983.880272053
2017-07-01 18:19:28.522692024,0.6535,-0.8743,-1.5897,9594354.297950666,-28928592.66887025,-4544764.328527053,30815093.55815539
2017-07-01 18:19:28.722939014,0.1213,0.5938,-0.3728,9594760.521009212,-28929602.661310855,-4544982.773681509,30816200.414877605
2017-07-01 18:19:28.922686994,1.4295,-0.8491,-1.7737,9595165.788807038,-28930610.17075649,-4545200.745245949,30817304.573592354
2017-07-01 18:19:29.122712016,-0.0985,-0.3368,-0.0554,9595571.614753172,-28931619.091050483,-4545419.0213442845,30818410.275727913
2017-07-01 18:19:29.321919977,1.0459,-1.1483,-1.2739,9595975.824489234,-28932623.935681883,-4545636.456382941,30819511.524704147
2017-07-01 18:19:29.522689998,0.7373,-0.1704,-0.9462,9596383.233496172,-28933636.666523624,-4545855.634546552,30820621.430540062
2017-07-01 18:19:29.722697973,0.3822,0.2469,-0.5168,9596789.11142399,-28934645.543550707,-4546074.001467562,30821727.122386962
2017-07-01 18:19:29.922689974,0.8086,-0.8027,-1.1672,9597194.989277042,-28935654.372107428,-4546292.397632567,30822832.773271114
2017-07-01 18:19:30.122717022,-0.0403,-0.344,0.0733,9597600.93664451,-28936663.391217012,-4546510.829136962,30823938.630148128
2017-07-01 18:19:30.321946978,0.9639,-1.2418,-1.5829,9598005.304603428,-28937668.438755315,-4546728.453038428,30825040.147973858
2017-07-01 18:19:30.522700011,0.1434,0.3957,-0.4686,9598412.769661572,-28938681.15375296,-4546947.7595206965,30826150.076569557
2017-07-01 18:19:30.722684979,1.3878,-1.2233,-1.7161,9598818.731294746,-28939690.043108907,-4547166.295587638,30827255.832253378
2017-07-01 18:19:30.922842979,0.2856,-0.4686,-0.4065,9599225.055618143,-28940699.824154805,-4547385.037023156,30828362.568504725
2017-07-01 18:19:31.122684001,0.2402,-0.6228,-0.4844,9599630.746063257,-28941708.030944545,-4547603.45139643,30829467.58152589
2017-07-01 18:19:31.322063982,0.9704,0.0168,-1.075,9600035.539140463,-28942713.91109422,-4547821.404613066,30830570.06317696
2017-07-01 18:19:31.522697985,0.339,0.2153,-0.5553,9600442.891853709,-28943726.109169427,-4548040.75102313,30831679.47866816
2017-07-01 18:19:31.722696006,0.5502,-0.543,-0.9911,9600848.975322839,-28944735.12043651,-4548259.44177867,30832785.410807718
2017-07-01 18:19:31.922909975,0.0333,-0.4589,-0.0101,9601255.498595724,-28945745.23957949,-4548478.369070568,30833892.555074137
2017-07-01 18:19:32.122691988,0.5785,-0.8178,-1.4931,9601661.167895682,-28946753.2120596,-4548696.883626879,30834997.35758178
2017-07-01 18:19:32.321933984,0.1398,0.5947,-0.48,9602065.746208588,-28947758.43635069,-4548914.826586282,30836099.15640046
2017-07-01 18:19:32.522823989,1.2321,-0.9187,-1.782,9602473.720671626,-28948772.01232348,-4549134.644153523,30837210.129781686
2017-07-01 18:19:32.722747027,0.0502,-0.4119,-0.198,9602879.733390644,-28949780.72599762,-4549353.411561455,30838315.773086473
2017-07-01 18:19:32.922719001,0.5993,-0.817,-0.9795,9603285.86945638,-28950789.719249673,-4549572.2716870215,30839421.731187124
2017-07-01 18:19:33.122862994,0.6675,-0.059,-0.9068,9603692.381625133,-28951799.582816806,-4549791.356403718,30840528.65680616
2017-07-01 18:21:18.272934019,0.33,0.2757,-0.5699,9820911.193027284,-29479305.4440753,-4671193.476003883,31421327.066447683
2017-07-01 18:21:18.472994029,1.1794,-1.2658,-1.6603,9821324.52380961,-29480309.13483845,-4671424.523842865,31422432.260561626
2017-07-01 18:21:18.672959029,0.3672,0.3449,-0.5982,9821737.672980905,-29481312.335150152,-4671655.4858751185,31423536.92534047
2017-07-01 18:21:18.872956991,1.8011,-0.936,-1.5408,9822150.962297764,-29482315.738267474,-4671886.547609632,31424641.83933998
2017-07-01 18:21:19.272916972,0.2065,-0.7422,-0.3789,9822977.499689825,-29484322.482901927,-4672348.690164845,31426851.600465067
2017-07-01 18:21:19.472913980,0.7391,-0.2122,-0.9517,9823390.83311649,-29485325.949089885,-4672579.819172558,31427956.598397695
2017-07-01 18:21:19.673013985,0.3401,0.2175,-0.457,9823804.393024463,-29486329.923346903,-4672811.085508309,31429062.164527263
2017-07-01 18:21:19.722249740,0.4804,-0.6441,-0.5304,9823906.152978625,-29486576.958538037,-4672867.99120369,31429334.197490305
2017-07-01 18:21:19.872972011,0.5331,-0.7871,-1.0155,9824217.67633517,-29487333.209465742,-4673042.216042448,31430166.978732273
2017-07-01 18:21:20.272997975,0.8034,-1.259,-1.6559,9825044.60660329,-29489340.54633647,-4673504.88421192,31432377.499678593
2017-07-01 18:21:20.473088979,0.1626,0.5016,-0.4563,9825458.239533685,-29490344.586205248,-4673736.326805153,31433483.177695144
2017-07-01 18:21:20.672908008,1.7104,-1.0295,-1.7153,9825871.378523069,-29491347.302431807,-4673967.523296422,31434587.423231125
2017-07-01 18:21:20.721529720,-0.0384,-0.2732,0.0019,9825971.907020872,-29491591.292750876,-4674023.780042202,31434856.11852904
2017-07-01 18:21:20.872919023,0.2146,-0.3153,-0.2466,9826284.91900106,-29492350.991950613,-4674198.947554418,31435692.74158145
2017-07-01 18:21:21.272924005,0.8423,0.075,-0.902,9827112.102639275,-29494358.278079662,-4674661.92429868,31437903.343258332
2017-07-01 18:21:21.473065972,0.4684,0.2638,-0.6541,9827526.001648061,-29495362.610489085,-4674893.60030532,31439009.415238928
2017-07-01 18:21:21.672918021,0.5086,-0.5896,-0.8482,9827939.321412483,-29496365.511610106,-4675124.974592777,31440113.91881284
2017-07-01 18:21:21.721639990,0.4506,-0.7246,-0.6738,9828040.085786035,-29496610.01078504,-4675181.382973767,31440383.188184366
2017-07-01 18:21:21.872918009,0.0636,-0.5545,-0.0044,9828352.952980114,-29497369.1748718,-4675356.526819804,31441219.261662014
2017-07-01 18:21:22.272984027,0.0577,0.5158,-0.4617,9829180.362873401,-29499376.75843491,-4675819.7816959815,31443430.257732462
2017-07-01 18:21:22.472998023,1.2332,-1.0348,-1.7963,9829594.077832578,-29500380.49620454,-4676051.458980098,31444535.71612779
2017-07-01 18:21:22.673072993,0.0075,-0.3004,-0.2199,9830007.919212433,-29501384.5519873,-4676283.215693322,31445641.52453229
2017-07-01 18:21:22.721600050,0.7146,-0.8415,-1.6758,9830108.295790844,-29501628.082043435,-4676339.430924986,31445909.735153373
2017-07-01 18:21:22.872934997,0.8095,-0.8793,-1.135,9830421.345556783,-29502387.567321394,-4676514.767964695,31446746.19700121
2017-07-01 18:21:23.273468017,0.5911,0.3198,-0.8558,9831249.978476485,-29504397.619684704,-4676978.9637944065,31448960.034753542
2017-07-01 18:21:23.472935020,0.5821,-0.701,-0.9446,9831662.664055942,-29505398.661476333,-4677210.172707326,31450062.57405727
2017-07-01 18:21:23.672923028,0.0155,-0.5301,-0.117,9832076.42818424,-29506402.33917647,-4677441.990214106,31451168.01428578
2017-07-01 18:21:23.721679920,0.4425,0.0122,-0.87,9832177.304549234,-29506647.03484556,-4677498.509176762,31451437.520253416
2017-07-01 18:21:23.872667014,0.5992,-0.4579,-1.311,9832489.705413999,-29507404.802525952,-4677673.563220908,31452272.127006337
2017-07-01 18:21:24.273033976,1.0905,-1.038,-1.6532,9833318.262176204,-29509414.31378966,-4678138.01263306,31454485.47430691
2017-07-01 18:21:24.472920000,-0.0606,-0.3428,0.0201,9833731.922550788,-29510417.59012958,-4678369.891468298,31455590.515992876
2017-07-01 18:21:24.672922015,1.09,-1.151,-1.7323,9834145.866567448,-29511421.494697336,-4678601.974152902,31456696.26637796
2017-07-01 18:21:24.721700190,0.1541,0.5515,-0.3986,9834246.82308539,-29511666.334081825,-4678658.577380048,31456965.945164446
2017-07-01 18:21:24.872960984,0.2396,0.3231,-0.5373,9834559.894053414,-29512425.57198092,-4678834.115901678,31457802.214006666
2017-07-01 18:21:25.272929012,0.4875,-0.6213,-0.7167,9835387.803063076,-29514433.269490514,-4679298.394430714,31460013.635088786
2017-07-01 18:21:25.472983002,0.0728,-0.4735,-0.0612,9835801.905327458,-29515437.488450218,-4679530.617371932,31461119.752074577
2017-07-01 18:21:25.672093987,0.7258,-0.3602,-1.2151,9836214.084390722,-29516436.98805046,-4679761.793844539,31462220.684984185
2017-07-01 18:21:25.721759790,0.6792,0.2867,-0.9394,9836316.899098523,-29516686.300309315,-4679819.460308942,31462495.299506124
2017-07-01 18:21:25.872938990,0.1293,0.4402,-0.3904,9836629.862769816,-29517445.17917339,-4679995.0018803915,31463331.199672215
2017-07-01 18:21:26.273150980,0.0298,-0.2894,-0.0663,9837458.366527425,-29519454.181919698,-4680459.718237184,31465544.099628367
2017-07-01 18:21:26.472935020,0.8236,-0.8998,-1.6814,9837871.984780032,-29520457.103042495,-4680691.7696801545,31466648.823861804
2017-07-01 18:21:26.672932028,0.1954,0.3908,-0.5581,9838286.051761763,-29521461.077638708,-4680924.090811221,31467754.717150763
2017-07-01 18:21:26.723320240,1.0481,-0.8445,-1.6175,9838390.376457805,-29521714.02599093,-4680982.627025669,31468033.344752945
2017-07-01 18:21:26.873068988,1.1873,-0.8076,-1.4583,9838700.44568978,-29522465.78141327,-4681156.623527424,31468861.428541202
2017-07-01 18:21:27.273050010,0.1063,-0.55,-0.2623,9839528.661996348,-29524473.818761006,-4681621.412606366,31471073.347058345
2017-07-01 18:21:27.472909986,0.7208,-0.2635,-1.2755,9839942.52865041,-29525477.192631144,-4681853.706409119,31472178.611401238
2017-07-01 18:21:27.673070013,0.1771,0.2957,-0.437,9840357.023740344,-29526482.06102565,-4682086.366463957,31473285.529124107
2017-07-01 18:21:27.724880090,0.2852,-0.4543,-0.517,9840464.313772632,-29526742.165671736,-4682146.590342389,31473572.048976976
2017-07-01 18:21:27.872907996,0.754,-0.7483,-1.3937,9840770.871410297,-29527485.333755195,-4682318.688076381,31474390.69744536
2017-07-01 18:21:28.273011982,0.9234,-1.1907,-1.5091,9841599.612542229,-29529494.230160292,-4682784.091877765,31476603.680730946
2017-07-01 18:21:28.473016977,0.3162,0.1191,-0.7415,9842013.898409195,-29530498.437624663,-4683016.768771531,31477709.916822534
2017-07-01 18:21:28.672909021,0.8252,0.1747,-1.4283,9842427.983284365,-29531502.070991553,-4683249.371333479,31478815.540760312
2017-07-01 18:21:28.720900290,0.104,-0.3364,-0.1929,9842527.399479805,-29531743.030025225,-4683305.216382162,31479080.986438386
2017-07-01 18:21:28.873048007,0.312,-0.4965,-0.7516,9842842.587931775,-29532506.958948392,-4683482.280498766,31479922.55014114
2017-07-01 18:22:04.989755988,0.0795,-0.5894,-0.1614,9917765.481236286,-29714616.64201383,-4725724.157082758,31680482.68463539
2017-07-01 18:22:05.189750015,1.0177,-1.0231,-1.5444,9918180.402809579,-29715625.103993338,-4725958.130622732,31681593.363910127
2017-07-01 18:22:05.389751970,0.16,0.5287,-0.4209,9918595.347230978,-29716633.58480106,-4726192.130274025,31682704.07221742
2017-07-01 18:22:05.590108990,1.5769,-0.9123,-1.7081,9919011.091607777,-29717643.89259487,-4726426.613914835,31683816.817095157
2017-07-01 18:22:05.789102017,0.1025,-0.3404,-0.1409,9919424.00973368,-29718647.335882016,-4726659.506814404,31684922.001683503
2017-07-01 18:22:05.989822983,1.1998,-1.1169,-1.5483,9919840.561737588,-29719659.537482154,-4726894.484398942,31686036.85001943
2017-07-01 18:22:06.189734995,0.0904,0.4742,-0.4307,9920255.438549073,-29720667.640713915,-4727128.532179874,31687147.191496912
2017-07-01 18:22:06.389608025,1.5513,-0.1313,-1.6828,9920670.296434566,-29721675.55261513,-4727362.601549036,31688257.35113882
2017-07-01 18:22:06.589748024,0.1278,-0.4276,-0.5316,9921085.713561978,-29722684.82790513,-4727597.004856787,31689369.014784064
2017-07-01 18:22:06.789022028,0.6022,-1.0831,-1.0877,9921499.357115285,-29723689.779125333,-4727830.437106753,31690475.92291652
2017-07-01 18:22:06.989836990,0.6282,0.0513,-0.9994,9921916.224649534,-29724702.499424,-4728065.71475811,31691591.402946275
2017-07-01 18:22:07.189298987,0.3271,0.2044,-0.4892,9922330.296606043,-29725708.388517726,-4728299.426719392,31692699.367249455
2017-07-01 18:22:07.389806985,0.5847,-0.8246,-0.95,9922746.563509122,-29726719.585758027,-4728534.402485598,31693813.186320953
2017-07-01 18:22:07.589873015,0.0447,-0.392,0.0696,9923161.914648702,-29727728.569766015,-4728768.857522689,31694924.565455165
2017-07-01 18:22:07.789004981,0.4112,-0.7838,-1.3699,9923575.342911307,-29728732.8741315,-4729002.272262503,31696030.79849223
2017-07-01 18:22:07.989804029,-0.0824,0.4955,-0.2444,9923992.228967426,-29729745.566298142,-4729237.650945222,31697146.274649832
2017-07-01 18:22:08.189736008,0.4691,-1.1972,-1.8207,9924407.333621949,-29730753.933421075,-4729472.086019326,31698256.996019796
2017-07-01 18:22:08.389842987,0.0967,-0.3495,-0.2251,9924822.805488758,-29731763.197160386,-4729706.7353075445,31699368.705612797
2017-07-01 18:22:08.589793980,0.5599,-0.8333,-1.143,9925237.975874852,-29732771.707481116,-4729941.247381179,31700479.594015855
2017-07-01 18:22:08.789093971,0.4307,0.0759,-0.7686,9925651.811653584,-29733776.931271307,-4730175.026457744,31701586.87298963
2017-07-01 18:22:08.989762008,0.4675,0.0527,-0.7498,9926068.506931845,-29734789.053052023,-4730410.440446244,31702701.76134661
2017-07-01 18:22:09.189846992,0.613,-0.6029,-0.9776,9926484.016017862,-29735798.258188784,-4730645.209562539,31703813.44681927
2017-07-01 18:22:09.390070974,0.1048,-0.4537,-0.2837,9926899.817957278,-29736808.182603788,-4730880.153145153,31704925.924975045
2017-07-01 18:22:09.589827001,0.6069,-0.5114,-1.2527,9927314.672318844,-29737815.7670724,-4731114.597613414,31706035.837602396
2017-07-01 18:22:09.789066970,0.3617,0.202,-0.5068,9927728.469286703,-29738820.740486823,-4731348.456526336,31707142.883138638
2017-07-01 18:22:09.989865005,0.7952,-0.8017,-1.2029,9928145.534228807,-29739833.6051654,-4731584.19272779,31708258.633747518
2017-07-01 18:22:10.189747989,-0.1256,-0.3575,0.1387,9928560.693558032,-29740841.868430503,-4731818.849121012,31709369.31112871
2017-07-01 18:22:10.389536976,1.4227,-1.3433,-1.7489,9928975.714442354,-29741849.71116826,-4732053.464973147,31710479.545019023
2017-07-01 18:22:10.590009987,0.4644,0.4793,-0.5888,9929392.174911035,-29742860.985226918,-4732288.907750679,31711593.571691383
2017-07-01 18:22:10.789018988,1.0626,-0.3431,-1.3898,9929805.636144979,-29743864.88776343,-4732522.6861841995,31712699.497336883
2017-07-01 18:22:10.990001976,0.3846,-0.497,-0.6068,9930223.214071231,-29744878.768169437,-4732758.80799682,31713816.420434922
2017-07-01 18:22:11.189818024,-0.0457,-0.4491,-0.2107,9930638.365647316,-29745886.779751457,-4732993.567260198,31714926.87632726
2017-07-01 18:22:11.389742970,0.5321,-0.3205,-1.0248,9931053.76474541,-29746895.35350136,-4733228.495426564,31716037.962525252
2017-07-01 18:22:11.589745998,0.2058,0.4307,-0.4793,9931469.3343126,-29747904.303927843,-4733463.534518247,31717149.472275313
2017-07-01 18:22:11.789242029,1.1152,-1.0897,-1.3809,9931883.89481659,-29748910.740087453,-4733698.0327563565,31718258.227511942
2017-07-01 18:22:11.989803016,-0.2119,-0.3513,0.2156,9932300.659816913,-29749922.562967233,-4733933.774127904,31719372.911162276
2017-07-01 18:22:12.189752995,0.1755,-1.224,-1.4843,9932716.162161326,-29750931.352269404,-4734168.8566569,31720484.25621601
2017-07-01 18:22:12.389739990,0.1157,0.623,-0.4571,9933131.74605355,-29751940.303408246,-4734404.000987476,31721595.78814709
2017-07-01 18:22:12.589902997,0.9475,-1.4381,-1.6837,9933547.733670123,-29752950.200160176,-4734639.419730456,31722708.374682948
2017-07-01 18:22:12.789104998,-0.0055,-0.2756,0.0207,9933961.723863263,-29753955.259215925,-4734873.7073791195,31723815.629955888
2017-07-01 18:22:12.989771008,0.872,-1.6468,-1.5579,9934378.791735763,-29754967.77113293,-4735109.779625874,31724931.105740126
2017-07-01 18:22:13.189743995,0.3386,0.1806,-0.7564,9934794.432757039,-29755976.77900226,-4735345.066817971,31726042.731413875
2017-07-01 18:22:13.389892995,0.858,-0.1283,-1.2517,9935210.473989999,-29756986.680123705,-4735580.611248692,31727155.358922027
2017-07-01 18:22:13.589735984,0.4035,-0.6673,-0.6543,9935625.895245546,-29757995.063841317,-4735815.821682696,31728266.319589194
2017-07-01 18:22:13.789018988,0.0071,-0.478,0.0311,9936040.15272085,-29759000.64092504,-4736050.371792609,31729374.185243785
2017-07-01 18:22:13.989749014,0.6438,-0.734,-1.4566,9936457.44411845,-29760013.549220525,-4736286.68369407,31730490.14022166
2017-07-01 18:22:14.189842998,0.1013,0.5128,-0.3886,9936873.41732396,-29761023.227438897,-4736522.262365846,31731602.543804247
2017-07-01 18:22:14.389760017,1.1367,-1.1591,-1.5659,9937289.068069136,-29762032.0590139,-4736757.695273666,31732714.030915663
2017-07-01 18:22:14.589740991,-0.1389,-0.3053,0.0926,9937704.846229255,-29763041.225531597,-4736993.199794997,31733825.883091465
2017-07-01 18:22:14.789148986,0.963,-1.4052,-1.5798,9938119.471407574,-29764047.55649386,-4737228.092374868,31734934.62372948
2017-07-01 18:22:14.990252971,0.2065,0.4062,-0.5415,9938537.631376462,-29765062.429999266,-4737465.004645364,31736052.785157125
2017-07-01 18:22:15.189882993,1.9208,-0.8394,-1.7799,9938952.80304945,-29766069.898585826,-4737700.2514339695,31737162.817447614
2017-07-01 18:22:15.389738023,0.3176,-0.4905,-0.3307,9939368.455358423,-29767078.522307042,-4737935.776583955,31738274.125534955
2017-07-01 18:22:15.590291976,0.5481,-0.7955,-0.8347,9939785.583311448,-29768090.705333125,-4738172.158973907,31739389.362292748
2017-07-01 18:22:36.272503972,0.681,-0.5588,-1.2603,9983093.3818911,-29872711.540755257,-4763088.292052964,31854796.473162755
2017-07-01 18:22:36.472970008,0.0889,0.5312,-0.3584,9983513.154041193,-29873725.575552795,-4763329.810528616,31855915.079372954
2017-07-01 18:22:36.672708988,1.6382,-1.1343,-1.7764,9983931.469106618,-29874735.977873337,-4763570.523928748,31857029.70246755
2017-07-01 18:22:36.724499820,0.6466,0.0788,-0.7666,9984039.936826328,-29874997.967469048,-4763632.941179394,31857318.71665775
2017-07-01 18:22:36.871672987,-0.1393,-0.4358,0.158,9984348.16476833,-29875742.46849186,-4763810.307845578,31858140.011119556
2017-07-01 18:22:37.272198975,0.1581,0.7065,-0.4331,9985187.020357337,-29877768.485418525,-4764293.073732939,31860375.04475113
2017-07-01 18:22:37.472522020,1.0674,-1.1997,-1.7396,9985606.616755787,-29878781.845786422,-4764534.598866845,31861492.966220092
2017-07-01 18:22:37.672451972,0.3485,-0.6326,-0.4794,9986025.403712371,-29879793.24292816,-4764775.669219649,31862608.72530232
2017-07-01 18:22:37.725709790,0.7839,-1.0752,-1.6143,9986136.963405283,-29880062.664363448,-4764839.890694642,31862905.94817319
2017-07-01 18:22:37.871698021,0.2625,-0.4306,-0.3624,9986442.772031773,-29880801.20095705,-4765015.939793619,31863720.69543463
2017-07-01 18:22:38.272691011,0.2214,0.3553,-0.3557,9987282.787092293,-29882829.71828663,-4765499.559629866,31865958.56857749
2017-07-01 18:22:38.472451984,1.6059,-0.8407,-1.261,9987701.317906205,-29883840.2896881,-4765740.532787078,31867073.459938876
2017-07-01 18:22:38.672532021,-0.1487,-0.5297,0.16,9988120.511256868,-29884852.496408384,-4765981.884428458,31868190.149460588
2017-07-01 18:22:38.725470180,1.116,-0.1788,-1.0841,9988231.426620234,-29885120.311535563,-4766045.74546941,31868485.610624593
2017-07-01 18:22:38.871644973,1.346,-1.022,-1.5851,9988537.718963834,-29885859.834358707,-4766222.11479501,31869301.48355403
2017-07-01 18:22:39.274124979,1.9189,-0.9838,-1.9958,9989381.380029853,-29887896.207658555,-4766708.056208513,31871548.21731415
2017-07-01 18:22:39.472190976,-0.0342,-0.1982,-0.2869,9989796.556008,-29888898.34299779,-4766947.205977638,31872653.8752747
2017-07-01 18:22:39.672452986,0.7301,-1.0739,-0.9323,9990216.364438683,-29889911.632359903,-4767189.044656787,31873771.84749364
2017-07-01 18:22:39.724509950,0.144,0.507,-0.311,9990325.491629163,-29890175.02975963,-4767251.910080901,31874062.45699678
2017-07-01 18:22:39.871671020,0.753,0.0442,-0.8718,9990634.00218739,-29890919.633178104,-4767429.64472397,31874883.99508566
2017-07-01 18:22:40.272288024,0.7498,-0.4494,-1.2209,9991473.981705515,-29892946.741331205,-4767913.688200951,31877120.60624824
2017-07-01 18:22:40.472536027,-0.1859,-0.3337,-0.1028,9991893.837160988,-29893960.002666038,-4768155.640964033,31878238.585444927
2017-07-01 18:22:40.672447025,0.306,-0.7272,-1.5863,9992312.998254815,-29894971.587806847,-4768397.249931123,31879354.7240847
2017-07-01 18:22:40.725010030,0.2778,0.3324,-0.3979,9992423.209900636,-29895237.56502547,-4768460.777767228,31879648.192289945
2017-07-01 18:22:40.871663987,-0.0111,0.6587,-0.3314,9992730.706806848,-29895979.64335466,-4768638.031392467,31880466.97413762
2017-07-01 18:22:41.272441029,0.1694,-0.509,-0.4934,9993571.063885402,-29898007.682377513,-4769122.510690095,31882704.645409297
2017-07-01 18:22:41.472694993,0.7021,-0.6566,-1.0023,9993990.98843832,-29899021.047325276,-4769364.627873573,31883822.76984675
2017-07-01 18:22:41.672555029,0.8041,-0.2495,-1.3605,9994410.119058974,-29900032.428806238,-4769606.323122009,31884938.72268188
2017-07-01 18:22:41.726169940,1.4199,-0.5616,-2.0725,9994522.560080798,-29900303.745933056,-4769671.166800436,31885238.09449178
2017-07-01 18:22:41.871930003,0.0197,0.5913,-0.1867,9994828.248042589,-29901041.34909623,-4769847.457894587,31886051.970098402
2017-07-01 18:22:42.272327005,-0.0903,-0.2844,0.0978,9995667.946042204,-29903067.56076876,-4770331.706726136,31888287.69036734
2017-07-01 18:22:42.472449004,1.1344,-1.3144,-1.8832,9996087.680036182,-29904080.33210631,-4770573.814038657,31889405.198768288
2017-07-01 18:22:42.672433972,0.6926,0.5542,-0.3931,9996507.154322466,-29905092.387796868,-4770815.771292903,31890521.93258529
2017-07-01 18:22:42.725200170,0.5841,-0.8627,-1.1601,9996617.834583595,-29905359.421923738,-4770879.615143124,31890816.58702621
2017-07-01 18:22:42.871659994,1.8647,-0.7078,-1.8,9996925.082836447,-29906100.62697236,-4771056.861121984,31891634.473549645
2017-07-01 18:22:43.272504985,0.2133,-0.4875,-0.261,9997766.022961231,-29908129.30483849,-4771542.006487384,31893873.03361714
2017-07-01 18:22:43.472463011,0.9875,0.1854,-1.0515,9998185.558087885,-29909141.285676945,-4771784.059061899,31894989.732038785
2017-07-01 18:22:43.672658979,0.3322,0.3514,-0.3178,9998605.605758501,-29910154.456648294,-4772026.412406155,31896107.75252625
2017-07-01 18:22:43.716890090,0.2737,-0.5157,-0.6494,9998698.411235692,-29910378.306709427,-4772079.958999142,31896354.768286645
2017-07-01 18:22:43.871663987,0.9489,-0.5485,-1.3496,9999023.179717747,-29911161.61797355,-4772267.362043174,31897219.15245731
2017-07-01 18:22:44.272449970,1.0279,-0.8354,-1.76,9999864.330665803,-29913190.131502975,-4772752.923694439,31899457.690465573
2017-07-01 18:22:44.472506999,0.3554,0.3244,-0.5962,10000284.215261497,-29914202.674864348,-4772995.3213551985,31900575.079401754
2017-07-01 18:22:44.672452986,1.4103,-0.5488,-1.9364,10000703.923181053,-29915214.67815192,-4773237.661886886,31901691.89832885
2017-07-01 18:22:44.724449750,-0.2075,-0.5233,0.2625,10000813.069364969,-29915477.85512181,-4773300.682814281,31901982.332720637
2017-07-01 18:22:44.871666014,0.4008,-0.4698,-0.7892,10001122.099078627,-29916222.98725539,-4773479.128435236,31902804.64243659
2017-07-01 18:22:45.272428989,0.4525,-0.5684,-1.669,10001963.435240822,-29918251.53221413,-4773965.174329437,31905043.344124105
2017-07-01 18:22:45.471867978,0.0343,0.5552,-0.3512,10002382.126065152,-29919261.01195818,-4774207.068182344,31906157.412439857
2017-07-01 18:22:45.672535002,1.3517,-0.2807,-1.8403,10002803.44938528,-29920276.71882325,-4774450.525587652,31907278.37969379
2017-07-01 18:22:45.724859830,0.1414,-0.4384,-0.0807,10002913.311720926,-29920541.570151646,-4774514.008420761,31907570.678282335
2017-07-01 18:22:45.871665000,0.024,-0.3661,-0.3006,10003221.547534443,-29921284.658253875,-4774692.125529733,31908390.77457388
2017-07-01 18:22:46.272436976,0.8788,0.1308,-1.2029,10004063.15956889,-29923313.2366947,-4775178.570997541,31910629.657637686
2017-07-01 18:22:46.472643017,0.1143,0.3458,-0.3605,10004483.592282932,-29924326.601220943,-4775421.589766691,31911748.085067473
2017-07-01 18:22:46.672704994,1.1507,-0.616,-1.1707,10004903.768519085,-29925339.261206944,-4775664.480521742,31912865.75264243
2017-07-01 18:22:46.726550220,0.7803,-0.4756,-0.9084,10005016.858159311,-29925611.812655713,-4775729.85543558,31913166.56720091
2017-07-01 18:23:14.739818990,-0.1272,-0.4755,0.0392,10063752.533108538,-30067781.31690604,-4809710.744453319,32069984.499750573
2017-07-01 18:23:14.939849972,0.1559,-0.4455,-0.0314,10064171.946122415,-30068796.5074263,-4809953.388960493,32071104.31478938
2017-07-01 18:23:15.139766991,0.384,-0.6082,-1.5035,10064591.135532739,-30069811.143873185,-4810195.9553167075,32072223.528813675
2017-07-01 18:23:15.339825987,0.0369,0.5568,-0.3349,10065010.624119725,-30070826.478609093,-4810438.707342518,32073343.519617032
2017-07-01 18:23:15.539000988,1.0004,-1.1685,-1.8916,10065428.298810963,-30071837.37326945,-4810680.46176791,32074458.62907284
2017-07-01 18:23:15.739867985,-0.0656,-0.3065,0.0519,10065849.51901106,-30072856.867868632,-4810924.2678084085,32075583.222215563
2017-07-01 18:23:15.939760029,1.1413,-1.1723,-1.6797,10066268.740327217,-30073871.46096362,-4811166.95759712,32076702.425544392
2017-07-01 18:23:16.139747023,0.3499,0.4259,-0.5152,10066688.17477036,-30074886.51896304,-4811409.783270353,32077822.152370565
2017-07-01 18:23:16.339767992,1.3186,-0.5755,-1.5031,10067107.733224627,-30075901.772431474,-4811652.710332889,32078942.11694257
2017-07-01 18:23:16.539004027,0.448,-0.36,-0.3916,10067525.663006395,-30076913.056072995,-4811894.699631381,32080057.70814958
2017-07-01 18:23:16.739744007,0.5655,-0.8143,-0.8397,10067946.770343546,-30077932.006262396,-4812138.549437417,32081181.763812825
2017-07-01 18:23:16.939758002,0.9608,0.3291,-0.5966,10068366.393164799,-30078947.25820761,-4812381.541217203,32082301.757936474
2017-07-01 18:23:17.139822006,0.7751,0.2422,-0.8983,10068786.151927145,-30079962.754299536,-4812624.629706619,32083422.03848813
2017-07-01 18:23:17.339765012,0.552,-0.7018,-0.9881,10069205.678888299,-30080977.66427903,-4812867.610678456,32084541.681010935
2017-07-01 18:23:17.540098011,-0.0015,-0.408,0.1269,10069626.024085332,-30081994.570235975,-4813111.060496825,32085663.522347797
2017-07-01 18:23:17.739740014,0.651,-1.6253,-1.2073,10070044.945359005,-30083008.0334227,-4813353.718718334,32086781.570640966
2017-07-01 18:23:17.939846992,0.2081,0.6267,-0.521,10070464.850651644,-30084023.83191491,-4813596.962963807,32087902.2054931
2017-07-01 18:23:18.139886975,0.9221,-1.4251,-1.3507,10070884.652260453,-30085039.34734872,-4813840.179821704,32089022.5386739
2017-07-01 18:23:18.339743018,-0.0915,-0.3186,0.1416,10071304.06420016,-30086053.941725325,-4814083.167381916,32090141.851983927
2017-07-01 18:23:18.539215028,1.0888,-1.1723,-1.4596,10071722.713542003,-30087066.633154772,-4814325.7461059885,32091259.080877338
2017-07-01 18:23:18.739736020,0.5163,0.257,-0.7825,10072143.585233789,-30088084.63978514,-4814569.631964628,32092382.186953288
2017-07-01 18:23:18.939742028,1.556,-1.1523,-1.6797,10072563.438274067,-30089100.07803525,-4814812.958660359,32093502.48182582
2017-07-01 18:23:19.139930009,0.5255,-0.6293,-0.6852,10072983.694371989,-30090116.46538867,-4815056.534203429,32094623.83071834
2017-07-01 18:23:19.340011000,0.0723,-0.6152,-0.1198,10073403.728759361,-30091132.334164172,-4815299.984363999,32095744.60538623
2017-07-01 18:23:19.538993000,0.6721,-0.2198,-1.0076,10073821.482621979,-30092142.6317488,-4815542.137213151,32096859.246794302
2017-07-01 18:23:19.740105986,0.3278,0.202,-0.4693,10074243.723653305,-30093163.740885675,-4815786.902365478,32097985.82509998
2017-07-01 18:23:19.939800977,0.7134,-0.7386,-1.2554,10074663.01602272,-30094177.679903377,-4816029.991805764,32099104.5046117
2017-07-01 18:23:20.139752984,0.1621,-0.5357,-0.0442,10075082.854520246,-30095192.945321705,-4816273.395879716,32100224.64665081
2017-07-01 18:23:20.339860022,0.5053,-0.7543,-1.5869,10075503.038769437,-30096209.0281213,-4816517.0522188,32101345.701744914
2017-07-01 18:23:20.539002001,0.2117,0.3344,-0.6408,10075921.204985693,-30097220.19738274,-4816759.558885608,32102461.344684146
2017-07-01 18:23:20.739790022,1.0651,0.1049,-1.5787,10076342.870566536,-30098239.720407084,-4817004.13367924,32103586.228584968
2017-07-01 18:23:20.939752995,0.2918,-0.4156,-0.5143,10076762.81517014,-30099255.070778277,-4817247.724067221,32104706.51297093
2017-07-01 18:23:21.139771997,0.1226,-0.5559,-0.3092,10077182.88234584,-30100270.727887698,-4817491.395078818,32105827.135864846
2017-07-01 18:23:21.339819014,0.688,-0.0544,-1.0769,10077603.035889803,-30101286.529428795,-4817735.143315645,32106947.933226
2017-07-01 18:23:21.539084970,0.3206,0.1322,-0.4765,10078021.56172171,-30102298.359638166,-4817977.958785339,32108064.35683322
2017-07-01 18:23:21.739742994,0.6572,-0.5933,-1.0126,10078443.037828011,-30103317.28236165,-4818222.511330033,32109188.616935883
2017-07-01 18:23:21.939857006,0.0673,-0.4919,0.0142,10078863.373948641,-30104333.462341394,-4818466.400289887,32110309.848603047
2017-07-01 18:23:22.139989018,0.612,-0.8044,-1.5525,10079283.772390295,-30105349.76594372,-4818710.373369248,32111431.22871658
2017-07-01 18:23:22.340342998,0.1906,0.3611,-0.5569,10079704.644750202,-30106367.18224125,-4818954.639396006,32112553.8450913
2017-07-01 18:23:22.539267003,1.4271,-1.0186,-1.703,10080122.569713322,-30107377.37729842,-4819197.22942583,32113668.51506707
2017-07-01 18:23:22.740015983,0.1957,-0.539,-0.341,10080544.336703813,-30108396.86184133,-4819442.058775254,32114793.436550077
2017-07-01 18:23:22.939751982,0.565,-0.7847,-0.8726,10080963.997994984,-30109411.23336206,-4819685.687525686,32115912.723681394
2017-07-01 18:23:23.139752984,0.5832,0.0107,-0.9609,10081384.239406863,-30110426.950288776,-4819929.677950928,32117033.508897267
2017-07-01 18:23:23.339944005,1.012,0.0384,-1.3969,10081804.920643369,-30111443.630699296,-4820173.956171878,32118155.379013404
2017-07-01 18:23:23.539008021,0.405,-0.4695,-0.7387,10082223.249641277,-30112454.606161512,-4820416.888464489,32119270.960629515
2017-07-01 18:23:23.739929020,0.1792,-0.5697,-0.1111,10082645.48828552,-30113475.03557945,-4820662.091453499,32120396.973899435
2017-07-01 18:23:23.939751982,0.4197,-0.6194,-1.4461,10083065.436146002,-30114489.91306378,-4820906.012145249,32121516.870962996
2017-07-01 18:23:24.139739990,0.0712,0.3751,-0.3682,10083485.733714754,-30115505.61379526,-4821150.1490322435,32122637.682420734
2017-07-01 18:23:24.339901983,1.2405,-0.929,-1.7992,10083906.446633207,-30116522.235383406,-4821394.570397385,32123759.53063793
2017-07-01 18:23:24.538984000,0.1128,-0.4564,-0.1151,10084324.89406165,-30117533.389868584,-4821637.6775464825,32124875.34532043
2017-07-01 18:23:24.739853978,1.1444,-1.2777,-1.6767,10084747.145752914,-30118553.67711324,-4821883.035700233,32126001.254511844
2017-07-01 18:23:24.939742028,0.5271,0.3159,-0.7966,10085167.354379507,-30119568.964188255,-4822127.226279385,32127121.65975594
2017-07-01 18:23:25.139723002,0.7706,0.0839,-1.1975,10085587.789170912,-30120584.719894785,-4822371.578268794,32128242.599935766
2017-07-01 18:23:25.339914023,0.4183,-0.5313,-0.7621,10086008.682323636,-30121601.563777618,-4822616.217451889,32129364.7476527
2017-07-01 18:24:40.573033988,0.144,-0.4491,-0.2144,10244998.177587442,-30506280.188243046,-4915766.761768707,32553922.67359604
2017-07-01 18:24:40.772876024,1.3356,-1.6627,-1.5973,10245420.555356152,-30507302.078007266,-4916014.26172144,32555050.585989717
2017-07-01 18:24:40.972760021,-0.1384,-0.3646,0.2241,10245843.016282296,-30508324.196905624,-4916261.804688341,32556178.746131055
2017-07-01 18:24:41.173018991,0.934,-1.4846,-1.5168,10246266.30718213,-30509348.292788964,-4916509.872863458,32557309.09977611
2017-07-01 18:24:41.373003005,0.4837,0.2233,-0.6077,10246689.036247548,-30510370.97365586,-4916757.624744546,32558437.90319403
2017-07-01 18:24:41.572849988,1.8064,-0.4203,-1.6287,10247111.547800358,-30511392.970558126,-4917005.271911976,32559565.981764827
2017-07-01 18:24:41.772933006,0.3172,-0.5003,-0.4812,10247534.57107107,-30512416.1945477,-4917253.230834165,32560695.418721367
2017-07-01 18:24:41.972701013,0.2264,-0.6932,-0.4928,10247956.937368318,-30513437.83523562,-4917500.819035755,32561823.10958896
2017-07-01 18:24:42.172900974,1.0747,-0.1968,-0.9924,10248380.260012994,-30514461.692882646,-4917748.982367324,32562953.2661551
2017-07-01 18:24:42.372169971,0.4346,0.2397,-0.4444,10248801.631392248,-30515480.779898763,-4917996.009343325,32564078.166837703
2017-07-01 18:24:42.572758018,0.7103,-0.909,-0.9823,10249225.820595143,-30516506.649278615,-4918244.7110239975,32565210.56333792
2017-07-01 18:24:42.772746980,-0.112,-0.5047,0.2588,10249648.738416579,-30517529.474938054,-4918492.6595705375,32566339.59407914
2017-07-01 18:24:42.972736001,1.5887,-1.1418,-1.7516,10250071.719903806,-30518552.34656623,-4918740.678246534,32567468.698888958
2017-07-01 18:24:43.172815978,0.1346,0.6898,-0.2275,10250494.89915342,-30519575.65578743,-4918988.818829936,32568598.29477893
2017-07-01 18:24:43.372093975,1.6025,-1.1478,-1.5023,10250916.44581289,-30520594.908862315,-4919236.024451064,32569723.4350273
2017-07-01 18:24:43.572999000,-0.2916,-0.5423,0.2999,10251341.422468476,-30521622.505634274,-4919485.236305948,32570857.776955936
2017-07-01 18:24:43.772795975,1.8394,-1.3158,-1.6182,10251764.128680153,-30522644.487434547,-4919733.138281183,32571985.94510801
2017-07-01 18:24:43.972702980,0.371,0.503,-0.5227,10252187.082506163,-30523667.011948142,-4919981.197666838,32573114.723900642
2017-07-01 18:24:44.172457993,1.5455,-0.33,-1.3915,10252609.7764233,-30524688.7721902,-4920229.12397331,32574242.684966296
2017-07-01 18:24:44.372058987,0.3261,-0.5204,-0.1599,10253032.157418747,-30525709.7653478,-4920476.865489318,32575369.801172305
2017-07-01 18:24:44.572745025,0.8212,-1.1629,-1.0005,10253456.867578523,-30526736.355526354,-4920725.994039362,32576503.1052064
2017-07-01 18:24:44.772711992,0.2489,0.5507,-0.459,10253880.065927155,-30527759.245345455,-4920974.248299701,32577632.33417404
2017-07-01 18:24:44.972842991,2.2765,-0.5189,-1.783,10254303.702602807,-30528782.995019652,-4921222.777615348,32578762.54876994
2017-07-01 18:24:45.172702014,0.3051,-0.4127,-0.2726,10254726.77574731,-30529805.36991315,-4921470.980070806,32579891.2487087
2017-07-01 18:24:45.371949970,0.5861,-1.1539,-0.7747,10255148.578617852,-30530824.664714992,-4921718.454405089,32581016.552918185
2017-07-01 18:24:45.572778999,0.4639,-0.0164,-0.8,10255573.747289997,-30531852.048489563,-4921967.924764317,32582150.79839526
2017-07-01 18:24:45.772705018,0.3636,0.1113,-0.6963,10255997.018761983,-30532874.80827498,-4922216.301233497,32583279.948813874
2017-07-01 18:24:45.972747981,0.3746,-0.6808,-0.7078,10256420.552811285,-30533898.193553496,-4922464.851311273,32584409.79460598
2017-07-01 18:24:46.172903001,0.0645,-0.599,0.0502,10256844.3266934,-30534922.176093444,-4922713.538606906,32585540.29666057
2017-07-01 18:24:46.371946990,0.65,-0.5447,-1.5146,10257265.77402122,-30535940.49623752,-4922960.905482229,32586664.561221544
2017-07-01 18:24:46.572715997,-0.0542,0.6129,-0.1906,10257690.871644523,-30536967.61696496,-4923210.4238493815,32587798.546929877
2017-07-01 18:24:46.772875010,1.6187,-0.7581,-1.5982,10258114.742549954,-30537991.647376385,-4923459.248137648,32588929.146178197
2017-07-01 18:24:46.972956001,-0.2672,-0.5397,0.3314,10258538.437533813,-30539015.30022616,-4923707.962167448,32590059.319960088
2017-07-01 18:24:47.172703027,2.0582,-1.123,-1.8106,10258961.507427447,-30540037.289253168,-4923956.333297359,32591187.68642946
2017-07-01 18:24:47.372133016,0.1608,0.6988,-0.4648,10259383.912223069,-30541057.628393866,-4924204.328700626,32592314.24109142
2017-07-01 18:24:47.572713971,2.6431,-1.0313,-2.1984,10259808.86117349,-30542083.89768787,-4924453.843802033,32593447.383499578
2017-07-01 18:24:47.772818028,0.0706,-0.4151,-0.0773,10260232.802599173,-30543107.74356206,-4924702.7687556315,32594577.84906812
2017-07-01 18:24:47.972706973,1.726,-0.9781,-1.5613,10260656.357250877,-30544130.52788179,-4924951.488497396,32595707.1675079
2017-07-01 18:24:48.172715008,0.5768,0.5932,-0.6458,10261080.187322173,-30545153.897826895,-4925200.382255688,32596837.148072463
2017-07-01 18:24:48.371922016,1.3729,0.0874,-1.4108,10261502.374446396,-30546173.165733542,-4925448.335186311,32597962.62581971
2017-07-01 18:24:48.572767972,0.4337,-0.5719,-0.4156,10261928.052551633,-30547200.842595305,-4925698.344880173,32599097.393307637
2017-07-01 18:24:48.772783994,0.4061,-1.0404,-0.4487,10262351.987919923,-30548224.314521898,-4925947.339436919,32600227.51891797
2017-07-01 18:24:48.972697019,0.6644,0.0713,-1.0172,10262775.731538236,-30549247.2565685,-4926196.246428095,32601357.074777275
2017-07-01 18:24:49.172758996,0.3101,0.1634,-0.5269,10263199.803292835,-30550270.95425282,-4926445.359964956,32602487.473585416
2017-07-01 18:24:49.371930003,0.6435,-1.0866,-1.0541,10263622.011983683,-30551290.136034716,-4926693.4058973575,32603612.893309243
2017-07-01 18:24:49.572809994,-0.0545,-0.4718,0.2569,10264047.841230989,-30552318.08192987,-4926943.569817736,32604747.985633407
2017-07-01 18:24:49.772783994,0.5042,-1.0686,-1.6475,10264471.770103998,-30553341.434408113,-4927192.671354003,32605878.015281633
2017-07-01 18:24:49.972694993,-0.1015,0.6013,-0.2527,10264895.561363544,-30554364.4404527,-4927441.704510845,32607007.66701928
2017-07-01 18:24:50.172694981,2.0,-1.1169,-1.8463,10265319.621270832,-30555387.94655735,-4927690.922375067,32608137.900191847
2017-07-01 18:24:50.372054994,-0.2126,-0.5104,0.2964,10265742.315789679,-30556408.19785576,-4927939.330992984,32609264.531696036
2017-07-01 18:24:50.572839975,1.4073,-1.3096,-1.9874,10266168.08834205,-30557435.794412848,-4928189.595285466,32610399.295850947
2017-07-01 18:24:50.772692978,0.334,0.6191,-0.5608,10266591.897938307,-30558458.596476283,-4928438.720332257,32611528.777587812
2017-07-01 18:24:50.972705006,1.4304,0.031,-1.3528,10267016.101986911,-30559482.211153228,-4928688.0977288075,32612659.183466513
2017-07-01 18:24:51.173147022,0.3949,-0.6465,-0.3547,10267441.233859818,-30560508.052382402,-4928938.025490338,32613792.051364083
2017-07-01 18:25:40.640259981,0.3052,-0.8066,-0.455,10373106.410756934,-30815649.298143283,-4991731.115304983,32895637.367325004
2017-07-01 18:25:41.640255987,1.0484,-1.4416,-1.5354,10375243.519827055,-30820808.514492914,-4993002.036255428,32901337.12961835
2017-07-01 18:25:41.840461015,-0.1282,-0.3011,0.136,10375671.376378637,-30821841.43174078,-4993256.476584994,32902478.26524521
2017-07-01 18:25:42.240101993,0.6433,0.3939,-0.4082,10376525.548634725,-30823903.235423595,-4993764.445018631,32904756.1373817
2017-07-01 18:25:42.405780070,1.379,-1.9564,-1.3104,10376879.69836413,-30824758.045489408,-4993975.068084752,32905700.53680574
2017-07-01 18:25:42.439988017,2.2385,-1.9995,-1.776,10376952.823121365,-30824934.54249859,-4994018.5580089055,32905895.532569032
2017-07-01 18:25:42.640254974,0.1901,-0.6836,-0.0207,10377380.932222012,-30825967.853758942,-4994273.166190164,32907037.14392944
2017-07-01 18:25:42.840381026,0.3538,-0.9168,-0.645,10377808.754280994,-30827000.474714343,-4994527.621065238,32908177.995234758
2017-07-01 18:25:43.239440977,0.4702,0.1313,-0.659,10378661.92473725,-30829059.544381857,-4995035.11997,32910452.922874924
2017-07-01 18:25:43.407519930,0.6786,-0.0805,-0.8673,10379021.288404195,-30829926.800493456,-4995248.896526606,32911411.105681606
2017-07-01 18:25:43.439553022,0.5896,-0.8951,-0.8808,10379089.777830662,-30830092.086204078,-4995289.639736232,32911593.72082957
2017-07-01 18:25:43.640389978,0.0418,-0.5082,0.093,10379519.185704827,-30831128.393770702,-4995545.08251511,32912738.677160088
2017-07-01 18:25:43.840242028,0.8247,-0.654,-1.3143,10379946.520698637,-30832159.64539824,-4995799.325094854,32913878.061822277
2017-07-01 18:25:44.240442991,1.3658,-1.1302,-1.7722,10380802.471854553,-30834224.89351756,-4996308.726177572,32916159.94661221
2017-07-01 18:25:44.402470230,-0.0141,0.56,-0.2766,10381149.015884163,-30835061.024856497,-4996514.97195077,32917083.788840488
2017-07-01 18:25:44.439643025,-0.079,-0.4275,0.0053,10381228.520988138,-30835252.8533093,-4996562.289492607,32917295.740161836
2017-07-01 18:25:44.640259027,1.4344,-1.1765,-1.6909,10381657.65584558,-30836288.17006219,-4996817.723225756,32918439.682789303
2017-07-01 18:25:44.840260028,0.5576,0.3589,-0.5911,10382085.49746729,-30837320.29863017,-4997072.39755493,32919580.116147205
2017-07-01 18:25:45.240311980,0.352,-0.5344,-0.466,10382941.343898252,-30839384.899065163,-4997581.884397244,32921861.378038384
2017-07-01 18:25:45.403090110,1.304,0.0764,-1.3797,10383289.61592489,-30840224.967427485,-4997789.227318446,32922789.62133087
2017-07-01 18:25:45.439572989,0.2383,-0.568,-0.4758,10383367.673203446,-30840413.249695353,-4997835.6989777,32922997.666113075
2017-07-01 18:25:45.640259027,0.8062,-0.0705,-0.9741,10383797.0853273,-30841448.960883416,-4998091.370808394,32924142.10373564
2017-07-01 18:25:45.840360999,0.2994,0.1623,-0.4507,10384225.2597011,-30842481.651293952,-4998346.3165917415,32925283.211465392
2017-07-01 18:25:46.240303993,0.0534,-0.3244,-0.0825,10385081.058614444,-30844545.737288058,-4998855.888883677,32927563.993278857
2017-07-01 18:25:46.403519860,0.7509,-0.8842,-1.0481,10385430.32829535,-30845388.109852728,-4999063.872149778,32928494.808435354
2017-07-01 18:25:46.439687013,0.8893,-1.4529,-1.4553,10385507.724446118,-30845574.773858983,-4999109.961255245,32928701.071086556
2017-07-01 18:25:46.640358984,0.4624,-0.0333,-0.7479,10385937.172447536,-30846610.472813472,-4999365.714891565,32929845.52291047
2017-07-01 18:25:46.840395987,0.424,-0.0813,-0.7249,10386365.27855212,-30847642.897853505,-4999620.6882767305,32930986.366637267
2017-07-01 18:25:47.240254998,0.0263,-0.223,-0.0757,10387221.034848094,-30849706.67396261,-5000130.373111211,32933266.86565475
2017-07-01 18:25:47.402600160,0.7337,-0.7856,-1.1903,10387568.496385531,-30850544.600173406,-5000337.339589191,32934192.792659722
2017-07-01 18:25:47.439962029,0.9177,-1.0655,-1.5717,10387648.46193703,-30850737.44072619,-5000384.972734027,32934405.88626052
2017-07-01 18:25:47.640363991,0.3144,0.346,-0.5932,10388077.394578662,-30851771.786892395,-5000640.491690287,32935548.874633595
2017-07-01 18:25:47.840304017,1.5546,-0.9142,-1.5576,10388505.40065698,-30852803.785387844,-5000895.483929909,32936689.292038936
2017-07-01 18:25:48.240410983,0.139,-0.4239,-0.2834,10389361.920814028,-30854869.021464765,-5001405.803170732,32938971.499750815
2017-07-01 18:25:48.403130050,0.3408,-0.4593,-0.373,10389710.267089006,-30855708.942240644,-5001613.354224062,32939899.664502267
2017-07-01 18:25:48.439670979,0.4738,-0.4969,-1.2107,10389788.4939353,-30855897.55930909,-5001659.964443078,32940108.098474722
2017-07-01 18:25:48.640416026,0.3324,-0.0765,-0.6094,10390218.262467206,-30856933.768731143,-5001916.051746648,32941253.184089523
2017-07-01 18:25:48.840632021,0.9844,-0.8528,-1.0706,10390646.937830014,-30857967.28146871,-5002171.507063437,32942395.303270023
2017-07-01 18:25:49.240243971,0.6399,-0.6906,-0.8142,10391502.63498253,-30860030.18418821,-5002681.501428454,32944675.020200014
2017-07-01 18:25:49.402380220,0.2569,-0.4941,-0.4889,10391849.82736589,-30860867.187434845,-5002888.436454498,32945599.996093974
2017-07-01 18:25:49.439531028,0.2892,-0.5389,-0.7421,10391929.38108919,-30861058.973464783,-5002935.853176754,32945811.939853862
2017-07-01 18:25:49.640293002,0.5916,-0.6111,-0.8012,10392359.311129391,-30862095.404677887,-5003192.124169814,32946957.313998096
2017-07-01 18:25:49.840406000,0.69,-0.437,-0.7124,10392787.879024269,-30863128.503060155,-5003447.595278608,32948099.01547428
2017-07-01 18:25:50.240256011,0.5946,-0.5215,-0.5471,10393644.304658132,-30865192.84215133,-5003958.144971228,32950380.395855308
2017-07-01 18:25:50.406050080,0.7852,-0.3593,-0.7262,10393999.435124103,-30866048.810933005,-5004169.859589867,32951326.368446633
2017-07-01 18:25:50.439544022,0.2446,-1.2128,-0.3437,10394071.179335436,-30866221.736264262,-5004212.630848975,32951517.476560503
2017-07-01 18:25:50.666172027,0.397,-0.7926,-0.253,10394556.638181303,-30867391.831032816,-5004502.04438973,32952810.60648957
2017-07-01 18:25:50.840285003,0.1948,-0.781,-0.2189,10394929.610721542,-30868290.811051022,-5004724.400654945,32953804.113242883
2017-07-01 18:25:51.240261971,0.2212,-0.7755,-0.1308,10395786.448567385,-30870356.095969394,-5005235.2243180415,32956086.555095192
2017-07-01 18:25:51.403180120,0.2457,-1.3685,-0.1178,10396135.461274205,-30871197.3617207,-5005443.295539431,32957016.273630336
2017-07-01 18:26:12.406114995,0.568,-0.9127,-0.2887,10441379.72439552,-30980053.51369215,-5032394.585732434,33077350.58203357
2017-07-01 18:26:12.606110990,0.1071,-0.3723,-0.2094,10441810.557583729,-30981090.088214625,-5032651.232055641,33078496.47728942
2017-07-01 18:26:12.806111991,0.5245,-0.919,-0.9561,10442241.42253612,-30982126.725443445,-5032907.923047217,33079642.44848843
2017-07-01 18:26:13.205458998,0.3082,0.292,-0.4551,10443101.790527144,-30984196.558389485,-5033420.536956448,33081930.62198881
2017-07-01 18:26:13.406098008,0.6806,-0.9451,-1.0934,10443534.082043882,-30985236.517170742,-5033678.127280364,33083080.29245288
2017-07-01 18:26:13.606145024,0.0179,-0.3683,0.0922,10443965.098782307,-30986273.42224796,-5033934.953883252,33084226.5846252
2017-07-01 18:26:13.619602200,0.6859,-0.0517,-1.0028,10443994.093431028,-30986343.17493046,-5033952.230807421,33084303.695865095
2017-07-01 18:26:13.806132972,0.1941,-1.1087,-1.7021,10444395.996853571,-30987310.059872553,-5034191.766574013,33085372.58711788
2017-07-01 18:26:14.205308973,1.4198,-0.2227,-1.7829,10445256.296731716,-30989379.229905903,-5034704.657395681,33087660.16427482
2017-07-01 18:26:14.406090021,0.2883,-0.5466,-0.556,10445689.029536337,-30990420.02124263,-5034962.658136143,33088810.81821523
2017-07-01 18:26:14.606339991,0.8375,-0.7183,-1.363,10446120.651320342,-30991458.088427268,-5035220.031105432,33089958.474895835
2017-07-01 18:26:14.631397900,0.1149,0.5895,-0.3443,10446174.66158478,-30991587.984671082,-5035252.237211304,33090102.084525008
2017-07-01 18:26:14.806116998,0.7832,0.13,-0.9068,10446551.278156566,-30992493.696919896,-5035476.825600253,33091103.42708341
2017-07-01 18:26:15.205377995,0.5608,-0.5758,-0.8611,10447411.99646945,-30994563.485607535,-5035990.183145863,33093391.79068944
2017-07-01 18:26:15.406111001,0.0032,-0.3369,0.0894,10447844.732516905,-30995604.108979538,-5036248.27588674,33094542.304309674
2017-07-01 18:26:15.606106996,1.0374,-0.7951,-1.3095,10448275.921225686,-30996640.943403073,-5036505.473392603,33095688.6449554
2017-07-01 18:26:15.623297600,0.3146,0.322,-0.4503,10448312.984032545,-30996730.064142503,-5036527.580870739,33095787.178347796
2017-07-01 18:26:15.806141018,-0.0096,0.5934,-0.4092,10448707.192681044,-30997677.954023425,-5036762.735030401,33096835.18689854
2017-07-01 18:26:16.205407023,0.2034,-0.3718,-0.1396,10449568.038767725,-30999747.872903652,-5037276.251633461,33099123.740904395
2017-07-01 18:26:16.406454980,0.1213,-0.6688,-0.3853,10450001.517457232,-31000790.1949401,-5037534.84535489,33100276.158118647
2017-07-01 18:26:16.606109023,0.7125,-0.0987,-0.9668,10450432.01913587,-31001825.294240706,-5037791.6847219765,33101420.6042559
2017-07-01 18:26:16.614202000,1.456,-1.0656,-1.7021,10450449.469617568,-31001867.25206255,-5037802.095817675,33101466.99450288
2017-07-01 18:26:16.806531012,0.3472,0.2136,-0.4326,10450864.191893758,-31002864.368757352,-5038049.530754637,33102569.454640653
2017-07-01 18:26:17.205352008,0.0125,-0.4446,0.1205,10451724.178288568,-31004932.09983024,-5038562.602395271,33104855.6243999
2017-07-01 18:26:17.406755983,1.2884,-1.1998,-1.6422,10452158.522325912,-31005976.34943438,-5038821.769379393,33106010.209342442
2017-07-01 18:26:17.606176018,0.1977,0.3979,-0.3141,10452588.595697643,-31007010.29678137,-5039078.395917323,33107153.410944514
2017-07-01 18:26:17.610798500,0.7811,-0.8372,-1.1877,10452598.564654613,-31007034.263312954,-5039084.344450094,33107179.909961604
2017-07-01 18:26:17.805921018,1.7136,-1.2441,-1.8085,10453019.435858361,-31008045.97713705,-5039335.510592412,33108298.55240217
2017-07-01 18:26:18.205559015,1.2246,-0.9844,-1.231,10453881.634075886,-31010118.264678847,-5039850.130313708,33110589.927463703
2017-07-01 18:26:18.406107008,0.7755,0.126,-0.7799,10454314.337142631,-31011158.18351869,-5040108.410278472,33111739.805246778
2017-07-01 18:26:18.606629014,0.395,0.2384,-0.4872,10454747.000022316,-31012197.958020054,-5040366.676365191,33112889.5334447
2017-07-01 18:26:18.655102700,0.2103,-0.5049,-0.2676,10454851.591354102,-31012449.311682362,-5040429.109588984,33113167.46727349
2017-07-01 18:26:18.806191980,0.5979,-0.6675,-0.9255,10455177.609281098,-31013232.779696114,-5040623.730954245,33114033.790619493
2017-07-01 18:26:19.205533981,0.3857,-0.7783,-1.4357,10456039.364295745,-31015303.677362233,-5041138.360968824,33116323.72956172
2017-07-01 18:26:19.406112015,-0.0001,0.6001,-0.2829,10456472.199120503,-31016343.805723764,-5041396.856247096,33117473.879932586
2017-07-01 18:26:19.606112003,1.0821,-1.057,-1.9203,10456903.82984222,-31017380.978818517,-5041654.683379606,33118620.781037744
2017-07-01 18:26:19.624698400,0.1586,-0.5305,-0.0194,10456943.94219917,-31017477.365562048,-5041678.643774956,33118727.365050524
2017-07-01 18:26:19.806132972,0.0299,-0.3385,-0.2254,10457335.507418046,-31018418.273833055,-5041912.545051427,33119767.81677543
2017-07-01 18:26:20.205330014,0.8331,0.2044,-0.8448,10458197.172110204,-31020488.45199481,-5042427.315320649,33122057.078650307
2017-07-01 18:26:20.406109988,0.4686,0.3792,-0.6267,10458630.573506784,-31021529.65263365,-5042686.24921963,33123208.480918456
2017-07-01 18:26:20.606269001,0.63,-0.4984,-1.0514,10459062.659744011,-31022567.653073482,-5042944.424425326,33124356.355676033
2017-07-01 18:26:20.616598100,1.5013,-1.0504,-1.3902,10459084.957483765,-31022621.218644053,-5042957.747567296,33124415.59132895
2017-07-01 18:26:20.806168019,0.0042,-0.4962,0.0229,10459494.18797695,-31023604.32521134,-5043202.266323839,33125502.75987746
2017-07-01 18:26:21.205645024,-0.0003,0.6921,-0.3392,10460356.551391775,-31025675.896122012,-5043717.590076142,33127793.634981107
2017-07-01 18:26:21.406242012,0.7355,-1.2714,-1.8647,10460789.615934389,-31026716.184592124,-5043976.43442913,33128944.064958483
2017-07-01 18:26:21.606105029,0.0131,-0.4887,-0.0255,10461221.096446007,-31027752.68623734,-5044234.332706497,33130090.30459003
2017-07-01 18:26:21.620198200,0.5083,-0.8232,-1.5307,10461251.522029001,-31027825.77443457,-5044252.518488646,33130171.130951006
2017-07-01 18:26:21.806336998,1.1969,-1.0336,-1.1989,10461653.416385315,-31028791.13942465,-5044492.752928928,33131238.71685085
2017-07-01 18:26:22.205331981,0.9462,0.191,-1.3827,10462515.041538613,-31030860.40242674,-5045007.923923007,33133527.178098068
2017-07-01 18:26:22.407009005,0.3264,-0.3793,-0.8515,10462950.574066916,-31031906.352820635,-5045268.358204121,33134683.934087746
2017-07-01 18:26:22.606144011,0.0586,-0.4693,0.0364,10463380.619292531,-31032939.138246745,-5045525.508423795,33135826.128202513
2017-07-01 18:26:22.610500500,0.8299,0.4959,-0.6238,10463390.027434621,-31032961.732548792,-5045531.134127098,33135851.11605709
2017-07-01 18:26:22.806316018,0.5443,-0.4428,-1.3209,10463812.92558464,-31033977.318477407,-5045784.048952484,33136974.300832983
2017-07-01 18:26:23.630098500,0.0387,0.4665,-0.2338,10465592.055419799,-31038249.502394117,-5046848.202973388,33141699.20247286
2017-07-01 18:26:33.389593005,0.8602,-1.0822,-1.6855,10486751.648466999,-31088965.886244074,-5059615.961008339,33197823.327525005
2017-07-01 18:26:33.589690029,0.473,-1.1759,-1.773,10487185.49843991,-31090005.761512645,-5059877.806865181,33198974.1008662
2017-07-01 18:26:33.789668977,0.0238,0.4965,-0.492,10487619.09335247,-31091045.003301516,-5060139.5178842805,33200124.180265132
2017-07-01 18:26:33.990010023,1.4297,-1.3399,-1.743,10488053.53075013,-31092086.180604268,-5060401.772736424,33201276.421660613
2017-07-01 18:26:34.188938021,0.4119,-0.395,-0.4975,10488484.920268288,-31093120.029893175,-5060662.197536569,33202420.559254635
2017-07-01 18:26:34.389576971,0.2152,-0.6777,-0.4032,10488920.028770689,-31094162.798457284,-5060924.878445358,33203574.56859395
2017-07-01 18:26:34.589560985,0.94,-0.2344,-1.038,10489353.754563484,-31095202.17253701,-5061186.7434109505,33204724.838357028
2017-07-01 18:26:34.789555013,0.2585,0.4726,-0.427,10489787.512414047,-31096241.579759486,-5061448.63856815,33205875.154304
2017-07-01 18:26:34.989576995,0.5586,-0.5707,-1.0313,10490221.353241669,-31097281.155097265,-5061710.611592596,33207025.666185223
2017-07-01 18:26:35.188830971,0.0102,-0.4426,0.0859,10490653.528695544,-31098316.75644544,-5061971.575332912,33208171.777031418
2017-07-01 18:26:35.389567017,1.6028,-1.1985,-1.7903,10491088.983296258,-31099360.108988326,-5062234.552286383,33209326.48980308
2017-07-01 18:26:35.589730024,0.1953,0.6314,-0.5933,10491523.202634215,-31100400.457786903,-5062496.802293114,33210477.88905411
2017-07-01 18:26:35.789559006,1.4561,-1.1076,-1.8232,10491956.755506618,-31101439.114716187,-5062758.687469574,33211627.438193504
2017-07-01 18:26:35.989569008,0.1277,-0.5024,-0.2409,10492390.706232067,-31102478.73263642,-5063020.8195181275,33212778.0510032
2017-07-01 18:26:36.188804984,0.1251,-0.4348,-0.3456,10492822.982561622,-31103514.344560724,-5063281.950850891,33213924.23125398
2017-07-01 18:26:36.389563024,0.761,-0.3562,-1.1643,10493258.591939032,-31104557.882402495,-5063545.124023173,33215079.19846118
2017-07-01 18:26:36.589572012,0.2992,0.2715,-0.51,10493692.587975392,-31105597.515820134,-5063807.335667045,33216229.85349001
2017-07-01 18:26:36.789556980,0.6723,-0.757,-1.1782,10494126.558779128,-31106637.05465886,-5064069.562941629,33217380.41478077
2017-07-01 18:26:36.989637970,-0.0815,-0.3918,0.1454,10494560.734689606,-31107677.10831279,-5064331.910302903,33218531.54169896
2017-07-01 18:26:37.188816010,0.6239,-0.9149,-1.5253,10494992.975949148,-31108712.504581004,-5064593.134222405,33219677.525122203
2017-07-01 18:26:37.390285015,0.181,0.5321,-0.516,10495430.196236033,-31109759.788479008,-5064857.383708905,33220836.675469797
2017-07-01 18:26:37.589760005,1.9418,-0.6231,-1.9586,10495863.166452998,-31110796.731805187,-5065119.095751444,33221984.4131977
2017-07-01 18:26:37.789934992,0.1936,-0.5569,-0.259,10496297.663805228,-31111837.33628458,-5065381.736571185,33223136.20391403
2017-07-01 18:26:37.989637970,0.3376,-1.0162,-0.4493,10496731.150084477,-31112875.527564786,-5065643.776007282,33224285.324086275
2017-07-01 18:26:38.188859999,1.1397,-0.0685,-1.3123,10497163.637623375,-31113911.221265208,-5065905.23645256,33225431.702004008
2017-07-01 18:26:38.390136003,0.2375,0.3347,-0.3905,10497600.593721464,-31114957.57938689,-5066169.408369571,33226589.892233096
2017-07-01 18:26:38.589389026,0.9079,-1.151,-1.8847,10498033.19411482,-31115993.46648917,-5066430.999978466,33227736.50775623
2017-07-01 18:26:38.789573013,-0.1459,-0.4377,0.1994,10498467.80988744,-31117034.211076315,-5066693.805823409,33228888.494358428
2017-07-01 18:26:38.990134000,1.1713,-1.2368,-1.8136,10498903.291273031,-31118076.965413854,-5066957.179553596,33230042.723480716
2017-07-01 18:26:39.189022004,0.3742,0.7426,-0.3715,10499335.154885005,-31119110.99222314,-5067218.371042398,33231187.304409344
2017-07-01 18:26:39.389627993,1.2257,-0.5455,-1.4783,10499770.798239615,-31120153.97285863,-5067481.878181577,33232341.81780894
2017-07-01 18:26:39.589743971,0.3392,-0.6955,-0.593,10500205.391052028,-31121194.433705688,-5067744.765411534,33233493.545550518
2017-07-01 18:26:39.789678990,0.3884,-0.7672,-0.3177,10500639.606400836,-31122233.98436263,-5068007.4276200365,33234644.267801963
2017-07-01 18:26:39.989560008,0.9431,-0.1224,-0.8161,10501073.742150353,-31123273.259134643,-5068270.051490551,33235794.701130304
2017-07-01 18:26:40.188803970,0.1549,0.5743,-0.2808,10501506.500382036,-31124309.19875631,-5068531.849479788,33236941.450538795
2017-07-01 18:26:40.389555990,0.7301,-0.7043,-1.5921,10501942.563542347,-31125353.007687595,-5068795.693156137,33238096.92566751
2017-07-01 18:26:40.589568972,-0.1364,-0.356,0.1281,10502377.01594581,-31126392.98823705,-5069058.560407493,33239248.158345576
2017-07-01 18:26:40.789555013,0.9683,-1.2391,-1.7496,10502811.448556755,-31127432.8782621,-5069321.462225845,33240399.30569473
2017-07-01 18:26:40.989684998,0.2343,0.6256,-0.4912,10503246.203243548,-31128473.4917125,-5069584.572946649,33241551.26453121
2017-07-01 18:26:41.188808977,1.2284,-1.008,-2.0093,10503678.821228078,-31129508.914213292,-5069846.440741688,33242697.498131845
2017-07-01 18:26:41.389560997,-0.0551,-0.4103,-0.075,10504114.974083915,-31130552.81888151,-5070110.452594825,33243853.119027235
2017-07-01 18:26:41.589565992,0.8447,-1.18,-1.0885,10504549.537746584,-31131592.886243805,-5070373.525566873,33245004.501647573
2017-07-01 18:26:41.789564013,0.7491,0.0434,-0.9718,10504984.116219804,-31132632.91560389,-5070636.628237027,33246155.858315293
2017-07-01 18:26:41.989620983,0.2834,0.1662,-0.5002,10505418.83412658,-31133673.244858675,-5070899.828475544,33247307.555176307
2017-07-01 18:26:42.188830018,0.7778,-0.7338,-1.3235,10505851.740361964,-31134709.19383184,-5071161.965670451,33248454.416062802
2017-07-01 18:26:42.389653980,-0.0671,-0.3419,0.1591,10506288.153330246,-31135753.554716863,-5071426.221515247,33249610.58570677
2017-07-01 18:26:42.589568972,0.9981,-0.8999,-1.5692,10506722.630894952,-31136793.224578023,-5071689.343999124,33250761.57856722
2017-07-01 18:26:42.789561986,0.0295,0.6353,-0.3347,10507157.27920569,-31137833.27478703,-5071952.582560427,33251912.999677792
2017-07-01 18:26:42.989628016,1.4223,-1.1235,-1.8367,10507592.143132947,-31138873.74968051,-5072215.990744739,33253064.91290296
2017-07-01 18:26:43.188917994,0.2488,-0.2152,-0.4982,10508025.330113474,-31139910.19714035,-5072478.3969609,33254212.3724485
2017-07-01 18:26:43.390160977,0.3643,-0.5842,-0.5399,10508462.777000144,-31140956.825253356,-5072743.396574814,33255371.107467506
2017-07-01 18:26:43.589303016,0.9733,0.3281,-0.9673,10508895.695611184,-31141992.51372751,-5073005.6679966245,33256517.75177042
2017-07-01 18:26:43.789560019,0.3878,0.369,-0.6104,10509331.053615253,-31143033.986055605,-5073269.4323124075,33257670.811166737
2017-07-01 18:26:43.989657998,0.4681,-0.5932,-0.8869,10509766.08464407,-31144074.65510223,-5073533.022683828,33258822.988927
