datetime,accel_x,accel_y,accel_z,disp_x,disp_y,disp_z,total_displacement
2017-07-11 17:42:12.881653010,-1.8268,-0.7392,-0.4644,-0.0,-0.0,-0.0,0.0
2017-07-11 17:42:13.281655013,-2.5088,0.2492,-0.1247,-0.40141202011118526,0.03987239931907979,-0.019952199819780296,0.40388056204136785
2017-07-11 17:42:13.481693029,-0.1079,0.3356,-0.1762,-0.6064728160703193,0.07324139235530996,-0.036980825644502814,0.6119976794496503
2017-07-11 17:42:13.681699991,-2.1378,-0.6646,-0.1353,-0.8970197317396797,0.08001935436235462,-0.05941918472697405,0.9025398250030374
2017-07-11 17:42:13.816460250,0.101,-0.3978,0.2554,-1.090949612160572,0.07736201672643442,-0.06989950624107984,1.095920562302775
2017-07-11 17:42:13.881640970,0.2397,-0.4967,0.2696,-1.1837310693059362,0.07396647507265033,-0.07382321597776126,1.188335033183886
2017-07-11 17:42:14.281615972,-0.6761,0.5562,-0.3575,-1.8612377276913081,0.1421109488496783,-0.15509352111513053,1.8730871311971447
2017-07-11 17:42:14.481640994,-0.4679,-0.3906,0.0159,-2.2187752960847087,0.1605616685778595,-0.19510013836818932,2.233116192212931
2017-07-11 17:42:14.681300997,-0.2843,-0.7442,0.0029,-2.5869937744844527,0.14931184248114326,-0.2349181429392922,2.601925700209073
2017-07-11 17:42:14.822039840,-2.1445,0.3559,-0.4881,-2.88902524259186,0.14843138565951383,-0.27265355923455203,2.905656327225405
2017-07-11 17:42:14.881685972,-0.884,0.7144,-0.2007,-3.0201733193798614,0.15059983480097403,-0.28936012213090495,3.037738709898477
2017-07-11 17:42:15.281569004,-0.337,-0.5642,0.1004,-3.9533122760537265,0.07491846333078521,-0.38531061639857667,3.972751565257308
2017-07-11 17:42:15.481724023,-0.4169,-0.8886,-0.025,-4.437081830982451,0.0014382489729419246,-0.43433864359959384,4.458289728216261
2017-07-11 17:42:15.681582987,-0.543,0.8366,-0.3251,-4.941825206339876,-0.038516458349197584,-0.49627981819174366,4.966831338542145
2017-07-11 17:42:15.817109940,-0.8539,0.3076,-0.3953,-5.299782284181118,-0.059960403150529876,-0.5455436257229105,5.328123999798888
2017-07-11 17:42:15.881590008,-0.7274,0.2035,-0.3386,-5.473112900702752,-0.0693167658626941,-0.5703898064771361,5.503191271362606
2017-07-11 17:42:16.281822979,-1.9969,-1.0779,-0.6939,-6.868866270154259,-0.300057416210769,-0.8357654143961082,6.926027874488137
2017-07-11 17:42:16.481589972,-0.161,1.0874,-0.2939,-7.571949154498743,-0.3718315431073978,-0.9799501100146297,7.6441464476343945
2017-07-11 17:42:16.681760013,-2.2375,0.6445,-0.9215,-8.366102823626068,-0.4179266256003301,-1.1613484150712472,8.45665827978512
2017-07-11 17:42:16.818139910,-0.0054,-0.4312,0.2102,-8.90727621585515,-0.45735223167308797,-1.281029138830118,9.010536959798069
2017-07-11 17:42:16.881485998,-0.1899,-0.6114,0.1403,-9.15940385241154,-0.47811812056216274,-1.336055765986441,9.268674170484518
2017-07-11 17:42:17.281840980,0.3363,0.7874,-0.1668,-10.6989776391975,-0.4831533549586686,-1.7105661332366986,10.845625670501093
2017-07-11 17:42:17.481615006,-3.9191,0.3593,-0.9547,-11.623622953406402,-0.4713263564439588,-1.9355456510413682,11.793095270729397
2017-07-11 17:42:17.681474983,0.4876,-0.7239,0.468,-12.529189388573503,-0.4884097386014251,-2.1419281674147603,12.720337538047815
2017-07-11 17:42:17.810660120,-3.8338,-1.1304,-1.4207,-13.178509332722358,-0.5183170839142047,-2.2990391094540548,13.387581620999624
2017-07-11 17:42:17.881568014,-2.278,-1.1674,-0.7892,-13.546365486792494,-0.5406024074484012,-2.3892431246557835,13.766072481772598
2017-07-11 17:42:18.282404005,-4.0156,0.2295,-0.6717,-16.271007878134522,-0.6297057024305375,-3.0070800627630856,16.558525210472595
2017-07-11 17:42:18.481625020,0.4836,-0.5539,0.3978,-17.605999112475477,-0.6959750129584861,-3.2983652515896758,17.925813769534816
2017-07-11 17:42:18.681577026,-3.4839,-1.2688,-1.3738,-19.085177884156312,-0.8132151269258544,-3.645644867059866,19.44726356609768
2017-07-11 17:42:18.815799830,0.2382,1.2201,-0.2574,-20.07382241644514,-0.8699344667087915,-3.8834022846177163,20.464504530711643
2017-07-11 17:42:18.881639003,0.2184,1.0013,-0.2768,-20.557827109400385,-0.8934160911818915,-4.001227284714219,20.962639804087694
2017-07-11 17:42:19.281436026,0.4085,-0.4926,0.3321,-23.431568448897135,-1.1147402371232897,-4.663617190198327,23.917156416855384
2017-07-11 17:42:19.481764018,-3.8752,-1.237,-1.2492,-25.02704305557133,-1.2752824902704916,-5.045655738320658,25.562430857902772
2017-07-11 17:42:19.681478023,0.2354,0.7789,-0.2299,-26.608238588322074,-1.4042657369672633,-5.43569309188771,27.19406336725514
2017-07-11 17:42:19.815719960,-4.5531,-0.2954,-0.611,-27.753123118320964,-1.4962878916085873,-5.708875608623272,28.373684656561434
2017-07-11 17:42:19.881639003,-3.5406,-0.9691,-0.4349,-28.33069978306855,-1.5456861050401942,-5.844910726800277,28.968615381787576
2017-07-11 17:42:20.281679987,-1.9855,-1.2548,-1.0762,-32.153567635746185,-2.046276753379615,-6.842690389612939,32.937236860824065
2017-07-11 17:42:20.481603980,0.2035,0.5841,-0.2285,-34.05594558505168,-2.2731050785804285,-7.350472588111135,34.9142361173611
2017-07-11 17:42:20.681572973,-2.9687,-1.1054,-0.7916,-36.07746291478776,-2.5441867505650433,-7.890023263744467,37.01768069034128
2017-07-11 17:42:20.823019740,0.4799,-0.1774,0.3102,-37.49776860459861,-2.7394838838026447,-8.265464696309834,38.495523491953975
2017-07-11 17:42:20.881582975,0.0164,-0.514,0.1797,-38.08576182488065,-2.8221056387615366,-8.420292483867186,39.10742716584327
2017-07-11 17:42:21.281588971,-0.0501,0.2655,-0.1203,-42.10996353924848,-3.3439578994334256,-9.49706534848264,43.29694370210638
2017-07-11 17:42:21.481513977,-1.306,-0.389,-0.3607,-44.173480599823165,-3.6203306136621802,-10.049659016658607,45.446659155610995
2017-07-11 17:42:21.681545019,0.0985,-0.5336,0.2454,-46.234150883107674,-3.918200536259171,-10.592726721524091,47.593643091501185
2017-07-11 17:42:21.814800260,-1.3721,0.3293,-0.5821,-47.631277716534,-4.110786012426867,-10.964839985563104,49.04961665964941
2017-07-11 17:42:21.881483972,-1.3195,0.1947,-0.5229,-48.33629667340932,-4.206294040165212,-11.153378440808554,49.78441860960177
2017-07-11 17:42:22.487092971,-1.1047,-0.5149,-0.2766,-55.1443092321436,-5.262525970532,-12.9670958657011,56.892306997265315
2017-07-11 17:42:22.686708986,-0.4817,0.9198,-0.2514,-57.40750619550879,-5.574021867415695,-13.574936381844543,59.25344196869018
2017-07-11 17:42:22.815650220,-0.1919,0.3766,-0.0936,-58.87260048639945,-5.768970209441503,-13.969124916448793,60.78158073166553
2017-07-11 17:42:22.887036979,-0.8263,0.2098,-0.413,-59.68794315166287,-5.875831852313962,-14.18946732083628,61.632109654642576
2017-07-11 17:42:23.287114024,-1.5638,-1.1446,-0.422,-64.50772077667864,-6.657929447176812,-15.491891331704002,66.67512850650418
2017-07-11 17:42:23.487029016,-0.8646,0.6946,-0.3941,-66.95067600906141,-7.020976372457347,-16.15845179405967,69.22992627234169
2017-07-11 17:42:23.686469972,-2.6081,0.6586,-0.9355,-69.49158013372727,-7.356965513998765,-16.860642814453115,71.88522746137049
2017-07-11 17:42:23.874710080,-0.289,-0.3154,0.0202,-71.90002449905012,-7.685261084732498,-17.52268215474728,74.40242704912797
2017-07-11 17:42:23.886721014,-0.2355,-0.4551,0.0978,-72.0537327701453,-7.706274115207512,-17.564910429315308,74.56308165064061
2017-07-11 17:42:24.287231028,-0.3444,0.985,-0.3658,-77.23444903721395,-8.248960950995409,-19.031708645365356,79.97131616282878
2017-07-11 17:42:24.487011015,-2.3481,0.9644,-0.8588,-79.91238011428125,-8.481169547342475,-19.79764453802441,82.76391400649264
2017-07-11 17:42:24.687025010,-0.4343,-0.445,0.0221,-82.61082235973711,-8.731452627442259,-20.563593469532325,85.5783127452131
2017-07-11 17:42:24.884680150,-1.8316,-0.9417,-0.8195,-85.34899679474006,-9.015573922561513,-21.352525081607787,88.4401614334936
2017-07-11 17:42:24.887136995,-2.2527,-0.9163,-0.5719,-85.38304578422924,-9.019111069066113,-21.362334920095137,88.4757493616542
2017-07-11 17:42:25.288061022,-0.6284,0.2896,-0.3498,-91.04039152384415,-9.549775431456439,-23.019395367779456,94.38984936265248
2017-07-11 17:42:25.487136006,-0.5611,-0.4659,0.0996,-93.87172921234551,-9.831735748505595,-23.838245622733123,97.34899345917306
2017-07-11 17:42:25.687986016,-1.091,-1.1162,-0.1092,-96.77232388484346,-10.161238446700516,-24.66880225598549,100.38268397282802
2017-07-11 17:42:25.871220230,-0.8148,0.812,-0.4455,-99.44587507923863,-10.434578988315247,-25.441471466216367,103.17766705690349
2017-07-11 17:42:25.887767016,-0.7691,1.0643,-0.3201,-99.68751807453488,-10.458971336646568,-25.511334243640444,103.43026402447329
2017-07-11 17:42:26.287609994,-0.2873,-0.3591,0.1014,-105.57260539334675,-11.105808436402622,-27.18331432762234,109.58032016926988
2017-07-11 17:42:26.487303018,-1.7986,-0.9748,-0.1167,-108.58350971021379,-11.467729787877257,-28.02300270361965,112.72611094153356
2017-07-11 17:42:26.686523020,-0.6302,0.9382,-0.2723,-111.61229372182119,-11.791557986543692,-28.871509279637312,115.88748421499317
2017-07-11 17:42:26.870980020,-2.0392,0.8583,-0.9371,-114.48601520343573,-12.062186086029662,-29.68902236273047,118.88642504167595
2017-07-11 17:42:26.887176990,-1.5329,0.3395,-0.4822,-114.73875572759795,-12.085860582177364,-29.760933805069698,119.15017109882369
2017-07-11 17:42:27.288347005,-1.3866,-1.0069,-0.2572,-121.22184282476682,-12.834283411959643,-31.583444874098213,125.92445353721482
2017-07-11 17:42:27.487071990,-0.2856,1.1427,-0.3096,-124.44460638335877,-13.159897694854696,-32.49847695182191,129.28957409410955
2017-07-11 17:42:27.687053978,-2.4964,0.6099,-0.8528,-127.78759303037872,-13.463179992649252,-33.45340277412646,132.7782222549319
2017-07-11 17:42:27.870169990,-0.6049,-0.2363,-0.0163,-130.86892381171498,-13.748807714375225,-34.328339126375795,135.99316085884166
2017-07-11 17:42:27.887006998,0.0901,-0.3827,0.2655,-131.1522180649219,-13.775178878614774,-34.4087118252665,136.28873506625885
2017-07-11 17:42:28.287100017,-0.399,1.0353,-0.3604,-137.94792830028842,-14.236104282072109,-36.376276168165376,143.37200234123182
2017-07-11 17:42:28.487025976,-2.533,0.1469,-0.8116,-141.44498082401157,-14.460556453971117,-37.391905468093825,147.0168183841507
2017-07-11 17:42:28.686546027,0.1991,-0.4703,0.2657,-144.92700748856217,-14.703274742833722,-38.39489569213687,150.64591532120303
2017-07-11 17:42:28.874279730,-2.3594,-0.944,-0.8251,-148.28649320596577,-14.964925094954621,-39.36771554940548,154.15138688315275
2017-07-11 17:42:28.887037992,-4.0001,-1.4077,-0.9026,-148.5154528090426,-14.982935820904602,-39.433974681848255,154.3903055508893
2017-07-11 17:42:29.287588000,-3.973,0.0963,-0.6311,-156.34114736394235,-15.53293833299015,-41.61545673216338,162.52899055662957
2017-07-11 17:42:29.487037003,0.0221,-0.4901,0.279,-160.2369776165961,-15.826301523355397,-42.690600583632595,166.57985530609918
2017-07-11 17:42:29.687133014,-3.2804,-0.9046,-0.892,-164.27678786544004,-16.156835126153542,-43.804946442091435,170.78284365086265
2017-07-11 17:42:29.872079730,-0.3108,0.8014,-0.2962,-168.02137455871105,-16.434931869313,-44.84505663700513,174.67789899962682
2017-07-11 17:42:29.887019991,0.0075,0.9322,-0.1933,-168.32386596882066,-16.457188845452382,-44.929121377213676,174.9925394612947
2017-07-11 17:42:30.287025988,-0.3012,-0.39,0.134,-176.4708722849979,-17.115492215897657,-47.15840448136986,183.4634131156645
2017-07-11 17:42:30.487119972,-3.3393,-1.0114,-1.181,-180.67992612971608,-17.485287670129356,-48.32083751541369,187.84534683972836
2017-07-11 17:42:30.687020003,-0.2845,0.7801,-0.3147,-184.89626872491883,-17.82355186464404,-49.49471921111943,192.2343268494381
2017-07-11 17:42:30.870159860,-2.8968,1.0881,-0.8392,-188.85626071456127,-18.09695994978131,-50.598326345852534,196.35268727346647
2017-07-11 17:42:30.887013971,-2.7426,0.8369,-1.06,-189.22147243667214,-18.121883591875026,-50.700190908435104,196.73250279039178
2017-07-11 17:42:31.287079989,-2.1358,-0.7598,-0.4332,-198.23234357386949,-18.835104194049773,-53.18748482205174,206.10611764449237
2017-07-11 17:42:31.487286984,-0.586,0.7121,-0.4607,-202.7651864539958,-19.163481678976474,-54.450679650905,210.8218119223664
2017-07-11 17:42:31.687072992,-2.8533,0.7704,-0.639,-207.40238575664284,-19.46041857378686,-55.73672361875174,215.64099765204062
2017-07-11 17:42:31.874710080,-0.0466,-0.3678,0.1899,-211.7592392059601,-19.752248219346452,-56.9378777473198,220.16822800116833
2017-07-11 17:42:31.887041985,-0.4248,-0.1564,0.0606,-212.04564540160496,-19.77145166355587,-57.016810913124885,220.46583127861456
2017-07-11 17:42:32.485993027,-0.9461,0.5822,-0.1726,-226.29557787895368,-20.49528822809417,-60.91245236239667,235.2447071879057
2017-07-11 17:42:32.686932027,0.1759,-0.4862,0.2826,-231.06911210400796,-20.757755474202206,-62.20797065278542,240.1950261633225
2017-07-11 17:42:32.870169990,-1.0338,-0.6916,0.0255,-235.45684911056418,-21.020322828065353,-63.388508478819176,244.74452960595545
2017-07-11 17:42:32.886331021,-1.772,-0.7868,-0.311,-235.8442969778528,-21.043685965627805,-63.49270955099647,245.14626919886987
2017-07-11 17:42:33.287337005,-1.3642,0.677,-0.3204,-245.6774678433961,-21.514533328401615,-66.12978790318866,255.33006520659205
2017-07-11 17:42:33.487419009,0.2801,-0.977,0.379,-250.5725169315371,-21.78857475396657,-67.43038616170095,260.40004840462444
2017-07-11 17:42:33.686801016,-2.923,-0.3914,-0.5507,-255.56663900204722,-22.07721682825602,-68.74832629031674,265.57116342216904
2017-07-11 17:42:33.864999890,-0.5077,1.1407,-0.3396,-260.0462877231259,-22.298969682464666,-69.93702719030057,270.20825964373313
2017-07-11 17:42:33.886397004,-0.1134,0.9415,-0.523,-260.58423055104305,-22.325165459283365,-70.07999912691844,270.7651390085002
2017-07-11 17:42:34.286540985,-0.1528,-0.2738,-0.0852,-270.6686782956458,-22.85888800367738,-72.76733609073587,281.210148061585
2017-07-11 17:42:34.486914992,-2.0354,-0.7362,-0.4724,-275.8002343884764,-23.155710353971006,-74.13199963124862,286.5266297921765
2017-07-11 17:42:34.686589002,0.0978,1.1124,-0.5132,-280.90996437811964,-23.407144703891298,-75.51235692032989,291.8225806166628
2017-07-11 17:42:34.866810080,-2.7476,0.8108,-0.6671,-285.61112786670867,-23.607748961002386,-76.77990219848903,296.692088795621
2017-07-11 17:42:34.886618018,-3.3549,0.6196,-0.5786,-286.12914486404054,-23.629554093254004,-76.91944398614349,297.2286060096009
2017-07-11 17:42:35.286776006,-1.1889,0.6331,-1.2303,-296.784446876732,-23.968683166777407,-79.93545679244039,308.29398783189595
2017-07-11 17:42:35.486958980,0.4967,0.4805,-0.145,-302.0949622653583,-24.11908064164661,-81.4500575159252,313.81078398687004
2017-07-11 17:42:35.686761975,-0.3439,1.2221,-1.5659,-307.40912636776176,-24.220404894774084,-83.02429595199821,319.3431269117629
2017-07-11 17:42:35.865520230,-0.4062,-0.1852,0.0509,-312.17654303894295,-24.316974898622014,-84.43109738288864,324.3055958463314
2017-07-11 17:42:35.886425971,-0.2842,-0.4023,-0.2789,-312.73421564354675,-24.32844456584336,-84.59574441290543,324.886138242233
2017-07-11 17:42:36.286562025,-0.1033,0.7258,-0.2111,-323.42461310953644,-24.43176707858989,-87.78088889692373,336.0146962011779
2017-07-11 17:42:36.486599981,-2.135,0.9811,-1.4807,-328.85444085594145,-24.44416167320999,-89.43247225186433,341.6737148269682
2017-07-11 17:42:36.686541974,-0.2126,-0.4491,-0.1601,-334.2901628516888,-24.474503902979762,-91.08966358847138,347.34167779488615
2017-07-11 17:42:36.866219990,-0.6604,0.4642,-2.0441,-339.1962988164676,-24.486784648878555,-92.64489188818033,352.47242125619357
2017-07-11 17:42:36.887323021,0.6385,0.1649,-2.0755,-339.77223598745513,-24.48815357587422,-92.82847643535136,353.0750175965146
2017-07-11 17:42:37.287220001,-0.4716,0.9396,-1.3737,-350.7615135723083,-24.36383581652571,-96.52703492720511,364.6158312128933
2017-07-11 17:42:37.486944973,-0.3107,-0.3306,-0.3472,-356.26240387242996,-24.314934078193918,-98.38809673508825,370.3975351043017
2017-07-11 17:42:37.686146974,-0.6052,1.0687,-1.0307,-361.7729055405473,-24.223752834961505,-100.28518509231655,376.1961506098371
2017-07-11 17:42:37.867130160,-0.0482,0.1773,-0.028,-366.78100104582853,-24.135103490499482,-102.00968479077116,381.4666194305731
2017-07-11 17:42:37.886151015,0.0853,0.3629,-0.2819,-367.30730779965864,-24.12565538380429,-102.19102714532016,382.0205644199626
2017-07-11 17:42:38.286503970,0.0314,-0.0507,-0.9283,-378.3800347953253,-23.934916963324245,-106.15673031583825,393.71764295380825
2017-07-11 17:42:38.486503005,0.5059,0.8142,-1.2713,-383.89125488794105,-23.807064605524687,-108.1886757506016,399.5548291101467
2017-07-11 17:42:38.686160981,-0.2859,0.7945,-0.3085,-389.40447359872223,-23.647758877049863,-110.22945393258262,405.39560070735894
2017-07-11 17:42:38.871850250,-0.164,0.0812,-0.8722,-394.5376247968262,-23.496798867025227,-112.15752667852276,410.8422418982281
2017-07-11 17:42:38.885899007,-0.1272,-0.2107,-0.7137,-394.92601049069395,-23.48541921888443,-112.30354040377561,411.25442716790894
2017-07-11 17:42:39.286146998,0.1843,0.433,-0.4055,-405.9615640362649,-23.091848000356883,-116.52842051905786,422.9856944478246
2017-07-11 17:42:39.486406028,-0.4838,0.9284,-1.9825,-411.5024661118706,-22.857697353509906,-118.72179149824056,428.8958121980297
2017-07-11 17:42:39.687050998,-0.3869,-0.4017,-0.1017,-417.06962261252124,-22.63926725148529,-120.92348383039324,434.83571089494757
2017-07-11 17:42:39.873659840,-0.2001,0.2231,-1.4213,-422.2542964812898,-22.428348457133676,-123.02065040612943,440.3814280118665
2017-07-11 17:42:39.886748015,-0.5569,0.4704,-1.9828,-422.61802908975983,-22.41347467655101,-123.16807892744258,440.77061837816075
2017-07-11 17:42:40.286548972,-0.8568,1.1422,-1.8129,-433.86582272720426,-21.776559138971685,-127.96131366037902,452.8662809841078
2017-07-11 17:42:40.486738979,0.4807,-0.1313,0.2963,-439.47860043931104,-21.462902111571648,-130.34952766895776,458.90423377287215
2017-07-11 17:42:40.686389982,-0.448,0.2433,-2.0075,-445.0941234746421,-21.140391528574238,-132.8113315018313,464.9672511918777
2017-07-11 17:42:40.870800010,-0.129,0.0252,0.0986,-450.28535515239554,-20.841643807619317,-135.08185285142335,470.57239841611647
2017-07-11 17:42:40.886367976,-0.0386,0.1345,-0.0523,-450.72361029675267,-20.816390811657705,-135.27354381881398,471.04567364817524
2017-07-11 17:42:41.286384999,-0.9038,-0.8434,0.4551,-462.129144083693,-20.30247358902324,-140.12619808406424,483.3331021509432
2017-07-11 17:42:41.486681997,-1.9969,0.2988,-0.3417,-467.9202498896779,-20.033156824469508,-142.56973350469138,489.5679897019117
2017-07-11 17:42:41.686964988,-0.2728,0.4099,-0.0726,-473.72189361878185,-19.747416461516874,-145.01601026994206,495.81451792508153
2017-07-11 17:42:41.864930150,-0.1984,0.2919,-1.3318,-478.8833352779744,-19.484271628811207,-147.23187504365546,501.3841946818156
2017-07-11 17:42:41.886555016,-1.2765,-0.5274,-0.3103,-479.5111082464494,-19.452543058870354,-147.50127385336197,502.0616796286685
2017-07-11 17:42:42.487673997,-1.64,0.3573,-0.7082,-497.55428288160414,-18.441457319672576,-155.2458131377246,521.5377400137922
2017-07-11 17:42:42.687605023,-0.9522,-0.6053,-0.1008,-503.5934700682224,-18.12936743510664,-157.8256613446949,528.0568117521458
2017-07-11 17:42:42.863710040,0.0257,-0.6167,0.302,-508.91216337817593,-17.873595361899177,-160.08870017159146,533.7971968529301
2017-07-11 17:42:42.887609004,-0.1252,-0.6527,0.2537,-509.6340272708254,-17.83925769027326,-160.39566908228662,534.5763290004288
2017-07-11 17:42:43.287603974,0.0082,0.4402,-0.1612,-521.7144911533701,-17.194120711498385,-165.5591735254717,547.6234911003169
2017-07-11 17:42:43.487668991,-1.5961,-0.7486,-0.3471,-527.8206481812078,-16.901406774120126,-168.15569054090938,554.2171329530194
2017-07-11 17:42:43.687372028,-0.0254,-0.6143,0.3119,-533.9167702520571,-16.633721531953533,-170.73507066901888,560.7978803497258
2017-07-11 17:42:43.875970120,-0.9278,0.4724,-0.4073,-539.7069046268015,-16.364118631968637,-173.18550580592725,567.0489808664674
2017-07-11 17:42:43.888193011,-1.1407,0.6268,-0.6591,-540.0823290087873,-16.34655224103273,-173.3444150096962,567.4543312838299
2017-07-11 17:42:44.287895977,-0.6749,-0.3328,-0.1469,-552.466973209311,-15.825279465642796,-178.56440268608583,580.823072771616
2017-07-11 17:42:44.487599015,-0.2694,-0.7483,-0.0456,-558.6654398209059,-15.594679851875199,-181.17427646943182,587.5154348135808
2017-07-11 17:42:44.687611997,-1.5354,0.2605,-0.7458,-564.9349505775892,-15.353300989097933,-183.8180367136468,594.2863727670563
2017-07-11 17:42:44.877829790,0.0313,0.3584,-0.1317,-570.896293528022,-15.110775198263184,-186.3370899815073,600.7265805621576
2017-07-11 17:42:44.887722015,-0.2088,0.2958,-0.3271,-571.2063319920142,-15.098133764110692,-186.46812467574148,601.0615516492616
2017-07-11 17:42:45.287721991,-0.1523,-0.653,0.0234,-583.7673515670621,-14.69144731959216,-191.762872628087,614.6325395702232
2017-07-11 17:42:45.487133026,-1.3477,0.1366,-0.7862,-590.0829576963096,-14.483271029036542,-194.43371376456872,621.4596778163548
2017-07-11 17:42:45.687789022,-0.1199,0.469,-0.2865,-596.442820868398,-14.254911787649473,-197.1327647704299,628.3379409374857
2017-07-11 17:42:45.877329700,-1.0738,-0.4827,-0.5288,-602.488957065412,-14.056543802896593,-199.7012996204934,634.8788379522227
2017-07-11 17:42:45.887596011,-1.593,-0.5939,-0.2298,-602.8166088319666,-14.045861963632023,-199.84044636507866,635.2333068451052
2017-07-11 17:42:46.287683010,-1.6421,0.1679,-0.9454,-615.8483312235059,-13.602705782604398,-205.41444488471845,649.3452816820047
2017-07-11 17:42:46.487609028,-0.2927,0.2665,-0.3588,-622.3720651256128,-13.370605705442758,-208.21414878032647,656.4136594388987
2017-07-11 17:42:46.687606990,-1.0553,-0.5691,-0.1398,-628.9403577533984,-13.161185642417806,-211.02045204413318,663.5275590353406
2017-07-11 17:42:46.878149860,0.1024,-0.5335,0.2202,-635.1944103672339,-12.981035673353727,-213.68608996824543,670.3000755593332
2017-07-11 17:42:46.887623012,0.0707,-0.5799,0.1011,-635.5053345287989,-12.972131262086855,-213.8186074666928,670.6367894046949
2017-07-11 17:42:47.287656009,-0.119,0.3237,-0.191,-648.6541072671662,-12.544314547597674,-219.44513170582923,684.8836956238789
2017-07-11 17:42:47.487618029,-1.0219,-0.1021,-0.2607,-655.2675634472965,-12.334546901623165,-222.26805161692693,692.0482696481583
2017-07-11 17:42:47.687587976,-0.1572,-0.7277,0.1976,-661.8875679119587,-12.153870192758859,-225.0831818109172,699.2176398312592
2017-07-11 17:42:47.876070260,-0.6844,0.8362,-0.4783,-668.1515870302957,-11.953866326471282,-227.7535832498997,706.0036351566632
2017-07-11 17:42:47.887827992,-0.8413,1.0026,-0.3808,-668.5424597313554,-11.941251261810196,-227.92021846959517,706.4270945628973
2017-07-11 17:42:48.287779986,-0.6653,-0.4361,-0.0714,-681.9448406364941,-11.581895421057464,-233.59991728219177,720.9381577684209
2017-07-11 17:42:48.487604975,-0.4974,-0.8607,-0.0843,-688.6608320099615,-11.436720954556941,-236.4409883324384,728.2093662501637
2017-07-11 17:42:48.687605023,-1.0315,0.6543,-0.5714,-695.423967025396,-11.265247293718152,-239.30740434691182,735.5334346480681
2017-07-11 17:42:48.885050290,-1.8015,0.6547,-0.7497,-702.1709412345546,-11.070440781080507,-242.16643182401904,742.8399330109313
2017-07-11 17:42:48.888177990,-0.5661,0.2729,-0.5756,-702.2778245495224,-11.067352211534844,-242.21172686782057,742.9556849309894
2017-07-11 17:42:49.287599980,-3.1098,-1.1707,-1.0188,-716.42345725857,-10.859698414544635,-248.15865408433547,758.2632925026279
2017-07-11 17:42:49.487609982,-0.1413,0.9912,-0.4252,-723.5125155883817,-10.716064100881841,-251.15357925899772,765.93949801368
2017-07-11 17:42:49.688337028,-1.7075,0.0916,-0.5626,-730.6957859559118,-10.568224164972085,-254.18190927416077,773.7160086090933
2017-07-11 17:42:49.875930190,-0.0086,-0.4573,0.2044,-737.4093463728602,-10.446150560092864,-257.0048978483838,780.9821916648492
2017-07-11 17:42:49.887905001,-0.4048,-0.4493,0.1391,-737.8379574450573,-10.438422548561098,-257.1850803905584,781.4460811134026
2017-07-11 17:42:50.287676990,-0.1011,0.807,-0.5658,-752.1630423763771,-10.051454612207527,-263.2907929089085,796.9769856697939
2017-07-11 17:42:50.488363981,-1.8784,0.5948,-0.7083,-759.4299401244024,-9.833239572539448,-266.3844097500473,804.8547572796756
2017-07-11 17:42:50.687627971,-0.5684,-0.2613,-0.0786,-766.6678798202885,-9.626947032894888,-269.4592117426349,812.6995649379128
2017-07-11 17:42:50.876790280,-1.4959,-1.1987,-0.7066,-773.5924192775411,-9.474004824211166,-272.4034205849127,820.2064444257
2017-07-11 17:42:50.887609004,-1.0898,-0.8238,-0.3896,-773.9885807025489,-9.465354051024326,-272.57185376251346,820.6359311221939
2017-07-11 17:42:51.287867009,-1.3586,0.6516,-0.4524,-788.8629362503873,-9.040912719767412,-278.87581721586895,836.7545588284584
2017-07-11 17:42:51.487820982,0.0195,-0.7165,0.2583,-796.2928299511799,-8.857524468986291,-282.0147150266681,844.803542998578
2017-07-11 17:42:51.687677025,-3.1157,-0.2233,-0.1315,-803.8435334209257,-8.683145181320482,-285.15732795295116,852.9680679358083
2017-07-11 17:42:51.877649780,-0.4798,0.6672,-0.3835,-811.0381550526116,-8.493310291355522,-288.1583726552082,860.7498318339349
2017-07-11 17:42:51.887655019,-0.6584,0.4477,-0.3825,-811.4171379749516,-8.483267496330326,-288.3164660806019,861.1597541920331
2017-07-11 17:42:52.488883972,-0.6122,-0.6035,0.0444,-834.4120531987076,-8.097932667938261,-297.80047391743034,885.9989691315805
2017-07-11 17:42:52.687849998,0.0496,0.7332,-0.1936,-842.0198477684253,-7.941387421702244,-300.94670172447434,894.2199991886691
2017-07-11 17:42:52.875909920,-1.2319,0.4002,-0.639,-849.2541974752986,-7.779269344042977,-303.9430717281882,902.0391343021139
2017-07-11 17:42:52.887243986,-3.0788,-0.432,-1.0928,-849.6905954859874,-7.769554246033978,-304.12379846301684,902.5108081469648
2017-07-11 17:42:53.287629008,-3.4651,-1.0454,-1.2296,-865.6621909796121,-7.593946730531488,-310.7052310417025,919.764338031893
2017-07-11 17:42:53.487245023,-0.0552,1.0706,-0.4211,-873.6271914895381,-7.463736101856968,-314.0032504122734,928.3739647017085
2017-07-11 17:42:53.687627971,-4.0398,0.0076,-1.2119,-881.7850052671897,-7.33272003327582,-317.3626027255042,937.1859932296526
2017-07-11 17:42:53.877450100,0.0289,-0.5552,0.2486,-889.5118349621707,-7.228614139469693,-320.53594881725456,945.5299317759977
2017-07-11 17:42:53.887647986,0.1481,-0.4285,0.158,-889.9269309531245,-7.223065781841298,-320.706415257543,945.9781815149224
2017-07-11 17:42:54.287898004,0.0221,0.7334,-0.4024,-906.2152159010147,-6.887811261781928,-327.46140325481366,963.5893472305058
2017-07-11 17:42:54.487771987,-3.5093,0.0341,-1.1203,-914.4893379657544,-6.719031982661912,-330.87941625449105,972.5312759725214
2017-07-11 17:42:54.687622010,0.1999,-0.4488,0.2721,-922.7544841533762,-6.568198022271597,-334.28615183541876,981.4612628929151
2017-07-11 17:42:54.877879850,-3.0052,-1.1157,-0.8257,-930.7317112536427,-6.464989785041632,-337.55926337126675,990.0755378827452
2017-07-11 17:42:54.887620985,-2.9618,-0.8558,-1.1242,-931.1404235411344,-6.459786765934229,-337.72695221446156,990.51689104704
2017-07-11 17:42:55.287674009,-3.2744,-0.5458,-0.7364,-948.4496343524336,-6.333458145607091,-344.7315233050229,1009.1762208631101
2017-07-11 17:42:55.487619996,0.1189,-0.4158,0.2504,-957.0960022279453,-6.286942281374041,-348.2223883386966,1018.4945335465824
2017-07-11 17:42:55.687713027,-2.6033,-1.0763,-0.7599,-965.8529577008806,-6.283484269529981,-351.74624490376345,1027.9284210868004
2017-07-11 17:42:55.876880280,0.1965,0.728,-0.2788,-974.1247212301744,-6.254164143489918,-355.0876632476909,1036.8439302381069
2017-07-11 17:42:55.887754976,0.0803,0.9379,-0.2249,-974.6002322711637,-6.252367696366382,-355.27977863394545,1037.3564604083797
2017-07-11 17:42:56.287819981,0.1954,-0.4971,0.3011,-992.062350750809,-6.265840747958309,-362.29924596561006,1056.166517252251
2017-07-11 17:42:56.487833976,-3.0482,-2.2451,-1.8759,-1000.9145472359385,-6.362393218983834,-365.8837014038914,1065.7116372964165
2017-07-11 17:42:56.687695980,-0.1794,0.8907,-0.0859,-1009.7671830216194,-6.423293467863706,-369.46886426803366,1075.2573014259897
2017-07-11 17:42:56.877630110,-3.0343,-0.424,-0.9448,-1018.2895384232232,-6.496464368337399,-372.91002266421157,1084.443485440755
2017-07-11 17:42:56.887624025,-3.9314,-0.3281,-1.6806,-1018.7383586291583,-6.50034722981624,-373.0912566846986,1084.927271143604
2017-07-11 17:42:57.287635028,-3.385,-0.9364,-1.647,-1037.2442217359348,-6.805592772956417,-380.6087654570704,1104.8913629675687
2017-07-11 17:42:57.487659990,0.1215,0.9763,-0.308,-1046.4931923847016,-6.919168645926671,-384.38020864490505,1114.8739935078652
2017-07-11 17:42:57.687632977,-3.4621,-0.2423,-1.1315,-1055.8782063510173,-7.0424043891271575,-388.19591962599463,1124.9997573870376
2017-07-11 17:42:57.876370070,0.3155,-0.6258,0.3712,-1064.724665341501,-7.1810079321387486,-391.78401425799507,1134.541710863731
2017-07-11 17:42:57.887880027,0.2575,-0.5605,0.3579,-1065.2641243450591,-7.189534795516716,-392.0027834752051,1135.123573131811
2017-07-11 17:42:58.287119984,0.2764,0.6864,-0.2348,-1083.9320051702696,-7.375894677046327,-399.62854413283213,1155.277442409595
2017-07-11 17:42:58.487658977,-3.034,-0.1549,-0.8448,-1093.430932370113,-7.47573304251645,-403.49295265926753,1165.527199722937
2017-07-11 17:42:58.688021004,0.2052,-0.6774,0.3772,-1102.9132394822598,-7.602677489057304,-407.33880835928215,1175.7552123319783
2017-07-11 17:42:58.880450010,-2.5725,-0.5173,-1.256,-1112.1153663817697,-7.743750830369049,-411.0789017460271,1185.683944936466
2017-07-11 17:42:58.887633025,-2.6758,-0.3827,-1.0614,-1112.4590026330452,-7.749036580104558,-411.2185672027984,1186.0547163261701
2017-07-11 17:42:59.287635028,-1.797,-0.651,-0.732,-1131.8826666473894,-8.147546233367175,-419.1132667963012,1207.0131250202285
2017-07-11 17:42:59.487634003,0.0935,-0.5046,0.2941,-1141.5906602882515,-8.366982834173593,-423.04881271731176,1217.4849239315618
2017-07-11 17:42:59.687629997,-1.3037,0.1071,-0.7635,-1151.3506551416988,-8.582132335876034,-427.0148387552896,1228.0161467211476
2017-07-11 17:42:59.876780150,-0.0721,0.5654,-0.1447,-1160.583942209779,-8.765385460415766,-430.7709630910123,1237.9804285770513
2017-07-11 17:42:59.887691974,-0.3047,0.3698,-0.1886,-1161.116634698767,-8.7759130612753,-430.98767142890307,1238.555299107778
2017-07-11 17:43:00.286953985,0.1449,-0.5686,0.2478,-1180.5846748074139,-9.251757018170046,-438.87749532126287,1259.555169612477
2017-07-11 17:43:00.487667024,-1.7636,0.0928,-0.7632,-1190.442502784355,-9.48723005841735,-442.87453541577645,1270.1894402369278
2017-07-11 17:43:00.687703013,0.4201,0.3179,-0.2631,-1200.2502680532182,-9.709188218628192,-446.8686203873393,1280.7757564010067
2017-07-11 17:43:00.877569910,-1.1535,-0.5099,-0.0139,-1209.6010257317007,-9.938244453228059,-450.6601618952919,1290.8632738107801
2017-07-11 17:43:00.887757003,-1.4225,-0.4682,-0.752,-1210.1028776513326,-9.950582794013686,-450.8636707945066,1291.404676404834
2017-07-11 17:43:01.287383019,-1.5412,0.1127,-1.212,-1230.035987494776,-10.4166010823624,-459.04060992950656,1312.941475342603
2017-07-11 17:43:01.487851023,0.1963,0.4045,-0.0524,-1240.0273244397702,-10.634118229315755,-463.14458750442,1323.738553779563
2017-07-11 17:43:01.687632977,-0.9582,-0.4861,-0.2697,-1250.0227130858646,-10.87029260622491,-467.24528476539933,1334.5385354598757
2017-07-11 17:43:01.874739880,-0.0003,-0.425,0.1201,-1259.3839605592054,-11.106361857912962,-471.0816110705211,1344.6520723504304
2017-07-11 17:43:01.887624025,-0.0233,-0.403,0.2964,-1260.0285781098721,-11.122684439214506,-471.34573055203316,1345.348478823368
2017-07-11 17:43:02.486948013,-0.4996,0.0961,-0.3147,-1290.1933141636669,-11.847434004839812,-483.74465373970975,1377.9506666157818
2017-07-11 17:43:02.684642970,-0.402,-0.8013,-0.2388,-1300.1592634440412,-12.117819695301135,-487.84393589927294,1388.7233913444438
2017-07-11 17:43:02.877090090,-1.7095,0.0042,-0.8089,-1309.9239782332247,-12.380872413528614,-491.86436044331657,1399.2800519647203
2017-07-11 17:43:02.885249972,-0.8682,0.6427,-0.5077,-1310.3380662456414,-12.391983225100613,-492.0348628413468,1399.7277290072955
2017-07-11 17:43:03.285246014,-0.9399,-0.4788,-0.151,-1330.786971930368,-13.01323982189372,-500.41702121217753,1421.8229510699034
2017-07-11 17:43:03.484965980,-0.194,-0.636,0.0448,-1341.004948115474,-13.348805066484346,-504.60048660201824,1432.862209895244
2017-07-11 17:43:03.684687018,-1.0116,0.6731,-0.4471,-1351.2633303452637,-13.657523167574976,-508.8018085919031,1443.9454270509111
2017-07-11 17:43:03.859810110,-0.8432,0.3262,-0.6614,-1360.2841339982215,-13.918215145679934,-512.5059732720521,1453.6949523746948
2017-07-11 17:43:03.885004997,-0.62,0.1542,-0.4791,-1361.5823468633362,-13.955622909587463,-513.0391940406677,1455.098093367785
2017-07-11 17:43:04.285103976,-0.9656,-0.9933,-0.2619,-1382.3527546742832,-14.708671059300759,-521.5487529129811,1477.5413987516545
2017-07-11 17:43:04.483807981,-1.0993,0.6098,-0.661,-1392.7115141806069,-15.058585819141388,-525.8010141804765,1488.7373271505382
2017-07-11 17:43:04.683740973,-0.3539,0.2361,-0.4059,-1403.1484892726849,-15.401227133752906,-530.0958008647173,1500.021479459494
2017-07-11 17:43:04.850319860,-0.5808,-0.2767,-0.097,-1411.8604175336,-15.694384842041586,-533.6767952750873,1509.4393244277192
2017-07-11 17:43:04.884063005,-0.9588,-0.34,-0.1163,-1413.6262458222898,-15.75415562040157,-534.4023138209624,1511.3481363716737
2017-07-11 17:43:05.285323977,-1.3177,0.3413,-0.7803,-1434.8369846130568,-16.409974721583822,-543.1555478139041,1534.2895452960872
2017-07-11 17:43:05.485328972,-0.1666,0.2637,-0.2973,-1445.4159547564057,-16.726313445660264,-547.5304127455112,1545.7349723374714
2017-07-11 17:43:05.684018015,-1.3007,-0.2863,-0.3316,-1455.9766677242435,-17.05187315007797,-551.8895835192913,1557.157967494761
2017-07-11 17:43:05.843999980,-0.3025,-0.523,-0.0125,-1464.4877657091247,-17.327395587516417,-555.3998539488541,1566.363192977912
2017-07-11 17:43:05.884903013,-0.1589,-0.5564,0.121,-1466.6640876012616,-17.398770063303438,-556.2971320918333,1568.716915900557
2017-07-11 17:43:06.284684002,-1.607,0.7158,-0.54,-1488.1920166606683,-17.981972399019284,-565.1533187851386,1591.991552589951
2017-07-11 17:43:06.484250009,-1.126,-0.3876,-0.2457,-1498.983352505123,-18.288536989757414,-569.5840092847783,1603.655669183895
2017-07-11 17:43:06.684006989,-0.3019,-0.6548,-0.0486,-1509.7970616977423,-18.621523331757185,-574.0208789747235,1615.3432756356297
2017-07-11 17:43:06.852230190,-0.5321,0.792,-0.4348,-1518.9187689847465,-18.879531368951326,-577.7696456832768,1625.2041185499834
2017-07-11 17:43:06.883646011,-1.1482,0.5753,-0.5095,-1520.6233885354109,-18.927146787351997,-578.4702337990755,1627.046876410751
2017-07-11 17:43:07.284482002,-0.9345,-0.2983,-0.1113,-1542.5228580866888,-19.582601940345477,-587.4269542219203,1650.7061133239686
2017-07-11 17:43:07.484427988,-0.2948,-0.7323,0.0339,-1553.4585904960093,-19.93883385767747,-591.8934120660534,1662.5188602625376
2017-07-11 17:43:07.684724986,-0.6667,0.6523,-0.4693,-1564.4402682189045,-20.269521602037823,-596.386538723175,1674.3838000593003
2017-07-11 17:43:07.844519730,-0.4404,0.2301,-0.3416,-1573.2125753640623,-20.527465194374486,-599.979828334036,1683.8631115737023
2017-07-11 17:43:07.885002970,-1.5652,0.8506,-0.7208,-1575.4375629404458,-20.59141993713373,-600.8913525169212,1686.2674576793486
2017-07-11 17:43:08.284521996,-1.2792,-0.6618,-0.3885,-1597.5995919879886,-21.328206891926502,-609.9489685538737,1710.2096634533868
2017-07-11 17:43:08.485493004,-0.782,0.4463,-0.6144,-1608.7793947570017,-21.680808824962618,-614.5300579542001,1722.2916102086783
2017-07-11 17:43:08.685111999,-0.5801,0.4023,-0.4694,-1619.9071021610305,-22.01500791555498,-619.0990330497298,1734.3204124176073
2017-07-11 17:43:08.849509830,-0.6172,-0.3359,-0.1,-1629.0880960590546,-22.299318518817973,-622.8645519514059,1744.2435421710309
2017-07-11 17:43:08.884437024,-0.8527,-0.4572,-0.1674,-1631.039687283473,-22.360279561712872,-623.664760692129,1746.352821546957
2017-07-11 17:43:09.284673988,-0.9248,0.4769,-0.7342,-1653.551463602017,-22.98244862398262,-632.9521070218839,1770.7029693058544
2017-07-11 17:43:09.484672009,0.2525,0.109,-0.5837,-1664.7904764973018,-23.288985984565763,-637.6163324730761,1782.8696797412645
2017-07-11 17:43:09.685145974,-0.4188,-0.3085,-0.0084,-1676.0730668537024,-23.60865138203815,-642.2919951790996,1795.0814190235503
2017-07-11 17:43:09.846599930,-0.1465,-0.6058,0.0718,-1685.163446401046,-23.881889113643194,-646.0557209384161,1804.9194387205055
2017-07-11 17:43:09.885875999,-0.2611,-0.6321,-0.1735,-1687.37521880267,-23.949333327228004,-646.9715706844773,1807.3131750944872
2017-07-11 17:43:10.285371005,-0.5483,0.2926,-0.7175,-1709.9596822647875,-24.588641653078177,-656.4016110198982,1831.783227136594
2017-07-11 17:43:10.485054016,-0.6245,-0.2094,-0.3684,-1721.2731689788122,-24.916542080068183,-661.1297981858085,1844.043048945658
2017-07-11 17:43:10.685672998,-0.6243,-0.8479,-0.2766,-1732.664812030464,-25.280105728310335,-665.8912802983288,1856.3883300030586
2017-07-11 17:43:10.847399830,-0.8995,0.5401,-0.6561,-1741.8715893407189,-25.559062025974345,-669.7468584982275,1866.3683328518662
2017-07-11 17:43:10.885007977,-0.8692,0.5716,-0.6097,-1744.0137734963052,-25.623122394824186,-670.6443015132556,1868.690548405028
2017-07-11 17:43:11.283891975,-0.7407,-0.4512,-0.0349,-1766.8523132851965,-26.374356821615116,-680.1684211545473,1893.433860686682
2017-07-11 17:43:11.485274970,-2.0008,-0.7113,-0.7464,-1778.463859695018,-26.78247644179858,-685.0070963078957,1906.0130438372742
2017-07-11 17:43:11.684680998,-0.5384,0.6562,-0.4518,-1789.982824394502,-27.16049724591811,-689.8162352409946,1918.4948899176206
2017-07-11 17:43:11.851110210,-0.6725,0.0929,-0.5502,-1799.615465122238,-27.473429568303345,-693.8453015741585,1928.9354354555023
2017-07-11 17:43:11.883496999,-3.6218,0.4591,-1.1564,-1801.4937565015769,-27.533844015243062,-694.630562709456,1930.9711250897756
2017-07-11 17:43:12.487553000,-0.7519,-0.6847,-0.1927,-1836.800704954803,-28.910488354724098,-709.3470236716133,1969.2246814548985
2017-07-11 17:43:12.687510013,-3.1471,0.4506,-0.9433,-1848.6139809431932,-29.34817437058229,-714.2562407233385,1982.0184013499374
2017-07-11 17:43:12.849180220,-0.1593,-0.4386,0.11,-1858.169471394426,-29.713518176112846,-718.2225894351183,1992.3655200689277
2017-07-11 17:43:12.887507975,-0.4439,-0.3533,-0.0298,-1860.43547901762,-29.800650589412154,-719.1629501971845,1994.8191896258147
2017-07-11 17:43:13.287501990,-0.3549,0.8459,-0.4562,-1884.1406458173333,-30.574637153254514,-729.0496814326083,2020.5034569767504
2017-07-11 17:43:13.487501025,-2.3524,0.6931,-0.7602,-1896.0874444665278,-30.933910625914745,-734.0235048710025,2033.4441250236828
2017-07-11 17:43:13.687507987,-0.0533,-0.55,0.176,-1908.036848777804,-31.31519987011443,-738.9904849577066,2046.38515311631
2017-07-11 17:43:13.877889990,-1.8627,-0.7619,-0.5582,-1919.4787246069336,-31.705755585777812,-743.7386705968885,2058.774159371822
2017-07-11 17:43:13.887274980,-3.0367,-0.57,-0.8476,-1920.0430259031023,-31.725058458201346,-743.972809785453,2059.385161244341
2017-07-11 17:43:14.287109971,-3.2054,0.8776,-0.991,-1944.5967714989224,-32.407131437311115,-754.1064270704817,2085.949023643923
2017-07-11 17:43:14.486783981,-0.0788,-0.458,0.2185,-1956.8618336592542,-32.76601289562379,-759.1583531634398,2099.2149134405367
2017-07-11 17:43:14.688265025,-3.372,-0.9492,-1.0053,-1969.3747786907986,-33.16667460760124,-764.2968085505559,2112.7438696653517
2017-07-11 17:43:14.869709840,-0.2645,0.8103,-0.3388,-1980.6520851487824,-33.500815746274846,-768.9354256525453,2124.9392169855932
2017-07-11 17:43:14.887517988,0.1857,0.7773,-0.1392,-1981.758852828898,-33.53336397726268,-769.3907331776509,2126.1361051364947
2017-07-11 17:43:15.287716984,0.3508,-0.5487,0.3842,-2006.5748406503765,-34.35269332266446,-779.5612361668794,2152.9603850520884
2017-07-11 17:43:15.487634003,-2.7423,-0.793,-1.3459,-2019.0811201941556,-34.793678089110934,-784.6956415461583,2166.4824993110356
2017-07-11 17:43:15.687572002,0.1146,0.7209,-0.2614,-2031.5841310328876,-35.20589100989772,-789.8410352663019,2180.0051369703233
2017-07-11 17:43:15.887530028,-3.1942,-0.4897,-0.9959,-2044.2161086251406,-35.637724999420996,-795.0267636612123,2193.66294155307
2017-07-11 17:43:15.888419740,-3.5668,-0.3428,-1.3329,-2044.272317354746,-35.63964671344278,-795.04983858274,2193.723714999508
2017-07-11 17:43:16.287505984,-2.6003,-0.6176,-1.17,-2069.899266766733,-36.600009385611834,-805.5865940380584,2221.4392397142724
2017-07-11 17:43:16.487507998,0.0883,0.7444,-0.1153,-2082.7386767216167,-37.05151840147808,-810.8716996176836,2235.32684942691
2017-07-11 17:43:16.687527000,-2.7992,-0.4516,-0.6134,-2095.69116652217,-37.52113320081828,-816.1817947722084,2249.3292384605043
2017-07-11 17:43:16.875030150,0.3461,-0.473,0.3932,-2107.821008112614,-37.977992110419216,-821.145795768459,2262.4394241689283
2017-07-11 17:43:16.887942016,0.27,-0.5302,0.274,-2108.6562498088915,-38.00954078030905,-821.487581762425,2263.3421641542195
2017-07-11 17:43:17.287588000,0.0554,0.6351,-0.142,-2134.499667120057,-38.88459388697462,-832.0891662611198,2291.2820038542864
2017-07-11 17:43:17.487271010,-2.6516,-0.7607,-0.6169,-2147.5180517852796,-39.35214556255224,-837.4108429880237,2305.3501456520507
2017-07-11 17:43:17.687695026,0.2672,-0.6544,0.3616,-2160.574013158421,-39.847719389153184,-842.7377425921885,2319.455714141872
2017-07-11 17:43:17.880560270,-2.4193,-1.0157,-1.186,-2173.227573971908,-40.36238418755685,-847.907859663467,2333.1298611110806
2017-07-11 17:43:17.887601017,-1.5099,0.1966,-0.6737,-2173.6895802631825,-40.38116281723125,-848.0966335792531,2333.629132819451
2017-07-11 17:43:18.287560999,-1.5308,-0.5226,-0.3891,-2200.1794057021843,-41.53150974729382,-858.8824568738946,2362.243289397526
2017-07-11 17:43:18.487459003,0.0027,-0.4457,0.3114,-2213.418780435263,-42.12425722578919,-864.2607142581655,2376.540286391204
2017-07-11 17:43:18.687507987,-1.6025,0.1476,-0.7534,-2226.732286074464,-42.71154550530123,-869.6731845241608,2390.91873509876
2017-07-11 17:43:18.875759720,0.0231,0.4533,-0.1728,-2239.25985153274,-43.24813596152566,-874.7725954231579,2404.4504939078997
2017-07-11 17:43:18.887513995,-0.2158,0.3089,-0.3597,-2240.0420916745084,-43.28159752585997,-875.0910479158815,2405.295451976828
2017-07-11 17:43:19.287724971,-0.4978,-0.6496,-0.0532,-2266.755630616084,-44.52494658190869,-885.9422778626407,2434.1440547967345
2017-07-11 17:43:19.487581014,-1.1085,0.7747,-0.5538,-2280.1400261644435,-45.11490274400492,-891.3832495627925,2448.5991895301922
2017-07-11 17:43:19.687480986,-0.0974,0.2664,-0.3073,-2293.5312557498064,-45.69434323667815,-896.8376969136282,2463.0654576584957
2017-07-11 17:43:19.875210160,-1.0166,-0.3239,-0.3015,-2306.142995074988,-46.24991978144387,-901.970678824135,2476.6884491739565
2017-07-11 17:43:19.887507975,-0.8364,-0.3541,-0.1097,-2306.969294900203,-46.28636819718554,-902.3069482229264,2477.5809944993916
2017-07-11 17:43:20.287513017,-0.7401,0.7242,-0.4523,-2333.9643660622933,-47.35603315198586,-913.3169890878314,2506.7469314793057
2017-07-11 17:43:20.487510979,-1.7767,0.7522,-0.8548,-2347.5326605225346,-47.86076605122369,-918.8560753380955,2521.4076886399685
2017-07-11 17:43:20.687506973,-0.181,-0.3465,0.1431,-2361.1080611793664,-48.37935342861314,-924.3893833124966,2536.0732580872373
2017-07-11 17:43:20.875359770,-0.7077,-0.8281,-0.153,-2373.884175297738,-48.89567618228118,-929.5921234805263,2549.8741892327503
2017-07-11 17:43:20.887504994,-1.1447,-1.1026,-0.2773,-2374.7103566980836,-48.92922057500448,-929.9285365103492,2550.7666357100366
2017-07-11 17:43:21.287937998,-2.2836,0.8314,-0.752,-2402.3160629402123,-49.90188077090165,-941.1407923693979,2580.573319056588
2017-07-11 17:43:21.487637996,-0.0612,-0.5887,0.2195,-2416.0857491240754,-50.41043367827449,-946.7237043374068,2595.4377918375194
2017-07-11 17:43:21.687518000,-3.3778,-0.9512,-0.8622,-2430.0027969759826,-50.957447343744136,-952.3460952704243,2610.4546232270945
2017-07-11 17:43:21.875049820,-0.4807,0.772,-0.4401,-2443.0769829925302,-51.44351776921793,-957.6366237351567,2624.5646274129404
2017-07-11 17:43:21.887526988,-0.375,0.8812,-0.3049,-2443.946914097981,-51.47572060184276,-957.988669131979,2625.5034867479767
2017-07-11 17:43:22.487711012,-0.7385,-0.3071,-0.0496,-2486.0588714324513,-53.13538389581374,-974.9408294212388,2670.921508042182
2017-07-11 17:43:22.687285006,0.1852,0.5497,-0.2384,-2500.0546193064365,-53.66536292343935,-980.5872798419862,2686.020194280203
2017-07-11 17:43:22.875099890,-3.2697,0.1771,-0.9152,-2513.3410597755037,-54.15786792669664,-985.9333186137087,2700.3482860854187
2017-07-11 17:43:22.887306988,-3.03,-0.3882,-1.0212,-2514.2050684085907,-54.189936318872896,-986.2809385575321,2701.280023428081
2017-07-11 17:43:23.287369012,-3.1668,-0.6523,-0.6988,-2543.0279836401705,-55.34531095561809,-997.7852955162797,2732.330493364643
2017-07-11 17:43:23.487010002,-0.1698,0.945,-0.3404,-2557.4181093233947,-55.88420747881128,-1003.5398255150484,2747.8359870879403
2017-07-11 17:43:23.687295973,-3.6339,0.0913,-0.7546,-2572.000497220377,-56.42118256617873,-1009.3432170776862,2763.53824605428
2017-07-11 17:43:23.870249860,0.2182,-0.6003,0.3399,-2585.3136699904603,-56.931782926008964,-1014.6330251970161,2777.8711589933623
2017-07-11 17:43:23.887292981,0.2256,-0.4129,0.2314,-2586.5537968292197,-56.97946798092175,-1015.1257315516457,2779.206263399913
2017-07-11 17:43:24.286579012,0.1366,0.5634,-0.2106,-2615.585695241069,-58.00681037896068,-1026.7024258387378,2810.4752605961853
2017-07-11 17:43:24.486625015,-2.0222,-0.509,-0.5985,-2630.2118706926517,-58.541887811355316,-1032.5264080094485,2826.225826185507
2017-07-11 17:43:24.687457978,0.0209,-0.5416,0.2562,-2644.894741006763,-59.10091501114472,-1038.362967575539,2842.0342646760378
2017-07-11 17:43:24.867069950,-1.9929,-0.442,-0.9898,-2658.0904394580602,-59.61513179230663,-1043.6147391773782,2856.2441198373126
2017-07-11 17:43:24.887337982,-2.9717,-0.6518,-1.2723,-2659.5807081607045,-59.67342553550573,-1044.2078897801396,2857.8489424766362
2017-07-11 17:43:25.287451982,-3.0582,-0.5304,-0.8612,-2689.48989799632,-60.90912269587609,-1056.0552277479253,2890.0377984908014
2017-07-11 17:43:25.487492024,0.1353,-0.3118,0.3343,-2704.437811108012,-61.53939589814448,-1061.9650172520783,2906.121241322428
2017-07-11 17:43:25.687362015,-2.0792,-0.3473,-0.8629,-2719.456077135166,-62.18300725976082,-1067.9042540746545,2922.281228377926
2017-07-11 17:43:25.873050090,0.0042,0.7642,-0.2352,-2733.4085667012273,-62.75460106108637,-1073.430177875275,2937.2968660391375
2017-07-11 17:43:25.887293994,0.0079,0.5222,-0.0998,-2734.4788434237103,-62.79834137049572,-1073.8540849462897,2938.4487017075166
2017-07-11 17:43:26.287331998,0.1081,-0.4826,0.2884,-2764.5201126157826,-64.10401236957946,-1085.7133015601887,2970.7665930940757
2017-07-11 17:43:26.487043023,-1.8527,0.0661,-0.7795,-2779.5915133604108,-64.75320630801102,-1091.6648697823846,2986.980774425804
2017-07-11 17:43:26.687349021,-0.0073,0.3772,-0.1325,-2794.7081072570727,-65.38920010094415,-1097.6394849655699,3003.2451766736817
2017-07-11 17:43:26.873039960,-1.5957,-0.5737,-0.3072,-2808.7767606471148,-65.99857127947621,-1103.188762951512,3018.378397296257
2017-07-11 17:43:26.887299001,-1.8374,-0.3255,-0.3442,-2809.857453529178,-66.04543052758918,-1103.6149570239077,3019.540839500922
2017-07-11 17:43:27.287141025,-1.86,0.4635,-0.4377,-2840.4588501239245,-67.28532325404213,-1115.635968890902,3052.437945160535
2017-07-11 17:43:27.487370014,-0.06,0.6111,-0.0506,-2855.78552454496,-67.88172463443625,-1121.6577626065257,3068.914307561447
2017-07-11 17:43:27.687456011,-1.4718,-0.3871,-0.2525,-2871.160176177802,-68.49319741798753,-1127.6853645918209,3085.4377901485022
2017-07-11 17:43:27.865780110,0.2373,-0.5311,0.3587,-2884.8550928061077,-69.05505346225897,-1133.0459816930427,3100.1533354866115
2017-07-11 17:43:27.887344002,0.1178,-0.4948,0.1931,-2886.5110996873336,-69.12322614569679,-1133.6941260371575,3101.9327395064715
2017-07-11 17:43:28.287293970,-0.2919,0.371,-0.1861,-2917.272094374223,-70.32829386367854,-1145.7451618855116,3134.988758754391
2017-07-11 17:43:28.487295985,-1.0671,-0.3027,-0.1316,-2932.697355588916,-70.94301741229778,-1151.776758396509,3151.5609453697944
2017-07-11 17:43:28.687295973,-0.0295,-0.4734,0.2133,-2948.12364047002,-71.5766707284843,-1157.7997617789156,3168.1313905307165
2017-07-11 17:43:28.871099820,-1.4236,0.4983,-0.3461,-2962.3487885457666,-72.14217585478772,-1163.3467106638616,3183.408614637471
2017-07-11 17:43:28.887404024,-1.6137,0.3137,-0.5163,-2963.611050274163,-72.19225523940722,-1163.838886503006,3184.764219335591
2017-07-11 17:43:29.287304997,-1.4908,-0.2607,-0.4286,-2994.809554487667,-73.46226749536406,-1175.979259656085,3218.261672322102
2017-07-11 17:43:29.487280011,0.2286,-0.536,0.0656,-3010.4015784060034,-74.11878616152696,-1182.0475675050657,3235.003509978939
2017-07-11 17:43:29.687352001,-1.4422,0.2017,-0.718,-3026.058893066584,-74.76754939103647,-1188.147558802045,3251.817527512354
2017-07-11 17:43:29.873060220,-0.1143,0.2895,-0.2817,-3040.5960638566694,-75.35975180992389,-1193.819328484652,3267.4314231207773
2017-07-11 17:43:29.887374997,-0.2631,0.2487,-0.2108,-3041.716673225488,-75.40534904617634,-1194.2565635215396,3268.63504025105
2017-07-11 17:43:30.287294983,-0.0944,-0.725,0.2083,-3073.0388661587494,-76.79517830864222,-1206.4385302954834,3302.2657827187736
2017-07-11 17:43:30.487451970,-1.5305,0.3721,-0.5308,-3088.7767075670267,-77.4758701717694,-1212.5567796632606,3319.162244237966
2017-07-11 17:43:30.687313973,0.1447,0.4623,-0.1039,-3104.4855751084306,-78.13709236588541,-1218.6701624471452,3336.029534656231
2017-07-11 17:43:30.875049820,-1.0707,-0.1794,-0.3568,-3119.279080686153,-78.76451936956865,-1224.4252054647295,3351.9133217455246
2017-07-11 17:43:30.887293994,-1.5806,-0.4376,-0.4098,-3120.244153397368,-78.80550590421514,-1224.8006120967775,3352.9495110967473
2017-07-11 17:43:31.286679983,-1.2657,0.2633,-0.626,-3151.925221042182,-80.10042441006132,-1237.145647648543,3386.971808345651
2017-07-11 17:43:31.487290024,-0.2382,0.5494,-0.1515,-3167.8480852727807,-80.72874671124475,-1243.3526083902027,3404.0717281959132
2017-07-11 17:43:31.687516987,-1.474,-0.334,-0.2233,-3183.799637645549,-81.36925952934234,-1249.556668818018,3421.197591144929
2017-07-11 17:43:31.872970220,-0.0635,-0.607,0.0775,-3198.5763899874655,-81.9833886531164,-1255.3002977074593,3437.0613954401124
2017-07-11 17:43:31.887781023,-0.0883,-0.6842,0.0239,-3199.756521261037,-82.03258477259818,-1255.7589943952153,3438.328342715612
2017-07-11 17:43:32.487558007,-0.1699,0.5075,-0.1447,-3247.608132726095,-83.84226231947977,-1274.3863886606437,3489.7061160365693
2017-07-11 17:43:32.687556982,0.1759,-0.5484,0.2393,-3263.5574830891387,-84.46764514931165,-1280.5882250978375,3506.828828266845
2017-07-11 17:43:32.872939820,-1.5137,0.2998,-0.5909,-3278.3932590487207,-85.03702117369286,-1286.3571320972305,3522.7557859215276
2017-07-11 17:43:32.887027025,-1.8664,-0.0402,-0.8241,-3279.520997099953,-85.08029592224037,-1286.7956737351892,3523.9664772976043
2017-07-11 17:43:33.287495970,-1.7313,-0.2594,-0.1463,-3311.8578226949417,-86.35210533786265,-1299.2859323791515,3558.6518315115236
2017-07-11 17:43:33.487487018,0.1998,-0.5508,0.2124,-3327.9985883126933,-87.00926700580104,-1305.5149742750593,3575.9634456202953
2017-07-11 17:43:33.687677025,-1.5189,0.1128,-0.7523,-3344.2162828975993,-87.66256186695543,-1311.7803622721394,3593.3598470502975
2017-07-11 17:43:33.874980090,-0.0588,0.4387,-0.1439,-3359.3920497100503,-88.2584111512044,-1317.6474733465789,3609.639781863372
2017-07-11 17:43:33.887553989,-0.0194,0.4053,-0.2113,-3360.4108217928388,-88.29834721153418,-1318.0413735709742,3610.732689051845
2017-07-11 17:43:34.286993980,0.124,-0.5327,0.2511,-3392.7547704321105,-89.65200524828752,-1330.514493215632,3645.420583552978
2017-07-11 17:43:34.487640023,-1.8439,-0.356,-1.0152,-3409.0759630795314,-90.34630468452612,-1336.820841044762,3662.929338366823
2017-07-11 17:43:34.687481999,0.1653,0.522,-0.1541,-3425.3251487827965,-91.01697477433699,-1343.1080711402246,3680.363535758794
2017-07-11 17:43:34.875430100,-2.227,-0.3528,-0.6082,-3440.6859090847456,-91.66019147435148,-1349.042592287826,3696.841493962392
2017-07-11 17:43:34.887569010,-2.6124,-0.3682,-0.4546,-3441.6783917732573,-91.70178884508528,-1349.4259492238643,3697.90613224769
2017-07-11 17:43:35.287492990,-1.5427,0.3167,-0.6274,-3474.623092700218,-93.02158749193644,-1362.156229029445,3733.246341235583
2017-07-11 17:43:35.487492978,-0.2533,0.5189,-0.2551,-3491.108705339237,-93.66085621595712,-1368.5327824738147,3750.9324607606613
2017-07-11 17:43:35.687717974,-2.4254,-0.1973,-0.2336,-3507.7100993579134,-94.3087539095785,-1374.9258748317536,3768.732604402088
2017-07-11 17:43:35.874919890,0.1831,-0.4317,0.3159,-3523.225285050085,-94.92963962858636,-1380.8920756381817,3785.3653681324595
2017-07-11 17:43:35.887871980,-0.0475,-0.6546,0.2021,-3524.2987546889267,-94.97270716326209,-1381.304830083393,3786.5161508990755
2017-07-11 17:43:36.287683010,-0.1311,0.4126,-0.1438,-3557.4560619945255,-96.23618185525557,-1394.068909090202,3822.065300202447
2017-07-11 17:43:36.487209975,-1.7131,-0.155,-0.4296,-3574.0715218100995,-96.87289362174837,-1400.4559660887255,3839.8761065281933
2017-07-11 17:43:36.687484979,-0.0115,-0.5355,0.2901,-3590.7497352836954,-97.53347140660486,-1406.8553326277322,3857.7504282194873
2017-07-11 17:43:36.875689980,-2.0724,0.0967,-0.6667,-3606.4962071571135,-98.1508128308115,-1412.8926428685334,3874.6243810942533
2017-07-11 17:43:36.886551976,-1.4799,0.4105,-0.5822,-3607.405167996347,-98.18639342059097,-1413.2411467184772,3875.598425110353
2017-07-11 17:43:37.287549972,-2.2804,-0.1849,-0.6183,-3641.3284383602722,-99.52967249882673,-1426.2064681626941,3911.9360732951773
2017-07-11 17:43:37.487676978,0.0307,-0.5243,0.2784,-3658.2573745350887,-100.22106456846404,-1432.6659512557324,3930.0665398961237
2017-07-11 17:43:37.687649011,-1.2197,0.2785,-0.8627,-3675.221975750999,-100.90078435788351,-1439.1549306476784,3948.240678293895
2017-07-11 17:43:37.874879950,0.129,0.4911,-0.2459,-3691.1011657772046,-101.51998050370487,-1445.2390888729658,3965.2553696388427
2017-07-11 17:43:37.887607991,0.0879,0.4104,-0.1006,-3692.180625809819,-101.56200724206822,-1445.6527089036758,3966.4120272206924
2017-07-11 17:43:38.287485003,0.0069,-0.5127,0.2697,-3726.0929308768527,-102.96434333258756,-1458.6042887466692,4002.7361462727645
2017-07-11 17:43:38.487510979,-1.6885,0.1568,-0.8909,-3743.1240590098387,-103.65954449868778,-1465.118556983377,4020.9818960449225
2017-07-11 17:43:38.687569975,-0.0343,0.518,-0.1089,-3760.15937142647,-104.33412820182102,-1471.6382591563467,4039.233005738424
2017-07-11 17:43:38.876190060,-2.0453,-0.0486,-0.6907,-3776.2934107877363,-104.9718698362295,-1477.809753232325,4056.5173097824168
2017-07-11 17:43:38.887493014,-1.9939,-0.2312,-0.4443,-3777.2604888840333,-105.01011568739591,-1478.179633354943,4057.553321121791
2017-07-11 17:43:39.287501990,-1.7875,0.2417,-0.806,-3811.771175996316,-106.32495394176863,-1491.3985727099284,4094.5297894469236
2017-07-11 17:43:39.487671971,0.0287,0.4455,-0.1117,-3829.0396474727063,-106.9650667445799,-1498.0179869675023,4113.033434911483
2017-07-11 17:43:39.687583982,-1.627,-0.242,-0.4234,-3846.3508868750037,-107.61402608355858,-1504.6457915254275,4131.580191830872
2017-07-11 17:43:39.874530070,0.0801,-0.5647,0.2733,-3862.5365519303846,-108.24063073086845,-1510.8341774297478,4148.918480860898
2017-07-11 17:43:39.887605011,0.0608,-0.503,0.2847,-3863.6685610287814,-108.28454122055966,-1511.2669422052315,4150.131089731011
2017-07-11 17:43:40.287472009,-0.1218,0.3658,-0.1896,-3898.3079307143125,-109.56895346846811,-1524.5323733300309,4187.243608337778
2017-07-11 17:43:40.487065017,-2.603,-0.4833,-0.4389,-3915.7018164366177,-110.22931930209953,-1531.1712778579806,4205.871693265984
2017-07-11 17:43:40.687509000,0.2496,-0.4125,0.3371,-3933.1598335040385,-110.90907397775172,-1537.8249437618883,4224.56538075059
2017-07-11 17:43:40.869929790,-1.5963,0.1576,-0.719,-3949.101209878363,-111.52246307890046,-1543.9042626689743,4241.636240641265
2017-07-11 17:43:40.887552022,-1.5633,0.0162,-0.7529,-3950.6416658376174,-111.58171272541632,-1544.4917714699125,4243.2858591668355
2017-07-11 17:43:41.287629008,-1.3322,-0.404,-0.3006,-3985.827823712398,-112.991520495084,-1557.8780800533134,4280.954874358558
2017-07-11 17:43:41.487486004,-0.0481,-0.5816,0.2217,-4003.406861516336,-113.71901555675335,-1564.5563062537478,4299.771499600141
2017-07-11 17:43:41.687569975,-1.8639,0.018,-0.7892,-4021.080482224226,-114.44661622041701,-1571.2737113426513,4318.690466848188
2017-07-11 17:43:41.874779820,0.0092,0.5198,-0.1331,-4037.6165958481884,-115.10918272304723,-1577.5635591303571,4336.393049772117
2017-07-11 17:43:41.887708008,-0.0947,0.3076,-0.1442,-4038.7585494076943,-115.154886299903,-1577.9979425181145,4337.615563284036
2017-07-11 17:43:42.487187027,0.0596,-0.4659,0.249,-4091.689423703211,-117.44159027289378,-1598.0507802426494,4394.255473160918
2017-07-11 17:43:42.687173008,-0.3299,0.1949,-0.2937,-4109.360338116557,-118.19663897297751,-1604.7521459103134,4413.166922262706
2017-07-11 17:43:42.876579880,-1.5527,-0.386,-0.3474,-4126.152177413384,-118.92559389664856,-1611.1114773024601,4431.134762152083
2017-07-11 17:43:42.887241005,-1.0545,-0.2352,-0.3128,-4127.097457787905,-118.96665123972258,-1611.4694598830358,4432.146241982806
2017-07-11 17:43:43.287177026,-2.0614,-0.244,-1.0042,-4162.887943487316,-120.54588303832745,-1625.0592569466894,4470.456903778145
2017-07-11 17:43:43.487169027,-0.2565,0.341,-0.1972,-4180.795592438853,-121.3219547602249,-1631.8628580430222,4489.6266203241585
2017-07-11 17:43:43.686505019,-1.1,-0.2991,-0.3102,-4198.688209468147,-122.107365520096,-1638.656467875685,4508.778982025168
2017-07-11 17:43:43.871469970,0.128,-0.472,0.2628,-4215.286486972502,-122.85230051500082,-1644.951304461926,4526.5436758133455
2017-07-11 17:43:43.887278974,0.0131,-0.6678,0.1852,-4216.705142931175,-122.91613720858233,-1645.4892795482253,4528.0620146279625
2017-07-11 17:43:44.287313997,0.2236,0.43,-0.1111,-4252.56738871741,-124.46266494910884,-1659.120115879817,4566.453756413844
2017-07-11 17:43:44.487335979,-1.191,-0.3241,-0.0184,-4270.546562853662,-125.2489129521426,-1665.9364225357062,4585.695083586346
2017-07-11 17:43:44.687332987,0.0809,-0.4897,0.1026,-4288.520256273988,-126.0546502011093,-1672.747774255714,4604.93006239911
2017-07-11 17:43:44.871999850,-1.7151,0.156,-0.4956,-4305.1747205355005,-126.79330629318933,-1679.053923994498,4622.751128553213
2017-07-11 17:43:44.887230992,-1.6257,-0.0166,-0.4138,-4306.548741579014,-126.85423377522986,-1679.5741450452995,4624.221379748935
2017-07-11 17:43:45.287047982,-1.9792,-0.3993,-0.9209,-4342.933132288814,-128.5174077813596,-1693.3771401819472,4663.165347114077
2017-07-11 17:43:45.487275004,0.1634,-0.4581,0.24,-4361.147763586364,-129.3686854283425,-1700.280012541588,4682.659307877546
2017-07-11 17:43:45.687309980,-1.7929,-0.0099,-0.7768,-4379.416665564916,-130.21954271831976,-1707.2073469401657,4702.212711626302
2017-07-11 17:43:45.863069890,0.0454,0.4932,-0.3483,-4395.467158770958,-130.9519092707132,-1713.3047803802601,4719.395429167759
2017-07-11 17:43:45.887169003,0.04,0.6144,-0.1404,-4397.667880007411,-131.05197002435972,-1714.1409043228414,4721.751416748755
2017-07-11 17:43:46.287312984,0.051,-0.6081,0.2531,-4434.200700375937,-132.81075442042973,-1727.9834612094533,4760.850910280386
2017-07-11 17:43:46.487336993,-1.9237,-0.017,-1.0204,-4452.539696363787,-133.69061588486485,-1734.9439055837267,4780.48253673132
2017-07-11 17:43:46.687186002,0.1261,0.489,-0.0942,-4470.857611269344,-134.55017708561883,-1741.9020226130124,4800.093143552747
2017-07-11 17:43:46.874040120,-1.4489,-0.3884,-0.4511,-4488.0350179766165,-135.367407346897,-1748.4234481211142,4818.481836792156
2017-07-11 17:43:46.887171983,-1.6499,-0.2367,-0.3855,-4489.242508169602,-135.4248820386151,-1748.8818318533908,4819.7744612812485
2017-07-11 17:43:47.287181019,-1.6902,-0.2641,-0.8738,-4526.294252046215,-137.21787371863334,-1762.9844505996443,4859.4529089220105
2017-07-11 17:43:47.487269997,-0.0466,0.3517,-0.1445,-4544.829812942431,-138.10066762007406,-1770.0445228175254,4879.303990915484
2017-07-11 17:43:47.687169015,-1.2081,-0.3668,-0.3305,-4563.3960518055255,-138.99728060439298,-1777.1110990143168,4899.1864251005545
2017-07-11 17:43:47.872799750,0.0186,-0.513,0.1763,-4580.636438871564,-139.8475729853926,-1783.667205911227,4917.647428418494
2017-07-11 17:43:47.887363970,-0.0142,-0.4908,0.2039,-4581.989088524353,-139.91438934917707,-1784.181541829564,4919.0958333730905
2017-07-11 17:43:48.287379026,-0.0108,0.4724,-0.1436,-4619.142152366819,-141.67395124985194,-1798.3310646935604,4958.884990648259
2017-07-11 17:43:48.486947000,-1.8092,-0.4637,-0.4417,-4637.749914569265,-142.57026667115196,-1805.4078697644452,4978.809910735024
2017-07-11 17:43:48.687218010,0.1335,-0.4008,0.2847,-4656.417873522694,-143.48581510093197,-1812.4981860476983,4998.796381772615
2017-07-11 17:43:48.873889920,-1.4094,0.2463,-0.6377,-4673.867325479885,-144.33061193065674,-1819.12926667924,5017.479286516061
2017-07-11 17:43:48.887528002,-1.492,0.0019,-0.7502,-4675.142444267628,-144.39233167450163,-1819.6138670066077,5018.844552747359
2017-07-11 17:43:49.287419974,-1.814,-0.3634,-0.6624,-4712.821198928879,-146.26017309522894,-1833.929107111688,5059.1868577093255
2017-07-11 17:43:49.487161993,0.1377,-0.451,0.3305,-4731.635864213282,-147.21113459351216,-1841.0662396839407,5079.3281020782315
2017-07-11 17:43:49.687173008,-1.4192,-0.0589,-0.9841,-4750.53264178302,-148.16573302746244,-1848.2523522910026,5099.563728677067
2017-07-11 17:43:49.871369830,-0.078,0.3745,-0.2452,-4767.9379616233155,-149.03214838721252,-1854.8786025928816,5118.20453064339
2017-07-11 17:43:49.887228012,0.0444,0.4495,-0.1706,-4769.436438470495,-149.10662823163426,-1855.449123759786,5119.809388839948
2017-07-11 17:43:50.287500023,0.0758,-0.4249,0.2522,-4807.2469360017185,-151.05462999679213,-1869.8090847456695,5160.293268636853
2017-07-11 17:43:50.487262010,-1.8493,-0.2455,-0.9709,-4826.190650270927,-152.0366072864657,-1877.0143907558931,5180.5805027836805
2017-07-11 17:43:50.687177002,0.0772,0.6932,-0.1947,-4845.1457888470995,-152.99163227441053,-1884.2329969540701,5200.882438734728
2017-07-11 17:43:50.872619740,-2.2207,-0.1618,-0.725,-4862.8050939549585,-153.8830851973613,-1890.9539655587046,5219.795042486471
2017-07-11 17:43:50.887202024,-2.8241,-0.4304,-0.7955,-4864.194333394181,-153.95327609209414,-1891.4826378757623,5221.282858994425
2017-07-11 17:43:51.287186980,-2.371,-0.3159,-1.0269,-4902.6798268275015,-155.92911838567332,-1906.1481539807041,5262.507402300344
2017-07-11 17:43:51.487299025,0.1874,0.6862,-0.211,-4921.926573563081,-156.8901514057893,-1913.4937454367125,5283.127296306607
2017-07-11 17:43:51.687170028,-3.1872,-0.6075,-0.6154,-4941.277460512279,-157.87429549165245,-1920.8550731256648,5303.850624489369
2017-07-11 17:43:51.871689910,0.1181,-0.6215,0.2313,-4959.138078798961,-158.80401282533495,-1927.6431377807417,5322.976354044461
2017-07-11 17:43:51.887174010,0.1834,-0.4086,0.2226,-4960.6368196554995,-158.88212859515664,-1928.2127090538363,5324.581245381226
2017-07-11 17:43:52.488102972,-0.1306,0.7484,-0.3001,-5018.84924683564,-161.64349749661827,-1950.425811409163,5386.941361158176
2017-07-11 17:43:52.687680006,0.0236,-0.5318,0.2745,-5038.181479783441,-162.58176940771108,-1957.7921642437996,5407.647881782895
2017-07-11 17:43:52.873979920,-2.0442,-0.2688,-0.6743,-5056.298560355452,-163.46695098631966,-1964.6918643140343,5427.051750003783
2017-07-11 17:43:52.887561023,-2.229,-0.3721,-0.9795,-5057.619691029539,-163.53154859219822,-1965.1950271616336,5428.466726549543
2017-07-11 17:43:53.287526011,-2.9423,-0.3344,-0.5768,-5096.997821340416,-165.48744987608862,-1980.1055006135996,5470.6115453736675
2017-07-11 17:43:53.487598001,0.1434,-0.5177,0.3015,-5116.689957599887,-166.48656108006693,-1987.552005017388,5491.684338149129
2017-07-11 17:43:53.686883985,-1.6305,0.0588,-0.9814,-5136.369486169873,-167.4794119235677,-1995.0082311718309,5512.748742171965
2017-07-11 17:43:53.874890080,-0.1497,0.3462,-0.1749,-5154.940414909939,-168.40382901702125,-2002.048605681686,5532.627689480961
2017-07-11 17:43:53.887504994,-0.2435,0.5387,-0.0354,-5156.186533840937,-168.46577022702334,-2002.5210093986304,5533.961572019064
2017-07-11 17:43:54.287496984,0.1841,-0.5551,0.1761,-5195.6688498489375,-170.51860619417693,-2017.4717478057503,5576.22126942102
2017-07-11 17:43:54.487534999,-1.9358,-0.1568,-0.8912,-5215.491616991864,-171.55151421701797,-2024.9843491687063,5597.440874481907
2017-07-11 17:43:54.687615990,-0.1781,0.4161,-0.2583,-5235.325772612488,-172.5679866660841,-2032.5089049023466,5618.6749420045535
2017-07-11 17:43:54.874969950,-1.7365,-0.6196,-0.6147,-5253.959243338521,-173.54155080987718,-2039.5764050861121,5638.623618641678
2017-07-11 17:43:54.887492001,-2.1133,-0.2064,-0.5549,-5255.20496749649,-173.60665262764547,-2040.0488578662937,5639.957257171186
2017-07-11 17:43:55.287494003,-1.7648,0.0374,-0.9741,-5295.280512550393,-175.68026858224422,-2055.2966566685577,5682.878109750202
2017-07-11 17:43:55.487487971,0.1171,0.6484,-0.1104,-5315.312896735135,-176.69110566480947,-2062.92470371024,5704.33425302181
2017-07-11 17:43:55.687556982,-2.394,-0.6875,-0.7286,-5335.4486236939465,-177.72984102134936,-2070.5847771119543,5725.899163596479
2017-07-11 17:43:55.878750080,0.0502,-0.4934,0.2281,-5354.689209038267,-178.74052979436624,-2077.8966788994235,5746.503224619585
2017-07-11 17:43:55.887642979,-0.0411,-0.2855,0.1229,-5355.584143036408,-178.78756219304537,-2078.236765160358,5747.461575130549
2017-07-11 17:43:56.287512004,0.2513,0.461,-0.1979,-5395.784650622919,-180.8286613510955,-2093.5603803231024,5790.52554322339
2017-07-11 17:43:56.487523019,-2.3991,-0.4465,-0.8463,-5415.988570103589,-181.86746339828917,-2101.258975330495,5812.168033285223
2017-07-11 17:43:56.687866985,0.2221,-0.4176,0.2151,-5436.2172077236955,-182.92475620663419,-2108.961752286318,5833.835673773392
2017-07-11 17:43:56.874919890,-1.604,-0.4178,-1.2141,-5455.1599750776,-183.9265252475425,-2116.1959975922214,5854.133994076632
2017-07-11 17:43:56.887668013,-1.6266,0.0047,-0.707,-5456.451236365063,-183.99479754770573,-2116.689144389105,5855.51766407797
2017-07-11 17:43:57.287567973,-1.7109,-0.3653,-0.1965,-5497.23083301999,-186.1948720013274,-2132.1902487383068,5899.190674887528
2017-07-11 17:43:57.487514019,0.005,-0.4784,0.1919,-5517.620030287682,-187.31401326174824,-2139.932976562359,5921.024445345171
2017-07-11 17:43:57.687650978,-1.6899,-0.0028,-0.7884,-5538.096384231869,-188.43433525696412,-2147.714676523966,5942.953591565584
2017-07-11 17:43:57.874919890,0.0413,0.3637,-0.0719,-5557.254737943116,-189.4698699691632,-2154.9985642149177,5963.471964031163
2017-07-11 17:43:57.887502014,0.1656,0.5784,-0.3128,-5558.541913000599,-189.53935335790885,-2155.4879997041285,5964.850533074924
2017-07-11 17:43:58.287490010,0.1307,-0.4551,0.0817,-5599.4405299716855,-191.82105447391712,-2171.0341711492124,6008.653670992082
2017-07-11 17:43:58.487496018,-2.5,-1.2433,-0.804,-5619.991072483146,-193.0117085299967,-2178.839885591762,6030.6630167391595
2017-07-11 17:43:58.688390970,-0.1521,0.9228,-0.2379,-5640.639092228807,-194.17041146721294,-2186.6898945614016,6052.778222638438
2017-07-11 17:43:58.877100220,-2.2303,-0.2538,-0.3083,-5660.11408692119,-195.26786898065905,-2194.0747238038475,6073.630290959014
2017-07-11 17:43:58.887650012,-3.1916,-0.683,-0.1817,-5661.203191860808,-195.32929836757648,-2194.487592959468,6074.796367779649
2017-07-11 17:43:59.287519991,-2.3182,-0.6071,-0.8342,-5702.854332500153,-197.7547363436106,-2210.270005272472,6119.391143706151
2017-07-11 17:43:59.487487018,0.0704,0.4575,-0.1135,-5723.68042482904,-198.94935569077816,-2218.1670144157333,6141.690594253582
2017-07-11 17:43:59.686731994,-1.6667,-0.6327,-0.2105,-5744.497482846856,-200.16477872551806,-2226.043865188115,6163.975061501932
2017-07-11 17:43:59.869420170,0.2287,-0.48,0.15,-5763.577058287886,-201.2952228823532,-2233.261161502661,6184.3993798148185
2017-07-11 17:43:59.887520015,0.2136,-0.419,0.1448,-5765.467298706654,-201.40735898983013,-2233.9761682495246,6186.422844990301
2017-07-11 17:44:00.287497997,-0.0671,0.5593,-0.2185,-5807.249360748495,-203.79591167404087,-2249.8116440035083,6231.158026003082
2017-07-11 17:44:00.487702012,-0.9913,-0.3636,-0.1934,-5828.202586308373,-205.0060457642837,-2257.745646658094,6253.590030602829
2017-07-11 17:44:00.687529981,-0.0939,-0.634,0.2457,-5849.120204673074,-206.23922323444995,-2265.6549356645205,6275.980726023315
2017-07-11 17:44:00.871390100,-2.1697,-0.2717,-0.5442,-5868.439684057556,-207.3830446744148,-2272.9506057699873,6296.657566432379
2017-07-11 17:44:00.887524008,-1.3333,0.287,-0.6952,-5870.135334618148,-207.48334143453354,-2273.59098902837,6298.472367891785
2017-07-11 17:44:01.287495970,-1.2809,-0.1498,-0.4606,-5912.376728687007,-209.99373973509785,-2289.540267163007,6343.681154314777
2017-07-11 17:44:01.487482011,-0.082,-0.4232,0.1744,-5933.500711600251,-211.26586489906907,-2297.50793359663,6366.286725020456
2017-07-11 17:44:01.687600970,-1.4326,0.0862,-0.7185,-5954.6961064697425,-212.53538346078858,-2305.5096698302796,6388.971110226565
2017-07-11 17:44:01.874890080,-0.0902,0.2345,-0.1822,-5974.53580496862,-213.7152861698572,-2313.004796923604,6410.206197852476
2017-07-11 17:44:01.887488007,-0.211,0.3373,-0.1995,-5975.87034783235,-213.794598321061,-2313.508985308943,6411.634609791672
2017-07-11 17:44:02.486945986,-0.0943,-0.5628,0.1609,-6039.406933657909,-217.77081862770353,-2337.4423948300255,6479.621685631788
2017-07-11 17:44:02.687152981,0.2577,0.5172,-0.2084,-6060.616555276051,-219.07806596760884,-2345.4440289714157,6502.32081045775
2017-07-11 17:44:02.875170230,-1.1941,-0.4598,-0.4413,-6080.57702593642,-220.32197477222076,-2352.974078067918,6523.683449783021
2017-07-11 17:44:02.886956989,-0.7382,-0.347,-0.2702,-6081.828445903618,-220.40000334297233,-2353.446172688339,6525.022781156966
2017-07-11 17:44:03.286911010,-1.482,0.1227,-0.8153,-6124.529300450928,-223.0280791495952,-2369.595934247986,6570.7370642703145
2017-07-11 17:44:03.486898005,-0.2483,0.2832,-0.1739,-6145.890724422206,-224.33085613366376,-2377.6781732877894,6593.606799414242
2017-07-11 17:44:03.686914026,-1.5149,-0.3366,-0.4415,-6167.315854487022,-225.64728835920508,-2385.7792482086443,6616.543219002945
2017-07-11 17:44:03.868880150,0.0177,-0.4828,0.1863,-6186.806946400045,-226.8609090850657,-2393.1430951472753,6637.407621801288
2017-07-11 17:44:03.886910974,-0.454,-0.6715,-0.0126,-6188.738444957937,-226.98138374582564,-2393.8727747744474,6639.475201435265
2017-07-11 17:44:04.287038981,-0.5293,0.5457,-0.0785,-6231.685713502181,-229.56750908462215,-2410.077905892606,6685.438174537717
2017-07-11 17:44:04.486670017,-1.1354,-0.3884,0.0381,-6253.158124303318,-230.87325210962038,-2418.1614179432886,6708.4121541024715
2017-07-11 17:44:04.687216997,-0.483,-0.74,0.0624,-6274.748480305214,-232.21474825184123,-2426.2795089663614,6731.509818460366
2017-07-11 17:44:04.869250290,-1.2418,0.483,-0.3981,-6294.386850297828,-233.41639814390402,-2433.6613621118927,6752.5178016471
2017-07-11 17:44:04.887076973,-1.3255,0.3077,-0.4395,-6296.310474646301,-233.53397900713244,-2434.3844132538748,6754.575573933943
2017-07-11 17:44:05.287059009,-0.7959,-0.2497,-0.0878,-6339.59867922278,-236.21212057382465,-2450.6217511058917,6800.871601971508
2017-07-11 17:44:05.486786007,-0.2706,-0.6525,0.082,-6361.225002318778,-237.57545236554722,-2458.7264310440623,6823.998922069589
2017-07-11 17:44:05.686941027,-0.9791,0.7262,-0.4744,-6382.936896123375,-238.9126127777157,-2466.867485025144,6847.2182559862695
2017-07-11 17:44:05.860559940,-1.0337,0.3719,-0.4659,-6401.8014347425515,-240.0612850613284,-2473.9432600608725,6867.392975828433
2017-07-11 17:44:05.887504994,-0.5556,0.173,-0.3382,-6404.729549187907,-240.2394294173103,-2475.041641386108,6870.524485676674
2017-07-11 17:44:06.286906003,-0.2366,-0.613,-0.024,-6448.170131761768,-242.9778131432992,-2491.326550999581,6916.982308025657
2017-07-11 17:44:06.486681997,-0.802,0.589,-0.2067,-6469.930641792599,-244.32401532565174,-2499.4803332542574,6940.2520610130905
2017-07-11 17:44:06.687159001,-1.4765,0.4151,-0.4353,-6491.826851075981,-245.65825800856462,-2507.680222124101,6963.664548246941
2017-07-11 17:44:06.869079820,-0.7094,-0.1782,-0.097,-6511.719821291941,-246.87490052758574,-2515.1243381424247,6984.933262661371
2017-07-11 17:44:06.887383997,-0.5991,-0.1691,-0.0673,-6513.721576592962,-246.99737110020885,-2515.8733591724417,6987.073438722163
2017-07-11 17:44:07.287057995,-0.6867,0.7777,-0.2277,-6557.539847357489,-249.54730213968622,-2532.2646998422565,7033.915496773733
2017-07-11 17:44:07.486950993,-1.3229,0.5438,-0.486,-6579.507981585765,-250.80089620342548,-2540.4820860000104,7057.398642458437
2017-07-11 17:44:07.687063992,-0.801,-0.2823,-0.0498,-6601.53237002211,-252.0671747285067,-2548.7105104138336,7080.938691933386
2017-07-11 17:44:07.870209930,-0.9249,-0.8449,-0.0416,-6621.720391212162,-253.25442879208185,-2556.242663476327,7102.513308658725
2017-07-11 17:44:07.886931002,-0.8282,-0.8373,-0.0168,-6623.563772336574,-253.3630582060984,-2556.9303474911535,7104.483280816015
2017-07-11 17:44:08.286909997,-0.5371,0.209,-0.332,-6667.744583272423,-255.9281084565588,-2573.4333139988835,7151.704415456233
2017-07-11 17:44:08.486679017,-0.9903,-0.1425,-0.103,-6689.850155831666,-257.214906509617,-2581.679810932176,7175.327536899379
2017-07-11 17:44:08.686900019,-0.3536,-0.6461,-0.0362,-6712.0199180327745,-258.53051712016446,-2589.946416956226,7199.018811689236
2017-07-11 17:44:08.869140020,-1.2049,0.5386,-0.4809,-6732.238724134412,-259.71009063877,-2597.4866054424183,7220.62492000293
2017-07-11 17:44:08.887269973,-1.1737,0.3733,-0.4579,-6734.250556380984,-259.8273165558998,-2598.236883597447,7222.774791853363
2017-07-11 17:44:09.286913990,-1.206,-0.2675,-0.1179,-6778.7905975093745,-262.4540866239118,-2614.7943214854704,7270.3530489337145
2017-07-11 17:44:09.486910998,-0.1659,-0.6343,0.2603,-6801.086757444689,-263.79399313107234,-2623.0698790518545,7294.166432395868
2017-07-11 17:44:09.687150001,-1.4915,0.2785,-0.6942,-6823.469698254104,-265.12435427502044,-2631.3832843918126,7318.074038679736
2017-07-11 17:44:09.869529840,-0.8623,0.3403,-0.5486,-6843.885003811609,-266.3247423262584,-2638.97347120403,7339.882273953119
2017-07-11 17:44:09.887708008,-0.7621,0.1845,-0.3562,-6845.920090504551,-266.444326467703,-2639.7301182038373,7342.056221633904
2017-07-11 17:44:10.286915004,-0.1723,-0.6297,0.0049,-6890.639668185918,-269.1708420315549,-2656.345905922051,7389.8268958674635
2017-07-11 17:44:10.486669003,-1.1307,0.6112,-0.621,-6913.061433110281,-270.5107398149292,-2664.6848428624994,7413.780395324179
2017-07-11 17:44:10.686896979,-0.1876,0.2207,-0.2016,-6935.543921595352,-271.84496877534247,-2673.0516488566714,7437.800366565512
2017-07-11 17:44:10.869079820,-1.2938,-0.1393,-0.1578,-6956.043163974635,-273.0635765405092,-2680.6696511236264,7459.697714677627
2017-07-11 17:44:10.887046992,-1.1911,-0.2657,-0.3391,-6958.0652175489795,-273.1838434195435,-2681.4210605289754,7461.857670032225
2017-07-11 17:44:11.287191987,-1.2644,0.3336,-0.4986,-7003.300610397625,-275.8088797106585,-2698.2354540902134,7510.1773976007
2017-07-11 17:44:11.486675024,-0.5808,0.2418,-0.3999,-7025.874781838201,-277.10790880597864,-2706.633794710876,7534.293048578865
2017-07-11 17:44:11.686909019,-1.1026,-0.2351,-0.1697,-7048.5781414734765,-278.4212541408366,-2715.070554950593,7558.5435322934245
2017-07-11 17:44:11.875009890,-0.0524,-0.5652,0.2402,-7069.90765127304,-279.6750155465697,-2722.9875932764785,7581.324010025403
2017-07-11 17:44:11.886345028,-0.1309,-0.7249,-0.0215,-7071.193004708052,-279.75066154443556,-2723.464684324035,7582.6968045166395
2017-07-11 17:44:12.482991993,-0.1064,0.3324,-0.2032,-7138.887951861729,-283.6141050247425,-2748.6496332685474,7655.013583023407
2017-07-11 17:44:12.681402981,-0.026,-0.5653,0.1919,-7161.400480756195,-284.92112163069527,-2757.017166364381,7679.061176143489
2017-07-11 17:44:12.874480000,-1.1731,0.4818,-0.5137,-7183.351527216343,-286.1750402453627,-2765.1789015101767,7702.509310255836
2017-07-11 17:44:12.882570981,-1.3926,0.3042,-0.5721,-7184.271487047144,-286.22756636564577,-2765.52096021526,7703.492013414184
2017-07-11 17:44:13.282567977,-0.9031,-0.1471,-0.063,-7229.896395274124,-288.8478563889861,-2782.4415302119523,7752.2136090014
2017-07-11 17:44:13.482702970,-0.1243,-0.5787,0.2061,-7252.729397148276,-290.1820748073135,-2790.8993340540865,7776.593626879433
2017-07-11 17:44:13.681585013,-1.6311,0.1849,-0.5044,-7275.483969096594,-291.50062677173105,-2799.3241386806003,7800.888105426825
2017-07-11 17:44:13.816619990,-0.6555,0.4015,-0.2901,-7290.945597640134,-292.38856310976445,-2805.0496196265476,7817.396123272281
2017-07-11 17:44:13.881653010,0.1353,0.2806,-0.0446,-7298.39136576972,-292.8150076615873,-2807.807207299868,7825.345900982202
2017-07-11 17:44:14.282591998,-0.0018,-0.4031,-0.0168,-7344.296008615862,-295.5089058095023,-2824.810877766041,7874.36129922478
2017-07-11 17:44:14.483000993,-1.1958,0.2407,-0.5038,-7367.289431167208,-296.8457809740233,-2833.330381764422,7898.913345043066
2017-07-11 17:44:14.682793021,-0.6078,0.2632,-0.3937,-7390.236329023959,-298.1680343995003,-2841.83937339913,7923.417709534488
2017-07-11 17:44:14.816109770,-1.5372,-0.2905,-0.1348,-7405.575601621395,-299.0555076784857,-2847.519628936674,7939.79547754113
2017-07-11 17:44:14.881617009,-0.9701,-0.2425,-0.1283,-7413.116952478156,-299.49262196546636,-2850.3112605871597,7947.847070997324
2017-07-11 17:44:15.281585991,-1.5306,0.2146,-0.2185,-7459.407201376552,-302.12718955343445,-2867.3911415950615,7997.247563600469
2017-07-11 17:44:15.482577025,-0.3118,0.3432,-0.2147,-7482.681413582097,-303.4372389892324,-2875.982737839625,8022.086511844901
2017-07-11 17:44:15.681351006,-1.9605,-0.323,-0.0776,-7505.776358614681,-304.74559986910197,-2884.48262962808,8046.725338099019
2017-07-11 17:44:15.816069840,0.211,-0.6029,0.1411,-7521.425101225318,-305.6432820619739,-2890.2408605360743,8063.420217322437
2017-07-11 17:44:15.881649971,0.0282,-0.5162,0.2018,-7529.042671991423,-306.08248715647073,-2893.043056818937,8071.546826613836
2017-07-11 17:44:16.281611979,-0.1742,0.2913,-0.2086,-7575.528800570562,-308.7145247986261,-2910.1665425709116,8121.145890303586
2017-07-11 17:44:16.481733977,-1.587,-0.3422,-0.2073,-7598.851809547573,-310.04517616579784,-2918.7426239112656,8146.025738933344
2017-07-11 17:44:16.681335985,-0.0296,-0.516,0.2097,-7622.115396126283,-311.3929279511833,-2927.2880668121807,8170.839864637192
2017-07-11 17:44:16.816339850,-1.392,0.2082,-0.595,-7637.875448675953,-312.30070578215015,-2933.0787520588037,8187.650704939589
2017-07-11 17:44:16.882686018,-2.0585,-0.3323,-0.6274,-7645.629614693932,-312.7482859585454,-2935.927282477738,8195.921711647325
2017-07-11 17:44:17.281696021,-1.6291,-0.4448,-0.3013,-7692.523021350027,-315.51087728213764,-2953.1064922031924,8245.92599420927
2017-07-11 17:44:17.482629001,0.0164,-0.4357,0.1617,-7716.136884843626,-316.919650695167,-2961.751049600423,8271.104869994713
2017-07-11 17:44:17.681352972,-1.6572,-0.2368,-0.558,-7739.556588028624,-318.3222879112088,-2970.3226069054144,8296.076280228604
2017-07-11 17:44:17.826010100,-0.152,0.3065,-0.1562,-7756.607671833194,-319.33689581134627,-2976.565368679729,8314.25763503823
2017-07-11 17:44:17.881704986,-0.2013,0.4424,-0.1501,-7763.173186496105,-319.7261608316459,-2978.9693791993486,8321.258396640473
2017-07-11 17:44:18.282576978,0.1134,-0.3593,0.2086,-7810.411204053954,-322.58569099733484,-2996.239070708009,8371.620707681695
2017-07-11 17:44:18.482636988,-2.0769,-0.4769,-0.8,-7834.069033196191,-324.0318615178636,-3004.8897380732747,8396.844443131022
2017-07-11 17:44:18.681746006,0.0178,0.4123,-0.1587,-7857.6136983799415,-325.45481223153143,-3013.5055757661194,8421.949282852887
2017-07-11 17:44:18.827770230,-1.9406,-0.486,-0.2787,-7874.922459883827,-326.5087506487606,-3019.830273055707,8440.402039683693
2017-07-11 17:44:18.883103013,-1.9768,-0.4473,-0.2572,-7881.487300396772,-326.90948776742306,-3022.2276704415262,8447.400308467119
2017-07-11 17:44:19.281584024,-1.798,-0.5543,-0.7988,-7929.049732813338,-329.8834261238917,-3039.6194524009175,8498.11385871433
2017-07-11 17:44:19.482710003,-0.0704,0.4502,-0.1369,-7953.058845700176,-331.36625560662753,-3048.403173073874,8523.71459541739
2017-07-11 17:44:19.681874990,-2.125,-0.3936,-0.4525,-7976.9181598209825,-332.8502402108561,-3057.119201049896,8549.15144446033
2017-07-11 17:44:19.826020240,0.1486,-0.3725,0.1646,-7994.183201789203,-333.93201076843076,-3063.4239883489818,8567.557538994208
2017-07-11 17:44:19.882577002,0.1808,-0.5238,0.2994,-8000.956727157345,-334.3581292138494,-3065.896774025708,8574.778535763882
2017-07-11 17:44:20.281570971,-0.108,0.3705,-0.2278,-8048.759466674362,-337.3053072766072,-3083.3779303280967,8625.747694196227
2017-07-11 17:44:20.481763005,-2.0495,-0.353,-0.3091,-8072.826246550497,-338.7981774352072,-3092.161348495941,8651.402754302926
2017-07-11 17:44:20.682129979,0.2082,-0.45,0.2227,-8096.905698856003,-340.31041827065616,-3100.9435014298506,8677.06999372544
2017-07-11 17:44:20.825989840,-1.8225,-0.1887,-0.6779,-8114.232027650186,-341.4000850922586,-3107.2629578806745,8695.539000318635
2017-07-11 17:44:20.881748974,-2.5153,-0.6151,-0.8572,-8120.955418771313,-341.8243451664856,-3109.715002656223,8702.705797300334
2017-07-11 17:44:21.281569004,-2.6093,-0.2973,-0.7442,-8169.582505884932,-344.9140208402631,-3127.416317641645,8754.528932277542
2017-07-11 17:44:21.481572985,0.0148,-0.36,0.2481,-8193.906885792254,-346.47398538829003,-3136.2612109154547,8780.449228751193
2017-07-11 17:44:21.681550979,-2.7893,-1.0958,-1.1406,-8218.339652622999,-348.07756960121867,-3145.1505689114674,8806.488331989041
2017-07-11 17:44:21.817940230,0.1515,0.4691,-0.2116,-8235.000501758623,-349.1625219760218,-3151.217236577627,8824.246018942433
2017-07-11 17:44:21.882569015,0.1691,0.8295,-0.0335,-8242.894629013266,-349.67316781093626,-3154.0920998217503,8832.659857792592
2017-07-11 17:44:22.484445989,0.0395,-0.3307,0.2751,-8316.39699555395,-354.5485243661244,-3180.7655597255716,8910.972628715976
2017-07-11 17:44:22.684301018,-0.0846,0.4387,-0.1642,-8340.807052810282,-356.1498783572631,-3189.6291194432783,8936.981534481545
2017-07-11 17:44:22.815820090,-2.8027,-0.9485,-0.9873,-8356.919116016934,-357.22009162577496,-3195.4790607581776,8954.149302600126
2017-07-11 17:44:22.884302973,-2.6518,-0.2643,-0.7995,-8365.321214546793,-357.778598558222,-3198.528914910202,8963.10168232234
2017-07-11 17:44:23.285660028,-2.6365,-0.9606,-1.0618,-8414.98802971611,-361.2065760669537,-3216.5742121170165,9016.03257496975
2017-07-11 17:44:23.484300017,-0.1435,0.6566,-0.2174,-8439.574836052758,-362.87724570933943,-3225.513784722477,9042.236586388528
2017-07-11 17:44:23.684297025,-3.056,-0.1254,-0.9601,-8464.451844726755,-364.56434446470126,-3234.5528313153727,9068.747665004435
2017-07-11 17:44:23.840569730,0.0523,-0.3,0.2212,-8483.888845485782,-365.88992796383934,-3241.610316324404,9089.459985326095
2017-07-11 17:44:23.884406983,0.1213,-0.4334,0.1467,-8489.341034287607,-366.2626104075083,-3243.589783566669,9095.269879463718
2017-07-11 17:44:24.284389972,-0.2282,0.7548,-0.2802,-8539.12479293673,-369.5423084004349,-3261.695807882547,9148.326256217759
2017-07-11 17:44:24.484220027,-2.9392,-0.0077,-0.5733,-8564.113947027952,-371.18114113538434,-3270.764405205689,9174.950840826003
2017-07-11 17:44:24.684367001,-0.1284,-0.3751,0.1537,-8589.147876034922,-372.8375990250888,-3279.841227764503,9201.620921934666
2017-07-11 17:44:24.842999810,-3.0891,-0.9325,-0.963,-8609.067042805022,-374.17394284381476,-3287.0595836026314,9222.841329718776
2017-07-11 17:44:24.884298026,-2.5638,-0.5647,-1.0325,-8614.257140023647,-374.5228076117339,-3288.9405599814,9228.37057204361
2017-07-11 17:44:25.284380972,-2.6621,-0.0784,-0.6627,-8664.963133672512,-377.91503898069203,-3307.268889700919,9282.372185674041
2017-07-11 17:44:25.484502971,0.0647,-0.4039,0.1837,-8690.323745099442,-379.62801314681747,-3316.4293865961854,9309.379576496154
2017-07-11 17:44:25.684638977,-2.064,-0.8407,-0.5643,-8715.768803898756,-381.3747809596019,-3325.6131273654573,9336.47552556489
2017-07-11 17:44:25.842999810,0.0587,0.4384,-0.1251,-8735.901143750983,-382.74594481760283,-3332.8830472036957,9357.914973860463
2017-07-11 17:44:25.884068012,0.0564,0.72,-0.1896,-8741.122030255508,-383.1003186091242,-3334.7686976592145,9363.474914198485
2017-07-11 17:44:26.285022974,-0.3846,-0.1696,0.0352,-8792.156151595433,-386.5873883466919,-3353.1729244844087,9417.81441016765
2017-07-11 17:44:26.484375000,-2.2083,-0.9008,-0.4843,-8817.617723301246,-388.3569341334024,-3362.342625084198,9444.921987556269
2017-07-11 17:44:26.684301018,0.2788,0.6892,0.0624,-8843.141462467132,-390.1040273445686,-3371.53623374391,9472.095262021168
2017-07-11 17:44:26.845270150,-2.4267,0.317,-0.5782,-8863.754613285886,-391.50247426457867,-3378.9533896873986,9494.037394153347
2017-07-11 17:44:26.884348988,-2.4852,-0.3809,-0.7388,-8868.762709531178,-391.84256006032086,-3380.7551975705296,9499.368310353357
2017-07-11 17:44:27.284317970,-2.6871,-1.1312,-0.8047,-8920.45006908506,-395.5042766564127,-3399.325298427264,9554.384624475862
2017-07-11 17:44:27.486043989,-0.0211,0.6653,-0.1914,-8946.519662404116,-397.32400533556336,-3408.698994716433,9582.134901554047
2017-07-11 17:44:27.684288978,-2.8925,-0.0137,-0.7219,-8972.253071261275,-399.1128707880653,-3417.939307819998,9609.522640086088
2017-07-11 17:44:27.844249720,0.1713,-0.3937,0.2775,-8993.012568197459,-400.56635176598957,-3425.3880696092597,9631.61522701909
2017-07-11 17:44:27.884289979,-0.199,-0.3362,0.1807,-8998.20925994642,-400.930716005958,-3427.252302086252,9637.14551446527
2017-07-11 17:44:28.284335017,-0.2954,0.7953,-0.2291,-9050.177046597752,-404.4438280447561,-3445.914643864975,9692.451037669027
2017-07-11 17:44:28.484372973,-2.2945,0.4964,-0.5088,-9076.254760103755,-406.18065609140916,-3455.266894625215,9720.198172299879
2017-07-11 17:44:28.684297025,-0.1374,-0.1943,0.1191,-9102.323116475089,-407.9242612658821,-3464.6090597197103,9747.933332575576
2017-07-11 17:44:28.851759910,-1.8928,-0.7198,-0.577,-9124.211900529028,-409.4049475804754,-3472.4505421768313,9771.221417239662
2017-07-11 17:44:28.883419990,-2.084,-0.7748,-0.4451,-9128.352223746066,-409.6856587584487,-3473.9334777873087,9775.626346575114
2017-07-11 17:44:29.284946978,-2.3447,0.5146,-0.5941,-9181.239636187902,-413.1627949174453,-3492.836499216769,9831.87528208493
2017-07-11 17:44:29.484373986,-0.0236,-0.3396,0.2081,-9207.508244804685,-414.90329559588224,-3502.216814691175,9859.811125977423
2017-07-11 17:44:29.684283018,-2.8616,-1.2843,-0.9791,-9233.95470572173,-416.6993284208697,-3511.6589311891194,9887.93741316293
2017-07-11 17:44:29.843359820,-0.3796,0.8306,-0.3286,-9255.008975752075,-418.10749557291484,-3519.180772488226,9910.329879905943
2017-07-11 17:44:29.884294986,-0.1335,0.5896,-0.2169,-9260.42708583496,-418.4688706434624,-3521.1167281766743,9916.092427020281
2017-07-11 17:44:30.286543011,-0.8399,-0.2142,-0.0063,-9313.803860157837,-422.0545688629712,-3540.141350671517,9972.84679453783
2017-07-11 17:44:30.484300017,-0.907,-0.7576,-0.1395,-9340.080929240406,-423.8470320748097,-3549.4998723601243,10000.785339924234
2017-07-11 17:44:30.684414982,-0.518,0.5953,-0.3008,-9366.692057227441,-425.6370283686849,-3558.9820263766605,10029.079720438875
2017-07-11 17:44:30.843669770,-3.1873,-0.1873,-0.7448,-9387.950468139848,-427.0662872460512,-3566.5469705371,10051.67930740912
2017-07-11 17:44:30.884293973,-2.2744,0.4291,-0.6775,-9393.377016215716,-427.43016783296497,-3568.477825447178,10057.448101176142
2017-07-11 17:44:31.284294009,-1.8941,-0.8246,-0.8878,-9447.111752534931,-431.14499871043427,-3587.6317426666346,10114.588869340458
2017-07-11 17:44:31.483915984,-0.622,0.7231,-0.422,-9473.953121633069,-432.9700884715793,-3597.2074150168587,10143.133245455485
2017-07-11 17:44:31.684405982,-1.914,-0.0068,-1.1565,-9500.98814156825,-434.80338766682064,-3606.871212538475,10171.890168301357
2017-07-11 17:44:31.849009750,-0.3019,-0.2972,0.1094,-9523.192272256454,-436.3165922919086,-3614.8022974963837,10195.50679824497
2017-07-11 17:44:31.884292006,-0.4194,-0.2808,0.0151,-9527.952173988095,-436.6412920902439,-3616.5022796971425,10200.569444242676
2017-07-11 17:44:32.486545979,-0.8551,0.4603,-0.6027,-9609.511942537345,-442.01683220384456,-3645.7388999393766,10287.347120625927
2017-07-11 17:44:32.686544001,-0.6401,-0.1745,-0.0848,-9636.62212017389,-443.8089350173928,-3655.4512626396904,10316.190003647669
2017-07-11 17:44:32.842890140,-0.7443,-0.8727,-0.2386,-9657.833381533646,-445.2312230301083,-3663.049622139474,10338.757614030937
2017-07-11 17:44:32.888818979,-1.4781,-1.0308,-0.4133,-9664.067600683215,-445.6512142191125,-3665.282617089264,10345.390483613786
2017-07-11 17:44:33.286746025,-0.9031,0.2393,-0.5164,-9718.223821264348,-449.2521219028536,-3684.7110349931486,10403.018654247637
2017-07-11 17:44:33.486545979,-0.8305,-0.2083,-0.0616,-9745.44891992292,-451.0684600877495,-3694.468540984022,10431.986158293796
2017-07-11 17:44:33.686532020,-0.5071,-0.8286,-0.2661,-9772.719656297195,-452.9196293229207,-3704.2457773041438,10461.004848955914
2017-07-11 17:44:33.865399830,-0.4505,0.6138,-0.317,-9797.125056286792,-454.55568008782916,-3713.0006938886736,10486.975464243269
2017-07-11 17:44:33.886931002,-0.5236,0.6918,-0.3436,-9800.063093503439,-454.7522986145277,-3714.0547242739035,10490.101943481994
2017-07-11 17:44:34.286723971,-0.9272,-0.2034,-0.0294,-9854.765062754162,-458.43564153030434,-3733.630765696279,10548.296373067033
2017-07-11 17:44:34.486505985,-0.6675,-0.9178,-0.1094,-9882.12702669799,-460.3128903736678,-3743.4175477744006,10577.405044046687
2017-07-11 17:44:34.686928987,-0.8209,0.8486,-0.3725,-9909.609754822373,-462.162074515986,-3753.2506932199253,10606.641789093639
2017-07-11 17:44:34.886413991,-1.0004,0.3145,-0.4503,-9937.003671447357,-463.9900890102925,-3763.0557380027963,10635.784750378029
2017-07-11 17:44:34.890939830,-2.9703,0.4106,-0.5971,-9937.625234926645,-464.031553889228,-3763.27820331594,10636.445996121476
2017-07-11 17:44:35.286431014,-0.8788,-0.9193,-0.0522,-9992.078117590745,-467.7987598672933,-3782.7265359991043,10694.366780409253
2017-07-11 17:44:35.486540019,-0.8023,0.9992,-0.5087,-10019.662090514827,-469.6648636971876,-3792.587293682308,10723.708867387819
2017-07-11 17:44:35.687729001,-0.6217,0.2986,-0.4375,-10047.420097138063,-471.5289523499402,-3802.5189780082337,10753.238616314196
2017-07-11 17:44:35.865330100,-0.6962,-0.2226,0.1208,-10071.945647553024,-473.18151202179786,-3811.282437343618,10779.325752930257
2017-07-11 17:44:35.886960029,-0.8336,-0.2329,-0.0425,-10074.932989309926,-473.38288521457815,-3812.34975356896,10782.503268658758
2017-07-11 17:44:36.287100017,-0.8251,0.6507,-0.4184,-10130.329028311788,-477.0039768639897,-3832.1614186582824,10841.427957352
2017-07-11 17:44:36.488023996,-3.0379,0.3566,-0.9246,-10158.267916278592,-478.807854778134,-3842.146860081172,10871.143293836387
2017-07-11 17:44:36.686056017,-0.0949,-0.2829,0.1866,-10185.808393266205,-480.59686334538617,-3851.981260272303,10900.4323583461
2017-07-11 17:44:36.876049990,-0.8274,-0.8453,-0.2589,-10212.260879513842,-482.3437700969933,-3861.425831419015,10928.56519563983
2017-07-11 17:44:36.886538982,-2.0968,-0.9562,-0.5779,-10213.721471876484,-482.4403167297209,-3861.9473011764226,10930.118568494161
2017-07-11 17:44:37.286984026,-3.2227,0.1547,-0.7264,-10270.000232939125,-486.10143297614474,-3881.972272762797,10989.945773943122
2017-07-11 17:44:37.486705005,0.0823,-0.3681,0.1937,-10298.065843527436,-487.9420886286782,-3891.9519516035175,11019.779380417385
2017-07-11 17:44:37.686414003,-3.0038,-1.2429,-0.8466,-10326.249573106166,-489.83220529338655,-3901.9647973031474,11049.73733238989
2017-07-11 17:44:37.862039920,-0.495,0.6465,-0.3612,-10351.049870339306,-491.474450207666,-3910.7813262895124,11076.099996637493
2017-07-11 17:44:37.886548995,-0.0564,0.6936,-0.2068,-10354.510853236108,-491.7032133159011,-3912.0118211433187,11079.779038795612
2017-07-11 17:44:38.286433994,0.0933,-0.5019,0.2167,-10410.964614999973,-495.51592271100606,-3932.0536686341807,11139.783045349726
2017-07-11 17:44:38.486594021,-2.4117,-0.7431,-0.7409,-10439.31882776171,-497.45412301315685,-3942.115178091066,11169.919886440495
2017-07-11 17:44:38.686478018,-0.5347,0.6221,-0.4751,-10467.65530193988,-499.36479530463134,-3952.1817942189628,11200.04078803178
2017-07-11 17:44:38.866249790,-3.3285,-0.1295,-0.4806,-10493.248144753436,-501.0874018993403,-3961.2510445861512,11227.23719576408
2017-07-11 17:44:38.886572003,-2.004,0.4567,-0.6956,-10496.142102925245,-501.28194451491504,-3962.276560884075,11230.312470168761
2017-07-11 17:44:39.286641001,-1.6355,-0.6708,-0.5393,-10553.375175796486,-505.2191320788573,-3982.551490876801,11291.133262433008
2017-07-11 17:44:39.486486017,-0.5361,0.6916,-0.4043,-10581.986015950179,-507.1582399653726,-3992.695500088886,11321.53942176416
2017-07-11 17:44:39.686957001,-2.2907,0.0408,-0.671,-10610.778532963024,-509.1017819605184,-4002.898249609827,11352.136367077068
2017-07-11 17:44:39.862100120,-0.4499,-0.2724,0.001,-10635.94715227805,-510.8081292618405,-4011.8119347145175,11378.880954227854
2017-07-11 17:44:39.886593997,0.1341,-0.4048,0.2582,-10639.4669193031,-511.0470058809925,-4013.0583643596333,11382.621086767394
2017-07-11 17:44:40.286831974,-0.3531,0.4703,-0.5375,-10697.037629189192,-514.8749905564246,-4033.511535585353,11443.816042032924
2017-07-11 17:44:40.486428022,-2.4313,0.5406,-0.7287,-10725.844623289844,-516.7624446115888,-4043.740427993216,11474.43344815348
2017-07-11 17:44:40.686580002,0.0874,-0.4137,0.2265,-10754.728351781348,-518.6717289245754,-4053.9887370132737,11505.130462659936
2017-07-11 17:44:40.874450200,-2.8181,-1.0117,-1.2357,-10781.939174249479,-520.4995633626849,-4063.6518007100876,11534.053845465203
2017-07-11 17:44:40.886040985,-2.8595,-1.0662,-1.1368,-10783.618349387862,-520.6124761436623,-4064.248122997472,11535.838715102578
2017-07-11 17:44:41.287136018,-3.2212,-0.0821,-0.8803,-10842.243831415484,-524.5329911851252,-4085.025265967282,11598.138539537273
2017-07-11 17:44:41.486537992,0.0993,-0.3966,0.2812,-10871.385187565716,-526.4978208384355,-4095.3433163158047,11629.103694191715
2017-07-11 17:44:41.687047004,-2.5962,-1.0881,-0.9148,-10900.792707693823,-528.5173046387998,-4105.7554288137,11660.353332495833
2017-07-11 17:44:41.864080190,0.0819,0.7496,-0.1824,-10926.754594696858,-530.2768519250842,-4114.954195743978,11687.942827781433
2017-07-11 17:44:41.886532008,-0.4756,0.725,-0.2305,-10930.047389779313,-530.4996369158581,-4116.1209239452955,11691.442052549792
2017-07-11 17:44:42.487425982,-0.3736,-0.105,0.1285,-11018.309703658055,-536.5001028045076,-4147.300502679659,11785.206088378829
2017-07-11 17:44:42.687052011,-0.1644,0.8796,-0.1775,-11047.638325191492,-538.4584954083942,-4157.665901843846,11816.363055816808
2017-07-11 17:44:42.870959750,-3.1782,0.0685,-0.7064,-11074.765143041534,-540.260369953029,-4167.239035061746,11845.175617786843
2017-07-11 17:44:42.887054026,-3.4683,-0.2712,-0.5937,-11077.139984441294,-540.4181272366866,-4168.076960268267,11847.697984582204
2017-07-11 17:44:43.287329971,-1.2292,-0.7684,-0.3079,-11136.400901037001,-544.4647753407323,-4188.966080512625,11910.638259299536
2017-07-11 17:44:43.487399995,-0.0932,0.7259,-0.2462,-11166.025030159697,-546.4583561217463,-4199.41694951727,11942.10343386043
2017-07-11 17:44:43.687075972,-3.3592,-0.3977,-0.3509,-11195.724746183938,-548.4638669510342,-4209.861225617677,11973.637573629221
2017-07-11 17:44:43.870550270,-0.621,-0.2383,-0.0677,-11223.035536288506,-550.3146727802122,-4219.460333685427,12002.633810769057
2017-07-11 17:44:43.886829018,0.1422,-0.4063,0.1633,-11225.458647104784,-550.4789931042493,-4220.311970799046,12005.206457640717
2017-07-11 17:44:44.287899017,0.085,0.4466,-0.4254,-11285.144716061928,-554.455619959486,-4241.362731503531,12068.598515036956
2017-07-11 17:44:44.487393021,-2.9593,0.0749,-0.5938,-11314.95060642264,-556.430631010945,-4251.8571056128,12100.248390816667
2017-07-11 17:44:44.687063992,-0.1439,-0.2932,0.1433,-11344.788674048168,-558.4190834970318,-4262.355075908462,12131.930296731345
2017-07-11 17:44:44.867750040,-2.8234,-1.1084,-0.9357,-11371.881884063534,-560.2546582898306,-4271.885436518082,12160.69850172938
2017-07-11 17:44:44.887057006,-2.7971,-1.096,-0.8286,-11374.77793542786,-560.4512047231146,-4272.904099322672,12163.773595195718
2017-07-11 17:44:45.287060976,-3.1756,-0.2486,-0.7932,-11435.286770942268,-564.5630534064626,-4294.135788456758,12228.005444252305
2017-07-11 17:44:45.487128019,0.2326,-0.5231,0.2877,-11465.541719822622,-566.6405845435567,-4304.743570501006,12260.12013353926
2017-07-11 17:44:45.686827003,-2.9688,-0.83,-0.9923,-11495.859404136168,-568.7473938295697,-4315.371410249328,12292.301958789134
2017-07-11 17:44:45.870530000,-0.0855,0.703,-0.2909,-11523.75151235085,-570.6617226597065,-4325.157771739543,12321.911112751803
2017-07-11 17:44:45.887252986,0.0812,0.6126,-0.2177,-11526.290584501157,-570.8358179276037,-4326.048711860269,12324.606510017957
2017-07-11 17:44:46.287284016,0.0304,-0.3906,0.1883,-11587.022937820579,-575.0628615443778,-4347.330783487168,12389.071103087712
2017-07-11 17:44:46.486703991,-1.557,0.0828,-0.8371,-11617.360619414192,-577.166797589623,-4357.973426012167,12421.276973628106
2017-07-11 17:44:46.687057018,0.0482,0.391,-0.2011,-11647.83831102562,-579.2648823300972,-4368.673936066219,12453.633890690757
2017-07-11 17:44:46.871359700,-3.3096,-0.1767,-0.7979,-11675.98684379246,-581.2008908852015,-4378.544327492504,12483.513675235716
2017-07-11 17:44:46.887067973,-1.6962,-0.365,-0.7376,-11678.386385513493,-581.365988590583,-4379.385771279651,12486.060816595578
2017-07-11 17:44:47.286817014,-1.6562,-0.0107,-0.6194,-11739.715332812275,-585.5691564516771,-4400.898075456066,12551.163738992813
2017-07-11 17:44:47.487151980,0.1239,0.4921,-0.1832,-11770.44547476129,-587.6558317540788,-4411.686358766336,12583.787290758219
2017-07-11 17:44:47.686680972,-1.9595,-0.1798,-0.441,-11801.129996553416,-589.7412702514202,-4422.448796401488,12616.359114981768
2017-07-11 17:44:47.871679780,0.1783,-0.4626,0.2396,-11829.573894982092,-591.6906743522018,-4432.41928708173,12646.551194987955
2017-07-11 17:44:47.887058973,-0.0889,-0.5281,0.168,-11831.938494506978,-591.8528557720947,-4433.248107284155,12649.061116202269
2017-07-11 17:44:48.286981999,-0.6558,0.5947,-0.1544,-11893.532811206522,-595.9751323038859,-4454.82557657914,12714.431957713032
2017-07-11 17:44:48.487477004,-1.9797,-0.446,-0.5055,-11924.491716025565,-598.0596980500476,-4465.663415497689,12747.287077198369
2017-07-11 17:44:48.687134027,0.1055,-0.4922,0.2836,-11955.317020536226,-600.155171749782,-4476.444651832864,12779.997966064948
2017-07-11 17:44:48.870569940,-1.3521,0.1882,-0.6249,-11983.683423469498,-602.0740662576472,-4486.370995056962,12810.100947318333
2017-07-11 17:44:48.886815011,-1.403,0.1115,-0.9214,-11986.195920287524,-602.2439739894002,-4487.250314444385,12812.767297824661
2017-07-11 17:44:49.287200987,-1.2224,-0.2137,-0.3603,-12048.316418336979,-606.46588209601,-4508.980318283635,12878.689098397559
2017-07-11 17:44:49.487119019,-0.1726,-0.6077,0.2075,-12079.340905858833,-608.5982249288534,-4519.822104417272,12911.609519146714
2017-07-11 17:44:49.687058985,-1.0916,0.1679,-0.8149,-12110.412435021955,-610.7240897428956,-4530.697656491357,12944.585528886699
2017-07-11 17:44:49.870410200,-0.1548,0.2356,-0.2971,-12138.911205070517,-612.6656540800171,-4540.680866395504,12974.833608903278
2017-07-11 17:44:49.887169003,-0.374,0.2304,-0.2754,-12141.516175712928,-612.8430536661648,-4541.593436459294,12977.59849107745
2017-07-11 17:44:50.287029027,-0.0769,-0.6879,0.0593,-12203.682291014595,-617.1857416813268,-4563.357603706347,13043.581268925436
2017-07-11 17:44:50.487563014,-1.0131,0.4169,-0.6392,-12234.89998915522,-619.3468800052704,-4574.2982660781545,13076.718737108642
2017-07-11 17:44:50.687327027,-0.2754,0.3683,-0.2879,-12266.008813264536,-621.485023127687,-4585.208409320435,13109.742636602678
2017-07-11 17:44:50.872499940,-1.1683,-0.3215,-0.2835,-12294.88545630767,-623.4780165908471,-4595.331378256504,13140.395872913674
2017-07-11 17:44:50.887072026,-1.3848,-0.4756,-0.2677,-12297.158182757026,-623.6349551656228,-4596.128056872534,13142.80841541196
2017-07-11 17:44:51.287056982,-0.59,0.6141,-0.5574,-12359.635983827768,-627.8444679108763,-4618.085034092056,13209.144548785947
2017-07-11 17:44:51.487040996,-0.3016,0.1995,-0.3989,-12390.88562435467,-629.941156482495,-4629.07901152408,13242.327775410276
2017-07-11 17:44:51.687061011,-1.0078,-0.2281,-0.3517,-12422.181210491617,-632.0473483249691,-4640.089038901054,13275.560107420904
2017-07-11 17:44:51.870550270,-0.0763,-0.5834,0.1557,-12450.89292586689,-633.9991149610278,-4650.183894803013,13306.047489192983
2017-07-11 17:44:51.887040972,-0.4729,-0.7821,-0.1445,-12453.473458056198,-634.1747384710413,-4651.091187533261,13308.787623377817
2017-07-11 17:44:52.486688017,-0.5452,0.3546,-0.4642,-12547.504710215151,-640.4333839646062,-4684.249749100373,13408.662315239155
2017-07-11 17:44:52.685175001,-0.3744,-0.7022,-0.1645,-12578.644402727565,-642.5327000422923,-4695.231924596411,13441.738953968807
2017-07-11 17:44:52.870530000,-0.8503,0.6256,-0.5299,-12607.75309298073,-644.4716310460568,-4705.505720092081,13472.659938505374
2017-07-11 17:44:52.885245025,-0.9166,0.4721,-0.685,-12610.064181945703,-644.6254573279546,-4706.321487948611,13475.11493832064
2017-07-11 17:44:53.285283982,-1.2326,-0.2337,-0.1908,-12673.090117868578,-648.8447391004978,-4728.5292810219735,13542.053086314452
2017-07-11 17:44:53.485803008,-0.1489,-0.6215,0.0875,-12704.687776240004,-650.9846380000677,-4739.657391287068,13575.611392399105
2017-07-11 17:44:53.685428023,-0.9424,0.5467,-0.5312,-12736.182111714686,-653.0932101180817,-4750.757055441213,13609.061618042882
2017-07-11 17:44:53.852270120,-0.054,0.3154,-0.1523,-12762.50587200313,-654.8467276978873,-4760.038144522099,13637.021064257266
2017-07-11 17:44:53.885226011,-0.7685,0.2302,-0.5761,-12767.70637143898,-655.1928455046185,-4761.872039912966,13642.544813068742
2017-07-11 17:44:54.286674022,-1.9101,-0.8227,-0.372,-12831.363429141677,-659.541622465189,-4784.271355986733,13710.147154943072
2017-07-11 17:44:54.486508011,-0.5757,0.6096,-0.3974,-12863.073819090372,-661.6820261024659,-4795.437224012462,13743.824407655955
2017-07-11 17:44:54.685189008,-1.382,0.532,-0.7189,-12894.655801301242,-663.7890799058306,-4806.567045738197,13777.367344373539
2017-07-11 17:44:54.856930010,-1.1646,-0.2182,-0.2632,-12921.989799083212,-665.6168651931295,-4816.195491034611,13806.397255863032
2017-07-11 17:44:54.885429024,-0.3564,-0.4034,0.0602,-12926.525941818789,-665.9204988445634,-4817.793203852106,13811.21480501911
2017-07-11 17:44:55.285691022,-0.945,0.4778,-0.3175,-12990.386405627607,-670.1084144110623,-4840.283573927041,13879.032002650869
2017-07-11 17:44:55.486087024,-1.6192,0.374,-0.371,-13022.423942611324,-672.1901256031242,-4851.558548075174,13913.050896602666
2017-07-11 17:44:55.685952007,-0.5755,-0.3545,0.0794,-13054.39957391254,-674.2804814374288,-4862.800473539215,13947.000783267657
2017-07-11 17:44:55.853430030,-0.9892,-0.6659,-0.2766,-13081.221485784754,-676.0507850008615,-4872.2284685793475,13975.478899633172
2017-07-11 17:44:55.885964989,-0.9226,-0.5662,-0.2502,-13086.432995602187,-676.3952906765023,-4874.060253919905,13981.012212872025
2017-07-11 17:44:56.285242974,-2.3358,0.428,-0.3501,-13150.762460648422,-680.5549262846142,-4896.596242505241,14049.283364862653
2017-07-11 17:44:56.486368000,-0.71,-0.1765,0.0258,-13183.195335092612,-682.6573650779501,-4907.9470676365545,14083.699966273956
2017-07-11 17:44:56.685590982,-2.5511,-0.6628,-0.7827,-13215.4227437367,-684.7662274563853,-4919.221612957114,14117.898014907267
2017-07-11 17:44:56.854579800,-0.658,0.6195,-0.2265,-13242.778097867107,-686.537356790261,-4928.7915967222725,14146.925174593149
2017-07-11 17:44:56.885242998,-0.0324,0.487,-0.2513,-13247.74178598553,-686.8582721698682,-4930.528316578875,14152.19227521946
2017-07-11 17:44:57.285243988,-0.2301,-0.4281,0.1589,-13312.529844403503,-691.1131051574723,-4953.1583787462,14220.930564038279
2017-07-11 17:44:57.485328972,-2.4545,-0.7281,-0.7827,-13345.035821729309,-693.2705691215094,-4964.509524408781,14255.418618307707
2017-07-11 17:44:57.685244977,-0.1216,0.7081,-0.2639,-13377.519206497846,-695.3979108150069,-4975.861630753972,14289.884441205051
2017-07-11 17:44:57.852379790,-2.8239,0.541,-0.7218,-13404.755016874622,-697.161309707169,-4985.372440238313,14318.778904713407
2017-07-11 17:44:57.885317981,-1.9125,0.64,-0.7127,-13410.12460504807,-697.5081382233137,-4987.247561804294,14324.47547969999
2017-07-11 17:44:58.286526024,-3.0072,-0.8323,-0.9593,-13476.013654960105,-701.866702952007,-5010.242147452932,14394.376932451703
2017-07-11 17:44:58.485701978,-0.2958,0.68,-0.2678,-13508.735387884839,-704.0034950373414,-5021.668216824028,14429.092292336949
2017-07-11 17:44:58.686571002,-3.4514,-0.1077,-0.6118,-13541.874526107082,-706.1627961723691,-5033.216097181931,14464.241973102398
2017-07-11 17:44:58.855020280,-0.1305,-0.3547,0.1782,-13569.668795255795,-707.9836563036789,-5042.8951227735715,14493.720822819289
2017-07-11 17:44:58.885245978,0.0951,-0.4055,0.2524,-13574.65597335516,-708.3107528227084,-5044.631648243326,14499.01022083816
2017-07-11 17:44:59.285245001,0.1909,0.7254,-0.215,-13640.624446872735,-712.5233996162727,-5067.646774320758,14568.986537330125
2017-07-11 17:44:59.485798001,-2.943,0.0109,-0.5491,-13673.818337724711,-714.6351137417663,-5079.208269585124,14604.19008109355
2017-07-11 17:44:59.685451984,0.2506,-0.4678,0.2586,-13706.853441296857,-716.7560090160116,-5090.707630007145,14639.223839120195
2017-07-11 17:44:59.852410190,-2.7548,-1.0775,-0.983,-13734.555433548972,-718.5596171565362,-5100.351230947998,14668.603326822582
2017-07-11 17:44:59.886188983,-1.6178,-0.1801,-0.7366,-13740.161914811788,-718.9247265849662,-5102.303153709991,14674.54938593
2017-07-11 17:45:00.284968972,-2.2595,-0.5231,-0.5358,-13806.70928573364,-723.3182602509683,-5125.432040772148,14745.11662249403
2017-07-11 17:45:00.485220015,0.0782,-0.5066,0.2645,-13840.123524878843,-725.5448285354148,-5137.035817778519,14780.547062786909
2017-07-11 17:45:00.686061024,-1.6895,-0.0862,-0.7417,-13873.704356331138,-727.781433642829,-5148.7036990784645,14816.156322168752
2017-07-11 17:45:00.852400060,-0.2754,0.3775,-0.2752,-13901.524040959966,-729.6233730459987,-5158.37479874545,14845.657664523154
2017-07-11 17:45:00.885348975,-0.2103,0.3006,-0.2407,-13907.03487246874,-729.9879033636827,-5160.290739313768,14851.501668092906
2017-07-11 17:45:01.285275995,0.1759,-0.3044,0.3046,-13973.89605582207,-734.4611821374905,-5183.497305890103,14922.394195542362
2017-07-11 17:45:01.486261010,-1.2033,0.3976,-0.5916,-14007.546033514996,-736.6931862580531,-5195.1837617204,14958.074643809077
2017-07-11 17:45:01.685248017,-0.481,0.6714,-0.3695,-14040.880539700313,-738.8764172087865,-5206.768672223736,14993.422047554479
2017-07-11 17:45:01.852419730,-2.3573,-0.6106,-0.6627,-14068.951193419587,-740.7276435265887,-5216.519834451714,15023.186889203469
2017-07-11 17:45:01.886017978,-2.0037,-0.2495,-0.4483,-14074.595108215164,-741.0999854921122,-5218.480133594782,15029.171352852893
2017-07-11 17:45:02.487664997,-1.6637,-0.1395,-0.8492,-14176.263451357865,-747.818044533179,-5253.890789273406,15137.00913970941
2017-07-11 17:45:02.687638998,-1.1241,-0.162,-0.2469,-14210.100685041454,-750.0574552872934,-5265.670371971417,15172.897947706142
2017-07-11 17:45:02.851770040,0.1124,-0.4144,0.2507,-14237.869969474144,-751.906641844956,-5275.331851099043,15202.349522521981
2017-07-11 17:45:02.887785971,-0.1528,-0.653,0.2267,-14243.963692826572,-752.3132632844365,-5277.451614042511,15208.812329279206
2017-07-11 17:45:03.288080990,-1.0284,0.3095,-0.6779,-14311.856483253963,-756.7830185192603,-5301.120105193114,15280.832140432021
2017-07-11 17:45:03.487613022,-1.3316,-0.2588,-0.4033,-14345.751504280503,-759.0213272336633,-5312.934015645354,15316.787112588701
2017-07-11 17:45:03.687591016,-0.0648,-0.6098,0.2294,-14379.724873452107,-761.2890252893505,-5324.765156674859,15352.822945306894
2017-07-11 17:45:03.882040260,-1.345,0.2737,-0.7188,-14412.809843087405,-763.4836800324523,-5336.2963828029815,15387.91909219012
2017-07-11 17:45:03.887615025,-1.2693,0.2789,-0.5912,-14413.758412479883,-763.5465910460321,-5336.626995806052,15388.925325129061
2017-07-11 17:45:04.287612020,-1.0998,-0.3346,-0.3122,-14481.995525981238,-768.1140773022508,-5360.398881116627,15461.308800194338
2017-07-11 17:45:04.487691998,-1.0115,-0.8837,-0.0218,-14516.168475187225,-770.4341271162857,-5372.290538868594,15497.55534199707
2017-07-11 17:45:04.687830984,-0.7868,0.7026,-0.1793,-14550.383018506785,-772.7267180900018,-5384.192885704344,15533.843233294523
2017-07-11 17:45:04.877140160,-0.5937,0.2019,-0.4211,-14582.76744040101,-774.8880179653256,-5395.466270704749,15568.192378677708
2017-07-11 17:45:04.887611985,-1.2814,0.4183,-0.359,-14584.5589573637,-775.0075265430688,-5396.089908554899,15570.092579950326
2017-07-11 17:45:05.287864983,-1.3592,-0.8865,-0.3206,-14653.251878198422,-779.7173903633893,-5419.9778900332285,15642.950813168522
2017-07-11 17:45:05.487680017,-0.5842,0.5947,-0.4511,-14687.568208621333,-782.0449131767209,-5431.921302494581,15679.350215032002
2017-07-11 17:45:05.687600970,-2.4673,0.4008,-0.6928,-14722.0013436268,-784.3576504458493,-5443.8987360814035,15715.870129721452
2017-07-11 17:45:05.877580040,-0.5137,-0.2634,-0.052,-14754.740691347228,-786.5648840873853,-5455.282419825379,15750.592479834939
2017-07-11 17:45:05.887615978,-0.371,-0.2944,0.045,-14756.470235358876,-786.6815142679318,-5455.88377598111,15752.42677776784
2017-07-11 17:45:06.287612020,-0.0976,0.5583,-0.5439,-14825.419194313225,-791.2406434761967,-5479.938670731301,15825.575625485979
2017-07-11 17:45:06.487612009,-2.1271,0.4525,-0.875,-14859.979097013274,-793.5021305134579,-5492.001236453799,15862.241391934838
2017-07-11 17:45:06.687695026,-0.3043,-0.3458,0.1475,-14894.565529019046,-795.778399869794,-5504.062904931086,15898.932480559195
2017-07-11 17:45:06.879570240,-2.1538,-0.863,-0.4122,-14927.812451358597,-797.9930644256581,-5515.644955391708,15934.199596708528
2017-07-11 17:45:06.887646973,-2.3351,-0.7665,-0.7742,-14929.212088846883,-798.0863377984429,-5516.132536969613,15935.684282821598
2017-07-11 17:45:07.288241982,-2.8262,0.1505,-0.8714,-14999.085749386019,-802.6884189665868,-5540.455761430821,16009.794878753126
2017-07-11 17:45:07.487755000,0.0067,-0.4154,0.2266,-15033.885479143992,-804.9969824618266,-5552.560721498712,16046.70256805801
2017-07-11 17:45:07.687619984,-2.8233,-1.1115,-1.1438,-15068.85937956736,-807.3540185449145,-5564.732726483506,16083.799110584303
2017-07-11 17:45:07.875949850,-0.1364,0.6959,-0.2754,-15101.819614852293,-809.5503370690295,-5576.211997579717,16118.761356560186
2017-07-11 17:45:07.887619018,-0.341,0.6391,-0.3901,-15103.861921130627,-809.6863368485883,-5576.923321544488,16120.927722406233
2017-07-11 17:45:08.287635982,-0.2376,-0.3539,0.1624,-15173.909829407887,-814.4050134448161,-5601.281391925177,16195.21992034849
2017-07-11 17:45:08.487623989,-1.8368,-0.754,-0.7812,-15209.003661310036,-816.7942665989344,-5613.490424592209,16232.44343870261
2017-07-11 17:45:08.687767028,-0.3904,0.7098,-0.489,-15244.140336523227,-819.1569392914373,-5625.728509768976,16269.715853586113
2017-07-11 17:45:08.876200190,-3.3113,-0.2135,-0.7301,-15277.338825797666,-821.3889585717957,-5637.276498381162,16304.927100072819
2017-07-11 17:45:08.887676000,-2.8645,-0.4517,-0.866,-15279.361031630866,-821.5249507617744,-5637.979899056826,16307.071905213785
2017-07-11 17:45:09.288074016,-2.4248,-0.6031,-1.005,-15350.305768023918,-826.3664894132133,-5662.683098166865,16382.330378090846
2017-07-11 17:45:09.487882971,0.1917,0.6319,-0.377,-15385.701371113571,-828.7573145557698,-5675.025683979337,16419.883126299675
2017-07-11 17:45:09.687726974,-3.0817,0.1105,-0.503,-15421.226258639985,-831.1441459594942,-5687.390523400237,16457.564548777955
2017-07-11 17:45:09.876150130,0.2282,-0.4161,0.2798,-15454.712839261452,-833.4093457054994,-5699.038793140392,16493.082284620457
2017-07-11 17:45:09.887623012,0.1752,-0.4267,0.2677,-15456.751777845078,-833.5473274311956,-5699.748008439016,16495.244891443388
2017-07-11 17:45:10.287616014,-0.321,1.013,-0.4037,-15527.889125162004,-838.1958773798508,-5724.538831427171,16570.70480832661
2017-07-11 17:45:10.487613022,-2.9446,-0.2902,-0.9017,-15563.575669464562,-840.5317658990098,-5736.970341265021,16608.558334942532
2017-07-11 17:45:10.687614977,0.1996,-0.5543,0.2654,-15599.255112330911,-842.8898846307003,-5749.391542393321,16646.40281036533
2017-07-11 17:45:10.876110190,-3.0131,-1.1246,-1.1255,-15632.988861328868,-845.1522909081217,-5761.138102239783,16682.186168675216
2017-07-11 17:45:10.887621998,-2.484,-0.4013,-0.8276,-15635.049383105543,-845.2905141055537,-5761.85559958451,16684.37188556552
2017-07-11 17:45:11.287837028,-1.9657,-0.2205,-0.4623,-15706.999530307588,-850.1312458540597,-5786.873880162276,16760.682166462215
2017-07-11 17:45:11.488188028,0.1433,-0.4125,0.2087,-15743.012625194118,-852.5711147248826,-5799.389863881784,16798.87635575604
2017-07-11 17:45:11.687614023,-1.9758,-0.1082,-0.7873,-15778.938029423083,-855.004022103417,-5811.87937377068,16836.978917532924
2017-07-11 17:45:11.876129860,0.0939,0.3584,-0.0922,-15812.894696684425,-857.2910935666146,-5823.688886639943,16872.994368395688
2017-07-11 17:45:11.887615025,-0.0718,0.3939,-0.1772,-15814.963486861416,-857.4303794666877,-5824.408394414214,16875.18859424436
2017-07-11 17:45:12.486635029,0.0539,-0.4007,0.1348,-15922.843919520437,-864.8387528602128,-5861.886655886604,16989.603283194083
2017-07-11 17:45:12.686797976,0.0872,0.3887,-0.1513,-15958.888746726107,-867.2986925879492,-5874.416104641854,17027.83314526606
2017-07-11 17:45:12.876200190,-1.2796,-0.3147,-0.1829,-15993.041712233837,-869.6376755837423,-5886.27853313208,17064.053676241696
2017-07-11 17:45:12.886792004,-1.5441,-0.052,-0.0708,-15994.951799028406,-869.7684828073377,-5886.941915771006,17066.07937947637
2017-07-11 17:45:13.287057995,-1.5464,0.3514,-0.6047,-16067.381973806989,-874.6554055348013,-5912.1081103372535,17142.89380119251
2017-07-11 17:45:13.486738026,-0.4099,0.2956,-0.261,-16103.531438537075,-877.0815503726737,-5924.6731346987435,17181.23245262042
2017-07-11 17:45:13.686728000,-1.3559,-0.2833,-0.2884,-16139.791244966453,-879.5227919322646,-5937.269197312823,17219.68603935576
2017-07-11 17:45:13.869230030,-0.0903,-0.7058,0.3171,-16172.88335274817,-881.7740693862875,-5948.753246876235,17254.777501992354
2017-07-11 17:45:13.886825978,-0.019,-0.7195,0.2736,-16176.073936882207,-881.9913492540167,-5949.860397733461,17258.16083782266
2017-07-11 17:45:14.286740005,0.2161,0.2334,-0.2182,-16248.55376084668,-886.8922756629137,-5975.058199153671,17335.03382491736
2017-07-11 17:45:14.486629009,-1.0513,-0.2722,-0.3188,-16284.823352225116,-889.3527813324486,-5987.665552567788,17373.501626104255
2017-07-11 17:45:14.686828017,-0.235,-0.6692,-0.0489,-16321.158612129158,-891.8439242497222,-6000.2944183776235,17412.04000497106
2017-07-11 17:45:14.867450230,-1.5011,0.4554,-0.5172,-16353.989740304496,-894.0766094438842,-6011.705222743067,17446.860837832566
2017-07-11 17:45:14.887089014,-1.2272,0.4932,-0.4978,-16357.559893244576,-894.3191757589204,-6012.946094486205,17450.647357173042
2017-07-11 17:45:15.287343025,-1.0267,-0.3752,-0.1013,-16430.48692554474,-899.3229781237486,-6038.252274447867,17527.982569575797
2017-07-11 17:45:15.487049996,-0.5127,-0.7863,-0.2057,-16466.894358569927,-901.8509881207233,-6050.887011528621,17566.592687466804
2017-07-11 17:45:15.686895012,-0.9843,0.7112,-0.4427,-16503.366268791036,-904.3523416464398,-6063.548162782844,17605.27101984228
2017-07-11 17:45:15.872380130,-0.6176,0.1555,-0.3613,-16537.238731990306,-906.668610048949,-6075.311975264439,17641.19407648133
2017-07-11 17:45:15.886817991,-1.6662,0.2681,-0.6117,-16539.875656956665,-906.8488487418706,-6076.227778874321,17643.990637121075
2017-07-11 17:45:16.286732971,-2.8596,-0.8795,-0.7484,-16613.37330515463,-911.9819488245505,-6101.714358548608,17721.92996726724
2017-07-11 17:45:16.486742019,-0.1975,0.7739,-0.35,-16650.1395054618,-914.518201836523,-6114.474935443583,17760.920382373144
2017-07-11 17:45:16.687636017,-1.6255,0.5558,-0.8921,-16687.133982231066,-917.0432454284881,-6127.327975874173,17800.15609422701
2017-07-11 17:45:16.866259930,-0.5349,-0.332,0.097,-16720.044506592294,-919.2989685125036,-6138.7530988022,17835.057849751676
2017-07-11 17:45:16.886896014,0.0795,-0.5391,0.3022,-16723.846563587347,-919.5597975234683,-6140.072893028842,17839.089921723622
2017-07-11 17:45:17.286665022,-0.389,0.6559,-0.3436,-16797.563430612565,-924.5078401011777,-6165.695293489677,17917.272404136234
2017-07-11 17:45:17.487371027,-2.9692,0.294,-0.4028,-16834.69295579191,-926.9801861438905,-6178.5753721471465,17956.64146800833
2017-07-11 17:45:17.686828017,-0.0839,-0.32,0.2125,-16871.59475775429,-929.4498771010318,-6191.366842786603,17995.7664500816
2017-07-11 17:45:17.863500230,-2.4268,-0.8596,-0.6107,-16904.356865818743,-931.6642760478699,-6202.716153929373,18030.501020671432
2017-07-11 17:45:17.886913001,-2.9185,-0.9449,-1.0434,-16908.700131579288,-931.9582482730661,-6204.220747467769,18035.105805054296
2017-07-11 17:45:18.286736011,-1.8327,-0.4929,-0.4169,-16983.16363225197,-937.0572453577946,-6229.981536785778,18114.04408710587
2017-07-11 17:45:18.486801028,0.2946,-0.5549,0.2678,-17020.412181178224,-939.6309120930385,-6242.861103331209,18153.530009991075
2017-07-11 17:45:18.686879992,-1.7635,0.0461,-0.5748,-17057.733922500094,-942.2029127882231,-6255.764577900318,18193.092737459163
2017-07-11 17:45:18.866510270,-0.1817,0.7058,-0.283,-17091.24712989639,-944.4892730207216,-6267.358409220645,18228.619527316696
2017-07-11 17:45:18.886973023,0.1138,0.5456,-0.1516,-17095.064770960544,-944.7494974529283,-6268.679194958724,18232.666562672126
2017-07-11 17:45:19.286619007,0.1833,-0.5566,0.2791,-17169.595595323863,-949.9206860978348,-6294.430106774271,18311.66875481062
2017-07-11 17:45:19.487106978,-2.3663,-0.354,-0.7745,-17207.08013528269,-952.5291140461874,-6307.379541500568,18351.401994825508
2017-07-11 17:45:19.686770975,0.256,0.4864,-0.0866,-17244.400414060903,-955.1074310841209,-6320.279208459272,18390.962593574557
2017-07-11 17:45:19.867350100,-2.4367,-0.4025,-0.2866,-17278.23289398945,-957.4524248822138,-6331.9552071602275,18426.82023112874
2017-07-11 17:45:19.886627018,-2.2076,-0.3568,-0.4655,-17281.845349627263,-957.7028868088139,-6333.201799234649,18430.648890846584
2017-07-11 17:45:20.286800980,-1.5587,0.2057,-0.6781,-17357.08675371454,-962.8693427541352,-6359.188680409858,18510.398661839816
2017-07-11 17:45:20.486742019,-0.0245,0.4175,-0.1984,-17394.680994911865,-965.4339963839902,-6372.18057499721,18550.24730283922
2017-07-11 17:45:20.686617016,-1.1702,-0.3254,-0.2131,-17432.3095679609,-968.0108026245279,-6385.176691614023,18590.130262328716
2017-07-11 17:45:20.868030190,0.1895,-0.5155,0.2229,-17466.456271825384,-970.3665628870554,-6396.965062129179,18626.321911962623
2017-07-11 17:45:20.886622011,-0.0405,-0.5242,0.2065,-17469.95575277048,-970.6081701689839,-6398.173101880491,18630.03095180961
2017-07-11 17:45:21.286615014,-0.3078,0.2456,-0.3035,-17545.29444445316,-975.7669259254274,-6424.211983984268,18709.889840708736
2017-07-11 17:45:21.486832976,-1.0645,-0.1548,-0.2264,-17583.048175243766,-978.3553655087454,-6437.254917497361,18749.907019156308
2017-07-11 17:45:21.686865985,-0.2762,-0.6667,0.1133,-17620.778082360128,-980.9680908031353,-6450.281268996548,18789.897473699126
2017-07-11 17:45:21.869200220,-1.4092,0.2273,-0.7788,-17655.21652489681,-983.3420873145031,-6462.180950272401,18826.402068258736
2017-07-11 17:45:21.886802971,-0.9343,0.3049,-0.7369,-17658.541540160262,-983.5711811178339,-6463.329987146873,18829.926609433267
2017-07-11 17:45:22.488752007,-1.1756,-0.4871,-0.3025,-17772.670745108837,-991.581839712489,-6502.732410817799,18950.899418381054
2017-07-11 17:45:22.687947988,-1.2683,0.1394,-0.5651,-17810.488518074842,-994.2271823686874,-6515.793818418961,18990.98623101979
2017-07-11 17:45:22.870440000,-0.4236,0.1974,-0.4771,-17845.149114936423,-996.644120558816,-6527.7758251331725,19027.729860930696
2017-07-11 17:45:22.887947976,-0.5244,0.2486,-0.5263,-17848.474554915025,-996.8759213313197,-6528.9255199853005,19031.25518681032
2017-07-11 17:45:23.287923991,-0.0485,-0.6246,0.1411,-17924.45318753163,-1002.2714174483895,-6555.168139506492,19111.797388091156
2017-07-11 17:45:23.487994015,-0.7558,0.643,-0.2813,-17962.4883367013,-1004.9445338592074,-6568.306090289743,19152.115957721253
2017-07-11 17:45:23.687946975,-0.6932,0.2393,-0.2828,-18000.528945887636,-1007.606518691283,-6581.447660538551,19192.440348654367
2017-07-11 17:45:23.879480240,-0.9915,-0.2971,-0.1723,-18037.004099858295,-1010.167310768453,-6594.042181392156,19231.10363926182
2017-07-11 17:45:23.888342976,-1.011,-0.0896,-0.1166,-18038.691978307314,-1010.2858122314992,-6594.624971371583,19232.892767955695
2017-07-11 17:45:24.287941992,-0.8919,0.5946,-0.5424,-18114.936693346343,-1015.5338070276049,-6620.988151398205,19313.718554905918
2017-07-11 17:45:24.487945020,-2.1772,0.5055,-0.8439,-18153.184973741678,-1018.1402566725782,-6634.21692547973,19354.264865591245
2017-07-11 17:45:24.687949001,-0.2293,-0.2756,0.1217,-18191.44260875245,-1020.7577431759659,-6647.440894401611,19394.818921617978
2017-07-11 17:45:24.881010290,-0.8121,-0.7849,-0.2856,-18228.402484443242,-1023.3136247867525,-6660.216467816555,19433.998850151904
2017-07-11 17:45:24.887951016,-2.1692,-1.2391,-0.7293,-18229.73132952698,-1023.4055707084649,-6660.67579623946,19435.407517505384
2017-07-11 17:45:25.288012981,-2.5053,0.1478,-0.9408,-18306.72664868696,-1028.6816586809175,-6687.3019631236175,19517.029335701907
2017-07-11 17:45:25.487951993,-0.4765,-0.2603,-0.107,-18345.225656141432,-1031.3288953948163,-6700.61320284934,19557.841418710424
2017-07-11 17:45:25.687943994,-2.0937,-1.0321,-0.8292,-18383.818608127942,-1034.0181143925467,-6713.961135744191,19598.756445492312
2017-07-11 17:45:25.882380000,0.0194,0.6152,-0.3017,-18421.338672568294,-1036.6093661080113,-6726.949654443213,19638.536837574655
2017-07-11 17:45:25.888050019,0.1659,0.7315,-0.1161,-18422.432803463093,-1036.6849070234823,-6727.328421087597,19639.69688360124
2017-07-11 17:45:26.287994980,0.1885,-0.1824,0.2255,-18499.57913707043,-1042.042496970181,-6754.009335706189,19721.48379105968
2017-07-11 17:45:26.487977027,-2.4228,-0.8989,-1.3144,-18538.251043781176,-1044.7573696397333,-6767.402997772177,19762.490052063942
2017-07-11 17:45:26.687942981,-0.2139,0.8052,-0.3677,-18576.928391564874,-1047.4398268020473,-6780.810285013337,19803.504406479246
2017-07-11 17:45:26.881999730,-2.6515,-0.6319,-1.0398,-18614.562633143432,-1050.0668106279413,-6793.860529576551,19843.415109938618
2017-07-11 17:45:26.887947976,-2.2867,-0.2116,-0.691,-18615.716282417005,-1050.147340673765,-6794.260571367721,19844.63854183824
2017-07-11 17:45:27.288107991,-2.0542,-0.3784,-0.6232,-18693.65537521921,-1055.6254804715732,-6821.272620850741,19927.28924390999
2017-07-11 17:45:27.488228976,0.1885,0.51,-0.1509,-18732.62535367545,-1058.3446866588445,-6834.7874550062115,19968.617019514735
2017-07-11 17:45:27.687949001,-2.1606,-0.2175,-0.3728,-18771.603434555058,-1061.0671203365089,-6848.2900812817725,20009.948425106966
2017-07-11 17:45:27.879920120,0.1806,-0.5837,0.2266,-18809.062555337834,-1063.7054377797663,-6861.260470403683,20049.668294305975
2017-07-11 17:45:27.887941002,0.1509,-0.4292,0.1857,-18810.627651824827,-1063.8156988116455,-6861.802383519146,20051.327847479428
2017-07-11 17:45:28.288402974,0.2587,0.5606,-0.043,-18888.727399195017,-1069.230844734689,-6888.865605005187,20134.143803108593
2017-07-11 17:45:28.487946987,-2.0411,-0.0767,-0.3519,-18927.724568707366,-1071.9321823035057,-6902.364801998872,20175.490968305563
2017-07-11 17:45:28.687936007,0.2053,-0.5651,0.1578,-18966.800495470616,-1074.6621456961338,-6915.887792508419,20216.921717238347
2017-07-11 17:45:28.884739750,-2.3594,-0.7261,-0.9759,-19005.34543341602,-1077.3767513506345,-6929.233197119137,20257.792782232616
2017-07-11 17:45:28.887951016,-1.7759,0.0019,-0.7521,-19005.974393266948,-1077.421045818071,-6929.450963152472,20258.45969954837
2017-07-11 17:45:29.287944972,-1.5627,-0.0819,-0.5832,-19084.567394884998,-1082.951449844651,-6956.669118781334,20341.797897944864
2017-07-11 17:45:29.487473011,-0.0273,-0.6434,0.1406,-19123.772842845094,-1085.735782884071,-6970.2406894886735,20383.3698196441
2017-07-11 17:45:29.688010990,-1.919,-0.5518,-1.4875,-19163.253908353072,-1088.5564001299172,-6983.940775190177,20425.246244381906
2017-07-11 17:45:29.879539840,-0.0155,0.3443,-0.1454,-19200.96186340152,-1091.237671644155,-6997.030721006037,20465.24309766481
2017-07-11 17:45:29.888005018,0.2122,0.3385,-0.1442,-19202.62846161425,-1091.3561540283265,-6997.609279799971,20467.01086437577
2017-07-11 17:45:30.288877010,0.0054,-0.6157,0.1724,-19281.55003887625,-1097.065878124246,-7024.97946546739,20550.71925585262
2017-07-11 17:45:30.488000988,-1.3656,0.298,-0.6141,-19320.806670807953,-1099.8902369515547,-7038.599327428629,20592.35803486714
2017-07-11 17:45:30.687913000,-0.3629,0.1704,-0.3433,-19360.233164259967,-1102.718963187022,-7052.286809972348,20634.179570227494
2017-07-11 17:45:30.883550040,-1.3346,-0.3469,-0.5221,-19398.8676312999,-1105.5004763822094,-7065.701578501742,20675.1622841616
2017-07-11 17:45:30.887953996,-1.0957,-0.2423,-0.4501,-19399.73734723096,-1105.5630953070063,-7066.003565069261,20676.084863455748
2017-07-11 17:45:31.288074970,-1.3745,0.2922,-0.6819,-19478.975352642014,-1111.2055510608554,-7093.54969391874,20760.147056936716
2017-07-11 17:45:31.487954020,-0.2392,0.2403,-0.1396,-19518.567980880336,-1114.014619958178,-7107.315844651921,20802.150444446073
2017-07-11 17:45:31.688013017,-0.9213,-0.1704,-0.191,-19558.233127292777,-1116.833037824314,-7121.102033275665,20844.229255701237
2017-07-11 17:45:31.879340170,-0.0706,-0.7019,0.0978,-19596.16961943031,-1119.5541358591422,-7134.282925080165,20884.474091336207
2017-07-11 17:45:31.887651979,-0.1305,-0.6042,-0.1348,-19597.817700200812,-1119.6723900281552,-7134.855550738392,20886.22245886503
2017-07-11 17:45:32.488901019,-0.7634,0.1228,-0.4676,-19717.310434712017,-1128.1821170552041,-7176.446452966369,21013.00809880252
2017-07-11 17:45:32.688395977,-1.0455,-1.0236,-0.2604,-19756.999837723557,-1131.0463894116388,-7190.256714208993,21055.120520648587
2017-07-11 17:45:32.881289830,-0.9335,0.4084,-0.6594,-19795.410688533026,-1133.8006898626097,-7203.634541567173,21095.879667377707
2017-07-11 17:45:32.888396978,-0.8761,0.4638,-0.5857,-19796.82597540416,-1133.902148264021,-7204.127475396659,21097.38148358795
2017-07-11 17:45:33.288421988,-0.3129,-0.2631,0.1423,-19876.53530487525,-1139.6548240145826,-7231.84942860325,21181.952577650653
2017-07-11 17:45:33.488548994,-2.0099,-0.8566,-0.5821,-19916.49328331925,-1142.5671160358772,-7245.7416537702875,21224.34772689915
2017-07-11 17:45:33.688408970,-0.2341,0.7386,-0.291,-19956.40729661836,-1145.4460195323386,-7259.626966210996,21266.697497748042
2017-07-11 17:45:33.884079930,-2.1655,0.3744,-0.899,-19995.56763277216,-1148.2502472192907,-7273.255666038974,21308.2484397609
2017-07-11 17:45:33.888411998,-1.8606,0.5464,-0.8295,-19996.434660109626,-1148.3123213184867,-7273.557414956801,21309.16839700692
2017-07-11 17:45:34.288613021,-2.7015,-0.8859,-0.3786,-20076.96423698585,-1154.188678750359,-7301.493935986173,21394.589460342704
2017-07-11 17:45:34.488512992,-0.4382,0.7697,-0.3333,-20117.2061825711,-1157.0931556162288,-7315.461516193878,21437.27656111579
2017-07-11 17:45:34.688421010,-2.4401,0.4147,-0.8984,-20157.54726234377,-1159.981176656668,-7329.465561621338,21480.068281614327
2017-07-11 17:45:34.886579750,-0.2739,-0.2852,0.1917,-20197.5460961511,-1162.8551252321536,-7343.339538385895,21522.493719930524
2017-07-11 17:45:34.888647973,-0.1173,-0.3568,0.079,-20197.963572601955,-1162.8851227431398,-7343.484343560186,21522.936523461813
2017-07-11 17:45:35.288581013,-0.1952,0.8789,-0.2831,-20278.722368551247,-1168.5451755206575,-7371.530654054065,21608.598818796003
2017-07-11 17:45:35.488406002,-2.9266,0.5916,-0.0478,-20319.19004627358,-1171.34957628827,-7385.545792738851,21651.508737801545
2017-07-11 17:45:35.688414990,-0.1532,-0.2491,0.0895,-20359.701115214757,-1174.1665242458007,-7399.570256252089,21694.463268418214
2017-07-11 17:45:35.884050130,-2.3553,-0.8066,-0.6849,-20399.41642233052,-1176.952741549678,-7413.314242441231,21736.57369929013
2017-07-11 17:45:35.888511002,-2.3635,-0.9897,-0.6141,-20400.32205770171,-1177.0162925644727,-7413.627645002048,21737.5339509718
2017-07-11 17:45:36.288637995,-2.6949,0.3733,-0.7564,-20481.98632333914,-1182.656864247049,-7441.860026403188,21824.108725457263
2017-07-11 17:45:36.488599002,-0.2631,-0.1964,0.0957,-20522.808058371247,-1185.4835582356125,-7455.965159085509,21867.38297833309
2017-07-11 17:45:36.688401997,-2.2394,-0.9164,-0.4115,-20563.686935111928,-1188.344602352245,-7470.075573282556,21910.71455543578
2017-07-11 17:45:36.884550210,-0.3162,0.6709,-0.3046,-20603.83022389949,-1191.1275001677832,-7483.939600016369,21953.267559833166
2017-07-11 17:45:36.888409972,-0.411,0.5984,-0.3946,-20604.620160954022,-1191.1822525126952,-7484.212419206632,21954.10491620419
2017-07-11 17:45:37.288401007,0.094,-0.3159,0.3189,-20686.467096544544,-1196.906835058419,-7512.433925769146,22040.852306507495
2017-07-11 17:45:37.488696992,-2.969,-0.6363,-1.1523,-20727.571158349965,-1199.7989539450214,-7526.612107165703,22084.420152362665
2017-07-11 17:45:37.688404977,-0.3088,0.7565,-0.517,-20768.566868748967,-1202.652410866282,-7540.769285962154,22127.877079086687
2017-07-11 17:45:37.885350100,-2.5247,0.3806,-1.0152,-20809.09335010822,-1205.4516291334933,-7554.769984084838,22170.837358930043
2017-07-11 17:45:37.888418018,-2.5819,0.2871,-1.0205,-20809.724676772923,-1205.4952313298213,-7554.988089944991,22171.506600027467
2017-07-11 17:45:38.288443982,-2.6873,-0.9214,-1.3119,-20892.47341238593,-1211.327966780816,-7583.636853968021,22259.25220359436
2017-07-11 17:45:38.488569021,-0.0587,0.7004,-0.1613,-20933.873311062325,-1214.2179173554719,-7597.975721265032,22303.152512937882
2017-07-11 17:45:38.688584029,-2.0704,-0.273,-0.7199,-20975.333276037727,-1217.1172006416937,-7612.335505213203,22347.116864707245
2017-07-11 17:45:38.886589880,-0.2292,-0.3273,0.1016,-21016.385760458397,-1220.0001927643514,-7626.547061321479,22390.647399780446
2017-07-11 17:45:38.888401985,0.1397,-0.4677,0.2479,-21016.761463100884,-1220.0265787954258,-7626.67712147156,22391.045780959572
2017-07-11 17:45:39.288397014,0.2074,0.6284,-0.0832,-21099.659009313356,-1225.750358327056,-7655.399262652838,22478.950423026043
2017-07-11 17:45:39.488656997,-2.179,-0.3525,-0.7351,-21141.249564830578,-1228.6301406005455,-7669.808660616066,22523.05330267862
2017-07-11 17:45:39.688528001,0.1327,-0.4715,0.3021,-21182.754034941885,-1231.5231649502987,-7684.178001778611,22567.062488805987
2017-07-11 17:45:39.884090060,-2.8828,-0.7721,-1.271,-21223.47397684263,-1234.3833482519053,-7698.286168416888,22610.24457689471
2017-07-11 17:45:39.888415992,-1.4578,0.1783,-0.8297,-21224.374749905153,-1234.4466136215342,-7698.598263750086,22611.19981763261
2017-07-11 17:45:40.288681983,-1.5254,-0.4017,-0.4801,-21307.965067885998,-1240.364733016557,-7727.552461530666,22699.844648165985
2017-07-11 17:45:40.488490998,-0.1568,-0.6262,0.1067,-21349.698827812797,-1243.3440026961619,-7742.001864663968,22744.101152162773
2017-07-11 17:45:40.688611984,-1.0972,0.3477,-1.0178,-21391.541689691796,-1246.313999214647,-7756.514589585316,22788.481147827963
2017-07-11 17:45:40.884140130,-0.2961,0.3411,-0.2708,-21432.43556491537,-1249.2027926911592,-7770.704595898138,22831.85607387689
2017-07-11 17:45:40.888411998,-0.2945,0.0183,-0.3638,-21433.32901320587,-1249.2659062600542,-7771.014623550044,22832.803729991305
2017-07-11 17:45:41.288396000,-0.1198,-0.6398,0.1167,-21517.003625677517,-1255.2777225126754,-7800.02449534409,22921.552070399244
2017-07-11 17:45:41.488412022,-0.8718,0.6128,-0.504,-21558.8808345714,-1258.2594757505512,-7814.551336656282,22965.969875901224
2017-07-11 17:45:41.689095020,-1.0083,0.2863,-0.5175,-21600.938295681888,-1261.239641630646,-7829.147460982382,23010.580406701694
2017-07-11 17:45:41.884159800,-0.8474,-0.1262,-0.2227,-21641.850581538874,-1264.1411782633436,-7843.343433513461,23053.975486416097
2017-07-11 17:45:41.888402998,-0.705,-0.2311,-0.0782,-21642.74054950514,-1264.2042988639996,-7843.652236552622,23054.919462241396
2017-07-11 17:45:42.484965980,-0.6573,0.8157,-0.3119,-21768.097540389732,-1272.7883019292149,-7887.178714056331,23187.877191690328
2017-07-11 17:45:42.685153007,0.0096,-0.3798,0.235,-21810.16286218676,-1275.6840330564958,-7901.775358845158,23232.490775828544
2017-07-11 17:45:42.884109730,-0.8886,-0.9192,-0.4228,-21852.004834215008,-1278.5983530863625,-7916.29903199159,23276.870910562317
2017-07-11 17:45:42.885003983,-1.788,-0.6427,-0.1882,-21852.192903222804,-1278.6114526270371,-7916.364311857631,23277.070387926895
2017-07-11 17:45:43.284968972,-1.5134,0.349,-0.8458,-21936.55104205887,-1284.4145433578387,-7945.696790685618,23366.55922102257
2017-07-11 17:45:43.485167026,0.0621,-0.349,0.1754,-21978.773087029767,-1287.3332039373554,-7960.371808817126,23411.347943331115
2017-07-11 17:45:43.685171008,-2.6698,-0.8628,-1.0561,-22021.06099820141,-1290.2835485414937,-7975.074846667758,23456.20979468117
2017-07-11 17:45:43.849609970,-0.3041,0.7707,-0.3417,-22055.83742997381,-1292.6884184061144,-7987.172607024182,23493.103974122118
2017-07-11 17:45:43.885237991,-0.4783,0.6863,-0.3144,-22063.372841671426,-1293.2085962309234,-7989.794156564461,23501.09827834098
2017-07-11 17:45:44.286580026,0.011,-0.4588,0.206,-22148.255870636134,-1299.1421895575356,-8019.292169794069,23591.143580682492
2017-07-11 17:45:44.485189020,-2.7907,-0.8777,-0.9008,-22190.3713519648,-1302.1131218248424,-8033.925153435334,23635.820965033763
2017-07-11 17:45:44.684961974,-0.0064,0.73,-0.1875,-22232.733909033534,-1305.0723316798671,-8048.651377541885,23680.76138678849
2017-07-11 17:45:44.855889910,-2.4734,0.4876,-0.7652,-22269.052042392406,-1307.5900182723408,-8061.273653164403,23719.287582764147
2017-07-11 17:45:44.885039985,-2.8789,0.0232,-0.9234,-22275.248188402376,-1308.0193651953698,-8063.42704251783,23725.86040978614
2017-07-11 17:45:45.285502016,-3.047,-1.1717,-1.2226,-22360.85912797039,-1314.1056135339845,-8093.206248084229,23816.693344763204
2017-07-11 17:45:45.485010981,0.0628,0.5033,-0.1124,-22403.507737817814,-1317.1177306660206,-8108.046631611738,23861.94414240566
2017-07-11 17:45:45.685054004,-2.6957,-0.0295,-0.4787,-22446.378386511158,-1320.1390913281703,-8122.945897039357,23907.423950252705
2017-07-11 17:45:45.851759910,0.1409,-0.3583,0.249,-22482.100737179473,-1322.6669004979967,-8135.355283890839,23945.31910168435
2017-07-11 17:45:45.885064005,0.082,-0.3627,0.1975,-22489.237169395346,-1323.1723022766678,-8137.834181549434,23952.88956617175
2017-07-11 17:45:46.285579979,0.1164,0.8223,-0.1052,-22575.041429896923,-1329.1183704953141,-8167.662349282197,24043.913147743497
2017-07-11 17:45:46.486091017,-2.5763,-0.2425,-0.7758,-22618.101351660007,-1332.1049110388983,-8182.626469745812,24089.590868077503
2017-07-11 17:45:46.685883998,-0.0243,-0.5193,0.1719,-22661.008040039615,-1335.1014853993129,-8197.530139908318,24135.10475970139
2017-07-11 17:45:46.849720230,-2.7146,-0.751,-1.0564,-22696.265676515246,-1337.57892475445,-8209.779952305735,24172.506694676755
2017-07-11 17:45:46.885209977,-1.3456,0.1752,-0.7527,-22703.90478207105,-1338.115360080076,-8212.434420497255,24180.610500589086
2017-07-11 17:45:47.285165011,-1.8357,-0.262,-0.3862,-22790.288044916757,-1344.20267889433,-8242.410976971942,24272.236170685424
2017-07-11 17:45:47.485383987,0.0208,-0.5043,0.2691,-22833.530993419932,-1347.2702295053869,-8257.406564933588,24318.101033538547
2017-07-11 17:45:47.684989988,-1.8017,-0.2096,-0.8528,-22876.71333697418,-1350.3367397393565,-8272.39022128924,24363.904908410394
2017-07-11 17:45:47.851669900,-0.0654,0.4847,-0.1013,-22912.774336456765,-1352.8839465027015,-8284.90505685866,24402.15512136702
2017-07-11 17:45:47.885055005,0.0233,0.4159,-0.1257,-22919.997137999635,-1353.3936750005437,-8287.41185234785,24409.816436341316
2017-07-11 17:45:48.285337984,0.0296,-0.4496,0.2686,-23006.592827384382,-1359.5772898704572,-8317.42496080247,24501.659574624042
2017-07-11 17:45:48.485782027,-1.3703,0.1608,-0.9019,-23050.011181003312,-1362.6673105921423,-8332.490436779372,24547.71424232313
2017-07-11 17:45:48.685120999,-0.0203,0.2596,-0.1431,-23093.190970899977,-1365.7299802028765,-8347.478541284487,24593.51714567248
2017-07-11 17:45:48.854899880,-1.4898,-0.2959,-0.4941,-23130.010548165345,-1368.3470140511554,-8360.258293505165,24632.573561104506
2017-07-11 17:45:48.884970009,-1.656,-0.4032,-0.4787,-23136.533289123592,-1368.8108906104096,-8362.522192782926,24639.492553982614
2017-07-11 17:45:49.285230994,-1.3335,0.2106,-0.7737,-23223.570589774754,-1374.9517729066292,-8392.780721283367,24731.83154462313
2017-07-11 17:45:49.485786974,0.1053,0.4993,-0.1346,-23267.177527490876,-1378.008658772495,-8407.947565086437,24778.095976419805
2017-07-11 17:45:49.685249984,-1.906,-0.3772,-0.7826,-23310.62265161048,-1381.0638926140198,-8423.06289026142,24824.19090996838
2017-07-11 17:45:49.848990080,0.0002,-0.5357,0.2797,-23346.286947083223,-1383.586310585736,-8435.46363075404,24862.028717708516
2017-07-11 17:45:49.885590016,0.2463,-0.5481,0.2754,-23354.258463776438,-1384.1508672108273,-8438.235132136604,24870.486005731742
2017-07-11 17:45:50.285190999,-0.0767,0.3606,-0.2242,-23441.30435821105,-1390.2571599458154,-8468.53040291784,24962.84383178745
2017-07-11 17:45:50.485170006,-0.9733,-0.1733,-0.2432,-23484.905115650043,-1393.3199647490899,-8483.701298205575,25009.10427289288
2017-07-11 17:45:50.685774981,-0.4242,-0.7345,-0.1354,-23528.659421616492,-1396.4219146581377,-8498.925129767738,25055.529064531
2017-07-11 17:45:50.850110050,-2.0491,-0.055,-0.6588,-23564.558172249137,-1398.964509212883,-8511.414244188689,25093.618232282264
2017-07-11 17:45:50.885176002,-0.872,0.754,-0.5332,-23572.21934937411,-1399.5061229931111,-8514.07983731569,25101.74690971702
2017-07-11 17:45:51.285233974,-0.4699,-0.16,-0.1056,-23659.698855036087,-1405.7108556956284,-8544.50776999059,25194.562626730516
2017-07-11 17:45:51.485067009,-1.4168,-1.0789,-0.5064,-23703.4523372526,-1408.8532669030635,-8559.727054722147,25240.9874506409
2017-07-11 17:45:51.686057984,-0.5397,0.8712,-0.4692,-23747.48115312096,-1411.97869273933,-8575.053482615614,25287.706245848065
2017-07-11 17:45:51.849670170,-1.3372,0.3329,-0.9363,-23783.35761658352,-1414.5139640159466,-8587.55468055188,25325.778263740798
2017-07-11 17:45:51.885160982,-0.8244,0.2003,-0.5505,-23791.140989864118,-1415.063663641095,-8590.267138142417,25334.038057056747
2017-07-11 17:45:52.487779974,-0.8939,-0.7718,-0.4254,-23923.623998969593,-1424.6776099137076,-8636.478005809146,25474.65885701099
2017-07-11 17:45:52.687683999,-2.4324,0.2023,-1.144,-23967.669180543926,-1427.8587158323555,-8651.853040372987,25521.412725250633
2017-07-11 17:45:52.852509730,-0.8601,-0.2244,-0.2363,-24004.0088708751,-1430.4877114301069,-8664.536550032572,25559.986905169833
2017-07-11 17:45:52.887946009,-0.7661,-0.113,-0.2686,-24011.8225900214,-1431.0530673929254,-8667.263745466089,25568.28108829038
2017-07-11 17:45:53.287782013,-0.7878,0.8067,-0.6863,-24100.112595021616,-1437.3031476366577,-8698.145061225778,25662.014631299942
2017-07-11 17:45:53.487779974,-2.2643,0.4627,-1.022,-24144.365823865108,-1440.4109300237571,-8713.632773901847,25708.998051312185
2017-07-11 17:45:53.687542021,-0.2715,-0.3182,0.1084,-24188.577686568948,-1443.5277442579716,-8729.097891861926,25755.935487831382
2017-07-11 17:45:53.881500240,-0.5298,-0.7802,-0.1656,-24231.524961729283,-1446.5833544451084,-8744.11992065212,25801.5317095519
2017-07-11 17:45:53.887646019,-1.7557,-0.7753,-0.8559,-24232.885859582766,-1446.6802040903647,-8744.595942445914,25802.97655103215
2017-07-11 17:45:54.287449002,-1.13,0.4049,-0.8215,-24321.597328691736,-1452.9158694213795,-8775.69402435985,25897.17874116458
2017-07-11 17:45:54.487444996,-0.7536,-0.1937,-0.2264,-24366.004175005797,-1456.042923717391,-8791.259471690802,25944.333939238077
2017-07-11 17:45:54.687515020,-0.8125,-0.6927,-0.1826,-24410.459981605047,-1459.1988629213813,-8806.83798980294,25991.541185811373
2017-07-11 17:45:54.874549740,-0.2741,0.7546,-0.2187,-24452.028916107665,-1462.1227835757966,-8821.409160249394,26035.682835695876
2017-07-11 17:45:54.887462019,-0.7087,0.6639,-0.4869,-24454.89882058283,-1462.3245310181244,-8822.415188443081,26038.730366825337
2017-07-11 17:45:55.287460982,-0.5381,-0.3604,-0.0018,-24543.889346870455,-1468.6319642384485,-8853.580403579837,26133.221578681354
2017-07-11 17:45:55.487312972,-0.9428,-0.7587,-0.2619,-24588.3894527668,-1471.8136582091602,-8869.161980107812,26180.47298187744
2017-07-11 17:45:55.687699973,-0.2071,0.7708,-0.3504,-24633.017003145073,-1474.9729182540289,-8884.79933937382,26227.861733045538
2017-07-11 17:45:55.875980250,-1.5443,0.5107,-0.7195,-24675.00304820955,-1477.92320214974,-8899.517446675802,26272.446464010354
2017-07-11 17:45:55.887283027,-2.5099,0.201,-0.7239,-24677.52386071037,-1478.100286902177,-8900.401091524589,26275.12329074941
2017-07-11 17:45:56.286782979,-2.8297,-0.7187,-1.3391,-24767.074335018944,-1484.4741038347927,-8931.847497257335,26370.239555141936
2017-07-11 17:45:56.487707018,-0.4059,0.6443,-0.515,-24812.129132291837,-1487.653733180923,-8947.683906599803,26418.098209367712
2017-07-11 17:45:56.687685012,-2.5589,0.3058,-1.0364,-24857.074123837567,-1490.8061620262833,-8963.487197546687,26465.84099837513
2017-07-11 17:45:56.877109760,-0.1324,-0.4349,0.2071,-24899.652027390366,-1493.807835748149,-8978.449085539438,26511.067140288636
2017-07-11 17:45:56.887706995,0.1333,-0.4583,0.256,-24902.03400344616,-1493.9758137521908,-8979.28608914628,26513.597264641423
2017-07-11 17:45:57.287994027,-0.048,0.5234,-0.2329,-24992.0155532823,-1500.236945805467,-9010.93936019885,26609.182258428104
2017-07-11 17:45:57.487686991,-2.0832,-0.0534,-1.1146,-25036.988119808728,-1503.3625939219705,-9026.774814895805,26656.960381091547
2017-07-11 17:45:57.687700986,-0.0931,-0.4488,0.1824,-25082.036709788244,-1506.511221414717,-9042.628430012686,26704.817364937873
2017-07-11 17:45:57.883640050,-2.5036,-0.5191,-0.9709,-25126.26363301434,-1509.615630545143,-9058.19633069844,26751.80338357031
2017-07-11 17:45:57.887701988,-2.7471,-0.8469,-0.8751,-25127.180529815883,-1509.680000840022,-9058.519077348165,26752.777481180816
2017-07-11 17:45:58.287895023,-2.7311,0.122,-1.1198,-25217.95306174061,-1516.0023962324574,-9090.496284580538,26849.218658827067
2017-07-11 17:45:58.487703025,0.0194,-0.5523,0.172,-25263.273111567385,-1519.181085459836,-9106.454967725429,26897.36792995318
2017-07-11 17:45:58.687978029,-2.0884,-0.5422,-1.239,-25308.782851735406,-1522.3889517743726,-9122.500646747874,26945.726481330883
2017-07-11 17:45:58.877339830,-0.0235,0.7419,-0.2356,-25351.813559277343,-1525.3954149913081,-9137.680427371324,26991.45208226486
2017-07-11 17:45:58.887695014,-0.0412,0.5186,-0.3004,-25354.16668291933,-1525.5597667736713,-9138.510560588784,26993.95258299992
2017-07-11 17:45:59.288228988,0.1375,-0.4782,0.2628,-25445.16241423141,-1531.9935380230156,-9170.577588898925,27090.640225014515
2017-07-11 17:45:59.487788021,-2.3882,-1.0158,-1.3237,-25490.594549832276,-1535.2395048169597,-9186.60713853895,27138.922630770445
2017-07-11 17:45:59.687949001,-0.1133,0.3454,-0.2766,-25536.16826557278,-1538.4814244485572,-9202.696121300201,27187.357920217502
2017-07-11 17:45:59.877239700,-2.3448,-0.1672,-1.0128,-25579.350994417382,-1541.5532738428915,-9217.947638134314,27233.254349252555
2017-07-11 17:45:59.887697994,-1.9233,-0.1106,-0.9036,-25581.737046643226,-1541.7230053410815,-9218.790381892102,27235.790354863264
2017-07-11 17:46:00.287818014,-1.7947,-0.2922,-0.9243,-25673.31146468954,-1548.263480304985,-9251.18058183217,27333.137096298957
2017-07-11 17:46:00.487685024,-0.231,0.3899,-0.3185,-25719.06373002543,-1551.5149876885987,-9267.372781281296,27381.77562126615
2017-07-11 17:46:00.687698006,-1.3915,-0.3083,-0.6567,-25764.905077555,-1554.7812033974565,-9283.603078042968,27430.51155841805
2017-07-11 17:46:00.876979820,0.2967,-0.4456,0.3258,-25808.276298671608,-1557.8881437145114,-9298.950908487917,27476.619678835483
2017-07-11 17:46:00.887750029,0.0662,-0.4895,0.2619,-25810.744130380524,-1558.0649866103877,-9299.824175643209,27479.243234928283
2017-07-11 17:46:01.287855029,-0.0752,0.2721,-0.2309,-25902.434223032724,-1564.5910056351795,-9332.302343772662,27576.72770161529
2017-07-11 17:46:01.488152027,-1.472,-0.3533,-0.6582,-25948.39435476379,-1567.8721771001585,-9348.587680997147,27625.594733568247
2017-07-11 17:46:01.687685012,-0.1209,-0.5511,0.1559,-25994.183989579884,-1571.1627740339684,-9364.804692509737,27674.279045270425
2017-07-11 17:46:01.876920220,-1.495,-0.0987,-1.0279,-26037.663984858966,-1574.2870796883135,-9380.221562902007,27720.513742837215
2017-07-11 17:46:01.887696981,-1.1907,0.3315,-0.7646,-26040.14026657723,-1574.4649673559402,-9381.099627472253,27723.146921967716
2017-07-11 17:46:02.488200008,-1.5803,-0.3562,-0.6584,-26178.69357935368,-1584.5056768619434,-9430.264591616315,27870.495977459635
2017-07-11 17:46:02.688084006,-1.2426,0.2819,-0.7368,-26224.86221071149,-1587.8365738754187,-9446.659125287406,27919.598700295028
2017-07-11 17:46:02.876880280,-0.2582,0.2749,-0.2908,-26268.479034737105,-1590.972904843414,-9462.154606449632,27965.989261578514
2017-07-11 17:46:02.888170003,-0.5016,0.2543,-0.4966,-26271.0873167823,-1591.1604201356918,-9463.081275373408,27968.76342480892
2017-07-11 17:46:03.288362026,-0.0496,-0.5745,0.0919,-26363.552238154156,-1597.8993695410977,-9495.914618383546,28067.108213150375
2017-07-11 17:46:03.488496005,-1.4954,0.29,-0.6808,-26409.853367451284,-1601.2578680427623,-9512.361673390493,28116.354782503993
2017-07-11 17:46:03.688099980,-0.7875,0.4202,-0.5253,-26456.06325534575,-1604.5907309123404,-9528.786101420186,28165.50654526213
2017-07-11 17:46:03.882179730,-0.9369,-0.1622,-0.28,-26501.029531930522,-1607.8374632923098,-9544.76651492791,28213.335063141843
2017-07-11 17:46:03.888086020,-0.9793,-0.2115,-0.2982,-26502.397992575763,-1607.9362761510085,-9545.252845806883,28214.790630366737
2017-07-11 17:46:04.288083016,-1.2643,0.4366,-0.5517,-26595.277770047906,-1614.5584134061173,-9578.277340515362,28313.583230459102
2017-07-11 17:46:04.487841010,-1.1297,0.3861,-0.8431,-26641.706892178066,-1617.8500937303174,-9594.803373848066,28362.972990103095
2017-07-11 17:46:04.688190996,-0.5941,-0.0536,-0.1817,-26688.297456389897,-1621.1536806107736,-9611.38567629965,28412.534117805884
2017-07-11 17:46:04.880849950,-0.1439,-0.5801,0.0891,-26733.10484398576,-1624.3519812976895,-9627.328110427949,28460.197829679906
2017-07-11 17:46:04.888100028,-1.8447,-1.2192,-0.7153,-26734.79111773172,-1624.4724027762998,-9627.928088431976,28461.991602348317
2017-07-11 17:46:05.288112998,-1.9642,0.4889,-0.9175,-26828.143218720175,-1631.0382612995109,-9661.177849854896,28561.30094761986
2017-07-11 17:46:05.488559007,-0.4063,-0.2889,-0.0477,-26874.93816667677,-1634.3400125564626,-9677.84118107143,28611.081396294423
2017-07-11 17:46:05.688305974,-1.8521,-0.7986,-0.5665,-26921.64381705543,-1637.662112399829,-9694.469002737986,28660.76712601804
2017-07-11 17:46:05.881599780,-0.7701,0.1885,-0.6706,-26966.869335871248,-1640.8698434019564,-9710.584690008927,28708.882782908408
2017-07-11 17:46:05.888081014,-0.545,0.6361,-0.4061,-26968.385792096367,-1640.9773734403047,-9711.125073789428,28710.496149845094
2017-07-11 17:46:06.288240015,-0.3504,-0.2219,0.1046,-27062.069689474574,-1647.651936560482,-9744.472253906364,28810.156408620573
2017-07-11 17:46:06.488084971,-1.8456,-0.857,-0.496,-27108.930436968363,-1651.0195328420036,-9761.146107491282,28860.006033713988
2017-07-11 17:46:06.688081979,-0.4498,0.8452,-0.3706,-27155.84482991541,-1654.3558843700978,-9777.847470931269,28909.913576200648
2017-07-11 17:46:06.880600210,-1.9325,0.5137,-0.7571,-27201.07650997072,-1657.5484354849834,-9793.952356765509,28958.03054221492
2017-07-11 17:46:06.888105988,-2.337,0.192,-1.024,-27202.840105522333,-1657.6728938149597,-9794.580301471326,28959.90663851445
2017-07-11 17:46:07.287768006,-2.4926,-1.1439,-1.1202,-27297.144856471776,-1664.4826721371912,-9828.195557809548,29060.24858468344
2017-07-11 17:46:07.488389015,0.0795,0.6792,-0.2099,-27344.480441558422,-1667.8736850065072,-9845.078080474903,29110.6162019727
2017-07-11 17:46:07.688627004,-1.9582,0.6483,-0.9045,-27391.80416939742,-1671.2322300971946,-9861.96463765744,29160.972194629234
2017-07-11 17:46:07.880810020,-0.1396,-0.2636,0.1174,-27437.229361804446,-1674.465406888854,-9878.167563265217,29209.306459741158
2017-07-11 17:46:07.888144016,0.13,-0.4118,0.2757,-27438.96284919855,-1674.5888119791966,-9878.785876704906,29211.150958609767
2017-07-11 17:46:08.288125991,-0.0946,0.7067,-0.2722,-27533.519037787974,-1681.2060254193002,-9912.551045404702,29311.768840039196
2017-07-11 17:46:08.488084018,-2.7341,0.2427,-0.8293,-27580.898658284892,-1684.5043829224321,-9929.464005415286,29362.182842041973
2017-07-11 17:46:08.688148021,0.1339,-0.4286,0.2693,-27628.298030136444,-1687.821643500533,-9946.375150250786,29412.615874346106
2017-07-11 17:46:08.882380000,-2.6472,-1.2095,-1.1361,-27674.415541221395,-1691.0878329793875,-9962.83618241104,29461.68967327919
2017-07-11 17:46:08.888234972,-2.173,-1.0124,-0.7717,-27675.805792230636,-1691.1863244276844,-9963.332413882184,29463.169045822506
2017-07-11 17:46:09.288083970,-3.0414,-0.0609,-1.1273,-27771.235367668884,-1697.9222600896192,-9997.401391312918,29564.71695157585
2017-07-11 17:46:09.488099992,0.0579,-0.3913,0.2741,-27818.96968226544,-1701.307424243092,-10014.432712452968,29615.50917487046
2017-07-11 17:46:09.688157021,-2.6137,-1.0972,-1.2113,-27866.81839091438,-1704.7371954505552,-10031.516004965855,29666.428998038213
2017-07-11 17:46:09.881249900,-0.3106,0.7718,-0.2959,-27913.01302727174,-1708.0187970417223,-10048.015646582047,29715.589223598567
2017-07-11 17:46:09.888593971,-0.1703,0.7834,-0.2437,-27914.769997619795,-1708.1435668232662,-10048.643205082155,29717.458988411807
2017-07-11 17:46:10.288260996,0.0025,-0.3623,0.2771,-28010.38456606287,-1714.9914554166405,-10082.7509055508,29819.200275229894
2017-07-11 17:46:10.488090991,-2.7566,-0.6927,-1.2576,-28058.301085398645,-1718.4430003595724,-10099.854674117678,29870.192007797075
2017-07-11 17:46:10.688076972,0.0825,0.5226,-0.1661,-28106.251708521722,-1721.8763384865633,-10116.978436844145,29921.221497782968
2017-07-11 17:46:10.880990020,-2.7068,-0.1252,-1.0983,-28152.607189813098,-1725.1929086230105,-10133.53745470966,29970.55494150688
2017-07-11 17:46:10.887938976,-2.4258,-0.2775,-0.9801,-28154.27708617547,-1725.3123887992188,-10134.133977431948,29972.33211741505
2017-07-11 17:46:11.287410974,-1.8874,-0.1012,-1.0724,-28250.574972292976,-1732.197049654121,-10168.597184236865,30074.83768167746
2017-07-11 17:46:11.487845003,0.0902,0.3714,-0.2433,-28298.888560824707,-1735.6364896616312,-10185.898782296666,30126.26863395819
2017-07-11 17:46:11.688219010,-1.6644,-0.1059,-0.8947,-28347.254506594745,-1739.0791515517462,-10203.231121192473,30177.75935468849
2017-07-11 17:46:11.883859990,0.2137,-0.5175,0.2594,-28394.469822699124,-1742.4603019687343,-10220.144124916036,30228.023924004097
2017-07-11 17:46:11.888265013,0.0914,-0.5035,0.1877,-28395.532913910454,-1742.5364412150786,-10220.52493193225,30229.155671275093
2017-07-11 17:46:12.482492983,0.0087,0.4718,-0.1693,-28538.93852157026,-1752.6408632230145,-10271.954746683237,30381.83365518471
2017-07-11 17:46:12.682766020,-0.0352,-0.7028,0.2233,-28587.272018103296,-1756.0745519151558,-10289.2792140027,30433.290752276916
2017-07-11 17:46:12.879290100,-1.7788,-0.0713,-1.0059,-28634.76944911316,-1759.446718327857,-10306.318230219582,30483.86244590825
2017-07-11 17:46:12.882525980,-1.5239,0.0137,-0.8839,-28635.551537104202,-1759.5022428094362,-10306.598796502729,30484.695155580506
2017-07-11 17:46:13.283088982,-0.9792,-0.3784,-0.1789,-28732.52173174899,-1766.4362199748762,-10341.358230532122,30587.935400037408
2017-07-11 17:46:13.482886016,-0.5795,-0.7149,-0.1507,-28780.912679974623,-1769.9233601430062,-10358.701922993389,30639.45608072263
2017-07-11 17:46:13.682789027,-0.7427,0.6734,-0.3912,-28829.358975079685,-1773.3854400901175,-10376.070447779903,30691.035707033785
2017-07-11 17:46:13.829179880,-0.0935,0.5142,-0.1445,-28864.838655858734,-1775.9097343099415,-10388.792678330254,30728.810249121292
2017-07-11 17:46:13.882813990,-1.2487,0.2338,-0.6645,-28877.8411550134,-1776.8339028317084,-10393.455711072662,30742.65392106652
2017-07-11 17:46:14.282974004,-0.1545,-0.7338,0.2175,-28974.876551702906,-1783.8465558113667,-10428.211415732503,30845.958779916644
2017-07-11 17:46:14.482743024,-0.4417,0.6896,-0.4041,-29023.336465561722,-1787.3199120483098,-10445.57838412276,30897.55135670239
2017-07-11 17:46:14.682729005,-0.7749,0.3066,-0.5896,-29071.880001414993,-1790.784778275291,-10462.987794764249,30949.236348125964
2017-07-11 17:46:14.829589960,-0.554,-0.2372,-0.0086,-29107.540199101062,-1793.3343404062862,-10475.772689758447,30987.203132039096
2017-07-11 17:46:14.882743000,-0.8173,-0.3895,0.0088,-29120.448919643717,-1794.2581978645176,-10480.399871869184,31000.94658613602
2017-07-11 17:46:15.282790005,-0.732,0.7447,-0.4013,-29217.72128146346,-1801.0922684956827,-10515.289767113823,31104.50914461256
2017-07-11 17:46:15.482716023,-2.516,0.2479,-0.1616,-29266.434324348193,-1804.4977298017661,-10532.732671893948,31156.36127110847
2017-07-11 17:46:15.682732999,-0.0857,-0.2886,0.2966,-29315.172958217758,-1807.9162864105072,-10550.171646454148,31208.23687167436
2017-07-11 17:46:15.828279850,-0.8058,-0.8239,-0.038,-29350.655791267778,-1810.4213294142796,-10562.86231348585,31246.002640676114
2017-07-11 17:46:15.882946014,-2.4909,-0.76,-0.5368,-29363.990286490516,-1811.3644735169821,-10567.630424660918,31260.194810545374
2017-07-11 17:46:16.282880008,-3.5854,0.1081,-0.7974,-29462.11803501552,-1818.2471623033834,-10602.641148521758,31364.604591429776
2017-07-11 17:46:16.482744991,-0.3397,-0.3225,0.1286,-29511.17044879741,-1821.6996336690324,-10620.132442961492,31416.794615608487
2017-07-11 17:46:16.682721018,-2.4737,-0.5017,-0.7221,-29560.34904013938,-1825.1740864001517,-10637.662332554308,31469.117491947254
2017-07-11 17:46:16.827370280,0.1809,0.661,-0.1567,-29595.917753711314,-1827.673442386939,-10650.345559097157,31506.961110596363
2017-07-11 17:46:16.882745981,0.0225,0.5902,-0.3898,-29609.534362882543,-1828.6284545134827,-10655.202241057721,31521.44891988977
2017-07-11 17:46:17.283513009,0.0919,-0.4112,0.2679,-29708.066219281955,-1835.6061474127068,-10690.308167018284,31626.276055259474
2017-07-11 17:46:17.482595980,-2.5491,-0.6489,-1.0983,-29757.11342943694,-1839.0980688304173,-10707.790736593533,31678.460565782396
2017-07-11 17:46:17.683349013,0.0879,0.6205,-0.2599,-29806.568543014204,-1842.5942759321824,-10725.430437922103,31731.081608634267
2017-07-11 17:46:17.827940100,-2.7304,0.3603,-1.0978,-29842.24535533921,-1845.1048640763872,-10738.158271138647,31769.042523559416
2017-07-11 17:46:17.882748007,-2.5206,-0.3071,-0.8856,-29855.776384431327,-1846.0574363933988,-10742.985474278024,31783.4398465015
2017-07-11 17:46:18.282734990,-2.5018,-1.0803,-1.4633,-29954.925819622207,-1853.1821264077657,-10778.448416705953,31888.976388782023
2017-07-11 17:46:18.482737004,0.1326,0.2957,-0.0802,-30004.497345682226,-1856.7327949820988,-10796.183851591433,31941.742335013245
2017-07-11 17:46:18.682734012,-3.1321,-0.5207,-1.1644,-30054.192911230974,-1860.3042020609232,-10813.965417169906,31994.64160314096
2017-07-11 17:46:18.829529760,0.2085,-0.378,0.2744,-30090.664452532747,-1862.9337236632887,-10827.010990475352,32033.46338193162
2017-07-11 17:46:18.882848024,0.343,-0.4982,0.4189,-30103.910450148982,-1863.890218902042,-10831.748133867823,32047.562758722495
2017-07-11 17:46:19.282895028,0.2362,0.6081,-0.2207,-30203.257386574718,-1870.969485052106,-10867.326247189934,32153.321186722525
2017-07-11 17:46:19.483044981,-2.2937,-0.5636,-1.0823,-30253.054143026566,-1874.5339336329744,-10885.169906691493,32206.33612112344
2017-07-11 17:46:19.682904005,0.1513,-0.5382,0.3163,-30302.772473674224,-1878.1146987525444,-10902.974995279437,32259.2653072048
2017-07-11 17:46:19.827959770,-1.9956,-0.5259,-1.1551,-30338.899551532963,-1880.7246493270518,-10915.922062667709,32297.72911030788
2017-07-11 17:46:19.882866024,-2.4236,-0.4861,-1.149,-30352.581616160907,-1881.714028689419,-10920.82622781611,32312.29648213868
2017-07-11 17:46:20.282854020,-2.8504,-0.472,-0.7558,-30452.710480799415,-1888.9970995736332,-10956.673628637453,32418.892372720995
2017-07-11 17:46:20.482744991,0.276,-0.5337,0.2221,-30502.738094436867,-1892.658083807917,-10974.579221329115,32472.150759770167
2017-07-11 17:46:20.682772994,-1.639,-0.3275,-1.0183,-30552.865582050214,-1896.334681438974,-10992.53783231524,32525.52180202093
2017-07-11 17:46:20.828269720,-0.0189,0.5208,-0.1842,-30589.32780359974,-1898.997946618908,-11005.604498226487,32564.34398308564
2017-07-11 17:46:20.883059978,0.1501,0.3871,-0.1018,-30603.058071081505,-1899.99970049958,-11010.52536813246,32578.963013671473
2017-07-11 17:46:21.282975018,0.2558,-0.4258,0.3919,-30703.234620094943,-1907.3796184487178,-11046.380205250018,32685.611953647276
2017-07-11 17:46:21.482869982,-1.6618,-0.1699,-1.1566,-30753.37362686167,-1911.075211896354,-11064.348230698473,32738.998146996437
2017-07-11 17:46:21.682914972,0.205,0.5355,-0.1161,-30803.542060474752,-1914.7521493382171,-11082.334387673713,32792.41703115291
2017-07-11 17:46:21.827519890,-1.9186,-0.4919,-0.9814,-30839.847032883248,-1917.4203535412953,-11095.35641840242,32831.07673950393
2017-07-11 17:46:21.882812976,-2.3244,-0.3817,-1.0843,-30853.73619804156,-1918.4417710540188,-11100.339012691855,32845.86705209582
2017-07-11 17:46:22.484134972,-2.9363,-0.6187,-1.4776,-31005.84503338226,-1929.773580011699,-11155.059881035831,33007.90531454126
2017-07-11 17:46:22.684005975,-1.7591,0.1166,-1.0359,-31056.47415146756,-1933.5354564906456,-11173.28971324066,33061.84430878424
2017-07-11 17:46:22.827479950,0.1532,-0.6966,0.2318,-31092.814242839097,-1936.250194425483,-11186.370914394462,33100.55976248017
2017-07-11 17:46:22.883952021,-0.1349,-0.4663,-0.0872,-31107.11831397018,-1937.3202158697939,-11191.52001839654,33115.79894461747
2017-07-11 17:46:23.283645987,0.0438,0.0782,-0.573,-31208.351643440208,-1944.8810438939863,-11228.055516451801,33223.68139228461
2017-07-11 17:46:23.484043002,0.9228,-0.0411,-1.4987,-31259.070559994663,-1948.6735131433697,-11246.43372941759,33277.756720754674
2017-07-11 17:46:23.684071004,0.0469,-0.3637,-0.2903,-31309.694205720687,-1952.4735509772443,-11264.789715816241,33331.73550183915
2017-07-11 17:46:23.838930010,0.119,0.2274,-1.8932,-31348.883501937813,-1955.4100361347253,-11279.04607659843,33373.537505417604
2017-07-11 17:46:23.884501993,0.9568,0.0541,-0.8582,-31360.41415984849,-1956.2740740484403,-11283.243227642228,33385.83774992255
2017-07-11 17:46:24.323606014,0.5171,-0.2535,-0.6201,-31471.416891022327,-1964.6482978853937,-11323.803995428383,33504.305111280686
2017-07-11 17:46:24.484021008,0.3029,-0.3343,-0.4998,-31511.960996747126,-1967.7162007250695,-11338.63465621736,33547.58156371755
2017-07-11 17:46:24.683999001,1.0248,0.3222,-1.078,-31562.46347413046,-1971.527852390927,-11357.166099430353,33601.50657989345
2017-07-11 17:46:24.838829870,0.2515,0.268,-0.4508,-31601.5584598018,-1974.4725591611607,-11371.524682317524,33643.255082939104
2017-07-11 17:46:24.883891999,0.3623,0.1744,-0.5534,-31612.93596735081,-1975.3292353914417,-11375.704742190783,33655.40527828356
2017-07-11 17:46:25.284152984,0.1512,-0.195,-0.4141,-31713.97160222658,-1982.969838555706,-11412.90015335192,33763.330020568705
2017-07-11 17:46:25.483632028,0.8065,0.2734,-1.2331,-31764.292886015926,-1986.766825500431,-11431.486388572393,33817.102566891015
2017-07-11 17:46:25.684028029,0.4738,0.2867,-0.2128,-31814.826457472107,-1990.5697528189842,-11450.166605969405,33871.10665101396
2017-07-11 17:46:25.836579790,0.7651,-0.1759,-0.8629,-31853.2774102771,-1993.4688305845655,-11464.407031359304,33912.20765941466
2017-07-11 17:46:25.884042978,0.7912,0.1371,-1.3641,-31865.238811998886,-1994.3705072096288,-11468.84070535865,33924.99469993532
2017-07-11 17:46:26.283882021,1.1389,0.0528,-1.2175,-31965.82188797215,-2001.9579636712026,-11506.38547286326,34032.609528391804
2017-07-11 17:46:26.483888983,0.4651,0.3062,-0.3334,-32016.116817100887,-2005.7411023444236,-11525.179404181039,34086.42682526936
2017-07-11 17:46:26.683879971,0.9486,0.4003,-1.494,-32066.3697887329,-2009.5079283118455,-11544.031589094324,34140.22347424981
2017-07-11 17:46:26.836840270,-0.0504,-0.2336,-0.1935,-32104.806247660355,-2012.3943977660497,-11558.454945303522,34181.372063370756
2017-07-11 17:46:26.884168028,0.1172,-0.2738,-0.4684,-32116.698688270895,-2013.2881194545794,-11562.918754534438,34194.10407963751
2017-07-11 17:46:27.283881008,0.3146,0.2583,-0.4096,-32217.08763979239,-2020.7948981154989,-11600.683900987751,34301.60659474931
2017-07-11 17:46:27.838900200,0.9528,-0.3132,-1.0193,-32356.18864270263,-2031.314873163816,-11653.436472563662,34450.715017487986
2017-07-11 17:46:51.294205009,0.7334,0.3342,-1.1104,-37831.16460452907,-2292.03211881391,-14493.666592900589,40577.294117213016
2017-07-11 17:46:51.493969023,-0.9687,0.8117,-0.5658,-37877.83250700435,-2294.2202026258724,-14517.878828155473,40629.57601841074
2017-07-11 17:46:51.694217026,-1.9615,-0.4446,-0.5519,-37924.69213135203,-2296.431415867674,-14542.171855687546,40682.06770539041
2017-07-11 17:46:51.894303023,0.1446,-0.8167,-0.022,-37971.508056032886,-2298.6735362782542,-14566.446110266357,40734.51455902046
2017-07-11 17:46:52.293433010,-1.2772,0.1859,-0.472,-38065.0995616444,-2303.1164858419447,-14614.943395905095,40839.35259833054
2017-07-11 17:46:52.495353996,-0.8671,-0.3867,0.0783,-38112.48312174292,-2305.3799531207787,-14639.475117021517,40892.42445900319
2017-07-11 17:46:52.694333970,-1.4558,-1.1767,-0.419,-38159.23417211565,-2307.6570417490466,-14663.666119109816,40944.78645294687
2017-07-11 17:46:52.894200980,0.0527,0.7702,-0.3214,-38206.191529544056,-2309.913514404969,-14687.97780156068,40997.38361816976
2017-07-11 17:46:52.941979880,-0.5238,0.4427,-0.4837,-38217.41804398674,-2310.4519213917292,-14693.790697536502,41009.95873069024
2017-07-11 17:46:53.294193029,0.2224,-0.2546,0.2355,-38300.149287315224,-2314.4524964858224,-14736.61258226512,41102.62614710764
2017-07-11 17:46:53.494331002,-1.9182,-1.3664,-0.6785,-38347.23647102952,-2316.7804735193463,-14760.972426559196,41155.36810314273
2017-07-11 17:46:53.694196999,-0.109,0.9719,-0.3253,-38394.26402012748,-2319.066463043464,-14785.31216179462,41208.045751151316
2017-07-11 17:46:53.894190013,-2.3613,0.4282,-1.1017,-38441.415901142565,-2321.3367785351584,-14809.711430116162,41260.86055291758
2017-07-11 17:46:53.942639700,-2.5399,0.7618,-0.9929,-38452.844731617144,-2321.8849898933436,-14815.624651855453,41273.66171888333
2017-07-11 17:46:54.294332981,-2.7119,-0.6994,-1.1035,-38536.14133501518,-2325.9509297337513,-14858.684852578022,41366.95241697201
2017-07-11 17:46:54.493888020,0.4022,0.416,-0.3627,-38583.38882293699,-2328.2414273397126,-14883.132176956611,41419.877167885
2017-07-11 17:46:54.693572998,-3.03,-0.6443,-1.0768,-38630.78789425541,-2330.5591072651555,-14907.638356476245,41472.96662225755
2017-07-11 17:46:54.894209027,0.3551,-0.6476,0.4559,-38678.39842134098,-2332.9138947555043,-14932.24290079997,41526.29130718064
2017-07-11 17:46:54.938550230,0.1808,-0.4549,0.295,-38688.92014435933,-2333.435204707365,-14937.680003640964,41538.07585435748
2017-07-11 17:46:55.294197022,0.3638,0.5676,-0.0564,-38773.265548166986,-2337.5446745864015,-14981.296422922804,41632.553115150644
2017-07-11 17:46:55.494307994,-3.1306,-0.3566,-1.1217,-38820.84934779599,-2339.871220495049,-15005.882892216205,41685.84727203803
2017-07-11 17:46:55.694235980,0.0146,-0.5393,0.3536,-38868.38905214259,-2342.2171954254195,-15030.43274526968,41739.089082170205
2017-07-11 17:46:55.894195020,-1.6431,0.3024,-0.6649,-38916.001837720105,-2344.5514437005377,-15055.012996659261,41792.41003860835
2017-07-11 17:46:55.942720170,-2.4434,-0.4985,-1.4564,-38927.56204533264,-2345.1190822640115,-15060.981449595454,41805.356505216885
2017-07-11 17:46:56.294342994,-1.9103,-0.1693,-0.2272,-39011.565780477365,-2349.253235459864,-15104.258129448926,41899.40177436732
2017-07-11 17:46:56.494423985,-0.0382,-0.6245,0.104,-39059.367251665055,-2351.6306582685474,-15128.879332810822,41952.91797622787
2017-07-11 17:46:56.694202005,-1.5293,0.2323,-0.8236,-39107.15737615271,-2353.995209699172,-15153.496124628908,42006.42208388624
2017-07-11 17:46:56.894192993,0.0399,0.1006,-0.2238,-39154.99685016463,-2356.3582581590645,-15178.14810971093,42059.985528023164
2017-07-11 17:46:56.942249890,0.1187,0.1059,-0.3192,-39166.49217739851,-2356.925843055295,-15184.072603356397,42072.85668618045
2017-07-11 17:46:57.294282972,-0.1632,-0.7681,0.0997,-39250.719576065276,-2361.178783621967,-15227.459174650556,42167.16335494705
2017-07-11 17:46:57.493977010,-0.8366,0.4687,-0.8613,-39298.531712564916,-2363.5726130084367,-15252.104957176794,42220.70316663581
2017-07-11 17:46:57.693966984,-0.7658,0.3086,-0.5222,-39346.44533305038,-2365.957647160996,-15276.808149354734,42274.35845955646
2017-07-11 17:46:57.894456028,-0.0059,-0.3432,-0.1077,-39394.47875793819,-2368.362428324933,-15301.577316827374,42328.15098234732
2017-07-11 17:46:57.942019820,-1.229,-0.2674,-0.5466,-39405.876933227,-2368.9335408067695,-15307.454762432953,42340.915841551214
2017-07-11 17:46:58.294363021,-0.2442,0.6708,-0.4778,-39490.342686697055,-2373.08095260568,-15351.053038444186,42435.52177256118
2017-07-11 17:46:58.494242012,-0.731,0.1425,-0.6769,-39538.28804106093,-2375.428023747089,-15375.812727001807,42489.22800581031
2017-07-11 17:46:58.694527983,-0.6586,-0.3175,-0.2014,-39586.357437882805,-2377.7926101793228,-15400.630908606701,42543.07258861276
2017-07-11 17:46:58.894556999,-0.6934,-0.8685,-0.1654,-39634.39290857326,-2380.188913068555,-15425.423867879106,42596.879017092215
2017-07-11 17:46:58.940200090,-1.953,-1.1219,-0.6605,-39645.3578238422,-2380.738044338883,-15431.082559611095,42609.16121654804
2017-07-11 17:46:59.293947994,-0.9605,0.1772,-0.6986,-39730.45946275293,-2384.9718051220016,-15475.026570970747,42704.495629909165
2017-07-11 17:46:59.493969976,-0.5378,-0.1298,-0.0623,-39778.600553602104,-2387.370921205605,-15499.876612153623,42758.42346147059
2017-07-11 17:46:59.694284975,-1.1846,-0.8311,-0.6295,-39826.859700866844,-2389.8069006126475,-15524.788316137194,42812.486296822535
2017-07-11 17:46:59.893651008,-0.6143,0.7166,-0.5361,-39874.91464322791,-2392.2028573194602,-15549.603312462428,42866.32262616215
2017-07-11 17:46:59.942569970,-0.5366,0.6714,-0.3084,-39886.70729352809,-2392.7891527439383,-15555.692970667258,42879.53407450625
2017-07-11 17:47:00.294194996,-0.5442,-0.22,-0.165,-39971.539070611165,-2397.030591482715,-15599.48527766803,42974.56959945126
2017-07-11 17:47:00.494198024,-2.036,-0.5329,-0.4843,-40019.87251743605,-2399.464422961034,-15624.413554216591,43028.71047036009
2017-07-11 17:47:00.694711029,-0.2582,0.9532,-0.4029,-40068.3395881772,-2401.866136486371,-15649.42159282317,43083.003545261425
2017-07-11 17:47:00.894038021,-2.463,0.5464,-1.3115,-40116.61783944168,-2404.231934977968,-15674.333819087504,43137.08495882827
2017-07-11 17:47:00.942010280,-1.0773,0.2448,-1.0667,-40128.23950155651,-2404.800751085126,-15680.331928394571,43150.10407323869
2017-07-11 17:47:01.305287003,-0.5736,-0.1614,-0.0551,-40216.3218812491,-2409.1294915416775,-15725.760731856672,43248.768781999526
2017-07-11 17:47:01.505307018,0.2048,0.6945,-0.1147,-40264.811809817314,-2411.4851087049196,-15750.7784013679,43303.08708115978
2017-07-11 17:47:01.705303013,-2.8005,-0.2966,-1.0681,-40313.40793084149,-2413.8523065117015,-15775.835788846598,43357.519956666554
2017-07-11 17:47:01.905310988,0.3362,-0.3871,0.2431,-40361.9935137591,-2416.235131351345,-15800.88495251736,43411.941650856825
2017-07-11 17:47:02.105849027,-2.8864,-1.1575,-1.3943,-40410.82393691832,-2418.670820634644,-15826.056574319193,43466.639236232106
2017-07-11 17:47:02.305553019,0.2614,0.6425,-0.1817,-40459.440847011814,-2421.0707557910687,-15851.1307526812,43521.10158757462
2017-07-11 17:47:02.504884004,-1.8881,-0.285,-0.7107,-40508.04197004713,-2423.4775322098562,-15876.18633563797,43575.54360142996
2017-07-11 17:47:02.705431997,-0.0911,-0.4732,0.2263,-40556.943489448415,-2425.9180349797925,-15901.385792862968,43630.319889409664
2017-07-11 17:47:02.905754983,-1.7866,-0.3505,-1.1743,-40605.861838263714,-2428.369864920328,-15926.604101118588,43685.12005274544
2017-07-11 17:47:03.105305016,0.2681,0.397,-0.1174,-40654.58075817987,-2430.7964257666963,-15951.729778574307,43739.70039695681
2017-07-11 17:47:03.305306017,-1.7735,-0.5475,-0.9398,-40703.480719884785,-2433.250370676488,-15976.949830539306,43794.4856799118
2017-07-11 17:47:03.505321979,0.0436,-0.4249,0.2743,-40752.38259525464,-2435.7214978657194,-16002.16079532943,43849.27110596887
2017-07-11 17:47:03.705419003,-0.9444,0.5183,-0.7851,-40801.34210212254,-2438.172874427688,-16027.413412037045,43904.124919879425
2017-07-11 17:47:03.905317008,-0.9027,0.2307,-0.7428,-40850.28898443426,-2440.6125942296003,-16052.670593879562,43958.96874521181
2017-07-11 17:47:04.105334997,-1.0306,-0.0944,-0.4509,-40899.30647735839,-2443.0575550943104,-16077.960974986483,44013.89132603003
2017-07-11 17:47:04.305409014,-0.6871,-0.7169,-0.3434,-40948.365205154594,-2445.5318980577986,-16103.272186472434,44068.86218579679
2017-07-11 17:47:04.505318999,-0.903,0.7498,-0.6261,-40997.41979932374,-2447.9742474061422,-16128.587667856731,44123.82971000688
2017-07-11 17:47:04.705889999,-1.4664,0.5772,-0.9406,-41046.69558701269,-2450.401452516295,-16154.024695619913,44179.047067111795
2017-07-11 17:47:04.905314028,-1.0027,-0.1085,-0.3197,-41095.729467022604,-2452.8190926234583,-16179.328975463199,44233.99131916666
2017-07-11 17:47:05.105457007,-0.6889,-0.9186,-0.1709,-41144.96771606846,-2455.282245197943,-16204.731326359555,44289.164550930494
2017-07-11 17:47:05.305370986,-0.8333,0.7078,-0.4672,-41194.18293092822,-2457.714291826543,-16230.123284270348,44344.3115710419
2017-07-11 17:47:05.505738019,-0.6937,0.2158,-0.633,-41243.537529446716,-2460.143186356622,-16255.598199589798,44399.61897659442
2017-07-11 17:47:05.705438017,-0.183,-0.5155,0.2716,-41292.73512132466,-2462.5845531234213,-16280.977475812379,44454.74692368713
2017-07-11 17:47:05.905326008,-2.3068,-0.6468,-1.4555,-41342.07119536374,-2465.0540611660726,-16306.438798310395,44510.03581811677
2017-07-11 17:47:06.105306982,0.0361,0.6099,-0.1736,-41391.42877561139,-2467.500326604772,-16331.918907471223,44565.35099321581
2017-07-11 17:47:06.305508971,-1.981,0.7974,-1.1755,-41440.9203050132,-2469.917335148496,-16357.47429176574,44620.81725579104
2017-07-11 17:47:06.505307972,-0.3031,-0.6141,0.0053,-41490.32431220847,-2472.353993130039,-16382.978023872322,44676.185095980014
2017-07-11 17:47:06.705317020,-2.243,-0.9112,-1.3916,-41539.86998553672,-2474.8296640474,-16408.564236873368,44731.717612863285
2017-07-11 17:47:06.905430972,0.2388,0.7085,-0.1759,-41589.43208249813,-2477.2782611417306,-16434.170913767688,44787.27209990332
2017-07-11 17:47:07.105311989,-2.1409,-0.4106,-1.1905,-41639.022022732235,-2479.740412504213,-16459.795347545285,44842.86041730679
2017-07-11 17:47:07.304937005,0.03,-0.5072,0.2514,-41688.54725430555,-2482.2196224191757,-16485.37694406809,44898.374574325084
2017-07-11 17:47:07.505365014,-1.6685,-0.2738,-1.3786,-41738.33872742239,-2484.719803898778,-16511.116823012708,44954.195921761384
2017-07-11 17:47:07.705516993,-0.145,0.4138,-0.2939,-41788.06743640495,-2487.199964956514,-16536.83302679936,45009.94990323194
2017-07-11 17:47:07.905623018,-2.1409,-0.1889,-1.4352,-41837.87045471777,-2489.6871205937264,-16562.6007951435,45065.792917061655
2017-07-11 17:47:08.105315983,0.2127,-0.6453,0.2502,-41887.562187458156,-2492.194875039022,-16588.30539621749,45121.511247092814
2017-07-11 17:47:08.305486977,-2.642,-0.5834,-1.1985,-41937.47873404256,-2494.7320085171123,-16614.119551487456,45177.48088189192
2017-07-11 17:47:08.505438029,0.059,0.4134,-0.2861,-41987.33807494895,-2497.24982636062,-16639.916781322034,45233.39082806681
2017-07-11 17:47:08.705290973,-2.3675,-0.3033,-0.9556,-42037.26751265611,-2499.7785229771375,-16665.739521295633,45289.37652900761
2017-07-11 17:47:08.905142009,0.1447,-0.5038,0.3789,-42087.19069430476,-2502.327317444093,-16691.546881307597,45345.35257149612
2017-07-11 17:47:09.105242013,-1.8342,0.135,-0.5385,-42137.2495100385,-2504.873881715743,-16717.407952845795,45401.47484494764
2017-07-11 17:47:09.305480003,-0.3083,0.245,-0.2253,-42187.35520695677,-2507.4123787235135,-16743.295891256435,45457.65076966783
2017-07-11 17:47:09.505357027,-1.5392,-0.4239,-0.5061,-42237.432071401454,-2509.9632347756715,-16769.157380983932,45513.79156579229
2017-07-11 17:47:09.705614984,0.0359,-0.4572,0.1364,-42287.60293447363,-2512.5372875489197,-16795.06268840862,45570.03770321681
2017-07-11 17:47:09.904937028,-1.1169,0.2808,-0.8081,-42337.58369578353,-2515.0881544098825,-16820.87903164581,45626.07404784231
2017-07-11 17:47:10.105310976,-0.2826,0.1877,-0.3112,-42387.8395723364,-2517.6449471369656,-16846.84411288433,45682.42152353351
2017-07-11 17:47:10.305487990,-0.561,-0.2675,-0.0483,-42438.06853552709,-2520.2099459143014,-16872.78561022223,45738.73646534305
2017-07-11 17:47:10.505455017,-2.2979,-0.8763,-0.7934,-42488.33669390114,-2522.8072944343608,-16898.731620295905,45795.09189895732
2017-07-11 17:47:10.705312013,-0.1746,0.8985,-0.3894,-42538.58416645255,-2525.3673251517866,-16924.67890742234,45851.42723114144
2017-07-11 17:47:10.905312001,-2.2176,0.7122,-0.721,-42588.956293631716,-2527.9006995018444,-16950.673599091744,45907.89491569354
2017-07-11 17:47:11.303882002,-0.6031,-0.1392,-0.0901,-42689.43620084298,-2532.9714479309027,-17002.491436733217,46020.52392746157
2017-07-11 17:47:11.503889024,0.0673,0.5753,-0.3174,-42739.85548462238,-2535.4929943422258,-17028.506922011096,46077.044388325776
2017-07-11 17:47:11.703899979,-1.3238,0.3893,-1.1136,-42790.32871766324,-2537.9990166320586,-17054.56746774546,46133.63135810991
2017-07-11 17:47:11.903908014,0.0945,-0.4769,0.3638,-42840.79743353152,-2540.5240798687573,-17080.61307984742,46190.21033211181
2017-07-11 17:47:12.103963971,-2.5866,-0.9339,-1.2501,-42891.38176362646,-2543.0871250177734,-17106.714964472434,46246.920098470175
2017-07-11 17:47:12.303910970,0.0171,0.7293,-0.1465,-42941.93785995479,-2545.6196176953863,-17132.80848992372,46303.599570212864
2017-07-11 17:47:12.504023015,-2.3231,-0.3404,-1.503,-42992.62871589541,-2548.16783207623,-17158.983741623244,46360.435785792106
2017-07-11 17:47:12.703903019,-0.2465,-0.3079,0.1605,-43043.270641152834,-2550.725392887084,-17185.122229370056,46417.21419426027
2017-07-11 17:47:12.904000997,-1.993,-0.6315,-0.8711,-43094.04759078718,-2553.311027535438,-17211.324099920548,46474.14348035766
2017-07-11 17:47:13.104083001,0.0319,0.6787,-0.1006,-43144.81920980578,-2555.8692855032623,-17237.52790605287,46531.06769421218
2017-07-11 17:47:13.303901970,-2.3284,0.1324,-1.3086,-43195.61705009888,-2558.4188938761968,-17263.749513003044,46588.02299758006
2017-07-11 17:47:13.503897011,0.0204,-0.3739,0.1703,-43246.458835334684,-2560.985704114227,-17289.98741365885,46645.02668385405
2017-07-11 17:47:13.703899979,-2.1435,-0.5389,-1.5344,-43297.38837827939,-2563.57417273009,-17316.287732101293,46702.136714925306
2017-07-11 17:47:13.903900027,0.1657,0.5591,-0.0744,-43348.31054966063,-2566.140239544138,-17342.59064256621,46759.24030001399
2017-07-11 17:47:14.103893995,-2.6019,-0.3433,-1.6742,-43399.335242730456,-2568.7199595214715,-17368.959717383394,46816.46487514234
2017-07-11 17:47:14.304005980,0.0363,-0.415,0.2939,-43450.388591987925,-2571.317820393495,-17395.33258349675,46873.71907389781
2017-07-11 17:47:14.504002988,-1.2413,-0.9421,-2.0713,-43501.46225837962,-2573.951871502538,-17421.773146250536,46931.0198739965
2017-07-11 17:47:14.703956007,-0.2449,0.2101,-0.3893,-43552.534482603995,-2576.576943204362,-17448.223458132725,46988.32312870502
2017-07-11 17:47:14.904142022,-0.8336,-0.2691,-1.1458,-43603.69962498152,-2579.2158578127282,-17474.750508633373,47045.74242974372
2017-07-11 17:47:15.103891015,-0.032,-0.532,0.1364,-43654.75434657103,-2581.8702380797486,-17501.21420615831,47103.03737208018
2017-07-11 17:47:15.303896009,-0.7562,0.0261,-1.1611,-43705.904750090034,-2584.526976184135,-17527.758266233897,47160.45164705378
2017-07-11 17:47:15.503943026,0.0149,0.3707,-0.2852,-43757.06530452746,-2587.1694375226098,-17554.319316839734,47217.88153274884
2017-07-11 17:47:15.704032003,-0.8113,-0.0601,-1.0074,-43808.26907080776,-2589.8148592586585,-17580.92627050643,47275.36936412567
2017-07-11 17:47:15.903895020,-0.1292,-0.4378,0.3236,-43859.42017372121,-2592.474781546062,-17607.490250729414,47332.79387905923
2017-07-11 17:47:16.103901028,-1.3973,-0.0098,-1.238,-43910.66376779451,-2595.1369988851684,-17634.12275899494,47390.33038553949
2017-07-11 17:47:16.303878009,-0.5853,0.1544,-0.3139,-43961.923331463295,-2597.7926552765393,-17660.763955177394,47447.885233820045
2017-07-11 17:47:16.504095017,-1.0454,-0.0269,-0.5417,-44013.28632740309,-2600.4525775172333,-17687.458843118988,47505.55680415621
2017-07-11 17:47:16.703898012,-0.1622,-0.5837,0.0078,-44064.54958906886,-2603.1303015399053,-17714.098219416217,47563.11694560638
2017-07-11 17:47:16.903756022,-1.3536,0.7502,-0.8018,-44115.88103302833,-2605.7787974570074,-17740.776957242226,47620.75397878746
2017-07-11 17:47:17.104056000,-0.3844,0.2636,-0.4045,-44167.341414015005,-2608.4225746310394,-17767.530921268437,47678.53889275803
2017-07-11 17:47:17.303897976,-0.9549,-0.062,-0.5826,-44218.72226236912,-2611.0627826786067,-17794.24697739403,47736.236475701815
2017-07-11 17:47:17.504002988,-0.2345,-0.7737,0.037,-44270.18012907471,-2613.737446328382,-17820.99671617167,47794.020505256325
2017-07-11 17:47:17.703894972,-0.6852,0.6922,-0.6001,-44321.61059311448,-2616.3816044813643,-17847.741955763664,47851.776468460106
2017-07-11 17:47:17.903895974,-2.1453,0.7639,-1.2642,-44373.154919394634,-2618.996648411183,-17874.552350302845,47909.66126647841
2017-07-11 17:47:18.103905022,-0.2373,-0.3818,0.1369,-44424.710812151505,-2621.6270709255336,-17901.358346923316,47967.55663891233
2017-07-11 17:47:18.303901970,-2.4672,-1.1304,-1.2852,-44476.36227090604,-2624.3025489265397,-17928.214128285395,48025.562220038904
2017-07-11 17:47:18.504427015,-0.067,0.9074,-0.4335,-44528.152810733576,-2626.9486047744035,-17955.15825417977,48083.72863704318
2017-07-11 17:47:18.705058991,-2.4944,0.1241,-1.5563,-44580.07137568648,-2629.5910762241515,-17982.179394205574,48142.04284048248
2017-07-11 17:47:18.904142022,-0.141,-0.467,0.167,-44631.5947006027,-2632.231656025984,-18008.985303235037,48199.911210104816
2017-07-11 17:47:19.103870987,-2.1991,-0.6914,-1.6338,-44683.37292105157,-2634.908384403113,-18035.943360255653,48258.07508272903
2017-07-11 17:47:19.303996026,0.1954,0.7059,-0.2337,-44735.245994907025,-2637.562149569182,-18062.96423634276,48316.34966883449
2017-07-11 17:47:19.504082977,-2.9666,0.2657,-1.1821,-44787.22796342852,-2640.2047724248173,-18090.027294912226,48374.74090286291
2017-07-11 17:47:19.703902006,0.009,-0.4843,0.3046,-44839.13996729762,-2642.8631936930083,-18117.041953332067,48433.050781530146
2017-07-11 17:47:19.903889000,-2.3287,-0.705,-1.7413,-44891.18874353562,-2645.552045924285,-18144.148962826337,48491.52414619142
2017-07-11 17:47:20.103883028,-0.1757,0.4323,-0.3109,-44943.24637802842,-2648.223701761307,-18171.269360993465,48550.01044243467
2017-07-11 17:47:20.303901016,-1.7823,-0.2954,-1.0606,-44995.38155403665,-2650.9074957978137,-18198.435439912886,48608.58693898945
2017-07-11 17:47:20.503956973,0.115,-0.346,0.3668,-45047.52202418287,-2653.605647038911,-18225.59199550159,48667.16621127359
2017-07-11 17:47:20.703894019,-1.5954,-0.191,-1.2226,-45099.69527845448,-2656.3098297204733,-18252.78128275837,48725.78907187787
2017-07-11 17:47:20.903963029,-0.0035,0.5744,-0.1066,-45151.90310861871,-2658.9928053791923,-18279.992782642523,48784.45175670843
2017-07-11 17:47:21.305917978,-1.4704,-0.6571,-0.6651,-45257.03046421847,-2664.489288359639,-18334.77036268907,48902.57778337992
2017-07-11 17:47:21.505665004,-1.0645,0.3519,-0.8149,-45309.31480269118,-2667.2066638209144,-18362.023983356114,48961.330905544695
2017-07-11 17:47:21.705676972,-0.2263,0.3169,-0.3441,-45361.67754355114,-2669.9149660584903,-18389.327518537935,49020.17545944885
2017-07-11 17:47:21.905673980,-1.4149,-0.3167,-0.7759,-45414.0929622191,-2672.635733348157,-18416.66004660894,49079.080967522306
2017-07-11 17:47:22.105664014,-0.3156,-0.6489,0.0409,-45466.519175876,-2675.3823591765386,-18443.989985743472,49137.99755110395
2017-07-11 17:47:22.305675983,-1.2345,0.4274,-0.9007,-45519.00052557488,-2678.1121882098378,-18471.35895475077,49196.979535080965
2017-07-11 17:47:22.505717992,-0.125,0.1528,-0.2748,-45571.49475960144,-2680.8363126710615,-18498.74303094933,49255.979451075924
2017-07-11 17:47:22.705663025,-0.7651,-0.1345,-0.2442,-45623.99413274925,-2683.564493579383,-18526.12359457697,49314.983670867005
2017-07-11 17:47:22.906250000,-0.9753,-1.0491,-0.4305,-45676.701301311325,-2686.3436442441944,-18553.60938725906,49374.22308491724
2017-07-11 17:47:23.105799973,-0.2278,0.7369,-0.5024,-45729.145053433705,-2689.0790836533047,-18580.973088532704,49433.171196605406
2017-07-11 17:47:23.305675029,-0.2663,0.3047,-0.9344,-45781.68487935307,-2691.806806537247,-18608.418696798162,49492.23919637758
2017-07-11 17:47:23.505665004,-0.5813,-0.3487,-0.3968,-45834.2781629343,-2694.550044338627,-18635.895955439835,49551.37003878561
2017-07-11 17:47:23.705847978,-0.6962,-0.838,-0.5061,-45886.95010029321,-2697.329510844407,-18663.420011886064,49610.59385390322
2017-07-11 17:47:23.904928028,-0.1088,0.8288,-0.2679,-45939.336149484254,-2700.0608159390463,-18690.80304000137,49669.49821112757
2017-07-11 17:47:24.105638980,-3.0609,0.1764,-1.7623,-45992.27466325857,-2702.8073901555927,-18718.48138919655,49729.02615180187
2017-07-11 17:47:24.305657029,0.0944,-0.6478,0.42,-46045.0266437322,-2705.570399207307,-18746.047382969213,49788.34082686027
2017-07-11 17:47:24.505640983,-2.2572,-1.0864,-2.1084,-46097.85990563642,-2708.3763863048875,-18773.693000321127,49847.7636348902
2017-07-11 17:47:24.705655992,-0.4002,0.9387,-0.086,-46150.71738228634,-2711.1452555012825,-18801.346351207034,49907.210382009325
2017-07-11 17:47:24.905911028,-1.9802,-0.5209,-1.4571,-46203.71770042151,-2713.9383366383354,-18829.091320096773,49966.8257004171
2017-07-11 17:47:25.105701029,0.0322,-0.5967,0.2979,-46256.593655192024,-2716.7487495476935,-18856.759968248345,50026.298852202264
2017-07-11 17:47:25.305773019,-1.3539,-0.2729,-1.5164,-46309.59843550621,-2719.5740530095313,-18884.528368350842,50085.930179868774
2017-07-11 17:47:25.505789995,-0.0093,0.3026,-0.2894,-46362.589013104815,-2722.3864735399206,-18912.30071091315,50145.54981540622
2017-07-11 17:47:25.705902993,-1.5133,-0.3485,-1.5163,-46415.66563026963,-2725.2141999833,-18940.14710667808,50205.27841531595
2017-07-11 17:47:25.905662000,-0.0829,-0.4701,0.2432,-46468.651665271005,-2728.0556830152505,-18967.93453883613,50264.90242771289
2017-07-11 17:47:26.105660974,-1.0527,-0.2124,-1.6383,-46521.74345903713,-2730.909075383882,-18995.820882877888,50324.66283901818
2017-07-11 17:47:26.305724024,-0.1516,0.5045,-0.2375,-46574.85833026335,-2733.7431892015547,-19023.725667183076,50384.4511587538
2017-07-11 17:47:26.505662024,-1.1987,-0.1873,-0.7999,-46627.987920159365,-2736.583018903699,-19051.644985686013,50444.259542216445
2017-07-11 17:47:26.705799996,-0.208,-0.4877,0.1067,-46681.178980163335,-2739.445223843328,-19079.58795436453,50504.13554968359
2017-07-11 17:47:26.905685007,-1.1094,0.2451,-1.1762,-46734.34713521505,-2742.2940184177814,-19107.542598916585,50563.99472754942
2017-07-11 17:47:27.106451988,-0.2789,0.1893,-0.4318,-46787.761130465005,-2745.147752788879,-19135.637994902456,50624.13524454564
2017-07-11 17:47:27.305729985,-0.892,-0.343,-0.509,-46840.8144048214,-2747.993943620332,-19163.545235253307,50683.87150568411
2017-07-11 17:47:27.505828976,-0.2876,-0.6705,0.0651,-46894.09776571329,-2750.878706866244,-19191.56484246606,50743.86563933365
2017-07-11 17:47:27.705654978,-0.6383,0.3663,-1.1015,-46947.333921322,-2753.744908000027,-19219.59020674618,50803.81797713339
2017-07-11 17:47:27.905668973,-0.2309,0.0863,-0.6902,-47000.62939791866,-2756.61035312534,-19247.66954868969,50863.84617284668
2017-07-11 17:47:28.105666995,-0.6629,-0.0754,-0.4423,-47053.94713384542,-2759.4785853582353,-19275.76433988352,50923.90159664217
2017-07-11 17:47:28.305809974,-0.6918,-0.8362,-0.5154,-47107.33122562889,-2762.3823923040995,-19303.900139449062,50984.03644550168
2017-07-11 17:47:28.505661010,-0.2253,0.6829,-0.595,-47160.646446101986,-2765.254688223343,-19332.018662665654,51044.10007315857
2017-07-11 17:47:28.705624997,-0.6393,0.326,-1.4769,-47214.017361847276,-2768.115572190846,-19360.212132522316,51104.24359172226
2017-07-11 17:47:28.905701994,-0.5683,-0.3106,-0.2622,-47267.44118976608,-2770.9905065599187,-19388.432032045203,51164.447438398834
2017-07-11 17:47:29.105823993,-0.7365,-0.8226,-0.6569,-47320.90652990619,-2773.8990317238213,-19416.68458695029,51224.704498898085
2017-07-11 17:47:29.305772006,-0.263,0.8602,-0.523,-47374.335901828876,-2776.7706381022667,-19444.933488219187,51284.925618325775
2017-07-11 17:47:29.505662977,-2.052,0.5626,-1.6824,-47427.83202173171,-2779.6189457861105,-19473.24155317199,51345.23023956127
2017-07-11 17:47:29.705814003,-0.2804,-0.3595,0.2144,-47481.40897218811,-2782.4853607990576,-19501.577857513857,51405.62188807681
2017-07-11 17:47:29.905650973,-2.3456,-0.7892,-1.8397,-47534.995526413586,-2785.378794689835,-19529.94316757698,51466.03554631787
2017-07-11 17:47:30.105660021,-0.3024,0.6767,-0.5062,-47588.640320682345,-2788.2476496439863,-19558.353152611464,51526.51929413906
2017-07-11 17:47:30.305733978,-2.5837,0.2084,-1.501,-47642.405948760475,-2791.1090934623535,-19586.832441959425,51587.141224024905
2017-07-11 17:47:30.505658984,-0.2201,-0.4426,0.1483,-47696.140346818574,-2793.9860977194294,-19615.28460150233,51647.725528774245
2017-07-11 17:47:30.705663979,-2.5668,-1.2204,-1.6831,-47749.998920870465,-2796.913071489981,-19643.81547197556,51708.45777984128
2017-07-11 17:47:30.905655980,-0.1735,0.7472,-0.3578,-47803.86093526307,-2799.8099694904895,-19672.358799699632,51769.19698940044
2017-07-11 17:47:31.303786993,-1.3423,0.7053,-1.1794,-47911.298681183696,-2805.465128910901,-19729.367936902265,51890.37613177223
2017-07-11 17:47:31.503766000,-1.6893,-0.3349,-1.5487,-47965.33162486947,-2808.3190774145223,-19758.065246374066,51951.33141897567
2017-07-11 17:47:31.703759014,0.2732,0.2776,-0.4092,-48019.35742591312,-2811.1621225911213,-19786.78093272947,52012.287199823426
2017-07-11 17:47:31.903711020,-1.9147,-0.0837,-0.8132,-48073.44870036634,-2814.0079312027283,-19815.52324340526,52073.31439416508
2017-07-11 17:47:32.103721976,0.063,-0.4132,0.2425,-48127.55340177346,-2816.871108628616,-19844.264326847824,52134.35514089522
2017-07-11 17:47:32.303712010,-1.6144,-0.42,-1.367,-48181.71701316232,-2819.750784879674,-19873.057078401067,52195.47151302182
2017-07-11 17:47:32.503729999,-0.1072,0.4005,-0.1565,-48235.89248441863,-2822.6148407755704,-19901.860115787873,52256.602591214716
2017-07-11 17:47:32.703707993,-1.8438,-0.3917,-0.9825,-48290.13085868046,-2825.493988535689,-19930.69668515742,52317.8060031523
2017-07-11 17:47:32.904139995,0.123,-0.4743,0.2915,-48344.487428492685,-2828.3987268435358,-19959.58701147044,52379.141055864566
2017-07-11 17:47:33.103917002,-1.7035,-0.56,-1.5643,-48398.73435372342,-2831.3163227872265,-19988.445359162717,52440.3641009309
2017-07-11 17:47:33.303713977,0.0184,0.3535,-0.3661,-48452.98596650608,-2834.2200990420038,-20017.321205572578,52501.59807936625
2017-07-11 17:47:33.503709971,-0.9744,-0.2412,-0.5524,-48507.33059409373,-2837.1364153797363,-20046.24791050612,52562.93865161695
2017-07-11 17:47:33.703752994,0.2087,-0.5977,0.4003,-48561.67964921285,-2840.077335775455,-20075.165398656358,52624.28180421438
2017-07-11 17:47:33.903643012,-1.5597,0.2438,-1.1842,-48616.049454291584,-2843.0062654999224,-20104.10808488115,52685.65374991926
2017-07-11 17:47:34.103717029,0.0931,0.3084,-0.2887,-48670.465580083845,-2845.925546175268,-20133.088969432203,52747.08317478391
2017-07-11 17:47:34.303791999,-1.6416,-0.3087,-0.9032,-48724.94767831054,-2848.857198014871,-20162.10614711632,52808.58867529378
2017-07-11 17:47:34.503715991,0.0583,-0.3883,0.2694,-48779.38633372933,-2851.802157805757,-20191.09066042017,52870.04301775999
2017-07-11 17:47:34.704011023,-0.3986,-0.2762,-1.598,-48833.94201321283,-2854.763663782358,-20220.19307495996,52931.65193071669
2017-07-11 17:47:34.903945028,-0.2308,0.2743,-0.3305,-48888.4085832985,-2857.708866955113,-20249.25624437117,52993.16344799594
2017-07-11 17:47:35.104140996,-1.0028,-0.1285,-0.8053,-48942.98670870842,-2860.6630791502075,-20278.389768879188,53054.80593537033
2017-07-11 17:47:35.304969012,-0.3035,-0.8298,0.1221,-48997.74938598527,-2863.6600856299888,-20307.61034766817,53116.65493995805
2017-07-11 17:47:35.503863990,-1.0445,0.7283,-0.6427,-49052.02627345366,-2866.5994339281588,-20336.57509314766,53177.955586553144
2017-07-11 17:47:35.703710973,-0.6749,0.2063,-0.809,-49106.589910365146,-2869.5446119531957,-20365.71078803761,53239.58710214381
2017-07-11 17:47:35.903723001,-0.6314,-0.2647,-0.1986,-49161.22386806786,-2872.5028115472437,-20394.878489796316,53301.297106376194
2017-07-11 17:47:36.103711009,-0.2815,-0.8057,-0.2446,-49215.86252327658,-2875.49288001822,-20424.052471551437,53363.016243216436
2017-07-11 17:47:36.303718984,-0.6471,0.6344,-0.7424,-49270.53251972682,-2878.4578689968057,-20453.25906443398,53424.77609534642
2017-07-11 17:47:36.504549026,-0.7373,0.1782,-0.7504,-49325.45695652085,-2881.4278572992553,-20482.61596707313,53486.82910138729
2017-07-11 17:47:36.703751027,-0.7684,-0.0736,-0.4343,-49379.966636230165,-2884.3766897639343,-20511.75211983641,53548.4146255449
2017-07-11 17:47:36.904861986,-1.1631,-0.8011,-0.8029,-49435.04572592785,-2887.3861819519043,-20541.19995890232,53610.64857507241
2017-07-11 17:47:37.104210972,-0.0978,0.8218,-0.3595,-49489.646143370126,-2890.3366490349426,-20570.404086146063,53672.34525906315
2017-07-11 17:47:37.303722023,-1.7002,0.5069,-1.1414,-49544.3586252656,-2893.2693377810915,-20599.677388544787,53734.17150717035
2017-07-11 17:47:37.503717005,-0.4707,0.0107,-0.2325,-49599.222643988236,-2896.2087120343635,-20629.03099535819,53796.16930227494
2017-07-11 17:47:37.703822016,-0.8383,-0.7271,-0.6066,-49654.1504138553,-2899.1788179596747,-20658.42504080335,53858.243717250596
2017-07-11 17:47:37.903711974,-0.2988,0.9195,-0.5036,-49709.03109165977,-2902.108992372314,-20687.807618285857,53920.268848795735
2017-07-11 17:47:38.103720009,-0.9922,0.4677,-0.9165,-49763.98387921922,-2905.022188165105,-20717.244215296825,53982.38095268836
2017-07-11 17:47:38.303726017,-0.2547,-0.4268,0.0995,-49818.94629846664,-2907.952427459544,-20746.676533740745,54044.5018924732
2017-07-11 17:47:38.503718018,-1.6802,-0.734,-0.7817,-49873.9720711608,-2910.9118191923794,-20776.13805645309,54106.69469035084
2017-07-11 17:47:38.703745007,-0.163,0.8039,-0.3241,-49929.013992208456,-2913.8395639827427,-20805.617700869447,54168.90830682774
2017-07-11 17:47:38.903715014,-2.5537,-0.0681,-1.4558,-49984.14235074335,-2916.769197924938,-20835.147161909357,54231.22150894038
2017-07-11 17:47:39.103697001,0.0283,-0.4606,0.3362,-50039.27288016611,-2919.7174280599615,-20864.66494645156,54293.5339019586
2017-07-11 17:47:39.303884029,-1.9291,-0.5787,-1.4472,-50094.53724315999,-2922.691872320994,-20894.27099181723,54356.00564488131
2017-07-11 17:47:39.504094004,-0.0181,0.652,-0.4146,-50149.80866650762,-2925.640522745823,-20923.897049699484,54418.49087857984
2017-07-11 17:47:39.703752994,-2.9127,0.5494,-0.9413,-50205.044091959426,-2928.559157255866,-20953.47909932498,54480.92507822335
2017-07-11 17:47:39.903895020,-0.0133,-0.509,0.174,-50260.41368151004,-2931.505241759838,-20983.125747063594,54543.50990297627
2017-07-11 17:47:40.103718996,-1.6024,-0.344,-1.2436,-50315.75926527982,-2934.46038036729,-21012.77493915353,54606.07474273403
2017-07-11 17:47:40.303714990,0.2675,0.6407,-0.3132,-50371.14179359392,-2937.3924359255125,-21042.462182178908,54668.68769781661
2017-07-11 17:47:40.503858983,-1.885,-0.2744,-1.1587,-50426.64081413276,-2940.337653044009,-21072.217808817626,54731.43569004672
2017-07-11 17:47:40.703764021,0.0237,-0.5222,0.1917,-50482.07262643507,-2943.3002219914115,-21101.930249034747,54794.10673687971
2017-07-11 17:47:40.903890013,-1.2122,0.145,-1.5157,-50537.61425634179,-2946.2602581410433,-21131.736234668177,54856.915521409785
2017-07-11 17:47:41.302641987,0.0669,0.3831,-0.1496,-50648.270576098075,-2952.097229896058,-21191.148587158365,54982.06042744694
2017-07-11 17:47:41.502631008,-0.3116,-0.8764,-0.428,-50703.78131961224,-2955.0597415786124,-21220.963220989215,55044.846245674395
2017-07-11 17:47:41.702634990,-0.7215,0.7265,-0.8409,-50759.32507698475,-2957.9934137268388,-21250.813722565585,55107.67542890778
2017-07-11 17:47:41.902617990,-0.4686,0.2683,-0.6584,-50814.88174819135,-2960.9160479340103,-21280.687424111253,55170.525538264636
2017-07-11 17:47:42.102620005,-0.8786,-0.158,-0.5169,-50870.47884660563,-2963.8452801615986,-21310.58464255716,55233.42298586319
2017-07-11 17:47:42.303251028,-0.3495,-0.83,-0.1651,-50926.26486671284,-2966.81713467903,-21340.58253374215,55296.536239304136
2017-07-11 17:47:42.502640008,-0.6343,0.5639,-0.6714,-50981.73075048017,-2969.748172999302,-21370.42140965675,55359.29177429751
2017-07-11 17:47:42.702624976,-2.108,0.7004,-1.337,-51037.44673308833,-2972.6599606151017,-21400.402948078467,55422.33234549407
2017-07-11 17:47:42.902635991,-0.4161,-0.2572,-0.0158,-51093.18661824628,-2975.5824166093203,-21430.389023508953,55485.39792795857
2017-07-11 17:47:43.103172004,-0.887,-0.4828,-0.6896,-51149.10848241969,-2978.531959252363,-21460.481539804652,55548.67432350588
2017-07-11 17:47:43.303768992,-0.4116,0.5697,-0.5661,-51205.06391263546,-2981.4594744889705,-21490.60598541756,55611.993459285084
2017-07-11 17:47:43.502615988,-1.4002,0.3022,-0.7222,-51260.586556262504,-2984.349501291331,-21520.496183668547,55674.82224515163
2017-07-11 17:47:43.702639997,-0.6844,-0.1287,-0.1832,-51316.46523149763,-2987.2617839453133,-21550.57063741902,55738.051918054254
2017-07-11 17:47:43.902486979,-0.525,-0.596,-0.2149,-51372.31542037679,-2990.195292679863,-21580.627057264686,55801.25019857344
2017-07-11 17:47:44.102833986,-0.9038,0.5941,-0.5498,-51428.34162618142,-2993.112294634229,-21610.780747833564,55864.64792834954
2017-07-11 17:47:44.302639007,-0.7245,0.2065,-0.4093,-51484.245191381844,-2996.0131615063765,-21640.869205637122,55927.90732510682
2017-07-11 17:47:44.502997994,-0.6269,-0.095,-0.1055,-51540.32891715798,-2998.925884781197,-21671.045319843553,55991.36778652541
2017-07-11 17:47:44.702636003,-0.7798,-0.5846,-0.1173,-51596.24190870382,-3001.851426250774,-21701.117522414406,56054.63221544148
2017-07-11 17:47:44.902499973,-0.9709,0.6278,-0.5473,-51652.25696876002,-3004.755201153244,-21731.245624546562,56118.01172689611
2017-07-11 17:47:45.102509021,-0.37,0.0828,-0.4236,-51708.32749057495,-3007.657771558936,-21761.41254171039,56181.45791054089
2017-07-11 17:47:45.303546011,-1.0451,-0.1985,-0.2802,-51764.72842420175,-3010.583282210354,-21791.745825593076,56245.27452735685
2017-07-11 17:47:45.503729999,-2.1504,-0.6646,-0.5189,-51820.97622242355,-3013.523012824093,-21821.971199248834,56308.90981554032
2017-07-11 17:47:45.702642023,-0.8049,0.4641,-0.5531,-51876.89847022515,-3016.4257018863286,-21852.026405595236,56372.17821705916
2017-07-11 17:47:45.902527987,-1.5268,0.555,-1.2599,-51933.15553448842,-3019.3204287967746,-21882.279110861553,56435.831514267265
2017-07-11 17:47:46.102639973,-0.5165,-0.2489,-0.0729,-51989.49689483619,-3022.228396085825,-21912.568943783986,56499.578136233686
2017-07-11 17:47:46.302980005,-1.033,-0.7376,-0.4066,-52045.943921962986,-3025.1692816791915,-21942.909614104738,56563.444115821854
2017-07-11 17:47:46.502555012,-0.6854,0.5504,-0.6009,-52102.20269823313,-3028.077014577671,-21973.158358506473,56627.100090521926
2017-07-11 17:47:46.702542006,-2.2464,0.4532,-1.9203,-52158.66745502465,-3030.972624329663,-22003.54634805514,56690.99961743746
2017-07-11 17:47:46.903279006,-0.421,-0.2615,-0.0107,-52215.36093445821,-3033.8896306435145,-22034.04873204746,56755.15577754071
2017-07-11 17:47:47.102618992,-2.2633,-1.0596,-1.2396,-52271.74979536289,-3036.828440993346,-22064.388094279337,56818.97020911258
2017-07-11 17:47:47.302685022,-0.128,0.6278,-0.2697,-52328.34916139364,-3039.752826610554,-22094.848754863655,56883.02527735241
2017-07-11 17:47:47.504391014,-2.5205,0.4365,-1.2223,-52385.5150256154,-3042.6834245834057,-22125.608834293354,56947.71877089873
2017-07-11 17:47:47.702623009,0.1511,-0.5342,0.3663,-52441.690380377484,-3045.584540536313,-22155.824736536422,57011.28874969456
2017-07-11 17:47:47.902634024,-2.153,-0.5741,-1.5129,-52498.4560066522,-3048.5346588930665,-22186.372332072675,57075.533846878985
2017-07-11 17:47:48.102609992,-0.1013,0.4427,-0.1943,-52555.215737176506,-3051.4665565696314,-22216.92234502817,57139.77413161554
2017-07-11 17:47:48.302528023,-2.0355,-0.3855,-1.3401,-52612.040376556826,-3054.4130121803205,-22247.517067109977,57204.09292248914
2017-07-11 17:47:48.502754986,0.1006,-0.4581,0.304,-52668.94879353523,-3057.382386541512,-22278.14687939741,57268.50427987075
2017-07-11 17:47:48.702911019,-1.6973,-0.0958,-1.41,-52725.90504879632,-3060.3545469893093,-22308.82232917222,57332.978179077145
2017-07-11 17:47:48.902617990,0.0592,0.4359,-0.2173,-52782.73115823494,-3063.3026542729503,-22339.43762329415,57397.30834280674
2017-07-11 17:47:49.102536022,-1.5174,-0.3754,-0.9721,-52839.67797080191,-3066.2688809681335,-22370.124125429193,57461.778829893105
2017-07-11 17:47:49.302561998,0.0718,-0.5065,0.2384,-52896.65265855821,-3069.256974514663,-22400.817657996537,57526.27949557115
2017-07-11 17:47:49.503636002,-1.4745,0.239,-1.0106,-52953.98547803185,-3072.2510611058433,-22431.712867405735,57591.188968068804
2017-07-11 17:47:49.702835023,-0.2414,0.1916,-0.3616,-53010.79325692539,-3075.209625581462,-22462.334332295824,57655.50779956405
2017-07-11 17:47:49.903513014,-1.0152,-0.3002,-0.3296,-53068.06369376917,-3078.2022457207204,-22493.19642238292,57720.348219387946
2017-07-11 17:47:50.103039979,-0.2764,-0.5077,0.0115,-53125.0166491171,-3081.197913179356,-22523.88103937667,57784.828386222114
2017-07-11 17:47:50.302618980,-0.6929,0.4252,-0.9423,-53182.01205705397,-3084.1774254267166,-22554.611192305336,57849.36510338044
2017-07-11 17:47:50.502905011,-0.4567,0.2878,-0.429,-53239.227697621194,-3087.155947964094,-22585.46741921213,57914.15402326532
2017-07-11 17:47:50.703557014,-0.5864,-0.1583,-0.1987,-53296.571494465024,-3090.146286349234,-22616.388027965048,57979.08713119879
2017-07-11 17:47:50.903392970,-0.4152,-0.7711,-0.2406,-53353.69865619595,-3093.1552565211687,-22647.192491544734,58043.77742261603
2017-07-11 17:47:51.303278982,-0.7265,0.47,-0.7306,-53468.13035824547,-3099.10126346517,-22708.95125133808,58173.37758445174
2017-07-11 17:47:51.503378987,-0.1764,-0.3564,0.163,-53525.39819928816,-3102.090871655559,-22739.848351781307,58238.23420426121
2017-07-11 17:47:51.703818976,-2.5369,-1.0195,-1.6034,-53582.86526540007,-3105.126519025678,-22770.86236707578,58303.322664231426
2017-07-11 17:47:51.903499007,-0.1149,0.6633,-0.2512,-53640.11902936643,-3108.1242097198146,-22801.768810187572,58368.17169023618
2017-07-11 17:47:52.103887021,-2.858,-0.1753,-1.3182,-53697.69055556425,-3111.1395682222105,-22832.83776758482,58433.3777984376
2017-07-11 17:47:52.303349018,-0.2664,-0.2589,0.0251,-53755.00663559546,-3114.1512927513627,-22863.762153005133,58498.29310720311
2017-07-11 17:47:52.503620028,-2.2249,-0.8261,-1.3992,-53812.64442560226,-3117.2083663750436,-22894.86808676089,58563.57803947674
2017-07-11 17:47:52.703381001,0.062,0.7834,-0.3517,-53870.13295341112,-3120.2263933019817,-22925.90883636983,58628.69888661345
2017-07-11 17:47:52.903384983,-3.3882,-0.1683,-0.8726,-53927.826949346476,-3123.2548239233683,-22957.022252405804,58694.03812033447
2017-07-11 17:47:53.103280007,0.224,-0.3775,0.2574,-53985.48056419895,-3126.2966888716687,-22988.108433306825,58759.33093625067
2017-07-11 17:47:53.303565979,-1.3135,-0.0458,-0.845,-54043.299626419524,-3129.3463402404154,-23019.289308248033,58824.81383978155
2017-07-11 17:47:53.503391981,0.0689,0.4946,-0.1163,-54100.98315212755,-3132.3692382915997,-23050.403218153908,58890.14521625214
2017-07-11 17:47:53.703880012,-2.8857,-0.5315,-0.9256,-54158.97377694276,-3135.423515168535,-23081.65741420178,58955.81591478165
2017-07-11 17:47:53.903854012,0.1969,-0.3418,0.3232,-54216.80784571861,-3138.483629634498,-23112.81855301842,59021.30728760429
2017-07-11 17:47:54.103576004,-1.5857,-0.2799,-1.0747,-54274.632283567335,-3141.551052628359,-23143.983291021665,59086.792222186254
2017-07-11 17:47:54.303061008,0.1538,0.6323,-0.1198,-54332.38198719242,-3144.5896739356785,-23175.115816630096,59152.19496970365
2017-07-11 17:47:54.503193974,-2.0416,-0.1129,-0.7254,-54390.4010445238,-3147.642687220414,-23206.378520692477,59217.897499963685
2017-07-11 17:47:54.703297972,0.0225,-0.3353,0.0757,-54448.41080302186,-3150.7086845523345,-23237.633668523333,59283.58982637632
2017-07-11 17:47:54.903044998,-1.5351,0.026,-0.9101,-54506.37832479588,-3153.7681749816247,-23268.869371249737,59349.235998482654
2017-07-11 17:47:55.103470027,-0.0546,0.2882,-0.2485,-54564.54479950609,-3156.8264732154466,-23300.221079875773,59415.11091406283
2017-07-11 17:47:55.303381979,-1.5117,-0.3805,-0.4082,-54622.62278602581,-3159.8921489768168,-23331.508843486714,59480.88048550836
2017-07-11 17:47:55.503277003,-0.0664,-0.4925,0.1578,-54680.69850787227,-3162.9772444702626,-23362.787652359333,59546.64609570463
2017-07-11 17:47:55.703397989,-0.9273,0.1169,-0.8619,-54738.87701559757,-3166.061145706899,-23394.136336625288,59612.53404313293
2017-07-11 17:47:55.903443992,-0.5536,0.2207,-0.7243,-54797.05587870248,-3169.135059380089,-23425.5022602343,59678.42915277241
2017-07-11 17:47:56.103630006,-0.9767,-0.213,-0.4144,-54855.31460155115,-3172.219660322821,-23456.90674351351,59744.41389437492
2017-07-11 17:47:56.303346991,-1.8702,-0.7823,-0.9167,-54913.51142263205,-3175.328237652404,-23488.274211457472,59810.32913814295
2017-07-11 17:47:56.503580987,0.0307,0.4762,-0.7341,-54971.857668009485,-3178.425769615159,-23519.752313688325,59876.42503308038
2017-07-11 17:47:56.703580975,-1.9874,0.9524,-1.3149,-55030.215221714636,-3181.4815855815164,-23551.246224314884,59942.53590853438
2017-07-11 17:47:56.903273999,0.2201,-0.4985,0.2416,-55088.47443007926,-3184.5525902560926,-23582.68216309803,60008.53512825742
2017-07-11 17:47:57.103323996,-2.6055,-0.7435,-1.1686,-55146.942055228785,-3187.658839556508,-23614.2210644144,60074.76860878614
2017-07-11 17:47:57.303260982,0.0738,0.879,-0.298,-55205.373701071054,-3190.728196246122,-23645.75406146072,60140.9653816125
2017-07-11 17:47:57.503282010,-1.5059,-0.2961,-0.7973,-55263.89015688084,-3193.810689607295,-23677.33221187048,60207.259052909234
2017-07-11 17:47:57.703378021,0.0652,-0.6451,0.1821,-55322.42593857671,-3196.920167300597,-23708.914909162744,60273.574279739856
2017-07-11 17:47:57.903744995,-1.4819,0.2064,-1.0103,-55381.100481102156,-3200.025569414361,-23740.58093507355,60340.05002713883
2017-07-11 17:47:58.103540003,0.024,0.2279,-0.2461,-55439.606573703415,-3203.113009548985,-23772.166391224895,60406.33911214156
2017-07-11 17:47:58.303493976,-1.4108,-0.0805,-0.6604,-55498.215622150456,-3206.206124694121,-23803.80338188726,60472.74386366372
2017-07-11 17:47:58.503436028,-0.0007,-0.5534,0.2164,-55556.8212043848,-3209.3211786061793,-23835.42983540798,60539.14304152387
2017-07-11 17:47:58.703381001,-1.0534,0.4283,-0.8726,-55615.46975561877,-3212.419155452714,-23867.09163576294,60605.5952542203
2017-07-11 17:47:58.903380990,-0.1263,0.2023,-0.3607,-55674.13949633563,-3215.5098927261424,-23898.77657604131,60672.07623247452
2017-07-11 17:47:59.103375971,-0.9817,-0.2701,-0.1561,-55732.84703399127,-3218.6113560652593,-23930.46696661535,60738.59519955932
2017-07-11 17:47:59.303278028,-0.1496,-0.61,-0.1836,-55791.53327240676,-3221.735754474076,-23962.149969639442,60805.093514649074
2017-07-11 17:47:59.503749012,-0.6263,0.8678,-0.5704,-55850.411703673446,-3224.8341693301027,-23993.946066987042,60871.81195557584
2017-07-11 17:47:59.703272998,-0.316,0.522,-0.6386,-55909.024581043144,-3227.8971669639895,-24025.61738639349,60938.23627675447
2017-07-11 17:47:59.903546988,-0.6475,-0.0925,-0.1175,-55967.88375327344,-3230.9753884482634,-24057.41247011823,61004.936755463386
2017-07-11 17:48:00.103495001,-1.7487,-0.797,-0.9031,-56026.71703470722,-3234.080463078049,-24089.191907632467,61071.60931964673
2017-07-11 17:48:00.303439021,-0.1153,0.9413,-0.2576,-56085.55375064769,-3237.1478447735412,-24120.981008737897,61138.28743520387
2017-07-11 17:48:00.503287971,-2.5247,0.2897,-1.0429,-56144.463326240024,-3240.2021974779777,-24152.796647675154,61205.04275283206
2017-07-11 17:48:00.703265011,0.1215,-0.5643,0.2357,-56203.40580010193,-3243.281074638877,-24184.623252503763,61271.834455364464
2017-07-11 17:48:00.903375029,-2.0011,-0.0762,-0.9876,-56262.46760081187,-3246.365050503718,-24216.510568426707,61338.76042670132
2017-07-11 17:48:01.304144978,0.057,0.4341,-0.3001,-56380.74435206601,-3252.4717535182926,-24280.42102934435,61472.80497555553
2017-07-11 17:48:01.504139006,0.1748,-0.5491,0.2714,-56439.760358493004,-3255.5411106949864,-24312.303060528066,61539.687823017965
2017-07-11 17:48:01.704149007,-1.9578,0.0022,-1.1062,-56498.859398206274,-3258.6106250044095,-24344.231890471587,61606.6658961571
2017-07-11 17:48:01.904316008,0.1767,0.2786,-0.1956,-56557.997748537404,-3261.6713861437197,-24376.193620364957,61673.693135503665
2017-07-11 17:48:02.104283988,-1.6207,-0.277,-0.4111,-56617.14210634227,-3264.740180497903,-24408.14001025156,61740.72082099427
2017-07-11 17:48:02.304180979,-0.0534,-0.6816,0.1591,-56676.267601591826,-3267.8351213473156,-24440.068701664917,61807.72616566362
2017-07-11 17:48:02.503727018,-0.7966,0.5875,-0.5262,-56735.321011837375,-3270.901235079498,-24471.96228957506,61874.650572817496
2017-07-11 17:48:02.705528974,-1.5677,0.3537,-0.1321,-56795.10587845633,-3273.9876078915613,-24504.221821977175,61942.39205667113
2017-07-11 17:48:02.904133975,-0.5872,-0.3709,-0.034,-56853.966792211235,-3277.0397160165944,-24535.971638616265,62009.08347622298
2017-07-11 17:48:03.104143023,-0.5094,-0.5628,0.0325,-56913.264203690764,-3280.1359151944202,-24567.944611896513,62076.266289093706
2017-07-11 17:48:03.304140985,-0.3237,0.8533,-0.3439,-56972.57127619959,-3283.1978114532963,-24599.92956871468,62143.46144588743
2017-07-11 17:48:03.504142999,-2.5845,1.0159,-0.4549,-57031.98293236403,-3286.2191329284096,-24631.933369921146,62210.75835357838
2017-07-11 17:48:03.704366028,-0.1136,-0.3779,0.1864,-57091.46479634336,-3289.2589428885917,-24663.965064733777,62278.13219501604
2017-07-11 17:48:03.904139995,-2.3313,-0.8124,-0.9703,-57150.90629520504,-3292.3243577256335,-24695.963642896473,62345.45781603536
2017-07-11 17:48:04.104139983,0.3247,0.7433,-0.108,-57210.40205720823,-3295.3635087264706,-24728.002743726815,62412.8483879387
2017-07-11 17:48:04.304309010,-2.5352,-0.0632,-1.1554,-57270.04968421433,-3298.4077606775004,-24760.115217997136,62480.408050816775
2017-07-11 17:48:04.504194974,-0.0672,-0.4096,-0.0036,-57329.61564726102,-3301.4640730130013,-24792.182425215102,62547.87610057767
2017-07-11 17:48:04.704138994,-1.88,-0.4489,-1.0736,-57389.27406888888,-3304.5392189906293,-24824.30186617582,62615.45113426006
2017-07-11 17:48:04.904128015,0.1954,0.5092,-0.1154,-57448.93810257627,-3307.594691321343,-24856.43315168799,62683.03551025612
2017-07-11 17:48:05.104134023,-2.4997,-0.3118,-0.9327,-57508.70719811393,-3310.6628959321747,-24888.604476662214,62750.73326427854
2017-07-11 17:48:05.304203987,0.2012,-0.6131,0.331,-57568.48735240714,-3313.7566228249766,-24920.77283980885,62818.44186170914
2017-07-11 17:48:05.504261970,-1.5244,0.0686,-0.8997,-57628.32493818335,-3316.847418861594,-24952.97528545352,62886.21699209858
2017-07-11 17:48:05.704137027,-0.0956,0.2323,-0.3655,-57688.111629794395,-3319.926108388843,-24985.162888050858,62953.939490068566
2017-07-11 17:48:05.904307007,-1.2182,-0.121,-0.3048,-57748.03534973151,-3323.014188866283,-25017.410197372774,63021.81227985163
2017-07-11 17:48:06.104142010,-0.3153,-0.6205,0.1106,-57807.87138075619,-3326.1218806207917,-25049.599125321045,63089.58310749945
2017-07-11 17:48:06.304174005,-1.0569,0.7534,-0.6212,-57867.80868606681,-3329.202490211911,-25081.84464020413,63157.46829871666
2017-07-11 17:48:06.504249989,-0.7745,0.3014,-0.6769,-57927.79017572377,-3332.27171209696,-25114.124342769923,63225.40747919328
2017-07-11 17:48:06.704284012,-0.4918,-0.3851,-0.2965,-57987.77876443712,-3335.3556995298122,-25146.4091395002,63293.35649408103
2017-07-11 17:48:06.904259979,-1.4416,-0.548,-0.5972,-58047.807592767174,-3338.4607066273397,-25178.708448453006,63361.34977530712
2017-07-11 17:48:07.104218006,-0.53,0.7763,-0.5051,-58107.85222696687,-3341.5343962043466,-25211.025055330276,63429.36328619834
2017-07-11 17:48:07.304099023,-0.8207,0.33,-0.693,-58167.906525078906,-3344.5937177098335,-25243.356903113785,63497.39147701143
2017-07-11 17:48:07.504233002,-0.3121,-0.4252,0.1426,-58228.0493264143,-3347.673941773905,-25275.72395723969,63565.516364947034
2017-07-11 17:48:07.704135000,-1.3565,-0.6286,-0.8186,-58288.176621351406,-3350.7757148268743,-25308.0862057086,63633.62679533918
2017-07-11 17:48:07.904147028,-0.0464,0.7711,-0.1716,-58348.33886776007,-3353.848347446844,-25340.473131822597,63701.77804354644
2017-07-11 17:48:08.104138016,-1.7008,0.9181,-0.9318,-58408.56281135011,-3356.8839361547925,-25372.89391967798,63769.9978462245
2017-07-11 17:48:08.304123997,0.1676,-0.5462,0.2655,-58468.77854410558,-3359.94129380059,-25405.303277331128,63838.207247310915
2017-07-11 17:48:08.504148006,-1.9796,-0.5422,-0.9697,-58529.084930095516,-3363.020926020505,-25437.757595044688,63906.519260302695
2017-07-11 17:48:08.704137980,0.1938,0.7155,-0.1875,-58589.373303455235,-3366.071417096282,-25470.21388975572,63974.81454812144
2017-07-11 17:48:08.904138982,-2.0605,-0.113,-0.6595,-58649.74742210837,-3369.1265964298595,-25502.69835446089,64043.20034210112
2017-07-11 17:48:09.104283988,0.2314,-0.5278,0.2448,-58710.15574169001,-3372.2051181674046,-25535.19640230902,64111.62460799903
2017-07-11 17:48:09.304130017,-1.7398,0.0963,-0.9914,-58770.54330809588,-3375.2751951318587,-25567.685499474705,64180.02637247584
2017-07-11 17:48:09.504233002,-0.0614,0.3653,-0.1818,-58831.010977544305,-3378.334592456688,-25600.223649633183,64248.52098040675
2017-07-11 17:48:09.704182982,-2.29,-0.0102,-1.0576,-58891.523965709115,-3381.3920582665924,-25632.779202946695,64317.06443023046
2017-07-11 17:48:09.904358983,-0.0389,-0.4409,0.2589,-58952.10691575182,-3384.470647251466,-25665.36118242288,64385.68409198243
2017-07-11 17:48:10.104184985,-2.3911,-0.4695,-1.463,-59012.67941680459,-3387.5626007952706,-25697.94461195083,64454.29597477387
2017-07-11 17:48:10.304171979,0.0692,0.4903,-0.1663,-59073.29795111409,-3390.6374359558563,-25730.560943809356,64522.962730537205
2017-07-11 17:48:10.504491984,-2.054,-0.0721,-1.0479,-59134.099848307786,-3393.720284455388,-25763.27363742681,64591.83671916824
2017-07-11 17:48:10.704249978,0.1952,-0.3984,0.171,-59194.72337264891,-3396.8103812771687,-25795.887729965685,64660.50896573405
2017-07-11 17:48:10.904284000,-1.2978,0.2232,-0.8219,-59255.48259696851,-3399.895816994181,-25828.579776236133,64729.33680042958
2017-07-11 17:48:11.302579998,0.2166,0.3611,-0.0553,-59376.42843510773,-3405.9820706113233,-25893.683031768946,64866.3532852319
2017-07-11 17:48:11.502439975,-0.2086,-0.6825,0.0542,-59437.1258844421,-3409.0633387506014,-25926.348870546397,64935.11539997379
2017-07-11 17:48:11.702575981,-1.7502,0.0913,-0.8713,-59497.97726699576,-3412.14520549746,-25959.09472392065,65004.05089417758
2017-07-11 17:48:11.902467012,0.0294,0.3144,-0.214,-59558.752990145156,-3415.2107376082977,-25991.809045649727,65072.90418898575
2017-07-11 17:48:12.102585971,-1.2451,-0.2462,-0.3702,-59619.64787676151,-3418.289624945226,-26024.575495873392,65141.88857140584
2017-07-11 17:48:12.303682029,-0.5487,-0.5816,0.1443,-59680.86227741663,-3421.407064914957,-26057.496095829592,65211.22948744331
2017-07-11 17:48:12.504145979,-0.7534,0.6684,-0.4107,-59741.91453798389,-3424.4878456072865,-26090.329720318085,65280.3858335978
2017-07-11 17:48:12.702561974,-0.6129,0.3824,-0.5171,-59802.36721320466,-3427.522098139067,-26122.84827165685,65348.86558969645
2017-07-11 17:48:12.903339028,-0.7257,-0.2745,-0.2046,-59863.568501432695,-3430.6035223654385,-26155.762026504322,65418.19136479177
2017-07-11 17:48:13.102778017,-1.268,-0.8935,-0.4428,-59924.4123536985,-3433.6999504258342,-26188.474042647704,65487.110670482936
2017-07-11 17:48:13.302576005,-0.5527,0.7262,-0.2661,-59985.38779095082,-3436.772962844482,-26221.25556437547,65556.17743737948
2017-07-11 17:48:13.502541005,-1.337,0.7339,-0.5483,-60046.4676591178,-3439.8191982811677,-26254.086412643126,65625.35857286325
2017-07-11 17:48:13.702570021,-0.3553,-0.6638,0.1559,-60107.58129727496,-3442.8929686324404,-26286.921533438435,65694.574244051
2017-07-11 17:48:13.902559995,-2.594,-0.5161,-0.7962,-60168.786756766654,-3445.9867809703273,-26319.782090226603,65763.88563606088
2017-07-11 17:48:14.102558016,-0.0145,0.8664,-0.2169,-60229.99525897198,-3449.046062479833,-26352.65264505386,65833.20248224113
2017-07-11 17:48:14.302501022,-2.9424,0.2233,-1.2108,-60291.30455301187,-3452.095575539129,-26385.562562324372,65902.62726399471
2017-07-11 17:48:14.503566980,-0.3804,-0.2389,-0.0764,-60352.973560777136,-3455.1718738974987,-26418.660402216603,65972.45825155891
2017-07-11 17:48:14.702552020,-1.6194,-0.6539,-0.5122,-60414.06844969879,-3458.2422255229053,-26451.43597892385,66041.63513483285
2017-07-11 17:48:14.902567982,-0.0598,0.8033,-0.2076,-60475.48225763702,-3461.2963472102024,-26484.389668008916,66111.17471943694
2017-07-11 17:48:15.102456986,-3.0417,0.6537,-0.6675,-60536.978616806104,-3464.3224113414913,-26517.349110463365,66180.79112301057
2017-07-11 17:48:15.302465975,0.3547,-0.564,0.2931,-60598.49770038943,-3467.372853920345,-26550.316612037255,66250.43328350109
2017-07-11 17:48:15.503502011,-1.875,-0.0792,-0.7701,-60660.40846376536,-3470.442161441306,-26583.48452583756,66320.51547841143
2017-07-11 17:48:15.702804028,0.2941,0.3877,-0.0339,-60721.77353915569,-3473.4695949691313,-26616.367699208193,66389.9826951863
2017-07-11 17:48:15.902459025,-2.5602,-0.5898,-0.4658,-60783.34935205438,-3476.5259010038144,-26649.327679114314,66459.67541707563
2017-07-11 17:48:16.102433025,0.0395,-0.5036,0.3453,-60845.021969423025,-3479.607229079095,-26682.326513117285,66529.47401776773
2017-07-11 17:48:16.302606999,-1.8383,-0.2798,-1.0286,-60906.829919391246,-3482.7028499620897,-26715.399561565253,66599.42735267975
2017-07-11 17:48:16.502686977,0.059,0.6032,0.0285,-60968.60648421774,-3485.772869928688,-26748.4559389392,66669.34441139721
2017-07-11 17:48:16.702785015,-2.7783,-0.8591,-0.763,-61030.49986621646,-3488.8775647053108,-26781.54585003937,66739.38401498408
2017-07-11 17:48:16.902428984,0.3099,-0.5072,0.5037,-61092.240445826574,-3491.9954300399163,-26814.54059610233,66809.24683121438
2017-07-11 17:48:17.102558970,-1.6749,-0.0189,-1.0716,-61154.19841096841,-3495.1216425470307,-26847.65858492552,66879.35877441573
2017-07-11 17:48:17.302559971,0.1002,0.141,-0.4184,-61216.11243578265,-3498.240200134607,-26880.771965169886,66949.42873312427
2017-07-11 17:48:17.502582013,-0.9718,-0.4908,-0.6907,-61278.071854797905,-3501.3787221359166,-26913.91646318008,67019.55418073622
2017-07-11 17:48:17.702570974,-0.2724,-0.8673,-0.3899,-61340.03192134204,-3504.551413237657,-26947.071073807125,67089.68651123732
2017-07-11 17:48:17.902556002,-0.6923,0.9368,-0.4733,-61402.01845722831,-3507.686575555081,-26980.243961578366,67159.84886790933
2017-07-11 17:48:18.102428019,-1.3876,0.5861,-1.0677,-61464.02539767737,-3510.796552195469,-27013.4407567987,67230.03861398794
2017-07-11 17:48:18.302600979,-0.481,-0.3297,-0.1982,-61526.14497393579,-3513.924422280667,-27046.695477438272,67300.35599050383
2017-07-11 17:48:18.503158986,-1.2131,-0.7888,-0.8024,-61588.432836785454,-3517.0900373555805,-27080.046441258324,67370.86831029273
2017-07-11 17:48:18.703826010,-0.7979,0.8285,-0.56,-61650.786686593005,-3520.2240117385245,-27113.438083271787,67441.45609982059
2017-07-11 17:48:18.903303027,-1.1687,0.4079,-0.8008,-61712.81726588919,-3523.323170066658,-27146.66356896752,67511.68020409852
2017-07-11 17:48:19.102563023,-0.3057,-0.3651,0.0476,-61774.79249670277,-3526.4334527955557,-27179.85101706314,67581.83944091362
2017-07-11 17:48:19.302824974,-2.2682,-0.6575,-1.1305,-61837.170328352644,-3529.585744146484,-27213.250682794383,67652.45466697855
2017-07-11 17:48:19.502457022,0.0818,0.8235,-0.122,-61899.34869709216,-3532.6953013869006,-27246.55015543438,67722.84548502999
2017-07-11 17:48:19.702561020,-3.3636,0.4107,-1.4089,-61961.808745633825,-3535.7957648404135,-27279.9847659612,67793.54809679341
2017-07-11 17:48:19.902568995,0.3688,-0.532,0.2997,-62024.22406857815,-3538.9160221856732,-27313.3913434167,67864.20002180754
2017-07-11 17:48:20.102977991,-1.479,-0.0948,-1.1258,-62086.8239380179,-3542.046343250058,-27346.910118264223,67935.06673305463
2017-07-11 17:48:20.302433013,-0.0759,0.3299,-0.1732,-62149.128843066464,-3545.1486393789646,-27380.27622949309,68005.60139599319
2017-07-11 17:48:20.502681970,-1.242,-0.1109,-0.6907,-62211.7315578869,-3548.267731314866,-27413.802852069166,68076.47416057758
2017-07-11 17:48:20.702601015,-0.216,-0.6255,0.1563,-62274.2397671653,-3551.406684267249,-27447.267992286208,68147.23727529848
2017-07-11 17:48:20.904087007,-0.7704,0.4756,-1.1944,-62337.269185636054,-3554.550932297475,-27481.043917764706,68218.60257043426
2017-07-11 17:48:21.303180992,0.4147,0.3976,0.0683,-62462.04884418999,-3560.7155829044277,-27547.934805249104,68359.89287082426
2017-07-11 17:48:21.503184020,-0.743,-0.7677,-0.519,-62524.61097720731,-3563.8356613419405,-27581.477444295626,68430.73724929722
2017-07-11 17:48:21.703185021,-1.0998,0.5546,-0.7237,-62587.216468607374,-3566.9335239358747,-27615.04869168242,68501.63205571446
2017-07-11 17:48:21.903047025,-0.4729,0.2037,-0.5211,-62649.79734025345,-3570.021096812585,-27648.617422918658,68572.50325608243
2017-07-11 17:48:22.103187024,-0.4548,-0.2603,0.0405,-62712.483475284054,-3573.1233908833983,-27682.231223799805,68643.49000402128
2017-07-11 17:48:22.303185999,-0.5636,-0.7934,-0.1906,-62775.14798375506,-3576.2552346694843,-27715.82896341904,68714.45249010826
2017-07-11 17:48:22.503185987,-0.3654,0.8252,-0.3194,-62837.827425621676,-3579.354086322401,-27749.439649210166,68785.43255728383
2017-07-11 17:48:22.704232990,-2.9753,0.7624,-1.159,-62900.955260407885,-3582.438344567319,-27783.27313613387,68856.9118049995
2017-07-11 17:48:22.903584003,-0.2866,-0.3295,0.1805,-62963.56195185092,-3585.5096792642335,-27816.81403769781,68927.7966899605
2017-07-11 17:48:23.103182971,-2.7065,-0.7116,-1.2721,-63026.354340468875,-3588.613184085989,-27850.44733795042,68998.8905922355
2017-07-11 17:48:23.303596973,-0.2079,0.7794,-0.3085,-63089.41148333981,-3591.6980564254704,-27884.230366142197,69070.2862260957
2017-07-11 17:48:23.503145992,-2.5854,0.9626,-1.1622,-63152.29942292732,-3594.7312839648753,-27917.91386601468,69141.48487006333
2017-07-11 17:48:23.703184008,-0.0349,-0.3383,0.0672,-63215.34286661247,-3597.7854816055406,-27951.67721864099,69212.85930699669
2017-07-11 17:48:23.903185009,-2.7703,-0.4834,-1.2683,-63278.4854578589,-3600.8584502915546,-27985.48505621018,69284.34366616212
2017-07-11 17:48:24.103066980,0.1539,0.7123,-0.0724,-63341.58432124396,-3603.9011317283084,-28019.27566572843,69355.77997921019
2017-07-11 17:48:24.303556978,-3.4224,-0.2066,-1.1533,-63405.012694575234,-3606.9613733325914,-28053.215422244357,69427.57881904574
2017-07-11 17:48:24.503080010,0.3471,-0.6404,0.2237,-63468.12133413847,-3610.0323493153664,-28086.98258147903,69499.01689794131
2017-07-11 17:48:24.703181982,-1.7978,0.1874,-0.8233,-63531.48507633488,-3613.1047324573933,-28120.880685764863,69570.74135263538
2017-07-11 17:48:24.903943002,0.0394,0.5488,-0.1006,-63595.055922848755,-3616.165115302982,-28154.89449019801,69642.70149646391
2017-07-11 17:48:25.103649973,-2.1009,-0.3237,-0.5227,-63658.376795362325,-3619.222340407272,-28188.750559847493,69714.36985797784
2017-07-11 17:48:25.303076982,-0.5168,-0.4569,0.1491,-63721.62945434942,-3622.2934511281237,-28222.55323801822,69785.95547412294
2017-07-11 17:48:25.503184974,-1.4967,0.2917,-0.6539,-63785.15803473198,-3625.3633681605684,-28256.49752637902,69857.85065062622
2017-07-11 17:48:25.703177988,-0.4662,0.3676,-0.4691,-63848.66875957599,-3628.4168183080556,-28290.441073728267,69929.72877913603
2017-07-11 17:48:25.903415977,-0.6726,-0.1373,-0.1519,-63912.28424790313,-3631.479513759071,-28324.432289601213,70001.72273431435
2017-07-11 17:48:26.103182971,-1.2521,-0.6569,-0.4105,-63975.80006877212,-3634.5612200222363,-28358.359933913318,70073.60136201773
2017-07-11 17:48:26.303193986,-0.9,0.6373,-0.3353,-64039.429479967686,-3637.6211958682293,-28392.342435274262,70145.60517271385
2017-07-11 17:48:26.503409028,-2.4743,1.1401,-0.6124,-64103.22298312367,-3640.6385910102945,-28426.384150170074,70217.78095345557
2017-07-11 17:48:26.703391015,0.1853,-0.4503,0.2506,-64166.93481848234,-3643.6704825893603,-28460.376217517678,70289.86323096453
2017-07-11 17:48:26.903930008,-2.3424,-0.5958,-0.9841,-64230.918310891735,-3646.734779463899,-28494.502538774832,70362.24993946998
2017-07-11 17:48:27.104189991,0.2473,0.6689,-0.1566,-64294.80286530231,-3649.76798737442,-28528.58766036029,70434.52843417502
2017-07-11 17:48:27.303460001,-2.4415,-0.3501,-0.559,-64358.46855871114,-3652.8001027655773,-28562.526481300218,70506.54822644738
2017-07-11 17:48:27.503697991,0.3665,-0.608,0.319,-64422.428821598965,-3655.8713249653515,-28596.617374092948,70578.9009241357
2017-07-11 17:48:27.703182995,-2.1736,-0.4906,-0.9696,-64486.23506159902,-3658.9505210387942,-28630.618654130136,70651.07752790072
2017-07-11 17:48:27.903183996,-0.1517,0.2259,-0.4776,-64550.21241378725,-3662.02864581064,-28664.72698761862,70723.45402864952
2017-07-11 17:48:28.103290975,-1.3176,-0.1983,-0.4435,-64614.27642716225,-3665.116342129701,-28698.871153664626,70795.92503457896
2017-07-11 17:48:28.303242981,0.1385,-0.5643,0.2278,-64678.28528877258,-3668.224208348126,-28732.97976910831,70868.33272450083
2017-07-11 17:48:28.503251016,-1.4326,0.5239,-0.6017,-64742.36939505404,-3671.3119877448653,-28767.122012137523,70940.82206641107
2017-07-11 17:48:28.703469991,-0.1448,0.181,-0.2658,-64806.52689281706,-3674.395767829233,-28801.31091883799,71013.39748816162
2017-07-11 17:48:28.904052972,-0.5605,-0.2701,-0.0001,-64870.82358233841,-3677.496021424589,-28835.561986343764,71086.12638417387
2017-07-11 17:48:29.104125022,-0.8591,-0.6315,-0.0915,-64934.99088216277,-3680.6136561638814,-28869.72947113809,71158.70457989803
2017-07-11 17:48:29.303373992,-1.1502,0.5648,-0.5444,-64998.93986609475,-3683.6960425637485,-28903.778006465807,71231.03384970105
2017-07-11 17:48:29.503050982,-0.4657,0.1857,-0.376,-65063.044790982036,-3686.7776464172075,-28937.914675181422,71303.54151538013
2017-07-11 17:48:29.703397989,-0.7827,-0.3034,-0.1109,-65127.3962369561,-3689.881768754973,-28972.170341042533,71376.32396210426
2017-07-11 17:48:29.903151988,-1.2377,-0.642,-0.7058,-65191.6065950828,-3693.002320052975,-29006.352775997115,71448.94917316528
2017-07-11 17:48:30.103286027,0.0067,0.748,-0.1314,-65255.9388476335,-3696.098848207153,-29040.605507453525,71521.71327520994
2017-07-11 17:48:30.303192973,-3.6092,0.8141,-0.5437,-65320.34233577708,-3699.1593290118726,-29074.841099947822,71594.53392258198
2017-07-11 17:48:30.502682983,-0.0158,-0.5625,0.245,-65384.61212954143,-3702.2358121221573,-29108.99553888056,71667.2008287034
2017-07-11 17:48:30.703194975,-3.1805,-0.3493,-0.9384,-65449.33904793483,-3705.3420996004397,-29143.362678520218,71740.37308307202
2017-07-11 17:48:30.901988029,0.4421,0.5511,-0.0171,-65513.49360781162,-3708.3999789273926,-29177.435873235074,71812.90162109611
2017-07-11 17:48:31.304395020,-3.6357,0.6882,-0.5679,-65643.9472584567,-3714.478452304344,-29246.500524427916,71960.28734495882
2017-07-11 17:48:31.504199981,-1.7022,0.337,-0.6841,-65708.7886574318,-3717.483110005258,-29280.820131804685,72033.54090346601
2017-07-11 17:48:31.704401016,-0.1002,0.2239,-0.2264,-65773.7626077767,-3720.4847498347995,-29315.21684526153,72106.94691250368
2017-07-11 17:48:31.904356002,-2.1256,-0.2554,-0.7207,-65838.74169024253,-3723.4929120219713,-29349.60009985111,72180.35281738055
2017-07-11 17:48:32.104350984,0.1339,-0.4882,0.254,-65903.72841441937,-3726.521202936941,-29383.98007246169,72253.76574335978
2017-07-11 17:48:32.304301023,-1.9524,0.1957,-0.8742,-65968.7785917254,-3729.540989242902,-29418.3872697147,72327.24752418995
2017-07-11 17:48:32.504176020,0.1324,0.4959,-0.2196,-66033.79906607386,-3732.539830999576,-29452.79032684063,72400.69979444571
2017-07-11 17:48:32.704940974,-1.5896,0.0105,-0.4212,-66099.17311981917,-3735.5516020839077,-29487.363543041043,72474.54478377303
2017-07-11 17:48:32.904361009,-0.5145,-0.7435,0.0533,-66164.12969536181,-3738.572765163648,-29521.703034547598,72547.91475104642
2017-07-11 17:48:33.104493975,-1.5782,0.4832,-0.7003,-66229.38170405373,-3741.5853752594653,-29556.193339748446,72621.61542377167
2017-07-11 17:48:33.304717004,-0.4951,0.4348,-0.2796,-66294.68292537486,-3744.5819102666414,-29590.710375089602,72695.37136820419
2017-07-11 17:48:33.504504978,-1.1989,-0.4479,-0.4577,-66359.89011118429,-3747.5898122804265,-29625.170679225892,72769.01938835529
2017-07-11 17:48:33.704358994,-0.3935,-0.7934,-0.0842,-66425.13456894006,-3750.630398275042,-29659.64573766043,72842.70942359146
2017-07-11 17:48:33.904354989,-0.8928,0.6045,-0.5739,-66490.46108781212,-3753.648965311532,-29694.16824272407,72916.49281096729
2017-07-11 17:48:34.104418992,-2.1318,0.4393,-1.8125,-66555.89514734385,-3756.650975553705,-29728.77503346501,72990.40807124406
2017-07-11 17:48:34.304354012,-0.3762,-0.3257,-0.0532,-66621.3020591926,-3759.664069909588,-29763.3616395249,73064.29126506252
2017-07-11 17:48:34.504351973,-2.5578,-0.8463,-1.7919,-66686.8318715273,-3762.711964119273,-29798.030808238735,73138.32228343101
2017-07-11 17:48:34.704353988,-0.266,1.049,-0.0916,-66752.37365237923,-3765.7179592649054,-29832.704343777612,73212.36417736304
2017-07-11 17:48:34.904227018,-1.8017,0.1264,-1.5963,-66817.94514064831,-3768.7169662062156,-29867.419288664725,73286.45001195623
2017-07-11 17:48:35.104420006,-0.1349,-0.4391,0.1514,-66883.62700258572,-3771.7383718894134,-29902.183737760348,73360.65814626921
2017-07-11 17:48:35.304403007,-2.8126,-0.659,-1.8613,-66949.35245419343,-3774.7829638703975,-29936.986160975306,73434.92303299956
2017-07-11 17:48:35.504544019,0.5274,0.7274,-0.1946,-67015.10871117831,-3777.8008244076477,-29971.823877336188,73509.22936049597
2017-07-11 17:48:35.704343020,-3.0282,-0.2983,-1.0392,-67080.87348522931,-3780.8254359022926,-30006.643545750678,73583.53678235266
2017-07-11 17:48:35.904434978,0.1287,-0.5855,0.3462,-67146.72953470961,-3783.877923801015,-30041.500408065553,73657.94435169554
2017-07-11 17:48:36.104357004,-2.1649,-0.1243,-1.2573,-67212.61618314555,-3786.932787438711,-30076.377920302857,73732.38869672065
2017-07-11 17:48:36.304349005,0.144,0.3729,-0.232,-67278.52013312417,-3789.9738055067924,-30111.27691932681,73806.8572048831
2017-07-11 17:48:36.503826022,-1.8272,-0.1104,-0.7798,-67344.32708517853,-3793.011385818708,-30146.117081710443,73881.21345127364
2017-07-11 17:48:36.704430997,0.1019,-0.5402,0.2401,-67410.50204696409,-3796.087881280779,-30181.144588258685,73955.98392343606
2017-07-11 17:48:36.904426991,-1.2071,0.6019,-0.6886,-67476.52440200692,-3799.130962321385,-30216.0933039201,74030.58176182806
2017-07-11 17:48:37.104440987,-0.3304,0.1396,-0.3963,-67542.56591769075,-3802.1687324936383,-30251.061019597146,74105.20488216291
2017-07-11 17:48:37.304346024,-1.142,-0.4042,-0.2823,-67608.61709343588,-3805.2210004697235,-30286.020967649896,74179.8347140392
2017-07-11 17:48:37.504741013,-0.1405,-0.5367,0.1724,-67674.83579779569,-3808.3023022018106,-30321.059676603778,74254.65121186506
2017-07-11 17:48:37.704454004,-1.2693,0.5013,-0.6595,-67740.87976849386,-3811.3531229458113,-30356.005443756436,74329.26927488727
2017-07-11 17:48:37.904326975,-1.2821,0.6349,-0.7971,-67807.02786255965,-3814.381023798412,-30391.01104771081,74404.00582395235
2017-07-11 17:48:38.104355990,-0.8743,-0.1754,-0.1906,-67873.26258163998,-3817.4183066170945,-30426.051607307916,74478.83640615306
2017-07-11 17:48:38.304346978,-0.6185,-0.5374,-0.1201,-67939.50944677921,-3820.4765060886,-30461.09030900171,74553.67869807455
2017-07-11 17:48:38.504356980,-0.8456,0.7407,-0.42,-68005.79643767487,-3823.5053653527643,-30496.14914365536,74628.56460493813
2017-07-11 17:48:38.704564988,-1.0372,0.6967,-0.6737,-68072.19062574157,-3826.5092971306963,-30531.269689954497,74703.57246389934
2017-07-11 17:48:38.905214011,-0.4596,-0.417,0.0768,-68138.74956937451,-3829.536634354225,-30566.46450726134,74778.76233387033
2017-07-11 17:48:39.104358017,-2.353,-0.5129,-0.6801,-68204.90258745811,-3832.5616050556514,-30601.422308879326,74853.48564193636
2017-07-11 17:48:39.304361999,-0.1075,0.8802,-0.2712,-68271.34557842296,-3835.564429275006,-30636.54191938754,74928.53850408376
2017-07-11 17:48:39.504387021,-2.9734,0.6944,-0.8926,-68337.91452481333,-3838.539786434634,-30671.700937339632,75003.72115890207
2017-07-11 17:48:39.704797983,0.636,-0.5364,-0.0382,-68404.58636857402,-3841.542428689337,-30706.929327447422,75079.02765225436
2017-07-11 17:48:39.904434025,-2.9382,-0.9417,-0.6139,-68471.11751596938,-3844.570991792119,-30742.04596824074,75154.16189613218
2017-07-11 17:48:40.104667007,0.0642,0.5593,-0.2696,-68537.84502691845,-3847.5861865738143,-30777.278421895975,75229.52204723826
2017-07-11 17:48:40.304356992,-3.3124,-0.1789,-1.0918,-68604.52367003151,-3850.600338504526,-30812.458867983692,75304.81666168502
2017-07-11 17:48:40.504351019,0.0708,-0.5458,0.2967,-68671.3010042219,-3853.640910388832,-30847.681011475517,75380.2199098969
2017-07-11 17:48:40.704353988,-1.6043,0.1817,-1.042,-68738.14549802133,-3856.674350005378,-30882.946411033896,75455.70198849078
2017-07-11 17:48:40.904504001,0.1038,0.3953,-0.1416,-68805.03497826908,-3859.6941841053404,-30918.243410534367,75531.23759841817
2017-07-11 17:48:41.302931010,-2.6442,-0.1783,-0.7207,-68938.60773370454,-3865.7338965686563,-30988.621504749488,75682.03351909416
2017-07-11 17:48:41.503638982,-1.3859,0.5614,-0.6192,-69005.95096119525,-3868.7537920099053,-31024.09947805961,75758.05747500798
2017-07-11 17:48:41.703505992,0.0636,0.2726,-0.2365,-69073.00948142215,-3871.7501446519072,-31059.438246863123,75833.76419652364
2017-07-11 17:48:41.903348028,-0.8487,-0.1026,-0.2063,-69140.09351687545,-3874.750220410113,-31094.780838948325,75909.49621895194
2017-07-11 17:48:42.103340029,-0.4629,-0.7348,-0.0762,-69207.24640789494,-3877.7819371272344,-31130.153000496208,75985.30498688086
2017-07-11 17:48:42.303323984,-1.2342,0.5446,-0.5956,-69274.44595732479,-3880.7917513686166,-31165.547559142706,76061.16461094315
2017-07-11 17:48:42.503368020,-0.1323,0.1788,-0.3855,-69341.67098978556,-3883.795314695987,-31200.968178135772,76137.05810546638
2017-07-11 17:48:42.703266978,-0.5904,-0.3306,-0.0797,-69408.87086075857,-3886.8099103897493,-31236.366293801628,76212.920326448
2017-07-11 17:48:42.903786003,-1.2228,-0.4386,-0.5523,-69476.32834534819,-3889.8514922401596,-31271.89641776901,76289.07294328585
2017-07-11 17:48:43.103361010,-0.4342,0.7917,-0.3498,-69543.485542968,-3892.8472211548606,-31307.27320304163,76364.88719537364
2017-07-11 17:48:43.303433001,-1.5748,0.913,-1.0234,-69610.87301357793,-3895.813863772648,-31342.77904947129,76440.96287932023
2017-07-11 17:48:43.503657996,-0.4495,-0.4227,0.0123,-69678.33003887748,-3898.799721178285,-31378.311555702163,76517.1141141595
2017-07-11 17:48:43.704557001,-0.7583,-0.6373,-0.3,-69746.04474756704,-3901.8213514547706,-31413.97578181848,76593.5561402457
2017-07-11 17:48:43.903367996,-0.6693,0.6492,-0.5055,-69813.08212945305,-3904.7859167684983,-31449.289318100273,76669.23495172706
2017-07-11 17:48:44.103357970,-1.1373,0.5924,-1.0151,-69880.56254050092,-3907.744368774595,-31484.852868874485,76745.41971481571
2017-07-11 17:48:44.303252995,-0.4269,-0.2502,-0.0206,-69948.02797203418,-3910.711413696841,-31520.4003583196,76821.58498551334
2017-07-11 17:48:44.503247022,-2.536,-0.6883,-0.9706,-70015.62825110974,-3913.7074584628303,-31556.004275049283,76897.89796395577
2017-07-11 17:48:44.703494012,-0.2704,0.8777,-0.2958,-70083.3248773168,-3916.672098017563,-31591.665086733738,76974.3207123991
2017-07-11 17:48:44.903239011,-2.5005,0.9153,-1.1242,-70150.95156272734,-3919.5927869399366,-31627.281355190225,77050.65956039514
2017-07-11 17:48:45.103745996,0.0245,-0.3222,0.2047,-70218.83524502884,-3922.5375711115835,-31663.025262805146,77127.28630619856
2017-07-11 17:48:45.303368985,-2.1422,-0.4903,-1.1677,-70286.50500673073,-3925.4889104372514,-31698.658114608428,77203.67332914918
2017-07-11 17:48:45.503444015,0.3253,0.6019,-0.0096,-70354.31498306066,-3928.422838925465,-31734.372040354127,77280.22070059527
2017-07-11 17:48:45.703893005,-3.2901,-0.1281,-1.0644,-70422.38389848855,-3931.367398247989,-31770.195486332406,77357.04961285612
2017-07-11 17:48:45.903485000,0.2804,-0.3876,0.2754,-70490.15062335669,-3934.3148092767606,-31805.854802473947,77433.53645312904
2017-07-11 17:48:46.102895021,-1.8974,-0.0805,-0.9863,-70557.931012162,-3937.2627340933127,-31841.520826533688,77510.03880208595
2017-07-11 17:48:46.303295016,0.2139,0.4751,-0.084,-70626.0393074527,-3940.2062138351744,-31877.36728855091,77586.91383548242
2017-07-11 17:48:46.503427028,-1.6884,-0.5044,-0.6069,-70694.12415075404,-3943.1659600800917,-31913.190123283275,77663.7589296049
2017-07-11 17:48:46.703426003,-0.047,-0.4452,0.1778,-70762.16561489337,-3946.1415466623266,-31948.98203299429,77740.55292162826
2017-07-11 17:48:46.903361976,-1.4047,0.3012,-0.8652,-70830.24179721149,-3949.104155612966,-31984.797253683122,77817.3877230696
2017-07-11 17:48:47.103303015,-0.0267,0.1964,-0.2506,-70898.32077182192,-3952.0589882618156,-32020.623399952638,77894.22944886515
2017-07-11 17:48:47.303426027,-2.2349,-0.0723,-0.7008,-70966.5512133766,-3955.0194057608905,-32056.510219284635,77971.2345487735
2017-07-11 17:48:47.503243982,-0.2363,-0.6299,0.1689,-71034.68708283365,-3958.000460707962,-32092.335590929,78048.12963988226
2017-07-11 17:48:47.704133987,-1.5966,0.4897,-1.0267,-71103.2529439825,-3960.977746690656,-32128.39460479467,78125.51224668632
2017-07-11 17:48:47.904222011,0.3408,0.2934,0.0488,-71171.53143662073,-3963.9314005984816,-32164.30771231453,78202.5723988348
2017-07-11 17:48:48.103606998,-1.1391,-0.1635,-0.2411,-71239.61530751956,-3966.8811762739842,-32200.104218933713,78279.40755486238
2017-07-11 17:48:48.303227007,-0.3187,-0.69,0.166,-71307.79213084331,-3969.8619241745064,-32235.936305344312,78356.34378756315
2017-07-11 17:48:48.503378987,-1.1607,0.5388,-0.5247,-71376.19713841414,-3972.829030757257,-32271.884901244695,78433.53519718826
2017-07-11 17:48:48.703299999,-0.2877,0.3908,-0.3391,-71444.53470804199,-3975.7770937534533,-32307.805567079973,78510.65305872876
2017-07-11 17:48:48.903503000,-0.8912,-0.3439,-0.2255,-71513.00438835534,-3978.743098937579,-32343.785937408524,78587.91689605456
2017-07-11 17:48:49.103249013,-0.5853,-0.4918,-0.2018,-71581.34113076731,-3981.721955917082,-32379.692229622866,78665.0302021083
2017-07-11 17:48:49.303363025,-1.3384,0.5156,-0.5339,-71649.85736938223,-3984.685653427465,-32415.686053598678,78742.34237775074
2017-07-11 17:48:49.503237009,-0.3046,0.3283,-0.257,-71718.30359441838,-3987.632680655589,-32451.64697160743,78819.5767308277
2017-07-11 17:48:49.704114973,-0.939,-0.1582,-0.3564,-71787.13151977437,-3990.600894672344,-32487.80290507965,78897.24003371249
2017-07-11 17:48:49.904161989,-1.1101,-1.0449,-0.6356,-71855.71915771095,-3993.598646084056,-32523.834712553642,78974.63535988845
2017-07-11 17:48:50.103260993,-0.5027,0.7669,-0.3593,-71924.00168977304,-3996.5517910807685,-32559.710010039395,79051.68664378468
2017-07-11 17:48:50.303234994,-1.1442,0.3805,-0.6721,-71992.63006487588,-3999.502698466915,-32595.7698486983,79129.12875498139
2017-07-11 17:48:50.503359019,-0.6785,-0.2168,-0.1172,-72061.33709985921,-4002.464502434278,-32631.861433896192,79206.65633236764
2017-07-11 17:48:50.703393995,-0.6687,-0.7142,-0.2962,-72130.04031969374,-4005.453566483321,-32667.948811599537,79284.18035365685
2017-07-11 17:48:50.903302013,-0.7652,1.2748,-0.3457,-72198.73051488952,-4008.3897883288364,-32704.02710068548,79361.68638114483
2017-07-11 17:48:51.303730010,-2.0072,0.0999,-0.9995,-72336.64302021966,-4014.255202196186,-32776.45438459017,79517.2945357686
2017-07-11 17:48:51.503687977,-2.0717,0.1194,-1.3703,-72405.59392554495,-4017.1793848231773,-32812.6765058914,79595.09721962175
2017-07-11 17:48:51.703763008,-0.5016,0.2747,-0.3871,-72474.60527675488,-4020.0942831465813,-32848.93532880141,79672.9698222841
2017-07-11 17:48:51.904163002,-0.4769,0.2512,-0.5374,-72543.74786897197,-4023.003827632785,-32885.27462556591,79750.99498986211
2017-07-11 17:48:52.103753983,-0.3191,0.0321,-0.9391,-72612.62404500318,-4025.900347560114,-32921.50463142459,79828.73236815407
2017-07-11 17:48:52.303755998,-0.1005,-0.2221,-0.5165,-72681.64608344712,-4028.8117167063883,-32957.829909108135,79906.642737421
2017-07-11 17:48:52.503718972,0.5864,0.0446,-0.9374,-72750.63120126381,-4031.720734205057,-32994.1855781053,79984.53221856942
2017-07-11 17:48:52.703769028,0.5576,0.1947,-0.4072,-72819.6240462865,-4034.6232266547177,-33030.57337580953,80062.44193352027
2017-07-11 17:48:52.903743982,0.9234,0.4082,-0.9656,-72888.55406353886,-4037.508305551409,-33066.98612727765,80140.30420663748
2017-07-11 17:48:53.104013025,0.4703,0.0449,-0.6726,-72957.56658863867,-4040.3958264940125,-33103.479404832135,80218.27516019365
2017-07-11 17:48:53.302981972,0.7301,-0.066,-0.8993,-73026.10219820417,-4043.267215230973,-33139.77137931972,80295.72877251878
2017-07-11 17:48:53.503727018,0.6706,-0.0491,-0.791,-73095.22256759324,-4046.1662141183388,-33176.41919078069,80373.86275127422
2017-07-11 17:48:53.703878998,0.6668,0.067,-0.5868,-73164.1120204327,-4049.0539643477655,-33212.98224040209,80451.7514728293
2017-07-11 17:48:53.903717994,0.7908,0.0809,-0.8636,-73232.86216755785,-4051.9339681185506,-33249.52260362817,80529.50405598994
2017-07-11 17:48:54.104170024,0.6308,0.1312,-0.7464,-73301.79786916562,-4054.8175349533526,-33286.20505062682,80607.48453317565
2017-07-11 17:48:54.303686022,0.6011,0.1277,-0.6663,-73370.38774044086,-4057.6825533600977,-33322.74272821112,80685.09012089546
2017-07-11 17:48:54.503672003,0.6911,0.0532,-0.9117,-73439.11154296307,-4060.552192947248,-33359.402937406936,80762.86865058531
2017-07-11 17:48:54.703929007,0.6798,0.0723,-0.5829,-73507.90121873982,-4063.422822061313,-33396.136204846174,80840.73762669101
2017-07-11 17:48:54.903912007,0.6716,0.0476,-0.7487,-73576.56991280065,-4066.287619727011,-33432.84915446945,80918.48823183177
2017-07-11 17:49:52.345236003,0.6971,0.0769,-0.8646,-91000.26452860651,-4635.414428700954,-46830.700288944936,102448.27817369677
2017-07-11 17:49:52.546091020,-2.7586,-0.9347,-0.6588,-91061.30123265933,-4637.442202170376,-46877.57511866404,102524.01426675402
2017-07-11 17:49:52.745168983,-0.3027,0.4849,-0.4473,-91121.80991436083,-4639.432817448744,-46924.05295324843,102599.1000179621
2017-07-11 17:49:52.945249021,-2.8986,-1.1876,-0.7709,-91182.73920821486,-4641.480994678694,-46970.7955984512,102674.68487650093
2017-07-11 17:49:53.145087003,0.3647,-0.2201,0.2089,-91243.58022568755,-4643.535483774041,-47017.47335212844,102750.16376925468
2017-07-11 17:49:53.345161974,-2.3768,-1.7431,-0.4257,-91304.58853815886,-4645.662185582273,-47064.223501987835,102825.82943555624
2017-07-11 17:49:53.545157015,0.0913,0.6146,0.0338,-91365.56882597547,-4647.7634549917175,-47110.95362321794,102901.46171613214
2017-07-11 17:49:53.745136022,-4.204,-0.9221,-0.7609,-91426.7123495812,-4649.901432195565,-47157.71042761223,102977.25461069898
2017-07-11 17:49:53.945168972,0.3833,-0.7281,0.5551,-91487.85702919129,-4652.069119701616,-47204.45763302506,103053.04726846404
2017-07-11 17:49:54.145410001,-2.612,-0.4979,-1.3026,-91549.17004492038,-4654.259026119679,-47251.30569564669,103129.03835942337
2017-07-11 17:49:54.345171988,0.2379,0.7224,-0.0908,-91610.32688650851,-4656.414866301025,-47298.045305748456,103204.84136611366
2017-07-11 17:49:54.545243024,-3.1094,-0.3723,-0.8271,-91671.70280736564,-4658.588944333379,-47344.89033355859,103280.88974854411
2017-07-11 17:49:54.745293974,0.3195,-0.5915,0.3239,-91733.05977991533,-4660.786476156905,-47391.71769579107,103356.91604009576
2017-07-11 17:49:54.945231020,-2.6551,0.0277,-1.176,-91794.48795449261,-4662.9816494582765,-47438.56540608754,103433.01651058196
2017-07-11 17:49:55.145003020,0.3342,0.5307,-0.1362,-91855.85208319758,-4665.153831038644,-47485.379879660795,103509.04561686008
2017-07-11 17:49:55.345138013,-2.4014,-0.3827,-0.8798,-91917.42389847201,-4667.345288223759,-47532.31465636036,103585.31683960883
2017-07-11 17:49:55.545141994,0.2831,-0.4663,0.2835,-91978.94408326749,-4669.553963583757,-47579.20736825151,103661.5254695914
2017-07-11 17:49:55.745140016,-1.2278,-0.0545,-0.9828,-92040.5115461341,-4671.764753094462,-47626.13799422453,103737.79529095083
2017-07-11 17:49:55.945288002,0.4324,0.4887,-0.2228,-92102.10785236717,-4673.9576233767475,-47673.11273526094,103814.11189517105
2017-07-11 17:49:56.145105004,-1.3543,-0.186,-0.3299,-92163.65636992325,-4676.154293708561,-47720.022966200755,103890.35838973023
2017-07-11 17:49:56.345142006,-0.013,-0.5156,0.2417,-92225.2731730457,-4678.374014222689,-47766.975174074796,103966.68751355183
2017-07-11 17:49:56.544489979,-1.7447,0.5519,-0.6124,-92286.74707031854,-4680.564156599189,-47813.78999124562,104042.82713850065
2017-07-11 17:49:56.745187997,0.2829,0.4072,-0.0474,-92348.62589236311,-4682.752729393272,-47860.923761829945,104119.47416630559
2017-07-11 17:49:56.945164978,-0.7135,-0.4022,-0.2807,-92410.31093911485,-4684.94952371623,-47907.89942286142,104195.8787429458
2017-07-11 17:49:57.145173013,-0.7863,-0.8701,-0.7307,-92472.0370193335,-4687.181465971264,-47954.91160899189,104272.33980316235
2017-07-11 17:49:57.345673978,-0.578,0.6366,-0.3372,-92533.93846259221,-4689.393317236291,-48002.05321470686,104349.01671750478
2017-07-11 17:49:57.544791996,-1.3683,0.5459,-0.9383,-92595.4671935793,-4691.5682685148895,-48048.90686487725,104425.23070850744
2017-07-11 17:49:57.745167970,-0.6298,-0.3293,-0.3983,-92657.40992775666,-4693.770181923016,-48096.07251150912,104501.95827865328
2017-07-11 17:49:57.945415973,-0.867,-1.4349,0.1913,-92719.34786799425,-4696.028227501484,-48143.20036460368,104578.6684344661
2017-07-11 17:49:58.145150005,-1.3238,0.579,0.1294,-92781.17964509534,-4698.257378974173,-48190.20209370107,104655.22680003273
2017-07-11 17:49:58.345283985,-1.8703,-2.2693,1.6403,-92843.21014659139,-4700.581887763241,-48237.232239259545,104731.98038093216
2017-07-11 17:49:58.545211970,0.4227,-0.0532,0.2203,-92905.15990516692,-4702.906130436957,-48284.20517171682,104808.63767906146
2017-07-11 17:49:58.745341002,-2.2993,-3.299,-0.0016,-92967.26405095102,-4705.3648406878965,-48331.22540410091,104885.46130167536
2017-07-11 17:49:58.945235013,-0.4638,-0.1674,-0.192,-93029.31379723773,-4707.827352463805,-48378.198090261525,104962.21660400525
2017-07-11 17:49:59.145146012,-1.3101,-1.5737,0.8733,-93091.42117419474,-4710.352965504486,-48425.13986748054,105039.01319260383
2017-07-11 17:49:59.344883978,0.5441,-0.0983,0.2174,-93153.45308709252,-4712.880314203931,-48472.03234100766,105115.721860114
2017-07-11 17:49:59.545313000,-1.4264,-1.276,0.7117,-93215.75691985077,-4715.467666264808,-48519.05846345665,105192.73742817334
2017-07-11 17:49:59.745172977,0.2023,0.3374,-0.3477,-93277.87578295947,-4718.034195375444,-48565.96496093995,105269.5345759503
2017-07-11 17:49:59.945152997,-1.3505,-1.1203,0.408,-93340.08596607078,-4720.64706908162,-48612.88331539204,105346.4217766329
2017-07-11 17:50:00.145138978,0.1808,-0.4404,0.2627,-93402.29077255567,-4723.277634202778,-48659.79256185847,105423.30238298314
2017-07-11 17:50:00.345144987,-1.4685,-0.2762,-0.0668,-93464.56055219629,-4725.919511431078,-48706.70917830669,105500.24603489717
2017-07-11 17:50:00.545467972,-0.7707,0.0911,0.0296,-93526.95994665042,-4728.561919812885,-48753.69896190077,105577.33988484224
2017-07-11 17:50:00.745171010,-1.1009,-1.1486,0.1969,-93589.21013670221,-4731.241958300163,-48800.53547183343,105654.23402219836
2017-07-11 17:50:00.945342004,-0.5229,-1.0694,-0.2082,-93651.62714687084,-4733.971125988198,-48847.490074099784,105731.33422225165
2017-07-11 17:50:01.145190000,-0.6772,1.1751,-0.4079,-93713.97048714281,-4736.648957283645,-48894.38520113951,105808.34093778723
2017-07-11 17:50:01.345746994,-2.0364,0.945,-0.7638,-93776.61691236655,-4739.298277847616,-48941.47741978933,105885.70743838334
2017-07-11 17:50:01.544937014,-0.781,-0.5228,-0.0869,-93838.86733404972,-4741.950283899437,-48988.25211105531,105962.57811099479
2017-07-11 17:50:01.745262026,-1.4273,-1.045,-0.7991,-93901.52973861303,-4744.659337143882,-49035.325394189626,106039.95575249562
2017-07-11 17:50:01.945141971,-0.2577,0.9971,-0.1223,-93964.06322020131,-4747.3225354865535,-49082.298979583145,106117.17260286912
2017-07-11 17:50:02.353482007,-2.8266,1.0061,-1.3982,-94092.28583849582,-4752.595495240768,-49178.49569995985,106275.44334212657
2017-07-11 17:50:02.553035974,-1.9295,-2.2278,-2.1881,-94155.02450027665,-4755.261082292285,-49225.593745189064,106352.9041736748
2017-07-11 17:50:02.752892017,0.6846,0.5416,0.0675,-94217.83078848549,-4757.909071567617,-49272.76038924876,106430.45735877166
2017-07-11 17:50:02.953037977,-3.0103,-0.7758,-2.3101,-94280.84877314373,-4760.591979404191,-49320.08799353891,106508.27555203956
2017-07-11 17:50:03.152895987,0.1487,-0.7853,0.5707,-94343.77015426771,-4763.302394755096,-49367.324712005,106585.96889762608
2017-07-11 17:50:03.353025972,-3.4488,-1.3141,-1.9098,-94406.91529277021,-4766.069130898207,-49414.7022034708,106663.92953531428
2017-07-11 17:50:03.552929997,0.4704,0.9254,-0.2556,-94469.97033828597,-4768.795762730659,-49462.036416802606,106741.79010696971
2017-07-11 17:50:03.753153026,-2.7324,-0.8968,-1.0643,-94533.23554604428,-4771.562697732982,-49509.48883239969,106819.89476603971
2017-07-11 17:50:03.953821003,0.371,-0.6022,0.3272,-94596.62640636726,-4774.360030760416,-49557.033524119106,106898.15626510968
2017-07-11 17:50:04.153226017,-1.9458,0.1549,-0.7583,-94659.69566724467,-4777.133598759262,-49604.30913111892,106976.00886933193
2017-07-11 17:50:04.353036999,0.1395,0.4359,-0.1197,-94722.88776116123,-4779.89541039751,-49651.68576532275,107054.01797824423
2017-07-11 17:50:04.553039014,-2.5788,-0.6564,-1.0335,-94786.24342513124,-4782.686119046126,-49699.14903567054,107132.21478169554
2017-07-11 17:50:04.753041028,-0.0579,-0.694,0.0311,-94849.60140483112,-4785.504588239877,-49746.61106175596,107210.41578572964
2017-07-11 17:50:04.952929019,-1.5312,0.2766,-0.7999,-94912.98444297607,-4788.310398987451,-49794.07798947249,107288.64215363776
2017-07-11 17:50:05.153038978,-0.1087,0.372,-0.3388,-94976.44221835287,-4791.104429114585,-49841.61119430992,107366.96635628465
2017-07-11 17:50:05.352922976,-0.3648,-0.3921,-0.0236,-95039.8429132915,-4793.910970078624,-49889.091668309666,107445.21762675699
2017-07-11 17:50:05.553070008,-0.6466,-0.7358,-0.3706,-95103.3529413553,-4796.750679553612,-49936.64946924812,107523.60446889953
2017-07-11 17:50:05.753032028,-0.2721,0.8078,-0.3266,-95166.81514185853,-4799.55546432766,-49984.17636772474,107601.93457396407
2017-07-11 17:50:05.954109013,-2.7661,1.1183,-0.9884,-95230.74303904898,-4802.330673201818,-50032.008233610744,107680.81838262673
2017-07-11 17:50:06.154025971,0.0341,-0.5643,0.2816,-95294.3007689222,-4805.112424964154,-50079.55289951414,107759.24314447268
2017-07-11 17:50:06.352931022,-3.776,-0.6146,-1.1302,-95357.68618337713,-4807.90441206443,-50126.901625944934,107837.42636812203
2017-07-11 17:50:06.553062975,-0.107,0.9845,-0.2772,-95421.4668624505,-4810.674188941991,-50174.553515202344,107916.10048914756
2017-07-11 17:50:06.753035008,-3.2867,1.1332,-1.0228,-95485.32800735299,-4813.396437242182,-50222.208227690135,107994.84640110987
2017-07-11 17:50:06.953043997,0.2197,-0.6091,0.2608,-95549.19216537818,-4816.143554819893,-50269.861314109454,108073.59676968653
2017-07-11 17:50:07.152934014,-3.1557,-0.3032,-1.0625,-95613.14442408655,-4818.901152985615,-50317.528508157855,108152.43349158982
2017-07-11 17:50:07.352901995,0.4347,0.5386,0.0761,-95677.10424394828,-4821.638289607341,-50365.21125103036,108231.2846484974
2017-07-11 17:50:07.552991986,-2.9486,-0.2624,-0.8073,-95741.22113890869,-4824.387601734211,-50412.95540848432,108310.30520647152
2017-07-11 17:50:07.753132998,0.2434,-0.498,0.3542,-95805.34463331942,-4827.1575630084035,-50460.69755224805,108389.33299871656
2017-07-11 17:50:07.953423976,-2.3122,-0.3833,-1.4002,-95869.60893288885,-4829.9449764644805,-50508.531640370646,108468.5302467358
2017-07-11 17:50:08.152935981,-0.144,0.3236,-0.3199,-95933.62902724397,-4832.7086681826695,-50556.192425472815,108547.43130986486
2017-07-11 17:50:08.353708982,-1.4389,-0.647,-0.294,-95998.11175607552,-4835.515907981738,-50604.16629695904,108626.890415949
2017-07-11 17:50:08.553034007,-0.2761,-0.4046,-0.106,-96062.1404046896,-4838.318976898137,-50651.79839204661,108705.79023217231
2017-07-11 17:50:08.753032028,-0.808,0.6277,-0.422,-96126.4175573825,-4841.106402522795,-50699.608190607694,108784.99314840231
2017-07-11 17:50:08.953038990,-0.3201,0.3769,-0.3346,-96190.71038850538,-4843.878875710939,-50747.43351145879,108864.21788451799
2017-07-11 17:50:09.153037011,-0.9255,-0.3547,-0.2427,-96255.03736478466,-4846.665412679204,-50795.266402161215,108943.47833893077
2017-07-11 17:50:09.352930009,-0.5227,-0.6549,-0.3357,-96319.35144730355,-4849.4766543578835,-50843.08758848231,109022.72443202115
2017-07-11 17:50:09.553040981,-1.4151,0.8241,-0.4193,-96383.79232816462,-4852.257960973661,-50890.977712196174,109102.11475210665
2017-07-11 17:50:09.754007995,-2.2123,1.2928,-0.7512,-96448.59822637026,-4854.998952292921,-50939.103041295275,109181.93684538783
2017-07-11 17:50:09.953521013,-0.1475,-0.4338,0.1571,-96512.9411253171,-4857.737380146469,-50986.87393028596,109261.1858360336
2017-07-11 17:50:10.155366003,-0.5931,-0.5659,-0.3906,-96578.06024838136,-4860.53087117934,-51035.21909430504,109341.39229812918
2017-07-11 17:50:10.353313028,0.079,0.8978,-0.2644,-96641.91871659648,-4863.235236699572,-51082.64099218391,109420.05173152252
2017-07-11 17:50:10.553326010,-1.7588,0.9619,-0.6144,-96706.51403158387,-4865.929346467665,-51130.58240774446,109499.6053960967
2017-07-11 17:50:10.753032982,0.0556,-0.4749,0.1081,-96771.00830143662,-4868.6382747578355,-51178.44616396441,109579.03557745412
2017-07-11 17:50:10.952919006,-3.3967,-0.4161,-0.9484,-96835.69610833668,-4871.366256836851,-51226.39072633924,109658.676614493
2017-07-11 17:50:11.153037011,0.3414,0.9918,-0.0846,-96900.44531761132,-4874.057686091408,-51274.394319555904,109738.39917693366
2017-07-11 17:50:11.353034973,-3.1918,-0.3949,-1.2389,-96965.28335575426,-4876.763296540419,-51322.41867227598,109818.21185433945
2017-07-11 17:50:11.553039014,0.3866,-0.7139,0.4653,-97030.10790004455,-4879.497546381258,-51370.42587195901,109898.00721426147
2017-07-11 17:50:11.753226995,-2.3486,-1.4176,-2.2062,-97095.0861829435,-4882.291121503707,-51418.56563693894,109978.00425370765
2017-07-11 17:50:11.952898979,0.3493,0.8166,0.0073,-97159.88305406058,-4885.044939067421,-51466.581027630804,110057.78255902271
2017-07-11 17:50:12.350938022,-2.6303,-0.8855,-1.1942,-97289.47005827546,-4890.674871314293,-51562.48721511598,110217.28436468566
2017-07-11 17:50:12.550927996,-0.8761,0.7598,-0.5547,-97354.6145448313,-4893.47317473076,-51610.69632194584,110297.46609836783
2017-07-11 17:50:12.751070022,-0.6916,0.1973,-0.613,-97419.83626392142,-4896.265702479363,-51658.96663690583,110377.74571674982
2017-07-11 17:50:12.950927019,-0.8503,-0.4948,-0.2596,-97484.99906194392,-4899.074017002114,-51707.17857764042,110457.9480381166
2017-07-11 17:50:13.151053011,-0.1004,-0.5269,0.2126,-97550.25358607255,-4901.907213902751,-51755.44689390977,110538.26012846903
2017-07-11 17:50:13.350978016,-0.9546,0.7741,-0.5573,-97615.48073029985,-4904.706624634239,-51803.68900948189,110618.5356089674
2017-07-11 17:50:13.550922989,0.0372,0.1818,-0.5871,-97680.71290206678,-4907.49904696475,-51851.95941443281,110698.82978183619
2017-07-11 17:50:13.751075983,-0.1741,-0.4262,0.1431,-97746.01991547288,-4910.311448599407,-51900.27430672985,110779.21303634573
2017-07-11 17:50:13.951048016,-1.2861,-0.7837,-0.444,-97811.31931354798,-4913.152646737633,-51948.5632719197,110859.58001365347
2017-07-11 17:50:14.150999009,0.0424,0.6578,-0.4379,-97876.61014599675,-4915.9672468331555,-51996.86466381694,110939.94538718082
2017-07-11 17:50:14.351038992,-3.305,1.8845,-1.0979,-97942.06228958452,-4918.707689449739,-52045.2314862467,111020.48176497934
2017-07-11 17:50:14.550930023,0.5358,-0.5952,0.2415,-98007.44428812483,-4921.469873565946,-52093.55264472516,111100.93711915782
2017-07-11 17:50:14.750917017,-2.3436,-0.1399,-1.1026,-98072.95140683862,-4924.23897901423,-52141.941099323536,111181.53600655055
2017-07-11 17:50:14.950914978,0.0356,0.4304,-0.1278,-98138.46069389791,-4926.9910206673185,-52190.337319371145,111262.14098872639
2017-07-11 17:50:15.150923013,-1.871,-0.5813,-0.4246,-98204.04812670714,-4929.766454810495,-52238.752962525905,111342.82633762894
2017-07-11 17:50:15.351099014,0.4335,-0.2756,0.2355,-98269.67326906523,-4932.555263163775,-52287.199828370176,111423.56147478374
2017-07-11 17:50:15.550926983,-1.9375,-0.046,-1.0376,-98335.26168031557,-4935.341059647187,-52335.60389567119,111504.2452834679
2017-07-11 17:50:15.750928997,-0.1844,0.2897,-0.1895,-98400.9145935267,-4938.117694254003,-52384.05770181735,111585.010196317
2017-07-11 17:50:15.950929999,-0.9901,-0.202,-0.2687,-98466.60677893426,-4940.902394892152,-52432.52201089742,111665.81630676577
2017-07-11 17:50:16.151111006,-0.4845,-0.7827,-0.1727,-98532.37750374983,-4943.720966513252,-52481.036859358355,111746.71817717754
2017-07-11 17:50:16.350926995,-0.8983,1.1761,-0.1471,-98598.06416552472,-4946.487441165207,-52529.469117095214,111827.50610166711
2017-07-11 17:50:16.551012992,-1.1897,0.2385,-0.4699,-98663.88721751879,-4949.248105902157,-52577.98563269842,111908.45486770553
2017-07-11 17:50:16.750926971,-0.3709,-0.4444,0.0344,-98729.66850333734,-4952.024157951694,-52626.45906285007,111989.34850928302
2017-07-11 17:50:16.950897991,-1.2365,-0.6581,-0.7061,-98795.51800404777,-4954.827318457694,-52674.974559630544,112070.32451234174
2017-07-11 17:50:17.150924026,-0.0717,0.8242,-0.232,-98861.38848968138,-4957.598273571038,-52723.51268616153,112151.32948261316
2017-07-11 17:50:17.350971996,-3.026,-0.35,-0.9065,-98927.38729679005,-4960.383539265934,-52772.092412814665,112232.46900898319
2017-07-11 17:50:17.550924003,0.4465,-0.5137,0.3784,-98993.33659284517,-4963.188007008614,-52820.63370703899,112313.54891637267
2017-07-11 17:50:17.750980973,-2.7761,-0.3178,-1.2675,-99059.43161565834,-4966.006666174361,-52869.251211465176,112394.79497684397
2017-07-11 17:50:17.951009988,0.3017,0.4914,-0.0999,-99125.50533116872,-4968.805269770614,-52917.86591947435,112476.02129538512
2017-07-11 17:50:18.151112020,-2.2744,-0.3209,-0.591,-99191.69423455077,-4971.617744047024,-52966.52203753623,112557.37045998519
2017-07-11 17:50:18.351234018,-0.2501,-0.521,0.1156,-99257.89975841022,-4974.451364381714,-53015.17838081871,112638.73654110843
2017-07-11 17:50:18.550925016,-1.3731,0.5061,-0.8004,-99324.01745075658,-4977.2587004932275,-53063.76185074892,112719.99098865662
2017-07-11 17:50:18.750928997,0.1818,0.2475,-0.1534,-99390.23149948931,-4980.060536251116,-53112.42760357158,112801.3700555602
2017-07-11 17:50:18.950923025,-0.7802,-0.3679,-0.1992,-99456.47345928177,-4982.876947699597,-53161.09890211542,112882.77819097665
2017-07-11 17:50:19.150927007,-0.2915,-0.6465,0.1198,-99522.73037649933,-4985.719360354817,-53209.767830911296,112964.20075295129
2017-07-11 17:50:19.351100027,-0.6091,0.8431,-0.3574,-99589.06769845865,-4988.530392966454,-53258.49221412577,113045.72010231888
2017-07-11 17:50:19.551011025,-1.7854,1.4102,-0.461,-99655.38953880171,-4991.2813881924385,-53307.171241805554,113127.20300542044
2017-07-11 17:50:19.750928997,0.2652,-0.6607,0.2421,-99721.70309351671,-4994.058885714419,-53355.84229162071,113208.67722340804
2017-07-11 17:50:19.950910985,-3.7662,0.1998,-1.1033,-99788.18850344987,-4996.829282062034,-53404.573050508836,113290.3318486677
2017-07-11 17:50:20.152819991,0.4268,0.4664,-0.1308,-99855.29716452751,-4999.60735998812,-53453.77870928974,113372.76085494197
2017-07-11 17:50:20.352613985,-2.2504,1.6807,-0.804,-99921.79268799805,-5002.2892477617015,-53502.501028882456,113454.41890048665
2017-07-11 17:50:20.551001012,0.4118,-0.7435,0.3177,-99987.80373672085,-5004.9815116802465,-53550.86773773569,113535.48419542555
2017-07-11 17:50:20.751845002,-2.5664,-0.2641,-1.5131,-100054.73583644262,-5007.717771815934,-53599.89448946409,113617.67507683019
2017-07-11 17:50:20.950914025,0.3842,0.7257,-0.0836,-100121.06119572718,-5010.401091755461,-53648.491278203655,113699.12765930222
2017-07-11 17:50:21.150920987,-1.7793,-0.3928,-0.693,-100187.77023232586,-5013.112767591773,-53697.34475881906,113781.04164531709
2017-07-11 17:50:21.350919008,0.073,-0.4369,0.2281,-100254.47336685866,-5015.841797860989,-53746.186931696204,113862.94704030883
2017-07-11 17:50:21.550898015,-1.4467,0.4933,-0.6603,-100321.2280157141,-5018.550840820851,-53795.05086755764,113944.90835910976
2017-07-11 17:50:21.750918984,-0.3098,0.3201,-0.3531,-100388.00906643133,-5021.247645539671,-53843.939183599505,114026.90506651007
2017-07-11 17:50:21.950922012,-0.8049,-0.3045,-0.0546,-100454.81632415732,-5023.956388735798,-53892.82529864086,114108.92550184639
2017-07-11 17:50:22.352878987,-0.2105,-0.4949,0.1596,-100589.11651784596,-5029.480258121743,-53991.04859927952,114273.79123122411
2017-07-11 17:50:22.553595006,-1.9543,1.1791,-1.0324,-100656.25765253438,-5032.191083549544,-54040.137704298184,114356.20505601892
2017-07-11 17:50:22.753125011,-0.4215,-0.3975,-0.0341,-100723.01883678186,-5034.9017162975,-54088.93810353909,114438.14916388666
2017-07-11 17:50:22.953602015,-1.7514,-0.7635,-0.8692,-100790.1672700809,-5037.655899961288,-54138.00505075588,114520.56315864401
2017-07-11 17:50:23.153100013,-0.2573,1.054,-0.1644,-100856.99803225881,-5040.35468526973,-54186.83892830488,114602.58609854507
2017-07-11 17:50:23.353643000,-3.9395,-0.1664,-1.191,-100924.3372969623,-5043.074299255975,-54235.97650125983,114685.20220265577
2017-07-11 17:50:23.552864015,0.1679,-0.6186,0.3186,-100991.22599992245,-5045.800537270104,-54284.77751622027,114767.26406957195
2017-07-11 17:50:23.752960026,-3.046,-0.0376,-1.4848,-101058.53044088309,-5048.540254602713,-54333.852318513265,114849.82299221557
2017-07-11 17:50:23.952812016,0.3739,0.4289,-0.1745,-101125.73786888944,-5051.259500179635,-54382.874242797516,114932.27176460676
2017-07-11 17:50:24.152960002,-2.0822,-0.517,-1.1024,-101193.12824750935,-5054.003483780938,-54432.01293356079,115014.93897633592
2017-07-11 17:50:24.352357983,-0.0567,-0.5596,0.2778,-101260.26835174502,-5056.759434430273,-54480.95644404797,115097.29526667151
2017-07-11 17:50:24.554013013,-1.1134,0.6375,-0.6025,-101328.21371225263,-5059.52065678041,-54530.47846216878,115180.63519839341
2017-07-11 17:50:24.752861976,-0.3406,0.3716,-0.388,-101395.22706814925,-5062.228762809195,-54579.32671413092,115262.83501986407
2017-07-11 17:50:24.953190982,-0.5504,-0.3469,-0.2184,-101462.76129637417,-5064.970947100059,-54628.547310895934,115345.67196856052
2017-07-11 17:50:25.153307974,-0.751,-0.6694,-0.0067,-101530.25412632039,-5067.737036592657,-54677.71608438879,115428.45012314893
2017-07-11 17:50:25.353145003,-0.3068,0.9536,-0.3382,-101597.66478603243,-5070.461174473672,-54726.82957689486,115511.12908302539
2017-07-11 17:50:25.552847027,-2.0068,1.1065,-0.7439,-101665.1099377415,-5073.139343779819,-54775.939556929174,115593.83580363977
2017-07-11 17:50:25.752964019,-0.4074,-0.3227,-0.0366,-101732.71155122148,-5075.8360012557905,-54825.15305006609,115676.73109851802
2017-07-11 17:50:25.952852010,-1.7028,-0.3506,-0.3816,-101800.3038414977,-5078.543581146842,-54874.325473358076,115759.60030720085
2017-07-11 17:50:26.153231024,0.0424,0.7972,-0.2984,-101868.06046917528,-5081.2258032083355,-54923.63066953479,115842.67696034223
2017-07-11 17:50:26.352962970,-2.9722,0.2743,-1.1532,-101935.71686529796,-5083.888421174803,-54972.82265280103,115925.61203089445
2017-07-11 17:50:26.552911996,0.4104,-0.5693,0.4718,-102003.43038659362,-5086.576693419077,-55022.04923832154,116008.61595362202
2017-07-11 17:50:26.753737986,-2.2292,-0.2359,-1.4073,-102071.53080122455,-5089.286270359683,-55071.548486512846,116092.09140828387
2017-07-11 17:50:26.952877998,0.3653,0.5554,-0.0225,-102139.04501140855,-5091.9510744549,-55120.63306999315,116174.8538696047
2017-07-11 17:50:27.152947008,-2.8187,-0.2536,-0.9686,-102206.98700454128,-5094.638460994531,-55169.98540622362,116258.12153702485
2017-07-11 17:50:27.352823972,-0.3617,-0.6512,0.1247,-102274.87823044186,-5097.349283876523,-55219.28538734155,116341.3218313348
2017-07-11 17:50:27.552852988,-1.1503,0.5778,-0.618,-102342.8671284497,-5100.039050250679,-55268.64759950804,116424.63767546882
2017-07-11 17:50:27.752963006,-0.7639,0.3246,-0.5545,-102410.91414827309,-5102.716907560423,-55318.05200537274,116508.0251922278
2017-07-11 17:50:27.953583002,-1.0873,-0.1366,-0.4167,-102479.17834718351,-5105.4070872867505,-55367.59908927909,116591.67296660556
2017-07-11 17:50:28.153445005,-0.4537,-0.684,-0.1322,-102547.20274967916,-5108.114425091867,-55416.96425249739,116675.02539843824
2017-07-11 17:50:28.352966010,-0.7461,0.7735,-0.4424,-102615.14079238835,-5110.786351749524,-55466.26280183046,116758.26979780334
2017-07-11 17:50:28.553478002,-0.8841,0.3022,-0.6294,-102683.45181712837,-5113.459399445014,-55515.831513762845,116841.97145193502
2017-07-11 17:50:28.753467023,-0.3829,-0.3817,-0.0626,-102751.59998886351,-5116.140741679635,-55565.27344538803,116925.47117467961
2017-07-11 17:50:28.953019976,-2.7173,-0.2327,-1.1187,-102819.70777289553,-5118.82550379095,-55614.65211905298,117008.9065471735
2017-07-11 17:50:29.153204977,-0.1797,0.6564,-0.3614,-102888.03847735793,-5121.492464805873,-55664.201673520096,117092.61930085802
2017-07-11 17:50:29.352998971,-3.1662,0.3844,-0.542,-102956.36210358964,-5124.138872296358,-55713.67608175835,117176.29026100434
2017-07-11 17:50:29.552959978,0.4824,-0.4843,0.3074,-103024.72355484225,-5126.80685643476,-55763.17955573632,117260.01026036174
2017-07-11 17:50:29.752946972,-2.6374,-0.1559,-1.1374,-103093.1993726518,-5129.481422494255,-55812.73495328548,117343.85676088349
2017-07-11 17:50:29.953692018,0.3187,0.4032,-0.2964,-103161.92190533824,-5132.14987812894,-55862.49013538817,117428.01581267148
2017-07-11 17:50:30.153102993,-1.6992,-0.2774,-0.7032,-103230.25530389756,-5134.8116310165815,-55911.942627084536,117511.68975437417
2017-07-11 17:50:30.352954983,-0.3817,-0.2805,0.1819,-103298.75507321894,-5137.490474005467,-55961.49722210332,117595.56020270004
2017-07-11 17:50:30.552881002,-1.1646,0.0704,-1.0411,-103367.32676570826,-5140.1674953719585,-56011.11178628906,117679.5233169533
2017-07-11 17:50:30.753274023,-0.6011,0.4828,-0.0917,-103436.08277162556,-5142.831381948404,-56060.84592627804,117763.7056980274
2017-07-11 17:50:30.953979015,-1.5022,-0.5106,-0.1991,-103505.00632896168,-5145.519983893445,-56110.66551240844,117848.0780297601
2017-07-11 17:50:31.152965009,-0.8056,-0.6398,-0.1227,-103573.37146792862,-5148.210891655526,-56160.06326213497,117931.76017606747
2017-07-11 17:50:31.352845013,-0.7585,0.5872,-0.387,-103642.07406336337,-5150.890429381642,-56209.69840892317,118015.85225550547
2017-07-11 17:50:31.552959978,-1.3661,0.5331,-0.1916,-103710.91212624502,-5153.551768409725,-56259.399575150244,118100.09496373749
2017-07-11 17:50:31.752960026,-0.8012,-0.2444,-0.0074,-103779.74270654687,-5156.221355155512,-56309.07249623903,118184.31901181786
2017-07-11 17:50:31.952838003,-1.1384,-0.7725,-0.2597,-103848.57675622252,-5158.920174812468,-56358.72547454746,118268.53887986667
2017-07-11 17:50:32.353329002,-0.5296,0.7594,-0.406,-103986.58293478968,-5164.205936476349,-56458.2791480112,118437.39163694457
2017-07-11 17:50:32.553360998,-0.2685,-0.3554,0.0295,-104055.52319581361,-5166.860219994585,-56508.00173186754,118521.73898410457
2017-07-11 17:50:32.753332972,-3.0892,-0.0939,-0.6117,-104124.56630385647,-5169.517462010628,-56557.733857009196,118606.18229163486
2017-07-11 17:50:32.953657984,0.4252,0.6786,-0.1772,-104193.71423986088,-5172.152162928142,-56607.56089215967,118690.7628893413
2017-07-11 17:50:33.153665006,-3.6923,1.0448,0.4974,-104262.90011484765,-5174.740886664648,-56657.28893595092,118775.3285542694
2017-07-11 17:50:33.353404998,0.1861,-0.6736,0.2231,-104331.98619489897,-5177.353028176988,-56706.94168686356,118859.77268709673
2017-07-11 17:50:33.553626000,-2.0456,0.1185,-0.8087,-104401.32065164966,-5179.966709716903,-56756.74643010343,118944.50838207455
2017-07-11 17:50:33.753269970,0.269,0.5319,-0.1107,-104470.44456647715,-5182.5516583724675,-56806.412049548075,119028.99260076141
2017-07-11 17:50:33.953724026,-2.177,-0.3058,-0.315,-104539.93643802179,-5185.159383456473,-56856.29185212995,119113.90393850779
2017-07-11 17:50:34.153223991,0.2493,-0.4871,0.1666,-104609.08763043238,-5187.774083378675,-56905.92761362688,119198.40104791254
2017-07-11 17:50:34.353219985,-1.5961,0.6773,-0.5525,-104678.47459913672,-5190.36819347497,-56955.70888667688,119283.17459377846
2017-07-11 17:50:34.553339004,-0.1058,0.3964,-0.2023,-104747.9084873935,-5192.948024427933,-57005.52888367972,119368.0081302181
2017-07-11 17:50:34.753337979,-1.1153,-0.2206,-0.031,-104817.3453363708,-5195.535131745252,-57055.32023549576,119452.83184522744
2017-07-11 17:50:34.953960001,-0.42,-0.5618,0.0513,-104887.01540322111,-5198.15291054929,-57105.26463508489,119537.93558080244
2017-07-11 17:50:35.153412997,-1.8994,0.6835,-0.5268,-104956.35506305526,-5200.728244883336,-57154.93896518266,119622.61947689077
2017-07-11 17:50:35.353663980,-0.0385,0.3335,-0.1791,-105025.97368624048,-5203.300509312381,-57204.81921818075,119707.64731928296
2017-07-11 17:50:35.553283989,-0.5232,-0.3265,-0.204,-105095.3937955522,-5205.877679172939,-57254.550431720345,119792.43091527573
2017-07-11 17:50:35.753521025,-0.5146,-0.562,-0.1374,-105165.04911578198,-5208.4853484028445,-57304.4408738629,119877.49921905866
2017-07-11 17:50:35.953229010,-0.5953,0.727,-0.4632,-105234.54414056192,-5211.057132704284,-57354.217973225415,119962.37208488517
2017-07-11 17:50:36.154706001,-1.1232,0.5077,-1.0493,-105304.70034375304,-5213.631088721778,-57404.47859051852,120048.0571515683
2017-07-11 17:50:36.353332996,0.0266,-0.4418,0.1557,-105373.86310180798,-5216.186064998652,-57454.022102662726,120132.52797571734
2017-07-11 17:50:36.553785979,-1.2703,-0.7322,-0.9642,-105443.71271902231,-5218.793950121425,-57504.059813721426,120217.84084455011
2017-07-11 17:50:36.753238022,-0.054,0.9135,-0.2451,-105513.21569800928,-5221.3524730048775,-57553.857417306215,120302.73360233175
2017-07-11 17:50:36.953658998,-2.2845,1.2079,-1.116,-105583.14808580988,-5223.874905515211,-57603.94176451611,120388.13951360945
2017-07-11 17:50:37.153762996,-0.0527,-0.468,0.1236,-105652.97198146587,-5226.412088118138,-57653.941951132554,120473.41156593765
2017-07-11 17:50:37.353520989,-1.4363,-0.5043,-0.853,-105722.73245586368,-5228.965006824868,-57703.88971860989,120558.60451097724
2017-07-11 17:50:37.553570985,0.0852,0.8721,-0.0346,-105792.59149528942,-5231.486755904047,-57753.91188361708,120643.91906278158
2017-07-11 17:50:37.753732025,-2.8928,1.45,-0.3134,-105862.60521057507,-5233.951811318029,-57803.974371185795,120729.38700514461
2017-07-11 17:50:37.953338027,0.1298,-0.5805,-0.0618,-105932.41960926002,-5236.433159842594,-57853.900499888376,120814.61649800831
2017-07-11 17:50:38.153400003,-3.1919,-0.2931,-0.3238,-106002.52124501663,-5238.931907952943,-57903.953638379266,120900.16031747826
2017-07-11 17:50:38.353340029,0.3588,0.95,-0.1472,-106072.56580614857,-5241.391155710325,-57953.98215089279,120985.64148316476
2017-07-11 17:50:38.553341984,-3.5125,0.2362,-0.6876,-106142.77256548125,-5243.841717005187,-58004.05366366949,121071.28596516325
2017-07-11 17:50:38.753548979,0.2738,-0.5523,0.2636,-106213.04032539822,-5246.316928343931,-58054.16594342246,121157.00540977284
2017-07-11 17:50:38.953836023,-2.4413,-0.3117,-1.1232,-106283.43411306225,-5248.805633163685,-58104.343316683284,121242.86799520775
2017-07-11 17:50:39.153474986,0.1031,0.4886,-0.3594,-106353.59601413127,-5251.266811626898,-58154.37265210225,121328.45604730785
2017-07-11 17:50:39.353371977,-2.3547,-0.3623,-0.8378,-106423.94268857666,-5253.74564817298,-58204.50012658262,121414.25474672446
2017-07-11 17:50:39.553286015,0.2753,-0.4529,0.36,-106494.28435957474,-5256.242796542042,-58254.61748825587,121500.04587775748
2017-07-11 17:50:39.753280997,-1.1853,0.5211,-0.656,-106564.7019211162,-5258.720113037503,-58304.78138083283,121585.92584929525
2017-07-11 17:50:39.953799009,0.1975,0.0352,-0.5928,-106635.29569878828,-5261.202492946694,-58355.10029779508,121672.0356992745
2017-07-11 17:50:40.153343021,-0.6931,-0.1893,-0.2929,-106705.57417062987,-5263.680352408514,-58405.1864573317,121757.75825405052
2017-07-11 17:50:40.353556990,-0.4853,-0.7705,-0.1323,-106776.10805176507,-5266.197417114736,-58455.44608146113,121843.79041420553
2017-07-11 17:50:40.553340971,-0.5372,0.9194,-0.3464,-106846.51189295654,-5268.672379466427,-58505.61159197758,121929.66251115926
2017-07-11 17:50:40.753340005,-2.0752,0.7972,-0.9289,-106917.07452598706,-5271.118118244049,-58555.8682576774,122015.71709752158
2017-07-11 17:50:40.953230977,-0.1755,-0.3241,0.1311,-106987.6060454855,-5273.575485427632,-58606.092530782895,122101.73023946547
2017-07-11 17:50:41.153443992,-3.1235,-0.5646,-0.8187,-107058.3764041231,-5276.059443791876,-58656.430537672146,122188.00925198056
2017-07-11 17:50:41.353650987,-0.4429,1.0872,-0.375,-107129.16238752952,-5278.499749403953,-58706.78206206477,122274.3074138672
2017-07-11 17:50:41.553301990,-2.8716,1.2724,-0.8878,-107199.86625566545,-5280.882559548538,-58757.02914412703,122360.48185457631
2017-07-11 17:50:41.753220975,0.3166,-0.5137,0.3195,-107270.65237248229,-5283.289099381715,-58807.33090079786,122446.75647726044
2017-07-11 17:50:41.953235983,-2.9684,-0.2429,-0.8274,-107341.59124236842,-5285.706512557215,-58857.68991885061,122533.19373281741
2017-07-11 17:50:42.353413999,0.1853,0.7353,-0.2202,-107483.49179857051,-5290.425374920305,-58958.48048119953,122706.1205910812
2017-07-11 17:50:42.553354978,-0.257,-0.5914,0.0688,-107554.39986047172,-5292.806702597548,-59008.83572877515,122792.5300097806
2017-07-11 17:50:42.753482997,-1.617,0.5662,-0.5122,-107625.43901799674,-5295.16758094681,-59059.258596716485,122879.08670526762
2017-07-11 17:50:42.953490972,-0.4399,0.3268,-0.3694,-107696.45316107759,-5297.51397011362,-59109.6659963824,122965.61426652418
2017-07-11 17:50:43.153995990,-0.6742,-0.3012,-0.0963,-107767.67088690016,-5299.878299250859,-59160.20253575686,123052.38381456034
2017-07-11 17:50:43.353837013,0.0819,-0.6301,0.2399,-107838.64949639066,-5302.259962592637,-59210.562136926004,123138.86045634451
2017-07-11 17:50:43.553484022,-0.9089,0.8764,-0.0961,-107909.59542466656,-5304.604381351633,-59260.876677336964,123225.28602898195
2017-07-11 17:50:43.753480017,-1.7731,0.9742,-0.6753,-107980.73628866074,-5306.9139317508325,-59311.30617924592,123311.9369145119
2017-07-11 17:50:43.953840017,0.2821,-0.7604,0.1815,-108051.9953087398,-5309.258211269821,-59361.82017978756,123398.7342236998
2017-07-11 17:50:44.153609991,-2.4564,-0.1218,-0.2195,-108123.14251328375,-5311.600448085355,-59412.1941850353,123485.3670041447
2017-07-11 17:50:44.353483974,0.0226,0.559,-0.3646,-108194.32585731804,-5313.921572540508,-59462.60898282444,123572.05095507197
2017-07-11 17:50:44.553556025,-3.3388,0.3044,-0.3105,-108265.71338975444,-5316.232812372836,-59513.086168833346,123658.94408592848
2017-07-11 17:50:44.753437995,0.3063,-0.7807,0.2586,-108337.02086201329,-5318.573047534794,-59563.50506655427,123745.74111593378
2017-07-11 17:50:44.953606009,-3.0675,-0.246,-1.3367,-108408.5532861071,-5320.926488263835,-59614.049674843474,123832.7969599126
2017-07-11 17:50:45.153506994,0.206,0.4872,-0.24,-108479.98205236386,-5323.257320736961,-59664.536445892576,123919.73403734858
2017-07-11 17:50:45.353933990,-2.8815,-0.0329,-0.4807,-108551.71452593707,-5325.595608089374,-59715.175375886836,124007.01135530346
2017-07-11 17:50:45.553454995,0.2911,-0.4864,0.0302,-108623.11115861317,-5327.942688589882,-59765.584200290425,124093.88504624768
2017-07-11 17:50:45.753446996,-1.9367,0.6114,-0.6674,-108694.75379438694,-5330.270855643816,-59816.13871532622,124181.0442081563
2017-07-11 17:50:45.953504025,0.0524,0.4327,-0.1033,-108766.41762778348,-5332.582461836275,-59866.71380267124,124268.23190511981
2017-07-11 17:50:46.153469979,-1.6244,-0.0744,-0.2501,-108838.11379044478,-5334.895990668013,-59917.27586654539,124355.44248628909
2017-07-11 17:50:46.353411018,-0.319,-0.6305,0.1999,-108909.81377251363,-5337.234436375054,-59967.82363929183,124442.65136771089
2017-07-11 17:50:46.553447008,-1.0047,0.5015,-0.9505,-108981.58800701052,-5339.55392537803,-60018.43345060752,124529.95508919453
2017-07-11 17:50:46.753380000,-0.6366,0.2465,-0.3482,-109053.35073208463,-5341.862366688159,-60069.03112173446,124617.24318626056
2017-07-11 17:50:46.953538000,-0.7569,-0.1548,-0.1087,-109125.22454400876,-5344.179607744745,-60119.69009121622,124704.65919172406
2017-07-11 17:50:47.153841018,-0.9803,-0.6669,-0.196,-109197.18976068628,-5346.525284577649,-60170.39362778915,124792.17865544718
2017-07-11 17:50:47.353439986,-0.3817,0.981,-0.3102,-109268.91723188711,-5348.823633740598,-60220.93130354528,124879.40884853748
2017-07-11 17:50:47.554181993,-2.5298,1.452,-0.3542,-109341.15740745707,-5351.076633051818,-60271.77266561512,124967.23292363758
2017-07-11 17:50:47.753661990,-0.1964,-0.3821,0.072,-109412.95124403678,-5353.330672999693,-60322.29153692744,125054.51173584469
2017-07-11 17:50:47.953580021,-2.7915,-0.3631,-1.1676,-109485.01429970966,-5355.604174644536,-60372.968007309544,125142.10369933343
2017-07-11 17:50:48.153383970,0.1801,0.373,-0.1901,-109557.02904315775,-5357.861488166062,-60423.62314857378,125229.64316363177
2017-07-11 17:50:48.353451013,-1.973,-0.3799,-0.6865,-109629.21758571344,-5360.136980219022,-60474.37246895349,125317.38164522962
2017-07-11 17:50:48.553368985,0.1589,-0.4254,0.3337,-109701.3459894212,-5362.42777883593,-60525.07063869603,125405.04423424552
2017-07-11 17:50:48.753836989,-1.7002,0.4926,-0.8439,-109773.74116582291,-5364.70508377713,-60575.942207889835,125493.0240473573
2017-07-11 17:50:48.953490018,-0.0738,0.1517,-0.5487,-109845.84497139385,-5366.967083685361,-60626.62883765367,125580.65980625947
2017-07-11 17:50:49.153378009,-1.044,-0.1307,-0.3313,-109918.07534568671,-5369.236967777764,-60677.38835522295,125668.44254197933
2017-07-11 17:50:49.353556990,-0.4642,-0.9386,0.3669,-109990.42947169971,-5371.547767515344,-60728.20706445725,125756.3645866532
2017-07-11 17:50:49.553829014,-1.5438,0.6131,-0.3344,-110062.87914793617,-5373.835050553912,-60779.06280658995,125844.38781738012
2017-07-11 17:50:49.753666996,-0.4561,0.2214,-0.7178,-110135.19002117674,-5376.108534792767,-60829.83699649209,125932.25040869546
2017-07-11 17:50:49.953388988,-0.571,-0.237,-0.1212,-110207.48170027343,-5378.390153118621,-60880.58655056069,126020.08539155804
2017-07-11 17:50:50.153219997,-1.0536,-0.6655,-0.1526,-110279.85491214148,-5380.699591885167,-60931.36989964507,126108.00991764346
2017-07-11 17:50:50.353488028,-0.256,0.857,-0.2019,-110352.39666864037,-5382.97970935443,-60982.27240743564,126196.1388832438
2017-07-11 17:50:50.553524017,-2.3397,0.9133,-0.8775,-110424.94799579377,-5385.220639800441,-61033.15104930133,126284.26373946962
2017-07-11 17:50:50.753372013,-0.0432,-0.3728,0.17,-110497.43286488259,-5387.4743535710095,-61083.97508596093,126372.30535976589
2017-07-11 17:50:50.953504979,-3.1335,-0.73,-0.8711,-110570.14659930672,-5389.7605198270585,-61134.906484675186,126460.60109118273
2017-07-11 17:50:51.153607010,-0.0611,0.855,-0.3932,-110642.85154070063,-5392.012097801775,-61185.845754860806,126548.8921810775
2017-07-11 17:50:51.353502988,-3.7153,-0.2024,-0.7582,-110715.63007238298,-5394.269444817893,-61236.762867319405,126637.23785536528
2017-07-11 17:50:51.553912997,0.1474,-0.6006,0.2999,-110788.58983331181,-5396.5567191863665,-61287.79886751363,126725.80144430732
2017-07-11 17:50:51.753664016,-1.7888,0.0072,-1.1557,-110861.38106125641,-5398.836185235242,-61338.71316364419,126814.1592076213
2017-07-11 17:50:51.953513026,0.1259,0.3595,-0.0312,-110934.20296968224,-5401.1024112161585,-61389.65368269882,126902.55661355605
2017-07-11 17:50:52.352398991,-2.2535,-0.0139,-0.6179,-111079.90944058416,-5405.627866354558,-61491.426046102984,127079.35540889889
2017-07-11 17:50:52.552541017,-0.6174,0.336,-0.5176,-111153.04275619531,-5407.885065641692,-61542.51131622766,127168.09676153757
2017-07-11 17:50:52.752444028,-0.4437,0.3324,-0.3941,-111226.10646482104,-5410.12628621315,-61593.551327660694,127256.75538418247
2017-07-11 17:50:52.952436983,-0.6594,-0.3371,-0.2814,-111299.22942174182,-5412.381998245416,-61644.62555915139,127345.48366195182
2017-07-11 17:50:53.152517974,-0.9593,-0.5489,-0.0232,-111372.42297014377,-5414.660677017966,-61695.723202041,127434.2866339774
2017-07-11 17:50:53.352540016,-0.565,0.9985,-0.2596,-111445.6175588278,-5416.898735629151,-61746.816176541295,127523.08721529662
2017-07-11 17:50:53.553149998,-0.4604,0.4731,-0.3017,-111519.04582243848,-5419.124333127195,-61798.071474232114,127612.17076603363
2017-07-11 17:50:53.752457022,-0.5362,-0.3184,0.1016,-111592.01847050802,-5421.348123307493,-61848.98983385753,127700.69359743081
2017-07-11 17:50:53.952537000,-1.4251,-0.6291,-0.4505,-111665.33117125009,-5423.605721937286,-61900.12369986325,127789.62007405124
2017-07-11 17:50:54.153177022,-0.0524,0.7168,-0.2172,-111738.85119105809,-5425.840784012182,-61951.40943840153,127878.80099967837
2017-07-11 17:50:54.352703988,-2.8992,1.5132,-0.4739,-111812.07877662958,-5428.0032049986185,-62002.429534342766,127967.59530172408
2017-07-11 17:50:54.552540004,0.0389,-0.5992,0.1841,-111885.41823194336,-5430.19290410042,-62053.521304067326,128056.5239031068
2017-07-11 17:50:54.752526998,-3.1973,-0.5392,-0.9408,-111958.94097127613,-5432.405822735558,-62104.68930121285,128145.65123184152
2017-07-11 17:50:54.952265977,-0.1142,0.6744,-0.1534,-112032.37708705284,-5434.5890913742305,-62155.79996207195,128234.67449677092
2017-07-11 17:50:55.153208017,-2.6355,0.7048,-0.4427,-112106.36193617269,-5436.757051996656,-62207.23634612813,128324.33505625356
2017-07-11 17:50:55.352724015,0.0687,-0.7683,0.276,-112179.81899617701,-5438.9402105100535,-62258.296710711205,128413.35354996183
2017-07-11 17:50:55.552744984,-2.1777,0.5659,-0.7698,-112253.54910079748,-5441.1062538071865,-62309.517106512794,128502.68808486918
2017-07-11 17:50:55.752547979,0.0652,0.4058,-0.1316,-112327.19625474824,-5443.253736608296,-62360.68693822858,128591.92550507042
2017-07-11 17:50:55.952632009,-1.3385,-0.1533,-0.3324,-112401.0005828756,-5445.410377127684,-62411.94205058328,128681.34261318653
2017-07-11 17:50:56.152397990,-0.2064,-0.7096,0.2675,-112474.6958300209,-5447.591907115513,-62463.105014008506,128770.62144617166
2017-07-11 17:50:56.353186011,-0.8963,0.5343,-0.609,-112548.80425086703,-5449.763057469814,-62514.55428903272,128860.40025406939
2017-07-11 17:50:56.552929997,-0.2867,0.3249,-0.2948,-112622.53876972909,-5451.90995577064,-62565.74780572536,128949.72803226298
2017-07-11 17:50:56.752524971,-0.9902,-0.2267,-0.259,-112696.25772927736,-5454.064283762667,-62616.91344937093,129039.02965119171
2017-07-11 17:50:56.952538013,-0.8307,-0.875,-0.3897,-112770.1643315504,-5456.258128735747,-62668.201853675535,129128.55702634215
2017-07-11 17:50:57.152404010,-0.4698,1.1507,-0.2902,-112844.03536621152,-5458.40439450257,-62719.46414437205,129218.03929336605
2017-07-11 17:50:57.352393984,-1.5234,0.2799,-0.9369,-112918.01315301127,-5460.540796721841,-62770.79570534153,129307.64862798339
2017-07-11 17:50:57.552438020,-0.5374,-0.2143,0.0922,-112992.03244321609,-5462.686352236128,-62822.13745281664,129397.30017265542
2017-07-11 17:50:57.753446996,-2.152,-0.7308,-1.1425,-113066.49572639413,-5464.871784821221,-62873.773016557476,129487.48438675002
2017-07-11 17:50:57.952850997,-0.3692,0.8764,-0.2051,-113140.37913062572,-5467.004920237199,-62925.00444647934,129576.96445437001
2017-07-11 17:50:58.152678012,-2.4028,0.8647,-0.7279,-113214.51521631308,-5469.108052675199,-62976.37362398877,129666.73140549527
2017-07-11 17:50:58.352755010,-0.185,-0.6124,0.1216,-113288.75145172156,-5471.23833099067,-63027.802196440214,129756.61641734514
2017-07-11 17:50:58.553222000,-2.4669,-0.423,-1.0828,-113363.23152645584,-5473.389760771984,-63079.37452845629,129846.7856687081
2017-07-11 17:50:58.752700984,-0.1871,0.6453,-0.3204,-113437.35196955023,-5475.50490949345,-63130.705434405405,129936.52275062303
2017-07-11 17:50:58.953104019,-2.2022,-0.0229,-0.8324,-113511.90420582931,-5477.6307759616,-63182.30755199848,130026.7696397417
2017-07-11 17:50:59.152402997,-0.0559,-0.5262,0.0911,-113586.0479405459,-5479.765831349756,-63233.62176558136,130116.52101832045
2017-07-11 17:50:59.352442026,-1.9088,0.1933,-0.6861,-113660.54337280187,-5481.901079757916,-63285.1539774279,130206.6859773168
2017-07-11 17:50:59.552408993,0.0511,0.5349,-0.2253,-113735.00992552073,-5484.014170031985,-63336.67663434916,130296.82076420561
2017-07-11 17:50:59.753534972,-0.845,-0.2938,-0.108,-113809.94226931958,-5486.151392511377,-63388.50228626046,130387.5110527947
2017-07-11 17:50:59.952432990,0.1496,-0.4497,0.1454,-113884.03863632376,-5488.282730358191,-63439.748090527886,130477.1901185708
2017-07-11 17:51:00.152549028,-1.3794,0.3478,-0.5567,-113958.64399780241,-5490.413192032947,-63491.33000984128,130567.47744080717
2017-07-11 17:51:00.353475987,-0.5903,0.2965,-0.4424,-114033.57551053056,-5492.5403166872775,-63543.13881260435,130658.16022355517
2017-07-11 17:51:00.552550017,-0.7538,-0.2965,-0.053,-114107.84588553692,-5494.659575637776,-63594.47194000959,130748.03492908893
2017-07-11 17:51:00.752566993,-0.4113,-0.7071,0.112,-114182.48450885266,-5496.817161599124,-63646.04373422684,130838.34931143676
2017-07-11 17:51:00.952557027,-0.3751,0.7394,-0.2788,-114257.12808095755,-5498.944883884206,-63697.61973268594,130928.66940343585
2017-07-11 17:51:01.153142988,-2.3694,0.9138,-0.5714,-114332.08940690962,-5501.042179826791,-63749.37240657678,131019.35206467105
2017-07-11 17:51:01.352459013,-0.4789,-0.502,-0.0631,-114406.5951680874,-5503.14614040664,-63800.79993427454,131109.47985424486
2017-07-11 17:51:01.552828013,-2.0249,-0.3269,-0.9704,-114481.57583403119,-5505.274340383157,-63852.538109981564,131200.1748249314
2017-07-11 17:51:01.752403020,0.0292,0.981,-0.1901,-114556.25821450503,-5507.355033629796,-63904.07883692253,131290.5120241764
2017-07-11 17:51:01.953387975,-3.0335,0.415,-0.8261,-114631.59074558923,-5509.433662553804,-63956.017056605306,131381.61048598518
2017-07-11 17:51:02.352688014,-0.0686,-0.3626,0.1658,-114781.2660329604,-5513.621121164083,-64059.177116818384,131562.5981154252
2017-07-11 17:51:02.552555978,-0.1467,0.3396,-0.1673,-114856.19123212351,-5515.703569982553,-64110.82013654215,131653.19938688198
2017-07-11 17:51:02.752914011,-1.698,-0.1542,-0.1766,-114931.36830855167,-5517.797314993252,-64162.59687239165,131744.08656897792
2017-07-11 17:51:02.952546000,-0.1125,-0.6726,0.2635,-115006.27744678788,-5519.910277912642,-64214.175481931634,131834.6448945347
2017-07-11 17:51:03.152685999,-1.2179,0.7284,-0.3148,-115081.42599296456,-5521.999440952949,-64265.89795486776,131925.48171731472
2017-07-11 17:51:03.352563023,-0.7112,0.3459,-0.1637,-115156.50421034193,-5524.072039936264,-64317.55900673966,132016.22714815912
2017-07-11 17:51:03.552963972,-0.6283,-0.0859,-0.0908,-115231.804458369,-5526.153521482612,-64369.359121036134,132107.23494618945
2017-07-11 17:51:03.752588987,-0.0418,-0.45,0.3026,-115306.81481651362,-5528.244876290275,-64420.946611411026,132197.88726319443
2017-07-11 17:51:03.953244984,-0.5085,0.9046,-0.3738,-115382.23304629434,-5530.310610339576,-64472.81558043473,132289.03199836696
2017-07-11 17:51:04.152741014,-1.4221,0.8646,-0.3309,-115457.27189048781,-5532.32999271438,-64524.397870871886,132379.7047441219
2017-07-11 17:51:04.352593004,-0.7094,-0.2111,0.0757,-115532.47296021895,-5534.361409772058,-64576.0691758718,132470.56342721835
2017-07-11 17:51:04.553049027,-2.6761,-0.4775,-0.4903,-115608.008850495,-5536.418153787855,-64627.91635385045,132561.80146856036
2017-07-11 17:51:04.752560019,-0.1101,0.8379,-0.2375,-115683.19301643636,-5538.431849173674,-64679.52855680325,132652.6169668595
2017-07-11 17:51:04.953545987,-2.3525,0.962,-0.658,-115759.02804569676,-5540.421571385347,-64731.54890665177,132744.19862701095
2017-07-11 17:51:05.152570009,0.0113,-0.4942,0.2769,-115834.12235561747,-5542.41144625048,-64783.05048613295,132834.88192799562
2017-07-11 17:51:05.352886021,-2.1812,-0.5667,-0.5992,-115909.79167382757,-5544.436978334058,-64834.91043853341,132926.24345421587
2017-07-11 17:51:05.553519010,0.1129,0.5428,-0.1363,-115985.57618538085,-5546.4438659366315,-64886.85793989619,133017.74789825996
2017-07-11 17:51:05.753636002,-2.1966,-0.0839,-0.649,-116061.25375772189,-5548.448952062255,-64938.69783070428,133109.10707211387
2017-07-11 17:51:05.953960001,0.0456,-0.5518,0.2804,-116137.00778329199,-5550.4782558799025,-64990.58009387627,133200.5551289632
2017-07-11 17:51:06.154244005,-1.7218,0.3382,-0.7573,-116212.8157521904,-5552.493588096527,-65042.48237676477,133292.05994293196
2017-07-11 17:51:06.353608012,-0.187,0.2756,-0.2033,-116288.28293255321,-5554.488708961201,-65094.15432884244,133383.1549334723
2017-07-11 17:51:06.552576005,-2.6026,-0.0207,-0.7898,-116363.70323832848,-5556.480686221474,-65145.75490725435,133474.1746233712
2017-07-11 17:51:06.752556025,0.2022,-0.5086,0.3063,-116439.4990741227,-5558.503135372314,-65197.60569631073,133565.6456214328
2017-07-11 17:51:06.952730000,-2.1456,0.0956,-0.6742,-116515.45439554467,-5560.523715384038,-65249.53378892789,133657.293840112
2017-07-11 17:51:07.153217017,0.111,0.2549,-0.2336,-116591.52403801931,-5562.537209562387,-65301.552478836595,133749.08617954014
2017-07-11 17:51:07.352692008,-1.4383,-0.4203,-0.1462,-116667.2669236038,-5564.557263799474,-65353.314404159006,133840.46911369663
2017-07-11 17:51:07.552708983,-0.6333,-0.6503,-0.0309,-116743.2409428765,-5566.608823045468,-65405.21820555387,133932.12463091683
2017-07-11 17:51:07.752611994,-0.9297,0.7627,-0.2351,-116819.20882624805,-5568.628734953414,-65457.10182851603,134023.76414862782
2017-07-11 17:51:07.952574014,-0.9364,0.2176,-0.4797,-116895.23657621413,-5570.640542420884,-65509.01994762196,134115.47287602525
2017-07-11 17:51:08.153684973,-0.3108,-0.2775,0.1618,-116971.71373586908,-5572.675132962735,-65561.22983303531,134207.71728802976
2017-07-11 17:51:08.352917015,-1.4653,-0.7578,-0.4661,-117047.53455600933,-5574.720794622863,-65612.97043886081,134299.16138006604
2017-07-11 17:51:08.552585005,-0.3684,0.8446,-0.3109,-117123.53596998665,-5576.737260554356,-65664.83665522482,134390.82353175522
2017-07-11 17:51:08.752918004,-2.1625,0.4767,-0.6265,-117199.87730057513,-5578.74131092558,-65716.90075937536,134482.8786102591
2017-07-11 17:51:08.953402996,-0.0392,-0.4487,0.2804,-117276.27812707979,-5580.764916925265,-65768.99309419098,134575.00065399182
2017-07-11 17:51:09.152769982,-2.2478,-0.218,-0.6769,-117352.34224757104,-5582.78590316007,-65820.82184060317,134666.70084770027
2017-07-11 17:51:09.352554023,-0.241,0.3968,-0.2131,-117428.57510548428,-5584.7952793463965,-65872.7675129641,134758.60525188583
2017-07-11 17:51:09.552672982,-2.6367,-0.1949,-0.623,-117505.04135367436,-5586.815829328102,-65924.82521671234,134850.76875751812
2017-07-11 17:51:09.752552986,0.3196,-0.3802,0.3251,-117581.40352754659,-5588.849156398728,-65976.8077717898,134942.8058629152
2017-07-11 17:51:09.953521013,-2.4948,-0.2279,-0.8531,-117658.28213017038,-5590.902756102036,-66029.10774284467,135035.44948185698
2017-07-11 17:51:10.153276979,0.3832,0.5198,-0.1921,-117734.68177859136,-5592.923229020846,-66081.09995209292,135127.5244153847
2017-07-11 17:51:10.352715015,-1.9576,-0.1109,-0.4215,-117811.03769452006,-5594.944897277395,-66133.02617634217,135219.52951517008
2017-07-11 17:51:10.552670001,-0.2618,-0.4821,0.1441,-117887.60199480044,-5596.9910810855545,-66185.08123368018,135311.78068134005
2017-07-11 17:51:10.753054022,-1.2142,0.5615,-0.7702,-117964.37933056874,-5599.019108970291,-66237.27890978717,135404.28694543563
2017-07-11 17:51:10.952913999,-0.3858,0.3056,-0.3231,-118040.97128875952,-5601.029626269877,-66289.35298451736,135496.5710074393
2017-07-11 17:51:11.152695000,-1.1287,-0.1415,-0.3221,-118117.57803030877,-5603.044996711614,-66341.41933762998,135588.86485516618
2017-07-11 17:51:11.352685987,-0.2441,-0.7101,-0.0691,-118194.27505486303,-5605.090886910791,-66393.54318044426,135681.26722450918
2017-07-11 17:51:11.553342998,-0.9858,0.8411,-0.1233,-118271.2671927214,-5607.109725069029,-66445.84557418965,135774.01340797922
2017-07-11 17:51:11.752691984,-1.1937,0.4757,-0.3969,-118347.80487876841,-5609.096498678744,-66497.82279657573,135866.20374412218
2017-07-11 17:51:11.952589988,-0.9326,-0.1369,-0.0306,-118424.59061974598,-5611.094214387662,-66549.94438982422,135958.68173833497
2017-07-11 17:51:12.354061007,-1.5417,-0.6588,-0.4288,-118579.05400426484,-5615.212570032681,-66654.69343380825,136144.66870762134
2017-07-11 17:51:12.554575979,-1.7691,1.0884,-0.4582,-118656.27197502785,-5617.225725058448,-66707.02883718534,136237.62989770158
2017-07-11 17:51:12.753856003,-0.5191,-0.3304,0.0254,-118733.03498421387,-5619.239602319723,-66759.04090430391,136330.0370158145
2017-07-11 17:51:12.954249024,-1.6371,-0.4565,-0.5069,-118810.29246338397,-5621.283059104221,-66811.36381929979,136423.02867866645
2017-07-11 17:51:13.153994977,-0.631,0.5957,-0.2046,-118887.32565448362,-5623.296150073493,-66863.52594710316,136515.74547628418
2017-07-11 17:51:13.353918015,-0.4154,0.1952,-0.4703,-118964.4437426602,-5625.303223758871,-66915.75311682449,136608.56827648697
2017-07-11 17:51:13.553844988,-0.2934,-0.3309,0.0498,-119041.57507615037,-5627.323563284537,-66967.97932396538,136701.40314507272
2017-07-11 17:51:13.754028975,-1.354,-0.675,-0.4185,-119118.85982470156,-5629.373549735595,-67020.28944076662,136794.41439336436
2017-07-11 17:51:13.953849971,-0.4353,0.602,-0.291,-119196.02181467687,-5631.395782057962,-67072.5163234919,136887.27727902326
2017-07-11 17:51:14.153829991,-3.0031,0.3831,-0.5747,-119273.36531265547,-5633.404302799683,-67124.80775346387,136980.329730164
2017-07-11 17:51:14.354062020,0.1544,-0.4075,0.1941,-119350.80008632042,-5635.431692463443,-67177.15729754856,137073.49136206033
2017-07-11 17:51:14.554350972,-1.8952,-0.6032,-0.8946,-119428.33290075153,-5637.483856252756,-67229.5576113065,137166.7647073963
2017-07-11 17:51:14.753902018,-0.4434,0.6757,-0.2245,-119505.59772469198,-5639.501552652544,-67281.77381118016,137259.71350865148
2017-07-11 17:51:14.953845977,-2.0094,0.5382,-0.8391,-119583.09501286829,-5641.501705928929,-67334.12636915689,137352.93126923894
2017-07-11 17:51:15.154012024,-0.108,-0.5498,0.1652,-119660.6827084296,-5643.526109410258,-67386.53045882526,137446.25444323043
2017-07-11 17:51:15.353865027,-3.2554,-0.2908,-0.9178,-119738.27908757637,-5645.558961790893,-67438.88925066133,137539.56375606384
2017-07-11 17:51:15.552666008,-0.2574,0.7359,-0.2479,-119815.47717393613,-5647.552029164665,-67490.98222438124,137632.3947911678
2017-07-11 17:51:15.753868997,-1.1574,0.6647,-0.5885,-119893.65485890061,-5649.542268913671,-67543.72843421975,137726.39926342753
2017-07-11 17:51:15.953864991,-0.5178,-0.266,-0.0729,-119971.38427554688,-5651.531209003145,-67596.1611411255,137819.86014727442
2017-07-11 17:51:16.153847992,-1.2209,-0.4268,-0.368,-120049.15747009918,-5653.537088976592,-67648.60515917007,137913.3658166546
2017-07-11 17:51:16.353958010,-0.4386,0.5695,-0.2804,-120126.99762474607,-5655.5214378936125,-67701.09371479797,138006.951170041
2017-07-11 17:51:16.554315984,-3.8205,0.1842,0.0742,-120205.08759854829,-5657.500851215042,-67753.64433027618,138100.78464834922
2017-07-11 17:51:16.753930985,0.4675,-0.684,0.2746,-120282.86936886782,-5659.500179186714,-67805.98913435114,138194.25012776066
2017-07-11 17:51:16.953844010,-3.4578,-0.4893,-0.9537,-120360.90545863351,-5661.522047124019,-67858.45020373283,138287.99535304817
2017-07-11 17:51:17.153891980,0.116,0.6207,-0.2173,-120438.9895819812,-5663.5204399482645,-67910.95538147949,138381.80348632397
2017-07-11 17:51:17.353843986,-3.7276,0.285,-0.3507,-120517.18528043656,-5665.506479604254,-67963.44939350107,138475.70315781934
2017-07-11 17:51:17.553851008,0.2416,-0.4998,0.2052,-120595.39282944906,-5667.513059115027,-68015.94964046511,138569.61745439965
2017-07-11 17:51:17.753845989,-2.5426,-0.1672,-0.9576,-120673.69736903692,-5669.526205488255,-68068.48502884031,138663.63408706005
2017-07-11 17:51:17.953845977,-0.0567,0.5283,-0.1545,-120752.00613702784,-5671.518270264403,-68121.02791247121,138757.65762457377
2017-07-11 17:51:18.153943002,-2.8412,1.4491,-0.8017,-120830.46665755437,-5673.453281307346,-68173.62838824416,138851.839571667
2017-07-11 17:51:18.353839993,0.5307,-0.5381,0.3289,-120908.82753613437,-5675.407859782772,-68226.16313765741,138945.90374323315
2017-07-11 17:51:18.554848015,-3.7745,-0.4568,-0.5825,-120987.77645160587,-5677.391758489761,-68279.01341159503,139040.63614765252
2017-07-11 17:51:18.754067003,-0.1324,0.7161,-0.1855,-121066.0279518593,-5679.32957915664,-68331.4006637964,139134.53282771082
2017-07-11 17:51:18.954128026,-3.6362,0.9889,-0.5394,-121144.75573296858,-5681.236010230289,-68384.03092934033,139228.96239773367
2017-07-11 17:51:19.153863012,0.4504,-0.745,0.3193,-121223.33724409009,-5683.169055494708,-68436.56268580996,139323.21778998835
2017-07-11 17:51:19.353987991,-2.5351,-0.2251,-0.8266,-121302.17372049269,-5685.114890387668,-68489.23011861581,139417.7625802186
2017-07-11 17:51:19.553981006,0.1892,0.6357,-0.1562,-121380.95064402546,-5687.034015957766,-68541.86906966193,139512.24086333317
2017-07-11 17:51:19.753973007,-3.7686,-0.0929,-0.2997,-121459.87790008751,-5688.956847500321,-68594.51974086034,139606.85623563107
2017-07-11 17:51:19.953846991,0.5492,-0.6318,0.2481,-121538.73664017134,-5690.903784526712,-68647.12943094669,139701.39322527466
2017-07-11 17:51:20.153950989,-2.6065,-0.0667,-0.8427,-121617.7904989628,-5692.855632854068,-68699.833407071,139796.14687560394
2017-07-11 17:51:20.353905975,0.3186,0.3686,-0.1504,-121696.7727502336,-5694.791290329225,-68752.50414927128,139890.82161620888
2017-07-11 17:51:20.553910970,-2.8689,-0.3641,-0.2153,-121775.88951679949,-5696.741996642296,-68805.19667692232,139985.62507176952
2017-07-11 17:51:20.754311025,0.4175,-0.5195,0.1805,-121855.1457919354,-5698.717419303886,-68857.98603661095,140080.59886085946
2017-07-11 17:51:20.953945994,-1.8394,0.0197,-0.7036,-121934.17279065997,-5700.684515083769,-68910.60189879192,140175.2879509681
2017-07-11 17:51:21.153842985,0.0613,0.4626,-0.3148,-122013.3010632822,-5702.63570774361,-68963.29939861521,140270.10499146784
2017-07-11 17:51:21.354129016,-2.8485,-0.2886,-0.4615,-122092.69760167383,-5704.602274862283,-69016.11797127726,140365.2158997855
2017-07-11 17:51:21.553848028,0.3124,-0.7372,0.2392,-122171.85690388753,-5706.592679739119,-69068.77747098777,140460.0435735845
2017-07-11 17:51:21.753886997,-2.4053,-0.0779,-1.1277,-122251.23927163094,-5708.589390530146,-69121.56645867998,140555.12956125417
2017-07-11 17:51:21.954039990,0.1805,0.4496,-0.2026,-122330.65965698306,-5710.569227939383,-69174.39365297023,140650.2670821346
2017-07-11 17:51:22.352123022,-3.9522,0.2066,-0.4518,-122489.24466864998,-5714.474174218202,-69279.53292504293,140840.06516931293
2017-07-11 17:51:22.552619993,-1.8789,-0.4032,-1.1595,-122569.19251652437,-5716.45713271453,-69332.53357779357,140935.74794429855
2017-07-11 17:51:22.752059996,0.1225,0.7409,0.0503,-122648.71402749354,-5718.4001672966315,-69385.25282410851,141030.92023572949
2017-07-11 17:51:22.952400982,-3.4279,0.3431,-0.974,-122728.7323659317,-5720.338208825217,-69438.24932596,141126.6611481545
2017-07-11 17:51:23.152020990,0.3642,-0.5374,0.3127,-122808.44822532893,-5722.290690212889,-69491.0426459028,141222.03997348034
2017-07-11 17:51:23.351840019,-3.0721,-0.7261,-1.456,-122888.36622309509,-5724.27410968562,-69543.94673539662,141317.65068313314
2017-07-11 17:51:23.552028000,0.0846,0.9907,-0.1164,-122968.4283935457,-5726.22148887694,-69596.9531733847,141413.43601347276
2017-07-11 17:51:23.752985000,-4.1633,0.6061,-0.5836,-123048.96625109689,-5728.15187232481,-69650.18680271237,141509.74645228055
2017-07-11 17:51:23.952030003,0.5424,-0.6905,0.1409,-123128.71634526094,-5730.091246079407,-69702.90836058787,141605.1205587024
2017-07-11 17:51:24.152164995,-3.7354,-0.3562,-0.7874,-123209.0527761461,-5732.055507265708,-69755.9501651627,141701.16347362217
2017-07-11 17:51:24.352033019,0.333,0.5176,-0.1036,-123289.26874065463,-5733.996471561437,-69808.92535370436,141797.06823901652
2017-07-11 17:51:24.552237987,-3.8934,0.0845,-0.8034,-123369.77599121146,-5735.937321066285,-69862.02205144,141893.28641690128
2017-07-11 17:51:24.753148019,0.0772,-0.7133,0.1482,-123450.56364885712,-5737.913797922871,-69915.2997583206,141989.83928531205
2017-07-11 17:51:24.951829016,-2.7741,0.0241,-0.9521,-123530.56449750134,-5739.867395050008,-69968.02394876027,142085.43492588672
2017-07-11 17:51:25.152029991,0.0691,0.524,-0.0706,-123611.174610611,-5741.814935721943,-70021.15432707939,142181.76036562392
2017-07-11 17:51:25.351830005,-3.0596,-0.2477,-0.7944,-123691.7454177667,-5743.768464069429,-70074.2100087625,142278.0154100225
2017-07-11 17:51:25.551899015,0.422,-0.8669,0.2268,-123772.4078078627,-5745.75932243741,-70127.32804243994,142374.3826083865
2017-07-11 17:51:25.751842975,-3.9471,-0.4816,-0.6817,-123853.17757672982,-5747.768189656529,-70180.44012824385,142470.84126799076
2017-07-11 17:51:25.951846003,0.1956,0.6433,-0.1927,-123933.96338258949,-5749.75191756161,-70233.57561280105,142567.3246932465
2017-07-11 17:51:26.151853024,-2.6947,-0.4441,-0.5699,-124014.85859688127,-5751.7534503184515,-70286.73495579268,142663.91600998325
2017-07-11 17:51:26.352216005,0.584,-0.7223,0.3317,-124095.87433855199,-5753.787542245879,-70339.97559225767,142760.653771445
2017-07-11 17:51:26.553283989,-3.3264,-0.4591,-0.9969,-124177.3096253735,-5755.847352036424,-70393.44386577766,142857.86973009296
2017-07-11 17:51:26.752671003,0.1965,0.4736,-0.2261,-124258.0562844337,-5757.871113336517,-70446.4741221009,142954.27012712535
2017-07-11 17:51:26.953980028,-3.746,0.2645,-0.3644,-124339.73311682622,-5759.903663937349,-70500.0303362949,143051.7388891163
2017-07-11 17:51:27.152121007,0.5854,-0.769,0.2241,-124420.10159958039,-5761.934418648979,-70552.7349260101,143147.65096163668
2017-07-11 17:51:27.353457987,-2.7917,-0.172,-1.1858,-124501.879586661,-5764.004901592635,-70606.33770557778,143245.23272106168
2017-07-11 17:51:27.551764011,0.1103,0.481,-0.2252,-124582.42213852487,-5766.025299727498,-70659.14239720648,143341.34559842604
2017-07-11 17:51:27.752887010,-3.0044,-0.3851,-0.713,-124664.23034210717,-5768.089975476725,-70712.72603075797,143438.94454246442
2017-07-11 17:51:27.951846003,0.3971,-0.6803,0.2966,-124745.14260185331,-5770.159365568583,-70765.72138423561,143535.47528361075
2017-07-11 17:51:28.151844024,-1.6752,0.0461,-0.9726,-124826.54441817751,-5772.237718719103,-70819.03239976337,143632.58777068448
2017-07-11 17:51:28.351853013,-0.1109,0.5444,-0.4155,-124907.95513502025,-5774.294407890149,-70872.36296039014,143729.717050826
2017-07-11 17:51:28.551810979,-2.4041,-0.2898,-0.8674,-124989.44120728406,-5776.3621595204495,-70925.71459761982,143826.92294660996
2017-07-11 17:51:28.752337992,-0.0394,-0.7214,0.1687,-125071.16075962689,-5778.464803902035,-70979.21128109544,143924.40496085698
2017-07-11 17:51:28.952055990,-2.0505,0.3568,-0.8741,-125152.63240787892,-5780.544733501608,-71032.52700066891,144021.58167489496
2017-07-11 17:51:29.151997029,-0.2666,0.6046,-0.1798,-125234.20569972476,-5782.602816181301,-71085.90944991427,144118.87903703697
2017-07-11 17:51:29.352158010,-1.4022,-0.3686,-0.1356,-125315.9249033166,-5784.677930567115,-71139.35605441971,144216.3358048303
2017-07-11 17:51:29.552321970,-0.2338,-0.6088,0.2182,-125397.65469047685,-5786.777467780806,-71192.79471205577,144313.79911237388
2017-07-11 17:51:29.751838982,-1.2506,0.4498,-0.2068,-125479.17010226398,-5788.852313894838,-71246.06888321858,144410.99429052245
2017-07-11 17:51:29.951864004,0.0406,0.506,-0.0528,-125560.89144409799,-5790.9121979150295,-71299.48081354685,144508.4360464878
2017-07-11 17:51:30.152028977,-1.2473,-0.2256,-0.1708,-125642.71993803831,-5792.982562062355,-71352.93695774059,144605.9934196643
2017-07-11 17:51:30.351854026,0.0302,-0.5,0.3103,-125724.40826337173,-5795.069375302642,-71406.2899313894,144703.3790345104
2017-07-11 17:51:30.551838994,-1.444,0.4489,-0.4305,-125806.21971478639,-5797.139905308305,-71459.70282057117,144800.90081629733
2017-07-11 17:51:30.751866996,0.2429,0.4074,-0.1988,-125888.03905217336,-5799.194580299872,-71513.13515769504,144898.4386881531
2017-07-11 17:51:30.953152000,-1.3005,-0.1805,-0.0659,-125970.4252435325,-5801.269480211856,-71566.90594056161,144996.6371662586
2017-07-11 17:51:31.151840984,0.1791,-0.6143,0.1353,-126051.7418104337,-5803.341870565044,-71619.97788772469,145093.56161783703
2017-07-11 17:51:31.351858973,-1.0231,0.7626,-0.2349,-126133.64322473013,-5805.397613382531,-71673.41422399088,145191.17363365018
2017-07-11 17:51:31.551926970,-0.0913,0.4856,-0.1074,-126215.56877029806,-5807.434432961741,-71726.86821919859,145288.8148455939
2017-07-11 17:51:31.751851975,-2.1174,-0.625,-0.2541,-126297.52039477944,-5809.494778046122,-71780.29416630576,145386.46607592903
2017-07-11 17:51:31.951856970,-0.517,-0.561,0.1023,-126379.52548914099,-5811.57838859552,-71833.73739693144,145484.17348508575
2017-07-11 17:51:32.353694975,-1.0659,0.6249,-0.3114,-126544.45730676234,-5815.663748608852,-71941.1626040554,145680.65244473275
2017-07-11 17:51:32.553719997,-0.4191,-0.3664,0.1016,-126626.5730552372,-5817.711999465732,-71994.63215067038,145778.46835226522
2017-07-11 17:51:32.753705978,-0.4124,-0.6793,0.2073,-126708.68927000006,-5819.787018734711,-72048.08297023061,145876.2767455699
2017-07-11 17:51:32.954141974,-1.0157,0.6523,-0.2449,-126791.03107068659,-5821.84050139589,-72101.66390533118,145974.34474834558
2017-07-11 17:51:33.153855979,-0.8841,0.5122,-0.2712,-126873.11153070099,-5823.866157754826,-72155.06265340952,146072.09491556758
2017-07-11 17:51:33.353869020,-0.6667,-0.2303,-0.1271,-126955.34156300056,-5825.904060373211,-72208.5464412248,146170.01774869335
2017-07-11 17:51:33.553767025,-0.5045,-0.5586,0.0486,-127037.54446073662,-5827.963112123241,-72261.99752622304,146267.90195777666
2017-07-11 17:51:33.754022002,-0.8475,0.7717,-0.3115,-127119.92814049109,-5829.994894111082,-72315.55655439306,146365.99567755006
2017-07-11 17:51:33.954522013,-3.8536,2.2389,-0.8167,-127202.56754144345,-5831.939157858158,-72369.21394947534,146464.35686248506
2017-07-11 17:51:34.153747022,0.2998,-0.9568,0.2691,-127284.6695299571,-5833.909033784669,-72422.51945043802,146562.07870903693
2017-07-11 17:51:34.354188978,-3.6576,-0.1538,-0.3692,-127367.41998196469,-5835.897121729907,-72476.16539631848,146660.5329276834
2017-07-11 17:51:34.553731024,-0.2124,0.7474,-0.1719,-127449.80737228759,-5837.846524651216,-72529.57733635667,146758.55491203617
2017-07-11 17:51:34.754767000,-3.1174,2.4066,-0.6562,-127532.93757111681,-5839.713258493926,-72583.41568116272,146857.42966702185
2017-07-11 17:51:34.953724980,0.3392,-0.9806,0.2243,-127615.19507277223,-5841.599513299912,-72636.68865047581,146955.26814796962
2017-07-11 17:51:35.154453992,-4.2466,-0.159,-0.7114,-127698.35589728225,-5843.508965124212,-72690.46449497018,147054.1407930731
2017-07-11 17:51:35.353717029,-0.5418,0.6408,-0.5814,-127780.93088973101,-5845.379028286785,-72743.87068573001,147152.32066594381
2017-07-11 17:51:35.553798973,-4.0318,0.524,-0.7175,-127864.0066430228,-5847.235799628571,-72797.52508228143,147251.05778706254
2017-07-11 17:51:35.753529012,0.2386,-0.8508,0.0826,-127946.92676406329,-5849.123245461662,-72851.08181615853,147349.61293771287
2017-07-11 17:51:35.953863978,-3.7489,0.2262,-0.273,-128030.24848591919,-5851.007329512605,-72904.8117151662,147448.60252087863
2017-07-11 17:51:36.153716027,0.1058,0.6773,-0.2013,-128113.36513104555,-5852.859819957052,-72958.4201357785,147547.35294806692
2017-07-11 17:51:36.353717982,-4.2235,0.0046,-0.3388,-128196.71306401341,-5854.713515922973,-73012.08231952145,147646.33105974252
2017-07-11 17:51:36.553713023,0.4029,-0.983,0.2412,-128280.04200047058,-5856.606465857396,-73065.73300065927,147745.28877044455
2017-07-11 17:51:36.754013001,-3.4585,0.0771,-0.658,-128363.63674575831,-5858.499208757495,-73119.49188322757,147844.53099400527
2017-07-11 17:51:36.953719973,0.0979,0.3528,-0.3247,-128446.98009679234,-5860.372277344765,-73173.10455778516,147943.48207960837
2017-07-11 17:51:37.153720974,-1.8076,0.0335,-0.2218,-128530.51845914328,-5862.246763641491,-73226.80503848645,148042.64618223527
2017-07-11 17:51:37.353931009,0.2495,-0.4398,0.0843,-128614.1341318749,-5864.140838054013,-73280.55826595213,148141.90449035697
2017-07-11 17:51:37.553802013,-2.1993,0.4232,-0.1149,-128697.6960703343,-5866.014798914537,-73334.22505903039,148241.07281196312
2017-07-11 17:51:37.753943979,0.1557,0.6074,-0.1875,-128781.36505556444,-5867.866969770244,-73387.97211799347,148340.37312862897
2017-07-11 17:51:37.953715026,-1.6986,-0.3058,-0.1914,-128864.9467673098,-5869.727912046198,-73441.6272071161,148439.5527409459
2017-07-11 17:51:38.153737008,0.0023,-0.4655,0.2352,-128948.63337510577,-5871.609815969125,-73495.34028302305,148538.85314777333
2017-07-11 17:51:38.353763997,-1.758,0.2475,-0.7392,-129032.39241674567,-5873.481864328247,-73549.08427946972,148638.23155685142
2017-07-11 17:51:38.553878009,0.3105,0.635,-0.1677,-129116.17546411927,-5875.329298166484,-73602.85837323028,148737.64493749698
2017-07-11 17:51:38.753711998,-1.9674,-0.2461,-0.1187,-129199.919837835,-5877.18397452324,-73656.56196009193,148836.99035305117
2017-07-11 17:51:38.953806996,0.1481,-0.5428,0.1859,-129283.76766289012,-5879.06280595773,-73710.3282477086,148936.45776294498
2017-07-11 17:51:39.154036998,-1.4421,0.5677,-0.4117,-129367.72987678359,-5880.920144780011,-73764.14731731247,149036.04994990941
2017-07-11 17:51:39.353842020,0.2594,0.6715,-0.2577,-129451.50352852892,-5882.746733822074,-73817.86244605103,149135.4260095003
2017-07-11 17:51:39.553888022,-1.6667,-0.3558,-0.1379,-129535.4449163197,-5884.589764416719,-73871.64787784374,149234.98332010664
2017-07-11 17:51:39.753717005,0.167,-0.6263,0.3534,-129619.28857209484,-5886.455804783102,-73925.3608489188,149334.42104391244
2017-07-11 17:51:39.953866004,-1.5486,0.6115,-0.3718,-129703.32853557047,-5888.300337059934,-73979.17473276523,149434.07847009515
2017-07-11 17:51:40.153721988,0.0334,0.4508,-0.2547,-129787.2441317791,-5890.124162930014,-74032.9200072614,149533.5933721193
2017-07-11 17:51:40.353734016,-0.7808,-0.5715,0.0284,-129871.25648355039,-5891.9722755606,-74086.70610897598,149633.21362581867
2017-07-11 17:51:40.553743004,-0.7706,-0.6498,-0.2816,-129955.29838518125,-5893.846354437776,-74140.50265820342,149732.86592342472
2017-07-11 17:51:40.753911018,-0.4689,0.6862,-0.2502,-130039.42589557235,-5895.694429248474,-74194.3520055807,149832.61784264847
2017-07-11 17:51:40.953746020,-1.0757,0.9426,-0.4647,-130123.45640322095,-5897.5017876717675,-74248.13032316594,149932.24899981447
2017-07-11 17:51:41.153904020,-0.7692,-0.6087,-0.0957,-130207.65354798228,-5899.3364538559,-74301.99939795765,150032.07099684144
2017-07-11 17:51:41.353842020,-0.7772,-0.662,-0.5601,-130291.78921772235,-5901.195567085241,-74355.83165365404,150131.8225679783
2017-07-11 17:51:41.553788006,-0.0846,0.7,-0.2007,-130375.93163021392,-5903.026769693871,-74409.6740832033,150231.58413149504
2017-07-11 17:51:41.753778994,-1.5505,0.9859,-1.0682,-130460.1549951152,-5904.818952006602,-74463.57135525988,150331.4417784428
2017-07-11 17:51:41.953903019,-0.3034,-0.6144,-0.1122,-130544.44653771636,-5906.636932995679,-74517.50897415688,150431.37978962524
2017-07-11 17:51:42.354337990,-0.3604,-0.6916,-0.1048,-130713.16614287213,-5910.385489806563,-74625.45139556564,150631.41257959488
2017-07-11 17:51:42.554336011,-3.6545,0.3754,-0.9494,-130797.57965320138,-5912.242698055374,-74679.40142202629,150731.464709955
2017-07-11 17:51:42.754446983,0.3581,-0.6378,0.1929,-130882.02649705435,-5914.126495501239,-74733.37419277064,150831.55827086422
2017-07-11 17:51:42.954337000,-1.099,-0.569,-0.6358,-130966.424009547,-5916.030947903652,-74787.31277285072,150931.5930870976
2017-07-11 17:51:43.154349029,-0.2781,0.7553,-0.1237,-131050.88416325362,-5917.906347141246,-74841.28922540152,151031.70007791164
2017-07-11 17:51:43.354502022,-2.1745,1.5652,-0.8591,-131135.4909557098,-5919.720364295741,-74895.33813594222,151131.96800109374
2017-07-11 17:51:43.554844975,0.1459,-0.6053,0.1001,-131220.17219024032,-5921.560398193711,-74949.43432515458,151232.32515850055
2017-07-11 17:51:43.754446029,-3.8989,-0.0638,-0.4012,-131304.6951723229,-5923.396160008448,-75003.3461723766,151332.45366879637
2017-07-11 17:51:43.954509019,0.2145,0.4933,-0.1527,-131389.40518023295,-5925.2164258889925,-75057.3888994404,151432.80890121165
2017-07-11 17:51:44.154323995,-4.3082,0.3605,-0.3356,-131474.18218417672,-5927.020041891246,-75111.3780300138,151533.19523174688
2017-07-11 17:51:44.353874981,0.5503,-0.6967,0.3833,-131558.8252698221,-5928.849018015344,-75165.28056841202,151633.42362415386
2017-07-11 17:51:44.554328978,-2.3994,-0.4341,-1.2852,-131643.94779580215,-5930.70371357009,-75219.47866901013,151734.2156833445
2017-07-11 17:51:44.754320979,0.0505,0.6429,-0.1751,-131728.87211595048,-5932.528420575473,-75273.55886007016,151834.77633882765
2017-07-11 17:51:44.954326987,-3.8575,0.0819,0.0011,-131813.95669328194,-5934.349979182498,-75327.64279478522,151935.47794321307
2017-07-11 17:51:45.154398977,0.4761,-0.871,0.151,-131899.05028231087,-5936.2070038077,-75381.73852744621,152036.19477738813
2017-07-11 17:51:45.354574024,-1.7922,0.4335,-0.3213,-131984.2595165552,-5938.047614619092,-75435.8749993038,152137.03167380867
2017-07-11 17:51:45.554561972,0.1992,0.3625,-0.2938,-132069.38114065366,-5939.8720068014945,-75489.97262163334,152237.77284480806
2017-07-11 17:51:45.754828989,-2.9656,-0.391,-0.2885,-132154.74048690012,-5941.714626583153,-75544.15730419302,152338.7643007003
2017-07-11 17:51:45.954501986,-0.0512,-0.6401,0.2363,-132239.84868668794,-5943.577301239262,-75598.1718462841,152439.45446738595
2017-07-11 17:51:46.154380977,-1.6283,0.5739,-0.3003,-132325.1097421349,-5945.41896930672,-75652.25411031222,152540.31017065584
2017-07-11 17:51:46.353721976,0.1285,0.3955,-0.0278,-132410.13620371962,-5947.239964443727,-75706.19191182267,152640.89008673915
2017-07-11 17:51:46.554329991,-2.5247,-0.1455,-0.4077,-132495.80469841618,-5949.0783893082025,-75760.4889505528,152742.2059628242
2017-07-11 17:51:46.753854990,0.3703,-0.5404,0.3731,-132580.9959556558,-5950.928402573556,-75814.47800442166,152842.95571772064
2017-07-11 17:51:46.954326987,-1.8455,0.6939,-0.0479,-132666.6657217955,-5952.759309325229,-75868.72522956088,152944.24802878985
2017-07-11 17:51:47.154404997,0.1189,0.4719,-0.0704,-132752.16236169604,-5954.567727073447,-75922.86866099233,153045.33796962487
2017-07-11 17:51:47.354399979,-1.9667,-0.0897,0.2029,-132837.70218641267,-5956.378982187792,-75976.98150849069,153146.45047106725
2017-07-11 17:51:47.554440021,0.34,-0.6222,0.1502,-132923.2476782891,-5958.215543354803,-76031.10053751351,153247.57210067098
2017-07-11 17:51:47.754350006,-1.3857,0.399,-0.349,-133008.7929304683,-5960.034964835858,-76085.19832822483,153348.68247965994
2017-07-11 17:51:47.954448997,-0.3191,0.3288,-0.5261,-133094.43183851725,-5961.842941476488,-76139.36833082813,153449.90963664354
2017-07-11 17:51:48.154331028,-0.6041,-0.3067,-0.1088,-133180.00202694023,-5963.661211326161,-76193.48394575107,153551.05076400717
2017-07-11 17:51:48.354489028,-0.9171,-0.6675,-0.1373,-133265.72710062968,-5965.508733789811,-76247.67977658588,153652.36732776105
2017-07-11 17:51:48.553775012,-0.8291,0.7251,-0.2581,-133351.11162881003,-5967.319409989949,-76301.64974620735,153753.275176736
2017-07-11 17:51:48.754519999,-1.3288,1.0523,-0.2773,-133437.17481882105,-5969.10093626199,-76356.02601297303,153854.97228919744
2017-07-11 17:51:48.954064011,-0.8672,-0.4119,-0.0991,-133522.75765803867,-5970.8882053494035,-76410.0809147611,153956.09368897497
2017-07-11 17:51:49.154389977,-1.5196,-0.3435,-0.1655,-133608.73685340246,-5972.6962630403,-76464.35428332778,154057.6682290711
2017-07-11 17:51:49.354351997,-0.065,0.6858,-0.2279,-133694.5624434442,-5974.473614325763,-76518.53816226032,154159.06410069298
2017-07-11 17:51:49.554387986,-3.0855,1.5216,-0.4588,-133780.5432461019,-5976.19073717425,-76572.7604432411,154260.61146270367
2017-07-11 17:51:49.754733979,-0.0694,-0.5001,0.1388,-133866.6600823591,-5977.93059439095,-76627.06118349485,154362.31677911646
2017-07-11 17:51:49.954319000,-1.6163,-0.4699,-0.7492,-133952.51420596257,-5979.6825612084285,-76681.18551760727,154463.7073166934
2017-07-11 17:51:50.154492974,-0.446,0.6364,-0.2704,-134038.63954650087,-5981.414197577301,-76735.48040138115,154565.41708839827
2017-07-11 17:51:50.354339003,-0.9406,0.4503,-0.5904,-134124.66135399533,-5983.125012729078,-76789.70991350502,154667.0039693086
2017-07-11 17:51:50.554547011,-0.4276,-0.488,0.0288,-134210.85611147666,-5984.858487286532,-76844.0364965735,154768.79005269462
2017-07-11 17:51:50.754604995,-1.8861,-0.2986,-0.8696,-134297.0617674737,-5986.602613807638,-76898.35717469669,154870.5832183747
2017-07-11 17:51:50.954371988,0.0945,0.7086,-0.2688,-134383.13826327582,-5988.315925443669,-76952.60956854625,154972.22943649854
2017-07-11 17:51:51.154527008,-3.1708,1.1377,-0.433,-134469.50898257908,-5989.9869864388875,-77006.98468899491,155074.19024778018
2017-07-11 17:51:51.354323983,0.2049,-0.4549,0.0271,-134555.71701924835,-5991.673217252232,-77061.2614593359,155175.96188910995
2017-07-11 17:51:51.554157018,-3.2784,0.3248,-0.5711,-134642.07153216124,-5993.346782084969,-77115.57083159723,155277.8763919865
2017-07-11 17:51:51.754446983,-0.0222,0.6927,-0.1762,-134728.6243903289,-5994.996385220486,-77170.01145388733,155380.02728652817
2017-07-11 17:51:51.954499006,-3.3551,1.0898,0.117,-134815.20869859812,-5996.600413967075,-77224.38271895681,155482.16939345576
2017-07-11 17:51:52.353442013,0.1744,-0.6973,0.0568,-134987.84705032982,-5999.910141328148,-77332.8006553462,155685.8369608063
2017-07-11 17:51:52.552528977,-0.0962,0.8401,-0.1335,-135074.00363375526,-6001.52851689257,-77386.91041129953,155787.4792953442
2017-07-11 17:51:52.753412008,-2.2742,1.2811,-0.4935,-135161.02925355826,-6003.109795164956,-77441.52823418603,155890.12621503734
2017-07-11 17:51:52.952668011,0.0379,-0.6947,0.1626,-135247.34851505634,-6004.705847706409,-77495.69723087075,155991.93845186158
2017-07-11 17:51:53.152576982,-3.1401,-0.1061,-0.7317,-135334.0761370974,-6006.311370698335,-77550.07298237369,156094.20796344415
2017-07-11 17:51:53.352675020,0.0013,0.5542,-0.2055,-135420.88573107688,-6007.8962224000625,-77604.50838864499,156196.57752797205
2017-07-11 17:51:53.552623987,-3.6802,-0.4942,-0.7303,-135507.77778567804,-6009.4996513165,-77658.93243818726,156299.01379698724
2017-07-11 17:51:53.753462016,0.6476,-0.6545,0.3649,-135595.03007944633,-6011.13660964639,-77713.58376267449,156401.87673689856
2017-07-11 17:51:53.953149974,-2.3923,-0.2313,-1.0166,-135681.8781287407,-6012.773417314798,-77767.96267117422,156504.25398287282
2017-07-11 17:51:54.152579009,0.3976,0.3482,-0.1151,-135768.59775422842,-6014.394254046631,-77822.27564766357,156606.48665165028
2017-07-11 17:51:54.352868020,-1.6723,-0.2013,-0.4101,-135855.75841673053,-6016.030155423282,-77876.83928350046,156709.22694788643
2017-07-11 17:51:54.552574992,-0.1295,-0.6834,0.2982,-135942.67095555653,-6017.688558834151,-77931.2324645743,156811.66842926375
2017-07-11 17:51:54.752578973,-1.761,0.4892,-0.5195,-136029.78319559965,-6019.32985988335,-77985.72732131927,156914.33304207455
2017-07-11 17:51:54.952534019,-0.0457,0.3492,-0.2308,-136116.875949058,-6020.9567976336775,-78040.21807265087,157016.97830399463
2017-07-11 17:51:55.152687013,-1.4695,-0.2482,-0.2225,-136204.1137910418,-6022.595289186444,-78094.77168140531,157119.78115944288
2017-07-11 17:51:55.352687001,-0.3756,-0.6587,0.134,-136291.29996847227,-6024.258876199009,-78149.27822691483,157222.5169290051
2017-07-11 17:51:55.553789019,-1.131,0.6201,-0.2958,-136379.01229477362,-6025.906551728481,-78204.0970744341,157325.8635555378
2017-07-11 17:51:55.753331005,0.1503,0.3869,-0.2303,-136466.03821558107,-6027.52604035462,-78258.49983920789,157428.40739049253
2017-07-11 17:51:55.952634990,-1.1015,-0.2008,-0.1337,-136553.00409127006,-6029.151573550995,-78312.84302666303,157530.86992067946
2017-07-11 17:51:56.152598977,-0.277,-0.6582,0.1809,-136640.26903345712,-6030.808808275799,-78367.35894005785,157633.67890034599
2017-07-11 17:51:56.352585971,-0.9828,0.8519,-0.2854,-136727.58332286196,-6032.432162106714,-78421.89254033548,157736.5382804774
2017-07-11 17:51:56.552810013,-0.5803,0.9505,-0.4358,-136815.02437141922,-6034.019334898175,-78476.5082512979,157839.5471052866
2017-07-11 17:51:56.752994000,-0.6146,-0.3662,-0.0915,-136902.4725565681,-6035.620865137101,-78531.11670307515,157942.55918517202
2017-07-11 17:51:56.953055977,-1.2864,-0.4337,-0.3245,-136989.91893087883,-6037.238778013903,-78585.7048596307,158045.56035851338
2017-07-11 17:51:57.153494000,-0.2914,0.8838,-0.1717,-137077.5413806625,-6038.824224977181,-78640.40252079601,158148.76748688315
2017-07-11 17:51:57.352339982,-3.2944,1.8904,-0.6866,-137164.59812170273,-6040.322333142216,-78694.69287684253,158251.27853751148
2017-07-11 17:51:57.552670001,0.2958,-0.7104,0.2363,-137252.292717765,-6041.860131916511,-78749.37893209455,158354.54086424963
2017-07-11 17:51:57.753845989,-3.2878,-0.2018,-0.5443,-137340.4907004192,-6043.4125918304835,-78804.31794861228,158458.36597962573
2017-07-11 17:51:57.953842997,0.3627,0.5876,-0.2272,-137428.15729643748,-6044.932450348024,-78858.94408599546,158561.57380835305
2017-07-11 17:51:58.154282987,-3.735,0.0121,-0.4245,-137516.16812704894,-6046.455189133861,-78913.70827195914,158665.148882585
2017-07-11 17:51:58.353164017,0.3415,-0.4914,0.265,-137603.48092917344,-6047.98552120081,-78968.03603736922,158767.90232376725
2017-07-11 17:51:58.552689015,-2.5478,-0.1181,-0.7399,-137691.17787478957,-6049.525510003022,-79022.56916927197,158871.09133368314
2017-07-11 17:51:58.753470003,0.1752,0.5311,-0.2692,-137779.41980110976,-6051.053782644409,-79077.45643407234,158974.9284909212
2017-07-11 17:51:58.952659010,-2.6642,-0.1699,-0.5855,-137867.0677677233,-6052.576678695866,-79131.93173133177,159078.04587325573
2017-07-11 17:51:59.152680993,0.4431,-0.4575,0.1942,-137955.06453596795,-6054.124247273798,-79186.6270657082,159181.5760619553
2017-07-11 17:51:59.352705001,-2.2299,-0.0822,-0.9243,-138043.15141249742,-6055.67512030857,-79241.35993469082,159285.20325929724
2017-07-11 17:51:59.551917016,0.6957,0.6902,-0.1296,-138130.85309316442,-6057.19230672718,-79295.87576004364,159388.3874924341
2017-07-11 17:51:59.752812027,-2.2056,0.021,-0.7406,-138219.38471629863,-6058.721463204603,-79350.88203929609,159492.5355542859
2017-07-11 17:51:59.952579021,0.514,-0.5243,0.1276,-138307.3987259871,-6060.262956695452,-79405.57436849996,159596.07943256263
2017-07-11 17:52:00.152828991,-3.6492,0.0417,-0.9604,-138395.77185995958,-6061.806504877904,-79460.43743925556,159700.0196770633
2017-07-11 17:52:00.352680981,0.096,0.4798,0.0092,-138483.96552543066,-6063.327821783527,-79515.19110680946,159803.74923222393
2017-07-11 17:52:00.552990972,-3.7783,0.1669,-0.8437,-138572.5129052694,-6064.8459283815455,-79570.10410609344,159907.86458605033
2017-07-11 17:52:00.752667009,-0.2212,-0.4705,0.2424,-138660.78886399904,-6066.377989457273,-79624.83364855578,160011.65408762475
2017-07-11 17:52:00.952903985,-3.1714,-0.4346,-1.0491,-138749.43996836114,-6067.931779688933,-79679.75900324022,160115.86705392832
2017-07-11 17:52:01.152544975,0.2953,0.43,-0.069,-138837.81544165016,-6069.463806908488,-79734.52362801689,160219.7604719838
2017-07-11 17:52:01.353514015,-2.7855,-0.2204,-0.0388,-138926.89130778867,-6071.014927103279,-79789.65412461439,160324.44372589237
2017-07-11 17:52:01.553493022,0.0385,-0.53,0.2764,-139015.52682015757,-6072.579601570405,-79844.50197838183,160428.60535540155
2017-07-11 17:52:01.753060996,-1.3041,0.6937,-0.486,-139104.03209168257,-6074.113431784861,-79899.25645503169,160532.60659508698
2017-07-11 17:52:01.954244971,-0.6624,0.3041,-0.2847,-139193.2808449814,-6075.647373739327,-79954.4658291027,160637.4785951804
2017-07-11 17:52:02.355453014,-1.6708,-0.1013,-0.5451,-139371.5327415698,-6078.722719900012,-80064.65401646848,160846.89562256617
2017-07-11 17:52:02.555200994,-0.2908,0.6341,-0.2594,-139460.28996364938,-6080.228531119749,-80119.52335590497,160951.17172146714
2017-07-11 17:52:02.755078971,-1.4772,0.9706,-0.6636,-139549.16396530098,-6081.696545688836,-80174.45491620636,161055.57865966365
2017-07-11 17:52:02.955309987,-0.7115,-0.6899,0.0359,-139638.2234684543,-6083.194812959869,-80229.4820612999,161160.19516115898
2017-07-11 17:52:03.155196011,-0.8915,-0.4738,-0.4366,-139727.16514413815,-6084.709429167017,-80284.4318403834,161264.67177899758
2017-07-11 17:52:03.355189979,-0.8529,1.0977,-0.027,-139816.18896473726,-6086.18095795744,-80339.41237380738,161369.23336201606
2017-07-11 17:52:03.554809987,-2.6565,1.0816,-0.6615,-139905.15218018022,-6087.606635443906,-80394.31646107898,161473.70275172178
2017-07-11 17:52:03.755307972,0.1162,-0.709,0.211,-139994.50200615262,-6089.067084808606,-80449.45354770253,161578.624533191
2017-07-11 17:52:03.955058991,-2.1464,-0.3925,-0.4359,-140083.6045969226,-6090.537754125156,-80504.40261076641,161683.2389789299
2017-07-11 17:52:04.155062973,0.0437,0.849,-0.2142,-140172.81827838987,-6091.976324532583,-80559.42982919991,161787.98748377754
2017-07-11 17:52:04.355239987,-2.997,1.3001,-0.1465,-140262.2292347274,-6093.364043413706,-80614.51052441148,161892.93172449264
2017-07-11 17:52:04.555090010,0.0973,-0.6801,0.1898,-140351.49025127737,-6094.776658658783,-80669.49366418102,161997.69852164158
2017-07-11 17:52:04.755098998,-3.6682,-0.2362,-0.2479,-140440.969009145,-6096.199846377566,-80724.53045561194,162102.68118101446
2017-07-11 17:52:04.954650998,0.676,0.6079,-0.0169,-140530.21640361086,-6097.595575157609,-80779.44216990276,162207.4001749752
2017-07-11 17:52:05.155103981,-3.6125,1.3658,0.3849,-140620.01190792263,-6098.942725939176,-80834.58634633737,162312.7080703851
2017-07-11 17:52:05.355069994,0.2563,-0.529,0.1194,-140709.57901921353,-6100.307756832006,-80889.591784015,162417.74977346827
2017-07-11 17:52:05.555118024,-3.3442,0.0467,-0.2208,-140799.31669913256,-6101.671478701363,-80944.62861867393,162522.95493250075
2017-07-11 17:52:05.755159974,0.0323,0.7186,-0.1511,-140889.05035913904,-6103.006403064157,-80999.6698271505,162628.1578028948
2017-07-11 17:52:05.955111980,-2.9135,-0.0955,-0.0665,-140978.86015666116,-6104.344545377511,-81054.6889464092,162733.41584812646
2017-07-11 17:52:06.155044972,0.2711,-0.6689,0.1703,-141068.65057718154,-6105.709298517482,-81109.69602630853,162838.6522026792
2017-07-11 17:52:06.355136990,-2.3324,-0.1392,-0.8065,-141158.60579855606,-6107.080710302052,-81164.77914833797,162944.06954532824
2017-07-11 17:52:06.555366992,0.1931,0.506,-0.2532,-141248.6153115204,-6108.4327812367455,-81219.91040714622,163049.55726713774
2017-07-11 17:52:06.755511999,-1.4138,-0.3087,-0.0285,-141338.64325066548,-6109.796644147083,-81275.01940511454,163155.05039769213
2017-07-11 17:52:06.955089986,0.033,-0.5493,0.2071,-141428.41482208754,-6111.178522544266,-81329.96402768244,163260.24032435758
2017-07-11 17:52:07.155055999,-1.4224,0.5678,-0.5867,-141518.41780697685,-6112.5403833527525,-81385.03893539346,163365.69496391737
2017-07-11 17:52:07.355057001,0.055,0.4144,-0.2694,-141608.4343400925,-6113.88590628638,-81440.1342559298,163471.17098972297
2017-07-11 17:52:07.555189013,-1.7305,-0.1396,-0.0018,-141698.57914965163,-6115.237901974373,-81495.26573857015,163576.7764856246
2017-07-11 17:52:07.755052983,-0.3846,-0.6329,0.2002,-141788.618589007,-6116.613368473793,-81550.3153850739,163682.25090058884
2017-07-11 17:52:07.955218970,-1.3525,0.4298,-0.3184,-141878.84827794644,-6117.973692909897,-81605.46097495109,163787.93744265157
2017-07-11 17:52:08.155124008,-0.9262,0.269,-0.4352,-141968.9973506017,-6119.32149415679,-81660.55206503363,163893.52661972368
2017-07-11 17:52:08.355091989,-0.4086,-0.4149,0.0714,-142059.19114676697,-6120.686310465003,-81715.65764625913,163999.1624818414
2017-07-11 17:52:08.555553019,-0.4533,-0.7308,0.3155,-142149.62554403036,-6122.083858842158,-81770.88641974637,164105.06944928243
2017-07-11 17:52:08.755370020,-0.653,0.916,-0.166,-142239.7954713873,-6123.44034428108,-81825.94438544501,164210.66077439065
2017-07-11 17:52:08.955326020,-2.6324,1.4194,-0.549,-142330.13337346085,-6124.7410223126935,-81881.06260153753,164316.42562888976
2017-07-11 17:52:09.155121028,-0.0233,-0.5836,0.1418,-142420.39947122562,-6126.063949291321,-81936.13077952892,164422.10426878242
2017-07-11 17:52:09.355184018,-3.5346,-0.1909,-0.4267,-142510.9281146038,-6127.396291502421,-81991.2898983812,164528.05607737324
2017-07-11 17:52:09.555064022,-0.1161,0.6867,-0.2169,-142601.3785951176,-6128.699980048079,-82046.40723198265,164633.91837756228
2017-07-11 17:52:09.755194008,-3.792,0.389,-0.2287,-142692.09407568976,-6129.989718832943,-82101.60265854398,164740.04869721245
2017-07-11 17:52:09.955057978,0.6728,-0.569,0.4044,-142782.66210038034,-6131.3004723263475,-82156.70856445227,164846.0075467334
2017-07-11 17:52:10.155131995,-2.8137,-0.1803,-1.5072,-142873.43793883876,-6132.619820694972,-82211.93271653318,164952.20573037563
2017-07-11 17:52:10.355114996,0.3149,0.5589,-0.0632,-142964.15988845236,-6133.916216676796,-82267.13427407455,165058.34520687765
2017-07-11 17:52:10.555356025,-2.4075,-0.2223,-0.198,-143055.0954242818,-6135.223198778313,-82322.41499450803,165164.70961157896
2017-07-11 17:52:10.755055010,0.0774,-0.6081,0.2162,-143145.78171477263,-6136.550893770748,-82377.53745038057,165270.78010342308
2017-07-11 17:52:10.955062985,-2.0851,0.0578,-0.9411,-143236.69173288712,-6137.878330893073,-82432.78284306102,165377.10571974053
2017-07-11 17:52:11.155192017,0.271,0.5248,-0.114,-143327.64592128625,-6139.185552366004,-82488.06623950141,165483.48786666407
2017-07-11 17:52:11.354903995,-1.6356,-0.4765,-0.0168,-143418.47580362987,-6140.509054829265,-82543.2350995262,165589.7059420798
2017-07-11 17:52:11.555055022,-0.6087,-0.5779,0.0636,-143509.5297521677,-6141.85861781942,-82598.52269553358,165696.1783157782
2017-07-11 17:52:11.754805028,-1.5312,0.6541,-0.2881,-143600.46236072044,-6143.179378203492,-82653.71101296364,165802.49511783585
2017-07-11 17:52:11.955304980,-0.3111,0.3696,-0.214,-143691.74887503433,-6144.49023927533,-82709.11513352674,165909.22572671316
2017-07-11 17:52:12.354440987,-1.2596,-0.3457,-0.0765,-143873.67394802425,-6147.154848643361,-82819.42051146545,166121.87689130692
2017-07-11 17:52:12.554392993,-0.819,0.7197,-0.415,-143964.8442560612,-6148.460942721164,-82874.69591554497,166228.44274290177
2017-07-11 17:52:12.754320979,-0.5732,0.085,-0.6502,-144056.02652340755,-6149.763482347453,-82929.99066872899,166335.0285445522
2017-07-11 17:52:12.954240977,-0.3244,-0.7206,0.0612,-144147.21811324338,-6151.094770876405,-82985.28076660314,166441.62123873708
2017-07-11 17:52:13.154254972,-0.9781,-0.5795,-0.5829,-144238.4917083849,-6152.449868585532,-83040.62017965576,166548.31049733626
2017-07-11 17:52:13.354376018,-0.5425,0.7533,-0.2125,-144329.83588103118,-6153.775523082115,-83095.99772162536,166655.07887846156
2017-07-11 17:52:13.554243028,-2.4541,1.5388,-1.1279,-144421.1621338098,-6155.0380246081395,-83151.35002271467,166761.81689992634
2017-07-11 17:52:13.754378974,0.2802,-0.6665,0.1606,-144512.60004964523,-6156.328921179848,-83206.77037172599,166868.6866808378
2017-07-11 17:52:13.954101979,-3.5107,-0.1477,-0.8063,-144603.9893406901,-6157.623045887886,-83262.10853451745,166975.4735655253
2017-07-11 17:52:14.154278993,0.0932,0.8089,-0.2308,-144695.58264265853,-6158.887699091565,-83317.58173999985,167082.50345559826
2017-07-11 17:52:14.354462981,-3.7578,0.3526,-0.6149,-144787.32972434437,-6160.138266393102,-83373.0815193969,167189.67932921904
2017-07-11 17:52:14.554377019,0.322,-0.539,0.2084,-144878.94021529285,-6161.408688763387,-83428.4981279811,167296.69624600155
2017-07-11 17:52:14.754315972,-2.138,-0.2173,-0.9271,-144970.6475913261,-6162.687956159196,-83483.95870442258,167403.8193914798
2017-07-11 17:52:14.954333007,0.2259,0.4781,-0.0932,-145062.38174422848,-6163.94859588837,-83539.44466847387,167510.97777494474
2017-07-11 17:52:15.154249012,-2.772,-0.5593,-0.4541,-145154.18034845605,-6165.230952072205,-83594.9207549239,167618.18791929027
2017-07-11 17:52:15.354232013,0.5376,-0.5435,0.2852,-145245.98821595532,-6166.53547430477,-83650.40402650039,167725.41055660602
2017-07-11 17:52:15.554305016,-1.7128,0.3425,-0.5221,-145337.9059634498,-6167.82687363205,-83705.93316747498,167832.75081348533
2017-07-11 17:52:15.754387021,-0.1413,0.413,-0.1261,-145429.8335032884,-6169.101797514,-83761.46985504142,167940.10278090008
2017-07-11 17:52:15.954365015,-0.8124,-0.2964,-0.0006,-145521.74574419376,-6170.387912028272,-83816.97769630807,168047.4275958013
2017-07-11 17:52:16.154242992,-0.7144,-0.6971,0.131,-145613.6405572495,-6171.701233290677,-83872.45254227334,168154.72193163284
2017-07-11 17:52:16.354602992,-1.2312,0.5605,-0.5045,-145705.80640803397,-6172.995220956064,-83928.08142333303,168262.32716331675
2017-07-11 17:52:16.554354012,-1.0259,0.6926,-0.4957,-145797.73306114835,-6174.257640572264,-83983.56100301981,168369.64970543233
2017-07-11 17:52:16.754566013,-0.8637,-0.3466,0.0177,-145889.90648184696,-6175.536866980017,-84039.16790775566,168477.25013041205
2017-07-11 17:52:16.955398976,-3.0683,-0.2243,-0.5239,-145982.4895369129,-6176.829107826157,-84094.96840946974,168585.3023872837
2017-07-11 17:52:17.154323995,-0.0589,0.9717,-0.2471,-146074.19536947482,-6178.070620886482,-84150.24857588002,168692.33368715533
2017-07-11 17:52:17.353883028,-1.7295,0.4831,-0.4581,-146166.26236222434,-6179.296852016876,-84205.72317457283,168799.77422342938
2017-07-11 17:52:17.554251015,0.31,-0.4175,0.1333,-146258.69012198414,-6180.544815440279,-84261.41729943755,168907.63752928464
2017-07-11 17:52:17.754465997,-3.4641,-0.3338,-0.5617,-146351.18616410682,-6181.805206613692,-84317.09141148337,169015.55050156187
2017-07-11 17:52:17.954248011,0.2547,0.5589,-0.0277,-146443.4720163019,-6183.040564878059,-84372.64623298551,169123.2211116287
2017-07-11 17:52:18.154573023,-2.7243,-0.0197,-0.3113,-146536.11802350826,-6184.280071350534,-84428.36454235023,169231.28536029154
2017-07-11 17:52:18.354300022,0.1428,-0.4121,0.2027,-146628.4817661541,-6185.532316660351,-84483.90843476604,169339.01871542117
2017-07-11 17:52:18.554246008,-2.3957,-0.0891,-0.475,-146721.0425555757,-6186.789497046741,-84539.53221700132,169446.9627946905
2017-07-11 17:52:18.754647970,0.2157,0.4327,-0.1057,-146813.80576678136,-6188.0321667863445,-84595.28709405562,169555.14708893115
2017-07-11 17:52:18.955147027,-1.6385,-0.1211,-0.0724,-146906.67978936833,-6189.280306805465,-84651.07189488795,169663.44252786366
2017-07-11 17:52:19.154363989,-0.2363,-0.5628,0.2228,-146998.96930539905,-6190.542801637268,-84706.49113640739,169771.05005763148
2017-07-11 17:52:19.353868007,-1.571,-0.1407,-0.679,-147091.4543320873,-6191.812715745738,-84762.01725816073,169878.88053524526
2017-07-11 17:52:19.554244995,0.2682,0.533,-0.0996,-147184.33327714988,-6193.066786169491,-84817.7903446731,169987.1748027186
2017-07-11 17:52:19.754310011,-1.3723,-0.3318,-0.0193,-147277.12254432845,-6194.332184729612,-84873.47736915863,170095.34895723927
2017-07-11 17:52:19.954243004,-0.4196,-0.6838,0.1464,-147369.86735258054,-6195.624081927932,-84929.12179367327,170203.46438873193
2017-07-11 17:52:20.154244005,-0.5225,0.5264,-0.6568,-147462.66460855593,-6196.895362359433,-84984.81141812244,170311.6470983747
2017-07-11 17:52:20.354233980,-0.0606,0.4518,-0.2557,-147555.45917240123,-6198.148502517268,-85040.50819939264,170419.83045188253
2017-07-11 17:52:20.554248988,-0.7097,-0.3667,0.0081,-147648.29374372095,-6199.416469733709,-85096.2116282513,170528.05236522653
2017-07-11 17:52:20.754302978,-1.1246,-0.5503,-0.5542,-147741.1914163594,-6200.706707956979,-85151.94809342074,170636.34627156102
2017-07-11 17:52:20.954246997,0.0725,0.8358,-0.2885,-147834.03512415668,-6201.962823640722,-85207.66545342773,170744.5827427022
2017-07-11 17:52:21.154250979,-3.0407,1.5643,-0.2253,-147927.02830852708,-6203.156741540589,-85263.40853537097,170852.95927440492
2017-07-11 17:52:21.354263007,0.3599,-0.643,0.2773,-148020.0108362072,-6204.376430564512,-85319.14276647956,170961.32316184838
2017-07-11 17:52:21.554413020,-1.2355,-0.3929,-0.5224,-148113.10700516414,-6205.612700616665,-85374.93637507364,171069.8157383737
2017-07-11 17:52:21.754239022,0.358,0.7887,0.0383,-148206.0381711535,-6206.815476213474,-85430.63813336422,171178.1184632516
2017-07-11 17:52:21.954416990,-2.9286,-0.5935,-0.886,-148299.25037517297,-6208.044152602355,-85486.47350573559,171286.7321962963
2017-07-11 17:52:22.354550004,0.5758,-0.6125,0.3372,-148485.4787910434,-6210.598202290374,-85598.02808325578,171503.73568402973
2017-07-11 17:52:22.554543972,0.5202,0.4218,-0.0514,-148578.53843140273,-6211.8578931355305,-85653.7872044731,171612.1805798338
2017-07-11 17:52:22.754597008,-2.8079,-0.5452,-0.8809,-148671.73793240104,-6213.139775596626,-85709.59804877621,171720.7732436423
2017-07-11 17:52:22.955193996,-0.2458,-0.6568,0.115,-148765.20073725755,-6214.45157262085,-85765.55601743724,171829.668444437
2017-07-11 17:52:23.154318988,-1.6865,0.3162,-0.4117,-148858.04457593328,-6215.74120600736,-85821.1196864745,171937.83021182622
2017-07-11 17:52:23.354568004,0.299,0.4343,-0.1064,-148951.40051122181,-6217.020703851437,-85877.001268821,172046.59371115608
2017-07-11 17:52:23.554589986,-1.7814,-0.3829,0.1443,-149044.72187510075,-6218.31407042106,-85932.81372168634,172155.2933337531
2017-07-11 17:52:23.754796028,-0.4452,-0.6073,0.1995,-149138.14695790326,-6219.632969222631,-85988.66953665661,172264.10537599912
2017-07-11 17:52:23.954566001,-0.8764,0.7511,-0.0508,-149231.4035268384,-6220.919020398843,-86044.40571934349,172372.7106813704
2017-07-11 17:52:24.154811024,-0.9908,0.7233,-0.3902,-149324.92158766298,-6222.179126851987,-86100.29008810357,172481.6154652545
2017-07-11 17:52:24.354552984,0.1759,-0.603,0.1642,-149418.19769107836,-6223.460125419701,-86156.02751100955,172590.2382339763
2017-07-11 17:52:24.554745018,-3.8662,-0.4367,-0.5241,-149511.83891652816,-6224.761511992856,-86211.91153005588,172699.25107466226
2017-07-11 17:52:24.754550993,0.2935,0.6399,-0.132,-149605.28784294537,-6226.034842554256,-86267.69304969681,172808.04531198175
2017-07-11 17:52:24.954351007,-3.7784,0.9596,-0.3782,-149698.88481531295,-6227.269827851433,-86323.48800291635,172916.97309820933
2017-07-11 17:52:25.154570996,0.445,-0.4096,0.3977,-149792.66068716822,-6228.523829121909,-86379.38429281965,173026.1070926514
2017-07-11 17:52:25.354654014,-2.7087,0.0245,-0.3828,-149886.48084467978,-6229.775991713205,-86435.25766864426,173135.26797609552
2017-07-11 17:52:25.555361986,0.3273,0.3635,-0.3486,-149980.58086211322,-6231.017422279821,-86491.3196063707,173244.76494574087
2017-07-11 17:52:25.754667997,-2.3838,-0.4052,-0.4295,-150074.1182749256,-6232.2662770695215,-86547.00700802404,173353.58819762463
2017-07-11 17:52:25.954545021,0.5439,-0.442,0.484,-150167.90194377213,-6233.536368100733,-86602.83461824118,173462.69545282994
2017-07-11 17:52:26.154402017,-1.4804,0.4497,-0.722,-150261.7353466929,-6234.788369581139,-86658.68547315698,173571.85677219852
2017-07-11 17:52:26.353847026,0.1517,0.3105,-0.2984,-150355.36928622733,-6236.025439008733,-86714.43306646886,173680.79337829174
2017-07-11 17:52:26.554553985,-1.3103,-0.45,-0.4381,-150449.6484597222,-6237.2884632331325,-86770.55104008006,173790.47447091775
2017-07-11 17:52:26.754790008,-0.1936,-0.6073,-0.0111,-150543.7141801721,-6238.572873283703,-86826.53778431182,173899.9060789486
2017-07-11 17:52:26.954532027,-1.4552,0.5255,-0.5637,-150637.60588821213,-6239.833148747917,-86882.40889303738,174009.12849765518
2017-07-11 17:52:27.155445992,-0.7792,0.5582,-0.4307,-150732.0799404226,-6241.078286087778,-86938.62520003947,174119.026912661
2017-07-11 17:52:27.354620993,-0.5612,-0.5246,0.0977,-150825.75855767805,-6242.333457670845,-86994.35106407228,174227.9922646037
2017-07-11 17:52:27.554682016,-2.067,-0.3261,-0.3358,-150919.936630965,-6243.607264795389,-87050.33826257307,174337.52119380352
2017-07-11 17:52:27.754549026,-0.2618,0.7597,-0.1837,-151014.03383134367,-6244.849489020698,-87106.27850464941,174446.95558846614
2017-07-11 17:52:27.954542994,-3.9357,0.4435,-0.5255,-151108.34822193344,-6246.074763392279,-87162.27529939241,174556.6056833085
2017-07-11 17:52:28.154524028,0.2186,-0.441,0.2321,-151202.6477706859,-6247.317595177534,-87218.25919047419,174666.23716739836
2017-07-11 17:52:28.354807019,-3.7194,-0.4197,-0.6422,-151297.23890230557,-6248.579139091672,-87274.35337395724,174776.1768593225
2017-07-11 17:52:28.554616987,0.3045,0.436,-0.278,-151391.59447426078,-6249.8202966510435,-87330.32617457972,174885.85134583627
2017-07-11 17:52:28.754716992,-1.7731,-0.2991,-0.2063,-151486.15800433332,-6251.075231797907,-87386.38848357125,174995.75109318818
2017-07-11 17:52:28.954532980,0.294,-0.6582,0.2872,-151580.57557489903,-6252.354665296456,-87442.35975223701,175105.47995285003
2017-07-11 17:52:29.154577970,-1.5877,0.6462,-0.4251,-151675.1648906611,-6253.609705477928,-87498.41217923486,175215.3971911286
2017-07-11 17:52:29.354677021,-0.2114,0.387,-0.3268,-151769.78823301577,-6254.84958948985,-87554.49283902763,175325.35749280802
2017-07-11 17:52:29.554552972,-1.0715,-0.3968,0.1025,-151864.34888213058,-6256.103943412848,-87610.50687689566,175435.23082086688
2017-07-11 17:52:29.754554986,-1.4578,-0.6835,-0.4288,-151959.02748440675,-6257.386429015262,-87666.57339550967,175545.23351500885
2017-07-11 17:52:29.954553008,-0.8344,0.8694,-0.2495,-152053.73757225688,-6258.634113707389,-87722.64877484983,175655.26669797773
2017-07-11 17:52:30.154682993,-2.9122,1.2485,-0.4921,-152148.6267913278,-6259.832616713128,-87778.7808635269,175765.48156211758
2017-07-11 17:52:30.354566991,-0.155,-0.443,0.1317,-152243.40557143893,-6261.0473460459,-87834.83869633361,175875.56437057993
2017-07-11 17:52:30.554598987,-1.2742,-0.7442,-0.4396,-152338.30551191137,-6262.2927523132275,-87890.95562507672,175985.78271396054
2017-07-11 17:52:30.754621982,0.3083,0.8324,-0.2589,-152433.18884725927,-6263.504798883157,-87947.08038706292,176095.98945779074
2017-07-11 17:52:30.955246984,-2.9694,-0.4,-0.2867,-152528.47727144643,-6264.736593492838,-88003.38560691293,176206.63773425508
2017-07-11 17:52:31.155053019,0.4389,-0.5708,0.1364,-152623.35919884534,-6265.986147555658,-88059.45553901518,176316.81730728046
2017-07-11 17:52:31.354969024,-2.2159,-0.5301,-0.8702,-152718.38190928355,-6267.257575546201,-88115.59110986754,176427.15235232186
2017-07-11 17:52:31.553852021,-0.1801,0.6277,-0.2455,-152812.92074116855,-6268.497605475126,-88171.44632704789,176536.92745451303
2017-07-11 17:52:31.754548013,-2.2183,-0.3397,-0.3982,-152908.41072903908,-6269.76262211316,-88227.82675314744,176647.78914156146
2017-07-11 17:52:31.954545021,-0.2258,-0.8585,0.2708,-153003.57717611006,-6271.057571923809,-88283.99998582334,176758.2683928905
2017-07-11 17:52:32.354101002,-1.7287,0.9065,-0.4646,-153193.97761424092,-6273.499917159834,-88396.29759118332,176979.2558643871
2017-07-11 17:52:32.553996026,-0.11,-0.3446,0.1442,-153289.23799867014,-6274.735574696391,-88452.47352488399,177089.81581507053
2017-07-11 17:52:32.754768013,-1.4418,-0.9299,-0.5673,-153384.97441969858,-6276.014136910482,-88508.91877653566,177200.9239089054
2017-07-11 17:52:32.953993976,-0.0715,1.0547,-0.4379,-153479.97647018617,-6277.2409916068,-88564.94675802469,177311.18612768728
2017-07-11 17:52:33.154085993,-3.2325,0.4506,-0.4791,-153575.52092252832,-6278.455138966919,-88621.23748005733,177422.04868069434
2017-07-11 17:52:33.354008972,0.3218,-0.5975,0.1065,-153670.97179670326,-6279.692142209271,-88677.47639089418,177532.80520907027
2017-07-11 17:52:33.554005026,-2.0222,0.1986,-0.8419,-153766.5384444854,-6280.921653909273,-88733.76953261055,177643.68881975062
2017-07-11 17:52:33.753988981,0.1689,0.5483,-0.2554,-153862.09255593308,-6282.129162747346,-88790.06948316701,177754.56424894856
2017-07-11 17:52:33.954129993,-0.7628,-0.105,-0.1288,-153957.75226565226,-6283.341825824667,-88846.41880804481,177865.55597474912
2017-07-11 17:52:34.154088973,-0.1756,-0.6494,0.2062,-154053.33199219234,-6284.579351307937,-88902.70863753892,177976.4496741371
2017-07-11 17:52:34.353990972,-1.2231,0.3884,-0.5789,-154148.93335806992,-6285.801003363386,-88959.00555980169,178087.3651326039
2017-07-11 17:52:34.553533971,0.1005,0.4638,-0.2819,-154244.35903371792,-6287.001994164316,-89015.21260407571,178198.08293790903
2017-07-11 17:52:34.754100024,-0.6818,-0.4054,-0.0626,-154340.30138198385,-6288.225450348342,-89071.71033922714,178309.39401150797
2017-07-11 17:52:34.953985989,-1.1224,-0.6963,-0.4883,-154435.9632496257,-6289.472578232538,-89128.03600916096,178420.37723590422
2017-07-11 17:52:35.154318988,-0.1135,1.006,-0.2759,-154531.84361491966,-6290.682121139509,-89184.49872114733,178531.61676497958
2017-07-11 17:52:35.354179978,-2.4736,0.8934,-0.6677,-154627.59688087477,-6291.853127875094,-89240.85507097807,178642.69183690773
2017-07-11 17:52:35.554068028,0.2912,-0.4675,0.2331,-154723.35147629396,-6293.042972229298,-89297.20973756169,178753.76792901792
2017-07-11 17:52:35.754594981,-2.5768,-0.6552,-0.9228,-154819.5157483786,-6294.262965973705,-89353.78163756405,178865.30825115516
2017-07-11 17:52:35.953984975,0.4156,0.8427,-0.0989,-154915.1182601158,-6295.442539836189,-89410.03671492994,178976.2026853938
2017-07-11 17:52:36.153993010,-2.423,-0.5775,-0.2851,-155011.1140348317,-6296.648871831598,-89466.477568772,179087.53130773318
2017-07-11 17:52:36.353986024,0.2957,-0.5443,0.1826,-155107.09077290088,-6297.876883708116,-89522.90688030428,179198.83849393355
2017-07-11 17:52:36.553996026,-1.9605,-0.1443,-0.8822,-155203.1540913627,-6299.110772472936,-89579.37627663929,179310.24089700755
2017-07-11 17:52:36.754173994,0.0568,0.2962,-0.1997,-155299.29580660159,-6300.333828347707,-89635.90109751825,179421.73850996717
2017-07-11 17:52:36.954069972,-1.3268,-0.2931,-0.25,-155395.3551041519,-6301.566873115597,-89692.3562816812,179533.13039203058
2017-07-11 17:52:37.154057979,-0.1707,-0.6311,0.2213,-155491.4654530903,-6302.825726530704,-89748.82860599468,179644.57597444128
2017-07-11 17:52:37.354794979,-0.4604,0.7725,-0.3798,-155587.95430548207,-6304.058166437906,-89805.5277340401,179756.46159712883
2017-07-11 17:52:37.554386019,-0.632,0.2919,-0.449,-155683.917502584,-6305.27194233886,-89861.9210668153,179867.73885562905
2017-07-11 17:52:37.754495978,-0.4422,-0.3806,-0.0801,-155780.14790294121,-6306.504114694253,-89918.4642247776,179979.3229328122
2017-07-11 17:52:37.954105973,-2.845,-0.4775,-1.0229,-155876.25123341134,-6307.752234114776,-89974.90686927349,180090.74741075118
2017-07-11 17:52:38.153990983,-0.2643,0.6547,-0.2884,-155972.49753121327,-6308.97591525132,-90031.43880102005,180202.3394293353
2017-07-11 17:52:38.353990018,-3.686,-0.0034,-1.442,-156068.94617158,-6310.200430439105,-90088.06066101904,180314.15158617834
2017-07-11 17:52:38.553982973,0.1727,-0.3878,0.4512,-156165.38497238056,-6311.4404193086475,-90144.66275297666,180425.9459351293
2017-07-11 17:52:38.753991007,-1.7127,-0.0845,-1.4643,-156261.89955794468,-6312.683881941999,-90201.32768930508,180537.83744180587
2017-07-11 17:52:38.953993976,0.1541,0.5143,-0.1,-156358.40553519208,-6313.906740475137,-90257.9951907704,180649.72210244925
2017-07-11 17:52:39.154039025,-2.1456,-0.1302,-0.9019,-156455.0176796629,-6315.135066640307,-90314.71070715474,180761.72287896182
2017-07-11 17:52:39.354133009,0.1415,-0.4373,0.2186,-156551.64779206616,-6316.381201722045,-90371.43134506316,180873.7424317086
2017-07-11 17:52:39.554080009,-2.0976,0.0907,-0.7932,-156648.29078195986,-6317.62279534693,-90428.14202860623,180985.768041135
2017-07-11 17:52:39.754001975,0.1013,0.4065,-0.2443,-156744.91762300534,-6318.847986206199,-90484.85537616747,181097.78047497285
2017-07-11 17:52:39.953989028,-1.2079,-0.2904,-0.1019,-156841.62423182552,-6320.085190437209,-90541.59126291325,181209.8736739033
2017-07-11 17:52:40.153995990,-0.164,-0.6548,0.1277,-156938.34702838503,-6321.348711657207,-90598.32768944289,181321.98211375214
2017-07-11 17:52:40.354003012,-1.2909,0.5047,-0.6215,-157035.1214935863,-6322.592043838621,-90655.08899473856,181434.1470432239
2017-07-11 17:52:40.553996026,-2.3995,0.9251,-0.608,-157131.98515423696,-6323.798287525161,-90711.87064291301,181546.39808828276
2017-07-11 17:52:40.754042983,0.1063,-0.5711,0.2519,-157228.8706873856,-6325.027711293198,-90768.65752575273,181658.67153044647
2017-07-11 17:52:40.954412996,-2.6861,-0.4322,-1.0355,-157326.02052298817,-6326.276472485737,-90825.57768717871,181771.24104163385
2017-07-11 17:52:41.153976976,-0.0553,0.5013,-0.3211,-157422.78175410736,-6327.500245593705,-90882.28166263779,181883.3653602394
2017-07-11 17:52:41.354301989,-1.8135,-0.5585,-0.1579,-157519.9847580827,-6328.751098201334,-90939.20821404767,181995.98423934387
2017-07-11 17:52:41.554871976,0.1621,-0.6086,0.1883,-157617.30010892285,-6330.027963410382,-90996.1968049619,182108.73230191672
2017-07-11 17:52:41.754446029,-1.4716,0.1966,-0.6424,-157714.19085211642,-6331.290657782294,-91052.92800463348,182220.9837964555
2017-07-11 17:52:41.953989028,0.0099,0.4273,-0.2838,-157811.06612478336,-6332.536141698577,-91109.66167703205,182333.22257978635
2017-07-11 17:52:42.350234985,-1.5097,-0.2999,-0.2311,-158003.67491011563,-6335.05647045521,-91222.35783217603,182556.32772940776
2017-07-11 17:52:42.550189018,-0.2451,0.8344,-0.2862,-158100.87914841215,-6336.294920625186,-91279.23812196893,182668.92437672333
2017-07-11 17:52:42.750180006,-0.9935,0.4215,-0.6932,-158198.1410881695,-6337.516741201788,-91336.15664973471,182781.58953719126
2017-07-11 17:52:42.950348019,-0.4102,-0.382,0.0342,-158295.5055563598,-6338.7549489742305,-91393.12418948322,182894.36853758234
2017-07-11 17:52:43.150551974,-2.3731,-0.7356,-0.8408,-158392.98262493304,-6340.022863120537,-91450.13565890436,183007.26801621635
2017-07-11 17:52:43.350193977,-0.3687,0.9872,-0.3449,-158490.20078060668,-6341.247871601009,-91507.00084962398,183119.86886337373
2017-07-11 17:52:43.550372004,-1.7872,0.7907,-0.9373,-158587.75157515655,-6342.4444848071325,-91564.05627794695,183232.85173182638
2017-07-11 17:52:43.749629974,0.4219,-0.4147,0.2485,-158684.8372563452,-6343.652063287497,-91620.83960208684,183345.29649261292
2017-07-11 17:52:43.950203001,-2.2888,-0.3184,-1.2437,-158782.65575818,-6344.880420594735,-91678.04771664852,183458.58854332336
2017-07-11 17:52:44.150241017,0.2323,0.4364,-0.0527,-158880.20404218716,-6346.08803872963,-91735.1053423716,183571.57084379473
2017-07-11 17:52:44.350324988,-2.5523,-0.3579,-0.577,-158977.8769138373,-6347.310262316061,-91792.19917540364,183684.67961442587
2017-07-11 17:52:44.549703001,0.2335,-0.5576,0.3158,-159075.1958834555,-6348.550339008211,-91849.07901021956,183797.37580224648
2017-07-11 17:52:44.750447988,-1.7151,0.0516,-0.8826,-159173.25120668786,-6349.796838499475,-91906.38439162174,183910.92221925838
2017-07-11 17:52:44.950209021,0.3101,0.5676,-0.1712,-159270.81353618225,-6351.0145784809465,-91963.41572164399,184023.90405011337
2017-07-11 17:52:45.150399029,-2.4283,-0.3021,-0.5663,-159368.68269165343,-6352.247040458457,-92020.5922181344,184137.22452972975
2017-07-11 17:52:45.350354015,0.2716,-0.5494,0.2948,-159466.42609014869,-6353.500021641027,-92077.68980303082,184250.39748112625
2017-07-11 17:52:45.550246000,-1.9361,0.0981,-0.7195,-159564.21605242474,-6354.74868827677,-92134.79814677515,184363.61600072568
2017-07-11 17:52:45.750235021,-0.8165,0.1531,-0.6187,-159662.08614248715,-6355.9918377402955,-92191.95895860108,184476.9299404042
2017-07-11 17:52:45.950305998,-0.7629,-0.3334,-0.2526,-159760.02687761997,-6357.248842116746,-92249.15330624317,184590.3222991314
2017-07-11 17:52:46.150038003,-0.5869,-0.8954,-0.1535,-159857.8250889346,-6358.539436881775,-92306.25687541842,184703.547135093
2017-07-11 17:52:46.350239992,-1.1178,0.6002,-0.5336,-159955.89822894442,-6359.809011992568,-92363.51620059817,184817.08707215253
2017-07-11 17:52:46.550342977,-0.8184,0.2943,-0.5722,-160053.95563949185,-6361.066175145849,-92420.77012144157,184930.61030714563
2017-07-11 17:52:46.750191986,-0.4345,-0.4149,0.0816,-160151.90594674848,-6362.338313625405,-92477.94811502112,185044.00345528015
2017-07-11 17:52:46.950248003,-0.8737,-0.6161,-0.7578,-160249.99268066775,-6363.636427620747,-92535.21566380654,185157.5603659872
2017-07-11 17:52:47.150487005,-0.2202,0.5725,-0.322,-160348.17796052757,-6364.9127741963175,-92592.54850423479,185271.23448715187
2017-07-11 17:52:47.350515007,-1.9791,1.0604,-0.7504,-160446.33896472413,-6366.1453479553065,-92649.85095511732,185384.8709463097
2017-07-11 17:52:47.550194978,-0.1387,-0.4141,-0.3304,-160544.33470772993,-6367.3922881779745,-92707.06687855141,185498.32166497727
2017-07-11 17:52:47.750057995,-2.8877,-0.8892,-0.581,-160642.53563295232,-6368.675890761387,-92764.35845981822,185611.98907303257
2017-07-11 17:52:47.950183987,0.1299,0.5744,-0.2595,-160740.86056606582,-6369.938177321481,-92821.73581706591,185725.80598289374
2017-07-11 17:52:48.150186002,-3.4232,0.5247,-0.7809,-160839.26151815924,-6371.178693478777,-92879.10886597182,185839.68582460558
2017-07-11 17:52:48.350247979,0.3356,-0.5255,0.3256,-160937.67853922382,-6372.440614581059,-92936.4860836451,185953.58243001523
2017-07-11 17:52:48.550291001,-2.4442,0.0496,-0.7312,-161036.18404577105,-6373.700431268171,-92993.8871256616,186067.56749082115
2017-07-11 17:52:48.750262975,0.0627,0.4747,-0.1287,-161134.65205945072,-6374.940817835456,-93051.27292747465,186181.51185919222
2017-07-11 17:52:48.950296998,-2.4333,0.0198,-0.6204,-161233.24799173884,-6376.180797010919,-93108.70135988483,186295.58826887433
2017-07-11 17:52:49.150501012,0.2876,-0.5108,0.2947,-161331.91618439727,-6377.442303639025,-93166.16678351468,186409.7464812377
2017-07-11 17:52:49.350435972,-2.4368,-0.1927,-1.0445,-161430.54918557205,-6378.709817917004,-93223.59673224248,186523.8567502623
2017-07-11 17:52:49.550333023,0.314,0.5556,-0.1015,-161529.15093819998,-6379.954890739332,-93281.01984769086,186637.93583044404
2017-07-11 17:52:49.750302970,-1.3871,-0.313,-0.496,-161627.84411502996,-6381.212933837162,-93338.48373753323,186752.11489619373
2017-07-11 17:52:49.950188994,-0.2856,-0.6951,0.2706,-161726.50728348177,-6382.4982212810455,-93395.91269937487,186866.25150253318
2017-07-11 17:52:50.149702012,-1.3308,0.5592,-0.4859,-161825.0393103266,-6383.758851053968,-93453.25383487242,186980.229909962
2017-07-11 17:52:50.350262999,-1.2979,0.2357,-0.6387,-161924.14109756442,-6385.016621490539,-93510.92185392957,187094.86474356367
2017-07-11 17:52:50.550234019,-0.4046,-0.2849,-0.0567,-162022.967547876,-6386.282084787337,-93568.42250500456,187209.17793196358
2017-07-11 17:52:50.750181019,-2.1803,-0.5047,-0.5113,-162121.8692931946,-6387.567573381745,-93625.93669041245,187323.56377076887
2017-07-11 17:52:50.950190007,-0.0812,0.8895,-0.0966,-162220.80494853744,-6388.817877308096,-93683.47257083938,187437.9886387817
2017-07-11 17:52:51.150240004,-3.4513,-0.2444,-0.4056,-162319.8990102606,-6390.078218479813,-93741.0364802933,187552.56499109569
2017-07-11 17:52:51.350682020,-0.2313,-0.3776,-0.1316,-162419.19655015576,-6391.356200258424,-93798.71847957281,187667.37710770848
2017-07-11 17:52:51.550283014,-1.9046,-0.3553,-0.8417,-162518.15333409695,-6392.6429751838095,-93856.19198838997,187781.79044277623
2017-07-11 17:52:51.750348985,0.0524,0.5057,-0.0244,-162617.33854369816,-6393.9125063463725,-93913.80036025705,187896.46832838762
2017-07-11 17:52:51.950176000,-2.4338,0.289,-0.457,-162716.50247153954,-6395.168981187074,-93971.35817388183,188011.10211876442
2017-07-11 17:52:52.351871013,-2.6529,-0.4971,-1.3492,-162916.27123168568,-6397.774975688256,-94087.27938760562,188242.02267091448
2017-07-11 17:52:52.551742017,-0.9326,-0.4333,-0.5375,-163015.70723878744,-6399.08894753311,-94144.97966748831,188356.96520838374
2017-07-11 17:52:52.751608014,-1.0397,0.3884,-0.5149,-163115.18228719162,-6400.387371273179,-94202.69907032218,188471.95060066573
2017-07-11 17:52:52.951663017,-2.0251,-0.6569,-0.012,-163214.83245408983,-6401.713313339905,-94260.47353655889,188587.11604375078
2017-07-11 17:52:53.151808977,0.0302,-0.037,-0.0163,-163314.52671816526,-6403.0413404203955,-94318.2749234842,188702.33321325784
2017-07-11 17:52:53.351836025,-0.9332,0.3731,-0.3501,-163414.199089343,-6404.353650448013,-94376.05597686727,188817.5207745304
2017-07-11 17:52:53.552073001,-0.7769,0.1015,-0.3223,-163514.00721616778,-6405.66326811554,-94433.91059392315,188932.8625407833
2017-07-11 17:52:53.751605987,-0.5697,0.0651,-0.4198,-163613.4871208566,-6406.965689596786,-94491.57852030004,189047.8267223731
2017-07-11 17:52:53.952296972,-0.0795,-0.2347,0.0149,-163713.54756382803,-6408.285122723639,-94549.58052505467,189163.46093157554
2017-07-11 17:52:54.151870012,-1.8315,0.5748,-0.6425,-163813.123569705,-6409.574312037284,-94607.2850212244,189278.52618723593
2017-07-11 17:52:54.351666986,-0.6978,-0.1501,-0.2944,-163912.83916173148,-6410.870939722138,-94665.06601771562,189393.75077442202
2017-07-11 17:52:54.550864994,0.0029,-0.1417,-0.0307,-164012.25570398234,-6412.169302915799,-94722.6750122755,189508.63066825984
2017-07-11 17:52:54.752098977,-0.5063,0.202,-0.2977,-164112.70887149437,-6413.472756484789,-94780.8848757134,189624.70826282442
2017-07-11 17:52:54.952468991,-1.059,-0.0059,-0.3774,-164212.7732747439,-6414.7708507384505,-94838.85997543094,189740.33190940012
2017-07-11 17:52:55.151462972,-1.9437,-0.5338,-0.9806,-164312.22745754235,-6416.081168117182,-94896.47576387803,189855.24828673893
2017-07-11 17:52:55.352217018,0.0191,0.0279,-0.0478,-164412.56052444282,-6417.401950580044,-94954.60307977458,189971.18137242927
2017-07-11 17:52:55.552516996,-1.3451,-0.1086,-0.4891,-164512.72062228495,-6418.72410272151,-95012.61854531625,190086.90893507266
2017-07-11 17:52:55.751949012,-0.9547,0.6914,-0.6252,-164612.4846667286,-6420.013026425809,-95070.40747799154,190202.17941297303
2017-07-11 17:52:55.952109992,-1.4435,-0.3574,-0.1706,-164712.6712017423,-6421.320980427609,-95128.4144757908,190317.92521521664
2017-07-11 17:52:56.151827991,-0.1998,-0.0251,-0.0958,-164812.6439810437,-6422.627040936172,-95186.29691813233,190433.4237341651
2017-07-11 17:52:56.351638019,-1.3918,0.4535,-0.602,-164912.7183935632,-6423.9155977150795,-95244.2300666743,190549.03500294834
2017-07-11 17:52:56.552110016,-0.4281,-0.1458,-0.3972,-165013.1415567188,-6425.214283031477,-95302.37111034624,190665.05239360133
2017-07-11 17:52:56.751896023,-0.6666,0.0349,-0.3705,-165113.24769139185,-6426.507131395545,-95360.32799097085,190780.70319519826
2017-07-11 17:52:56.951626002,-0.0218,0.0707,-0.003,-165213.3266219414,-6427.796796824177,-95418.26873784051,190896.3223167914
2017-07-11 17:52:57.151682019,-0.9271,-0.0411,-0.5347,-165313.60602550328,-6429.090212415841,-95476.3254668147,191012.1730748065
2017-07-11 17:52:57.352135002,-0.451,0.186,-0.3005,-165414.10253271257,-6430.3787207586365,-95534.50947077056,191128.27521592897
2017-07-11 17:52:57.552241981,-1.1511,-0.3615,-0.1943,-165514.4716651155,-6431.679480466945,-95592.60082302251,191244.22125552318
2017-07-11 17:52:57.752815008,-0.1282,-0.0167,-0.0448,-165615.07971407584,-6432.9839414704165,-95650.82927198218,191360.44275531135
2017-07-11 17:52:57.951864004,-1.7664,0.4578,-0.7096,-165714.99329004224,-6434.260352411298,-95708.64339350065,191475.8552079756
2017-07-11 17:52:58.151874005,-1.4171,-0.1476,-0.8818,-165815.44593663924,-6435.548830431895,-95766.77191609357,191591.89179906464
2017-07-11 17:52:58.352056026,-0.0612,0.3873,-0.0308,-165915.9874306953,-6436.822896405499,-95824.95166677235,191708.03044223678
2017-07-11 17:52:58.551963984,-0.317,-0.1871,-0.0593,-166016.40394484004,-6438.102695208031,-95883.05413517512,191824.02251902464
2017-07-11 17:52:58.751868009,-1.6519,0.5915,-0.6798,-166116.88449598363,-6439.358831533968,-95941.1826263755,191940.0822667344
2017-07-11 17:52:58.951892971,-0.6068,0.1512,-0.3275,-166217.4501134392,-6440.609678281577,-95999.35938714824,192056.23962262843
2017-07-11 17:52:59.151664018,-0.4881,-0.2345,-0.1222,-166317.907550559,-6441.868295720105,-96057.4671741924,192172.26917288755
2017-07-11 17:52:59.351908028,-0.866,0.259,-0.481,-166418.63754777535,-6443.119507672355,-96115.73181986634,192288.61280771784
2017-07-11 17:52:59.551883995,-1.5011,-0.0421,-0.3933,-166519.29273921484,-6444.370728370288,-96173.93420176169,192404.86061505252
2017-07-11 17:52:59.751852989,-0.7289,-0.2683,-0.4761,-166619.97356784993,-6445.632634111862,-96232.15359228279,192521.13950632446
2017-07-11 17:52:59.952821016,-0.1022,0.2341,-0.2535,-166721.16151948445,-6446.891389392784,-96290.67408175334,192638.00772981197
2017-07-11 17:53:00.152809023,-0.6926,-0.0049,-0.1044,-166821.88372904426,-6448.144202333729,-96348.91337172614,192754.33214969057
2017-07-11 17:53:00.352636992,-1.5107,0.3624,-0.5137,-166922.58566095575,-6449.381541653057,-96407.12656907308,192870.62549624866
2017-07-11 17:53:00.551716983,-0.5673,0.1296,-0.3601,-167022.9331382054,-6450.609113059204,-96465.13613982571,192986.5100013315
2017-07-11 17:53:00.751865983,-0.5303,-0.1447,-0.1184,-167123.84069954467,-6451.849072839422,-96523.46195030239,193103.0377635136
2017-07-11 17:53:00.952377021,-0.243,-0.0091,-0.1374,-167224.94055649696,-6453.091641374034,-96581.89878710132,193219.78757150573
2017-07-11 17:53:01.151879012,-1.9972,0.9702,-0.7228,-167325.61113156885,-6454.289341862885,-96640.0703159413,193336.0317740373
2017-07-11 17:53:01.352416992,-0.6157,-0.0914,-0.2086,-167426.82923707485,-6455.496937556254,-96698.55231123725,193452.90540123841
2017-07-11 17:53:01.553128004,-2.9648,-1.63,-1.4544,-167528.25411421695,-6456.771239614195,-96757.143357456,193570.01475459378
2017-07-11 17:53:01.751712024,-0.1844,0.7533,-0.171,-167628.61143485425,-6458.002330681489,-96815.12024109004,193685.89177577483
2017-07-11 17:53:01.953656971,-2.4245,1.1051,-0.7295,-167730.76612417825,-6459.209189373664,-96874.10810237867,193803.82893169892
2017-07-11 17:53:02.355162024,-0.5838,-0.2322,-0.0262,-167933.96323335386,-6461.646086631356,-96991.39143954871,194038.39540356465
2017-07-11 17:53:02.554584980,-0.8433,0.5601,-0.4848,-168034.92244517055,-6462.834190651203,-97049.66400856226,194154.93985759196
2017-07-11 17:53:02.754519999,-0.407,0.3447,-0.4254,-168136.15716174545,-6464.0115663517245,-97108.10321036221,194271.80572528648
2017-07-11 17:53:02.954563021,-0.6133,-0.2824,-0.1577,-168237.47110690887,-6465.200878919714,-97166.58029117854,194388.75953185878
2017-07-11 17:53:03.154492974,-1.6751,-0.6386,-0.6868,-168338.79474413214,-6466.415045370721,-97225.05177213963,194505.7197913246
2017-07-11 17:53:03.354686975,-0.4891,0.6886,-0.3322,-168440.27180171487,-6467.603217912911,-97283.61379032645,194622.85726020296
2017-07-11 17:53:03.554524004,-1.4561,0.6807,-0.7536,-168541.6260615938,-6468.762088144239,-97342.10147969505,194739.85036176434
2017-07-11 17:53:03.754741013,-0.4943,-0.4449,-0.0341,-168643.1928564002,-6469.940996548553,-97400.70174740744,194857.0843828554
2017-07-11 17:53:03.954630970,-0.5806,-0.5217,-0.3168,-168744.6169415581,-6471.13882426316,-97459.21895036878,194974.15403804678
2017-07-11 17:53:04.154515027,-0.3751,0.4107,-0.7218,-168846.05301966734,-6472.320207663992,-97517.76326465695,195091.24711614443
2017-07-11 17:53:04.354305028,-1.5358,0.8407,-1.2396,-168947.50266980848,-6473.467477742961,-97576.32951068366,195208.3618094467
2017-07-11 17:53:04.554643988,0.2677,-0.5935,0.3055,-169049.22032680284,-6474.6417206903325,-97635.04441656018,195325.7836967125
2017-07-11 17:53:04.754602015,-3.0882,-0.417,-1.5516,-169150.8680496848,-6475.830403881972,-97693.70971737569,195443.12077871806
2017-07-11 17:53:04.954670011,0.2056,0.7084,-0.1371,-169252.5634451979,-6476.9913855316945,-97752.41276951406,195560.51711028087
2017-07-11 17:53:05.154515027,-3.8665,0.1,-1.6011,-169354.2999194431,-6478.147079439847,-97811.11434064357,195677.94811717028
2017-07-11 17:53:05.354575991,0.5027,-0.6134,0.3392,-169456.1262075586,-6479.32857312508,-97869.86576708904,195795.48266826427
2017-07-11 17:53:05.554570019,-2.9294,-0.7357,-1.1033,-169558.03559583926,-6480.539097751088,-97928.64166596341,195913.10237107173
2017-07-11 17:53:05.754572987,0.2117,1.1191,0.0256,-169659.94107135426,-6481.7049111605575,-97987.41916816852,196030.71804727218
2017-07-11 17:53:05.954280018,-2.7853,-0.7036,-0.9597,-169761.8068469398,-6482.897061166206,-98046.14797509336,196148.27593174833
2017-07-11 17:53:06.154522001,0.2577,-0.3923,0.3183,-169863.93515577528,-6484.108134559774,-98105.02133509732,196266.133950985
2017-07-11 17:53:06.354577004,-1.7401,-0.1848,-0.9304,-169966.03774252714,-6485.325473155456,-98163.87695738384,196383.9610856531
2017-07-11 17:53:06.554515004,0.4413,0.5665,0.0238,-170068.06297309932,-6486.519453832623,-98222.69720630518,196501.70285401738
2017-07-11 17:53:06.754585027,-3.1155,-0.4727,-0.1523,-170170.280280219,-6487.733144161019,-98281.56239166214,196619.6340097914
2017-07-11 17:53:06.954524993,0.1768,-0.6204,0.3782,-170272.42407246624,-6488.970846625227,-98340.37419235003,196737.4756838502
2017-07-11 17:53:07.154748976,-1.7714,0.4475,-0.6586,-170374.78397592853,-6490.192367144482,-98399.29593891009,196855.55885745276
2017-07-11 17:53:07.354520976,0.1704,0.3531,-0.0948,-170476.90601301537,-6491.39703840366,-98458.08845964941,196973.37104900455
2017-07-11 17:53:07.554517984,-0.7444,-0.3464,0.0311,-170579.17284771358,-6492.616922098433,-98516.94595585363,197091.34157637635
2017-07-11 17:53:07.754239976,-0.6388,-0.3172,-0.1081,-170681.3245362417,-6493.847781081301,-98575.72682906847,197209.17454400758
2017-07-11 17:53:07.954639017,-0.1684,1.0167,-0.2317,-170783.82927752563,-6495.041982179524,-98634.7162719463,197327.41615673338
2017-07-11 17:53:08.154769003,-0.0129,0.228,-0.2413,-170886.19691299973,-6496.225448089261,-98693.63618036993,197445.50403330065
2017-07-11 17:53:08.354511022,-0.0624,-0.3587,0.2568,-170988.3685906935,-6497.420930770257,-98752.43162261116,197563.36052881103
2017-07-11 17:53:08.555269002,-2.9583,-0.8695,-0.7155,-171091.17918156015,-6498.657538238631,-98811.55495733154,197681.93528145607
2017-07-11 17:53:08.754585027,-0.3194,1.0012,-0.3777,-171193.26401858742,-6499.845489157211,-98870.26864035889,197799.67557540996
2017-07-11 17:53:08.954589009,-4.1521,0.7446,-0.7275,-171295.86730112907,-6501.007755208107,-98929.21408004766,197917.97961472624
2017-07-11 17:53:09.154556989,0.5492,-0.4353,0.5702,-171398.43015345515,-6502.18721846878,-98988.12610848164,198036.23256404756
2017-07-11 17:53:09.354476988,-3.1911,-0.7609,-1.3656,-171501.09593840415,-6503.3968103807765,-99047.07858167132,198154.59584302036
2017-07-11 17:53:09.554507970,-0.0299,0.6597,-0.2685,-171603.8199133055,-6504.580677605904,-99106.07452489123,198273.03040596057
2017-07-11 17:53:09.754634022,-3.546,0.2047,-0.7674,-171706.73472933372,-6505.756909170765,-99165.12924219429,198391.65930550633
2017-07-11 17:53:09.954495012,0.3002,-0.4699,0.5307,-171809.50124592322,-6506.950352726806,-99224.0845444855,198510.11076254267
2017-07-11 17:53:10.154524028,-2.0707,0.2888,-0.8033,-171912.43701183185,-6508.133244275786,-99283.12155266876,198628.74923563885
2017-07-11 17:53:10.354487001,0.2239,0.6096,-0.2267,-172015.32983905304,-6509.291370300722,-99342.14813341698,198747.3445597285
2017-07-11 17:53:10.555204987,-1.7523,-0.316,-0.5427,-172118.68176146387,-6510.46660005257,-99401.41944874552,198866.46015625642
2017-07-11 17:53:10.754701018,0.069,-0.5962,0.3264,-172221.40173955253,-6511.658403064848,-99460.31693477556,198984.8425309339
2017-07-11 17:53:10.954518020,-1.5504,0.5723,-0.6755,-172324.34888732302,-6512.829273452697,-99519.3361520894,199103.48171927466
2017-07-11 17:53:11.154519975,-0.207,0.2657,-0.219,-172427.39960436308,-6513.990599404361,-99578.41875846588,199222.2419567861
2017-07-11 17:53:11.354524016,-0.9483,-0.137,-0.1942,-172530.48932974445,-6515.157417689986,-99637.50974938183,199341.04036448817
2017-07-11 17:53:11.554521977,-0.1967,-0.7568,0.0462,-172633.58378910105,-6516.354471887808,-99696.59709600563,199459.84207352402
2017-07-11 17:53:11.754517018,-1.639,0.5376,-0.6299,-172736.74230001212,-6517.530005674831,-99755.70877469592,199578.71071569133
2017-07-11 17:53:11.954514026,-0.2527,0.3416,-0.2948,-172839.91193320986,-6518.691887432339,-99814.83282641116,199697.59476059652
2017-07-11 17:53:12.353816986,-0.8867,-0.268,-0.1564,-173046.03609228067,-6521.054366945333,-99932.90157349437,199935.0884017242
2017-07-11 17:53:12.553494989,-0.7754,0.5277,-0.4931,-173149.14277946227,-6522.214723537809,-99991.96345008622,200053.8869524057
2017-07-11 17:53:12.753666996,-0.3544,0.2159,-0.5234,-173252.5187533026,-6523.369299995188,-100051.19241797118,200173.00193993567
2017-07-11 17:53:12.953130006,-1.0575,-0.3186,-0.2186,-173355.57064892747,-6524.532462671271,-100110.22029758482,200291.73624216928
2017-07-11 17:53:13.153577029,-1.0151,-0.7912,-0.1504,-173459.17171728297,-6525.733153222165,-100169.54542299108,200411.09569153498
2017-07-11 17:53:13.353137016,-0.4627,0.8673,-0.3491,-173562.33274762533,-6526.893990851799,-100228.62192019839,200529.94875077214
2017-07-11 17:53:13.553686022,-2.1349,0.8546,-1.1286,-173666.09090935392,-6528.026209661211,-100288.03659262181,200649.4867711678
2017-07-11 17:53:13.753237009,-0.1937,-0.5061,0.2808,-173769.34043863244,-6529.172947261681,-100347.14441019384,200768.43169963968
2017-07-11 17:53:13.953109025,-2.4593,-0.8351,-0.9822,-173872.85431742936,-6530.354890945924,-100406.3865556009,200887.67374989553
2017-07-11 17:53:14.153235971,-0.3585,0.8074,-0.3286,-173976.5145828894,-6531.506005147891,-100465.7174230529,201007.08588115577
2017-07-11 17:53:14.353402018,-1.1845,0.605,-0.715,-174080.2425603,-6532.6331040556315,-100525.08853013744,201126.57598914433
2017-07-11 17:53:14.554862022,-0.4337,-0.3874,0.1173,-174184.6586809223,-6533.78321206986,-100584.83867612269,201246.85193650445
2017-07-11 17:53:14.752833008,-3.09,-0.5855,-1.1692,-174287.38755875677,-6534.93634896587,-100643.59985332508,201365.17337061427
2017-07-11 17:53:14.953233003,0.3875,0.717,-0.2277,-174391.36130856565,-6536.074839464966,-100703.09114644263,201484.93675659853
2017-07-11 17:53:15.153131008,-3.011,0.8676,-0.7998,-174495.1949275393,-6537.1758095007835,-100762.46537680764,201604.51916853606
2017-07-11 17:53:15.353563010,-0.1537,-0.6663,0.4068,-174599.31209676093,-6538.306487871478,-100821.98187399254,201724.41911030788
2017-07-11 17:53:15.553328990,-2.7977,-0.3943,-1.173,-174703.19493793024,-6539.449144186303,-100881.34741214072,201844.04121082913
2017-07-11 17:53:15.753233015,0.2364,0.7178,-0.2516,-174807.14011870424,-6540.563905664741,-100940.76402821255,201963.74193226782
2017-07-11 17:53:15.953141987,-2.3838,-0.3566,-0.3659,-174911.18313701943,-6541.692945748762,-101000.19673734016,202083.53588051113
2017-07-11 17:53:16.153239011,0.0528,-0.4549,0.2396,-175015.32191331885,-6542.8412615661755,-101059.67576081162,202203.43652143268
2017-07-11 17:53:16.353238999,-1.483,0.3506,-0.7096,-175119.46950805897,-6543.9749965155515,-101119.15432423988,202323.34413208094
2017-07-11 17:53:16.553454995,-0.0905,0.2946,-0.1732,-175223.73321419736,-6545.098146477383,-101178.70406987192,202443.3875149444
2017-07-11 17:53:16.753220975,-1.4195,-0.1415,-0.2258,-175327.8192189488,-6546.224418750522,-101238.12897924024,202563.21483781384
2017-07-11 17:53:16.953288018,-0.1357,-0.7789,0.2383,-175432.06752111283,-6547.383565295731,-101297.6339082162,202683.22373024953
2017-07-11 17:53:17.153626024,-1.6307,0.6668,-0.3895,-175536.52246177226,-6548.517519514671,-101357.23506105298,202803.45879421587
2017-07-11 17:53:17.353704988,-0.3066,0.2334,-0.4052,-175640.85461329427,-6549.640664129207,-101416.77536892507,202923.55685910053
2017-07-11 17:53:17.553242027,-0.788,-0.2336,-0.0287,-175744.93554962578,-6550.770067435091,-101476.15555125372,203043.35769800685
2017-07-11 17:53:17.752848982,-0.3916,-0.8934,0.1177,-175849.0685574836,-6551.935462153282,-101535.55185035538,203163.21286195243
2017-07-11 17:53:17.953575015,-0.9426,0.6024,-0.4748,-175953.8233556948,-6553.083119287122,-101595.30027947322,203283.78167166133
2017-07-11 17:53:18.153190970,-0.6093,0.0568,-0.5127,-176058.02310546432,-6554.222166233717,-101654.73871032987,203403.71488808654
2017-07-11 17:53:18.353235006,-1.0207,-0.2168,-0.2075,-176162.48715997132,-6555.372331711872,-101714.31291192198,203523.94512670694
2017-07-11 17:53:18.554048001,-2.052,-0.9624,-0.5672,-176267.43551760112,-6556.565727973715,-101774.13898651244,203644.72186762627
2017-07-11 17:53:18.753373980,-0.2142,0.9068,-0.2383,-176371.61524519947,-6557.7142592303,-101833.53151814073,203764.615235233
2017-07-11 17:53:18.953395009,-2.2655,0.7822,-0.1608,-176476.2488867281,-6558.83550083727,-101893.13758497221,203885.00737221344
2017-07-11 17:53:19.153126001,-0.5521,-0.3746,0.0934,-176580.75283070435,-6559.970060326378,-101952.65349511079,204005.24265847876
2017-07-11 17:53:19.353469014,-1.3512,-0.8108,-0.6232,-176685.63123198648,-6561.14063970412,-102012.37678905843,204125.9069018245
2017-07-11 17:53:19.552742004,-0.2981,0.8229,-0.2389,-176789.96131992468,-6562.272289937854,-102071.7905902389,204245.9406583282
2017-07-11 17:53:19.753203988,-2.1708,0.7268,-0.7426,-176895.00114354517,-6563.3814858796495,-102131.58873470333,204366.78013703355
2017-07-11 17:53:19.953239977,-0.2507,-0.4401,0.0894,-176999.8277821891,-6564.505935042639,-102191.25622686103,204487.37032472147
2017-07-11 17:53:20.153123974,-2.5906,-0.8565,-1.0033,-177104.6782749412,-6565.663750091882,-102250.9184677287,204607.97964606315
2017-07-11 17:53:20.353275001,0.0478,0.8208,-0.1635,-177209.66692518405,-6566.7902302911225,-102310.66696274783,204728.75069228947
2017-07-11 17:53:20.553287029,-3.4898,0.0014,-0.6869,-177314.7222726886,-6567.915872176269,-102370.40144349982,204849.5724800225
2017-07-11 17:53:20.753782987,-0.0928,-0.5091,0.314,-177420.03553251104,-6569.064702679124,-102430.26782972671,204970.68421385292
2017-07-11 17:53:20.952506005,-2.9968,-0.9967,-1.5354,-177524.53587735412,-6570.242734854143,-102489.6654653952,205090.85902417375
2017-07-11 17:53:21.153244018,-0.1518,0.9119,-0.1821,-177630.10194292894,-6571.395966246762,-102549.6727140869,205212.26019652645
2017-07-11 17:53:21.353236973,-3.0842,0.024,-1.0214,-177735.3995494395,-6572.5439573803205,-102609.49809335753,205333.33798007897
2017-07-11 17:53:21.553261995,0.0533,-0.543,0.4106,-177840.711906903,-6573.71385801864,-102669.31663695836,205454.42585678506
2017-07-11 17:53:21.753234982,-2.1393,-0.1214,-1.1794,-177946.08241703743,-6574.888309004475,-102729.16678247371,205575.58004701886
2017-07-11 17:53:21.953113973,0.1803,0.5786,-0.1024,-178051.39619517446,-6576.039091945123,-102788.99288686296,205696.67239866895
2017-07-11 17:53:22.353577971,-2.7503,-0.0869,-0.9218,-178262.83681208087,-6578.358658917509,-102909.00424480258,205939.74105449568
2017-07-11 17:53:22.553066015,-1.4875,0.2979,-0.9168,-178368.22351619593,-6579.5022781952575,-102968.82345926341,206060.89297859833
2017-07-11 17:53:22.753534972,-0.167,0.366,-0.1655,-178474.1351340987,-6580.636812086831,-103028.94346496527,206182.64932875446
2017-07-11 17:53:22.953243970,-1.637,-0.3728,-0.4089,-178579.71054058938,-6581.78191370426,-103088.8518698067,206304.00929151912
2017-07-11 17:53:23.153070986,-0.0453,-0.5793,0.2751,-178685.3501457163,-6582.950823952787,-103148.7846925372,206425.4378263377
2017-07-11 17:53:23.353073000,-1.7652,-0.3658,-1.1138,-178791.15287388023,-6584.135390166174,-103208.81455418174,206547.05659119601
2017-07-11 17:53:23.553135991,0.0461,0.7725,-0.2159,-178896.98601422238,-6585.289398065111,-103268.8713592871,206668.71421008583
2017-07-11 17:53:23.753072023,-2.7065,-0.2181,-0.4933,-179002.86018412828,-6586.451392056578,-103328.90977201621,206790.39844903816
2017-07-11 17:53:23.953054010,-0.1482,-0.6036,0.2892,-179108.7646159871,-6587.637792781775,-103388.95041856896,206912.1108166636
2017-07-11 17:53:24.153353989,-1.5661,0.5288,-0.2051,-179214.90027888305,-6588.804864507433,-103449.09476457542,207034.07458465057
2017-07-11 17:53:24.353761017,-0.4088,0.2779,-0.107,-179321.10908390753,-6589.961398675589,-103509.27555176863,207156.1195803075
2017-07-11 17:53:24.552668988,-2.034,0.2402,0.103,-179426.60391443345,-6591.099778532133,-103569.0021078096,207277.31903458474
2017-07-11 17:53:24.753498017,-0.0586,-0.715,0.3259,-179533.11998005962,-6592.2779904826,-103629.29236007875,207399.6854721071
2017-07-11 17:53:24.953161001,-2.2839,0.17,-0.6156,-179639.1086449932,-6593.442584446535,-103689.25709872248,207521.43233306537
2017-07-11 17:53:25.153213977,0.1911,0.5118,-0.111,-179745.2966843833,-6594.5889703085595,-103749.34340592744,207643.41198556084
2017-07-11 17:53:25.353735983,-2.2367,-0.1725,-0.5549,-179851.82362034702,-6595.74497997088,-103809.59289923668,207765.76688499592
2017-07-11 17:53:25.553183972,-0.0965,-0.6394,0.2457,-179957.78382553512,-6596.920232936103,-103869.50991608598,207887.4657264493
2017-07-11 17:53:25.753767013,-1.3333,0.2328,-1.0893,-180064.4006901955,-6598.092807855703,-103929.81174513677,208009.92522954266
2017-07-11 17:53:25.953711986,-0.2852,0.2963,-0.1734,-180170.6898012386,-6599.249807257364,-103989.92868224079,208132.00817944907
2017-07-11 17:53:26.153077006,-0.9114,-0.5822,-0.9557,-180276.70683889315,-6600.426591069917,-104049.90923202375,208253.78813133918
2017-07-11 17:53:26.352807998,-0.2955,-0.5692,0.1618,-180382.93027898954,-6601.62824188399,-104109.99343278825,208375.79937232166
2017-07-11 17:53:26.553175985,-1.1659,-0.0917,-1.4111,-180489.5393015248,-6602.837406590754,-104170.32590987025,208498.26872006187
2017-07-11 17:53:26.753085017,0.0548,0.3867,-0.1754,-180595.90193963583,-6604.028347700311,-104230.52720138147,208620.4587006886
2017-07-11 17:53:26.954110980,-2.4938,-0.1545,-1.3208,-180702.95962472644,-6605.232186398746,-104291.11822475173,208743.44552570002
2017-07-11 17:53:27.153066992,-0.2947,-0.6197,0.2635,-180808.92660919443,-6606.448159141668,-104351.07491612459,208865.17166583598
2017-07-11 17:53:27.353446006,-1.5219,-0.0153,-1.3183,-180915.71261302105,-6607.673443262691,-104411.5133704789,208987.84783552302
2017-07-11 17:53:27.553062021,0.144,0.4536,-0.0481,-181022.08626144196,-6608.875987375935,-104471.72360517562,209110.0523391873
2017-07-11 17:53:27.753897011,-2.4626,-0.1261,-1.0145,-181129.20881931603,-6610.090961148929,-104532.34243919038,209233.10972656842
2017-07-11 17:53:27.952983975,-0.0237,-0.6034,0.2983,-181235.39994408097,-6611.319276175437,-104592.42183617112,209355.0917484886
2017-07-11 17:53:28.153071999,-1.8754,-0.4727,-1.2536,-181342.20010693476,-6612.572692130223,-104652.85351582192,209477.7778339181
2017-07-11 17:53:28.353060007,0.1397,0.684,-0.1814,-181448.9412973291,-6613.798124833421,-104713.2622432231,209600.40055585688
2017-07-11 17:53:28.553187012,-2.7114,0.1662,-0.8451,-181555.8652694862,-6615.017752799061,-104773.74680324756,209723.21925054627
2017-07-11 17:53:28.753060996,-0.2955,-0.3544,0.1607,-181662.66586254648,-6616.249996928058,-104834.14847261131,209845.8901629636
2017-07-11 17:53:28.953737974,-1.5955,-0.8037,-0.83,-181769.95977991182,-6617.519557602726,-104894.82623090019,209969.1272866008
2017-07-11 17:53:29.153142988,-0.0445,0.6211,-0.2683,-181876.57539865616,-6618.756374936476,-104955.13005963068,210091.58940930458
2017-07-11 17:53:29.353071987,-2.6929,0.1984,-1.0377,-181983.57881531114,-6619.988511941152,-105015.6338298199,210214.48702457594
2017-07-11 17:53:29.553240001,-0.2598,-0.3553,0.2248,-182090.72056395476,-6621.236357853067,-105076.20092511641,210337.53656269307
2017-07-11 17:53:29.753055989,-2.4383,-0.9466,-0.9228,-182197.77124009462,-6622.519803595262,-105136.69834804152,210460.4736118731
2017-07-11 17:53:29.952509999,-0.3142,0.7168,-0.3526,-182304.64048733414,-6623.772408635243,-105197.100203551,210583.20492236197
2017-07-11 17:53:30.153683006,-2.6339,0.139,-0.967,-182412.53738403937,-6625.030183857736,-105258.0617682937,210707.105687109
2017-07-11 17:53:30.353817999,-0.0949,-0.4729,0.3214,-182519.88135464865,-6626.3004107460365,-105318.69590973394,210830.36464175524
2017-07-11 17:53:30.553121984,-2.41,-0.5292,-1.3119,-182626.87533781913,-6627.586384274672,-105379.13039521998,210953.22140178172
2017-07-11 17:53:30.753057003,0.0386,0.6097,-0.2699,-182734.20654111973,-6628.852057282992,-105439.76701666921,211076.47047536925
2017-07-11 17:53:30.953513979,-3.0684,0.207,-0.6999,-182841.9412443387,-6630.112716618458,-105500.59006217716,211200.16187517665
2017-07-11 17:53:31.154739975,-0.1461,-0.4709,0.3292,-182950.0951697764,-6631.397279901145,-105561.63311529515,211324.32689702883
2017-07-11 17:53:31.353084981,-2.667,-0.7706,-0.9131,-183056.8055571112,-6632.693767827794,-105621.83812570249,211446.82399233122
2017-07-11 17:53:31.553457975,-0.0379,0.7151,-0.1994,-183164.60853156474,-6633.974800966563,-105682.66671089588,211570.5780190325
2017-07-11 17:53:31.753458976,-2.7738,0.1675,-0.6427,-183272.3223226181,-6635.246755796812,-105743.40807591529,211694.21102275205
2017-07-11 17:53:31.952932000,-0.4356,-0.2037,0.1809,-183379.769095374,-6636.523457947954,-105803.98189360059,211817.5293539747
2017-07-11 17:53:32.352948009,-1.1961,-0.9221,-0.2016,-183595.4303700681,-6639.231258211602,-105925.48670177588,212065.01403456117
2017-07-11 17:53:32.554301977,-2.0517,0.5638,-0.7166,-183704.06984181868,-6640.571411099138,-105986.67699550815,212189.67497421705
2017-07-11 17:53:32.753910005,-0.6025,-0.2881,0.0798,-183811.79130647547,-6641.911422396104,-106047.33352878092,212313.27457133422
2017-07-11 17:53:32.953657984,-0.479,-0.7125,-0.0863,-183919.6074095306,-6643.280801433274,-106108.03603342088,212436.9800207871
2017-07-11 17:53:33.154116988,-0.9989,0.5203,-0.5061,-184027.84743552652,-6644.634147288889,-106168.9749523601,212561.1701067239
2017-07-11 17:53:33.353847026,-1.2226,0.516,-0.6132,-184135.7426204454,-6645.961987406238,-106229.71672971209,212684.96241529591
2017-07-11 17:53:33.553605020,-0.7247,-0.0758,0.0472,-184243.68182522777,-6647.293038046768,-106290.46512559206,212808.79627934587
2017-07-11 17:53:33.753588974,-0.7007,-0.6186,-0.1643,-184351.7711509681,-6648.6503343599215,-106351.28880910444,212932.79857533702
2017-07-11 17:53:33.953626990,-1.2171,0.3303,-0.7487,-184459.93839918784,-6649.994780570128,-106412.15889457203,213056.89114745252
2017-07-11 17:53:34.153585970,-0.4304,0.2642,-0.3423,-184568.0801189367,-6651.328131917599,-106473.01861635479,213180.95613348606
2017-07-11 17:53:34.353739023,-1.0385,-0.1466,-0.5527,-184676.36840075496,-6652.668650346434,-106533.95954824628,213305.18883255054
2017-07-11 17:53:34.553644001,-0.3351,-0.6996,0.1469,-184784.53585847226,-6654.035464716551,-106594.81907791339,213429.27712628793
2017-07-11 17:53:34.753853976,-1.459,0.2861,-0.7803,-184892.92683095424,-6655.3928964067045,-106655.802739138,213553.62067792728
2017-07-11 17:53:34.953671991,-0.3575,0.3369,-0.3725,-185001.11987558173,-6656.7342191054195,-106716.68188282495,213677.74020183578
2017-07-11 17:53:35.153710007,-1.2827,-0.3284,-0.4252,-185109.4833689978,-6658.090159603848,-106777.6450693315,213802.0497662799
2017-07-11 17:53:35.354766011,-0.1574,-0.508,0.2089,-185218.4046839338,-6659.473535592946,-106838.9100513565,213926.99390772212
2017-07-11 17:53:35.553718984,-1.7493,-0.0831,-1.0585,-185326.25593122636,-6660.845730858965,-106899.57610402907,214050.71215615663
2017-07-11 17:53:35.753643989,-0.1975,0.475,-0.2585,-185434.64200547826,-6662.205644557224,-106960.54888735682,214175.0463009986
2017-07-11 17:53:35.953634977,-1.7879,-0.2605,-0.7202,-185543.13536089042,-6663.57642614068,-107021.57059947004,214299.49814200238
2017-07-11 17:53:36.153607010,-0.1814,-0.5917,0.2275,-185651.62568735232,-6664.970739183691,-107082.5774305347,214423.94069804196
2017-07-11 17:53:36.353778004,-1.6754,-0.1161,-1.0773,-185760.29108626983,-6666.371091434632,-107143.68812570393,214548.5869288412
2017-07-11 17:53:36.553794026,-0.3512,0.205,-0.1936,-185868.88640689457,-6667.762158221687,-107204.75925433086,214673.15247398015
2017-07-11 17:53:36.753611981,-2.2659,-0.0495,-0.4233,-185977.46466146404,-6669.1538238941175,-107265.78680811652,214797.68153822605
2017-07-11 17:53:36.953607022,-0.2513,-0.5913,0.2028,-186086.14919356632,-6670.570373738818,-107326.86033516079,214922.32638840558
2017-07-11 17:53:37.153747022,-2.1454,-0.1629,-0.8788,-186194.99843781174,-6671.994475442813,-107388.0133303197,215047.15380718242
2017-07-11 17:53:37.353872001,0.1217,0.5469,-0.0843,-186303.83463856738,-6673.3965669155195,-107449.16511201131,215171.96868096516
2017-07-11 17:53:37.553987026,-2.5206,-0.1403,-0.795,-186412.76636593428,-6674.804207106772,-107510.3456886679,215296.88085409062
2017-07-11 17:53:37.753660023,-0.0926,-0.404,0.2911,-186521.4611692152,-6676.22484520388,-107571.37951945225,215421.51505037933
2017-07-11 17:53:37.953608989,-1.8566,-0.0054,-1.0054,-186630.3804262063,-6677.647662661448,-107632.53790086356,215546.40588819375
2017-07-11 17:53:38.153729975,-0.0889,0.603,-0.1219,-186739.3969488647,-6679.047555006009,-107693.75377992574,215671.40898199502
2017-07-11 17:53:38.353618979,-2.7378,-0.1593,-0.587,-186848.39648909488,-6680.452189512399,-107754.92215095005,215796.3738336668
2017-07-11 17:53:38.553606986,-0.1576,-0.4173,0.2375,-186957.4563189378,-6681.874209718228,-107816.11131918855,215921.4018484358
2017-07-11 17:53:38.753710985,-2.6264,-0.7007,-1.0745,-187066.68456819825,-6683.325111844771,-107877.37900153558,216046.6158266066
2017-07-11 17:53:38.953981995,0.0185,0.6185,-0.1463,-187176.00323964265,-6684.752417831399,-107938.70368704724,216171.93586886945
2017-07-11 17:53:39.154157996,-2.5977,0.3928,-0.7167,-187285.37414103263,-6686.163307035537,-108000.02799847371,216297.30047919237
2017-07-11 17:53:39.353983998,-0.2688,-0.2573,0.248,-187394.56454547547,-6687.5820034614035,-108061.23518427159,216422.45060019038
2017-07-11 17:53:39.553683996,-2.1429,-0.703,-0.495,-187503.77155692226,-6689.027841004576,-108122.42351538487,216547.60656347248
2017-07-11 17:53:39.753612995,-0.5488,0.725,-0.3178,-187613.1257352067,-6690.4463571125825,-108183.69471566916,216672.93052646192
2017-07-11 17:53:39.953589975,-2.6477,0.4985,-0.9764,-187722.6120410434,-6691.845278240475,-108245.01966745075,216798.39516829178
2017-07-11 17:53:40.153605997,-0.4232,-0.1993,0.0774,-187832.13665287447,-6693.2524457605205,-108306.35349535817,216923.89770458272
2017-07-11 17:53:40.353801012,-2.1806,-0.9096,-0.7151,-187941.84667173077,-6694.697327534217,-108367.77087030715,217049.60369944712
2017-07-11 17:53:40.553562998,-0.7731,0.7002,-0.5221,-188051.35023432047,-6696.1111426000925,-108429.07623159334,217175.07408038748
2017-07-11 17:53:40.754640996,-1.297,0.4581,-0.6918,-188161.62763620957,-6697.515749673626,-108490.81343758048,217301.42989007826
2017-07-11 17:53:40.954325973,-0.4933,-0.2234,0.0058,-188271.16073212624,-6698.919533831967,-108552.12271147894,217426.92756765627
2017-07-11 17:53:41.153355002,-0.5618,-0.7007,-0.1353,-188380.35627556284,-6700.346463196766,-108613.23594925663,217552.03583649534
2017-07-11 17:53:41.354400992,-1.2324,0.4493,-0.646,-188490.70822006618,-6701.7696925927285,-108674.99461982839,217678.46760287156
2017-07-11 17:53:41.553789973,-0.5487,0.103,-0.3256,-188600.17246455522,-6703.177096952838,-108736.25722368121,217803.88259135248
2017-07-11 17:53:41.753700971,-1.1265,-0.1031,-0.1027,-188709.9683154805,-6704.592306345446,-108797.68432249059,217929.66712579608
2017-07-11 17:53:41.953593015,-0.1159,-0.4763,0.1404,-188819.75838741698,-6706.026412996723,-108859.09998732322,218055.44156884588
2017-07-11 17:53:42.352623999,-1.5567,0.1523,-0.818,-189039.17275799162,-6708.864973147428,-108981.8301768203,218306.79562245202
2017-07-11 17:53:42.552416026,-1.3675,-0.2057,-0.159,-189149.08658732526,-6710.294431288282,-109043.2866723778,218432.69759010078
2017-07-11 17:53:42.752439975,-0.1591,-0.6546,0.2854,-189259.13437203495,-6711.751739039762,-109104.80308895164,218558.74636293418
2017-07-11 17:53:42.952691018,-2.3231,-0.1467,-1.2073,-189369.4002551673,-6713.2165840628,-109166.43776051758,218685.04330023864
2017-07-11 17:53:43.152520000,0.0754,0.5174,-0.1107,-189479.4307245265,-6714.65768107016,-109227.94694761709,218811.0730512879
2017-07-11 17:53:43.353411018,-2.5172,-0.0298,-0.5415,-189590.14756267102,-6716.107639755782,-109289.80489252883,218937.87157116327
2017-07-11 17:53:43.552487015,-0.0129,-0.4919,0.2616,-189699.8646016004,-6717.563992889644,-109351.09359240928,219063.52039013692
2017-07-11 17:53:43.752755999,-2.8248,-0.557,-1.0103,-189810.35242929598,-6719.051413365814,-109412.79009301454,219190.04123629123
2017-07-11 17:53:43.952418029,-0.2869,0.8871,-0.2059,-189920.51683944697,-6720.498961749679,-109474.30781859643,219316.19159382267
2017-07-11 17:53:44.153981983,-2.4219,0.6303,-0.6294,-190031.82904161606,-6721.934691224075,-109536.43711590525,219443.64085327636
2017-07-11 17:53:44.352512001,-0.4621,-0.2568,0.1538,-190141.48398836516,-6723.358931689796,-109597.6251825608,219569.18484677933
2017-07-11 17:53:44.552538990,-1.0301,-0.7772,-0.341,-190252.006978727,-6724.825007711692,-109659.28826776832,219695.71897106105
2017-07-11 17:53:44.752416014,-0.621,0.7478,-0.27,-190362.4719168315,-6726.260109354732,-109720.9159094142,219822.18422476356
2017-07-11 17:53:44.952472984,-1.945,0.5566,-0.6263,-190473.1141490334,-6727.67422631059,-109782.62409968724,219948.8426165032
2017-07-11 17:53:45.152648985,-0.716,-0.0907,0.0699,-190583.85090219008,-6729.092819033684,-109844.3662045167,220075.59996907282
2017-07-11 17:53:45.352952003,-0.6719,-0.5666,-0.2526,-190694.68487826452,-6730.535044619639,-109906.15762099499,220202.46689312646
2017-07-11 17:53:45.553906023,-1.1749,0.4776,-0.5865,-190805.9265196944,-6731.962670871861,-109968.17354922711,220329.79850713332
2017-07-11 17:53:45.752418994,-1.048,0.396,-0.4654,-190915.85817435925,-6733.357349987791,-110029.45449150617,220455.62786954004
2017-07-11 17:53:45.952525973,-0.9087,0.2111,-0.2514,-191026.70893877663,-6734.754774981889,-110091.23757072022,220582.50392928263
2017-07-11 17:53:46.152521014,-0.6692,-0.78,0.0536,-191137.5244609705,-6736.182616722133,-110152.98394515541,220709.33212108543
2017-07-11 17:53:46.352759003,-1.6324,0.2512,-0.7597,-191248.54005003936,-6737.602121034498,-110214.83578760443,220836.3859994577
2017-07-11 17:53:46.551926970,0.0907,0.5448,-0.2557,-191358.95880154095,-6738.992428808426,-110276.36725227097,220962.76226306352
2017-07-11 17:53:46.752950012,-2.4028,-0.1138,-0.5967,-191470.50310468845,-6740.400284768347,-110338.49594138979,221090.4119173184
2017-07-11 17:53:46.952527999,-0.1588,-0.5166,0.2939,-191581.25189635615,-6741.8185972368965,-110400.16631171979,221217.1442674109
2017-07-11 17:53:47.152414977,-2.4253,-0.1917,-0.8615,-191692.2690541089,-6743.24676490372,-110461.96658252818,221344.1742023603
2017-07-11 17:53:47.352356970,0.0238,0.5575,-0.173,-191803.3158157256,-6744.65303857958,-110523.7907786447,221471.24109147766
2017-07-11 17:53:47.554045975,-2.7324,0.0518,-0.7002,-191915.44400869316,-6746.069492560211,-110586.18365255314,221599.52869419308
2017-07-11 17:53:47.752744019,-0.3663,-0.2766,0.2474,-192025.92385075358,-6747.475861559364,-110647.64149946005,221725.9218734489
2017-07-11 17:53:47.952863991,-1.5924,-0.7469,-0.5528,-192137.2580839121,-6748.92220670573,-110709.56129111147,221853.28678256355
2017-07-11 17:53:48.151973009,-0.4242,0.616,-0.1925,-192248.04670266403,-6750.336824341907,-110771.17591164265,221980.0259507144
2017-07-11 17:53:48.352827012,-2.1413,0.1703,-0.7748,-192359.89265432314,-6751.75696934245,-110833.36177795492,222107.9661046826
2017-07-11 17:53:48.552892982,-0.2463,-0.3286,0.2092,-192471.30964673692,-6753.184695201623,-110895.29528997354,222235.40910059318
2017-07-11 17:53:48.752511024,-2.4645,-0.9563,-0.7973,-192582.5753913048,-6754.647330556173,-110957.12190926156,222362.66887068638
2017-07-11 17:53:48.952376008,-0.4434,0.5707,-0.2663,-192693.99649173254,-6756.088978107818,-111019.03565018605,222490.1060697604
2017-07-11 17:53:49.152814984,-1.5853,0.5078,-0.5871,-192805.80127294955,-6757.514364662622,-111081.15078830867,222617.97561146697
2017-07-11 17:53:49.352536976,-0.7871,-0.1269,0.0313,-192917.23751730888,-6758.9397144098275,-111143.04248778922,222745.4145225336
2017-07-11 17:53:49.552227020,-0.2466,-0.6698,0.1412,-193028.66576951387,-6760.39154517567,-111204.91865642057,222872.83961035695
2017-07-11 17:53:49.752620995,-1.562,0.5022,-0.5715,-193140.549545872,-6761.828326596859,-111267.03589600889,223000.77909792945
2017-07-11 17:53:49.952417016,-0.3857,0.1887,-0.2688,-193252.11486965927,-6763.253288205792,-111328.97851453575,223128.3553332619
2017-07-11 17:53:50.152249991,-1.7784,0.006,-0.3872,-193363.77184565164,-6764.678273774376,-111390.94805202694,223256.0244258915
2017-07-11 17:53:50.352385997,-0.4083,-0.4787,0.0619,-193475.6144948921,-6766.124594272857,-111453.00908208238,223383.9006724792
2017-07-11 17:53:50.552790999,-1.6691,0.1747,-0.7915,-193587.67450270348,-6767.565842391343,-111515.18531461137,223512.02254587534
2017-07-11 17:53:50.752278983,-0.0526,0.3692,-0.2291,-193699.22383689263,-6768.985803129959,-111577.08615678779,223639.56411837522
2017-07-11 17:53:50.953092992,-2.5299,-0.0003,-0.4906,-193811.6166767911,-6770.415214647426,-111639.41824673164,223768.05175788346
2017-07-11 17:53:51.153370976,-0.1452,-0.3855,0.3394,-193923.71533502327,-6771.856273587417,-111701.57034229419,223896.19519693442
2017-07-11 17:53:51.353223979,-2.2331,-0.9126,-0.558,-194035.66531761875,-6773.33072502418,-111763.61284106864,224024.15624135223
2017-07-11 17:53:51.553007006,-0.0887,0.4792,-0.1777,-194147.57964265044,-6774.785533767255,-111825.64070903316,224152.07855407815
2017-07-11 17:53:51.754050016,-2.4597,0.4172,-0.6297,-194260.2992010052,-6776.232655124159,-111888.08522308532,224280.90598521498
2017-07-11 17:53:51.952646017,-0.6299,-0.2667,0.1594,-194371.67162889396,-6777.672681489775,-111949.76340258984,224408.18413035618
2017-07-11 17:53:52.352313995,-1.0197,-0.723,-0.0539,-194595.96789066284,-6780.68617564547,-112073.89733789064,224664.4762502976
2017-07-11 17:53:52.552443981,-1.829,0.4519,-0.5031,-194708.35539211237,-6782.177055035017,-112136.07639019971,224792.88514829753
2017-07-11 17:53:52.752318978,-0.8743,-0.1002,-0.1413,-194820.6346270431,-6783.670037861363,-112198.18186406363,224921.16367578195
2017-07-11 17:53:52.952427029,-0.6913,-0.6788,0.0917,-194933.0724613096,-6785.191942849777,-112260.35608086911,225049.61478818627
2017-07-11 17:53:53.152319014,-1.7619,0.4566,-0.6964,-195045.45929109585,-6786.693960288892,-112322.49099119102,225178.00156198948
2017-07-11 17:53:53.352656006,-0.3385,0.2039,-0.1551,-195158.1099063057,-6788.191138067085,-112384.77045349471,225306.68882883465
2017-07-11 17:53:53.552453994,-1.4157,0.0211,-0.2155,-195270.51395020302,-6789.683445412592,-112446.89095633263,225435.08312907
2017-07-11 17:53:53.753293991,-0.3635,-0.5496,0.153,-195383.51887873892,-6791.205704660403,-112509.32926550705,225564.15738351655
2017-07-11 17:53:53.954729974,-1.496,0.2995,-0.5554,-195496.91984801248,-6792.720328513471,-112571.97539444703,225693.67816518387
2017-07-11 17:53:54.152602016,-0.4165,0.3734,-0.3495,-195608.33075837442,-6794.193534762795,-112633.52683000009,225820.92793634025
2017-07-11 17:53:54.353205025,-2.2327,0.1458,-0.2287,-195721.36917403943,-6795.681206515789,-112695.9369821396,225950.0162573652
2017-07-11 17:53:54.552308022,-0.6478,-0.36,0.0776,-195833.58802335052,-6797.17202530223,-112757.87738521362,226078.1605066261
2017-07-11 17:53:54.752610981,-1.5279,0.1348,-0.2671,-195946.54449906078,-6798.666420667745,-112820.20180960826,226207.1353927251
2017-07-11 17:53:54.952916026,-0.5148,0.4802,-0.2028,-196059.52280598792,-6800.1415649585015,-112882.53501982758,226336.13304268892
2017-07-11 17:53:55.152613997,-1.6552,0.5714,0.229,-196172.2247123855,-6801.589451439117,-112944.6701814753,226464.7917228522
2017-07-11 17:53:55.352894008,-0.8941,-0.2311,0.1236,-196285.2909641385,-6803.050827834134,-113006.98148450312,226593.85431578112
2017-07-11 17:53:55.553292989,-0.7196,-0.237,0.0478,-196398.45327827608,-6804.52259017466,-113069.3278819517,226723.01798771048
2017-07-11 17:53:55.752384006,-1.2385,0.5456,-0.1938,-196510.92609537396,-6805.963120542898,-113131.2750386507,226851.3843923606
2017-07-11 17:53:55.954246997,-0.6085,0.2391,-0.1008,-196624.98968388644,-6807.413964624545,-113194.0888023411,226981.56134996185
2017-07-11 17:53:56.153021991,-1.1631,0.1603,0.0983,-196737.3543416666,-6808.836280740813,-113255.93778915612,227109.78466230293
2017-07-11 17:53:56.351553022,-0.6752,-0.4171,0.198,-196849.6077033741,-6810.27329101962,-113317.70306261783,227237.87030919446
2017-07-11 17:53:56.552308976,-1.1611,0.3743,-0.138,-196963.16587619967,-6811.71132037404,-113380.16609686892,227367.4343155612
2017-07-11 17:53:56.752425014,-0.5877,0.364,-0.1748,-197076.3856140172,-6813.130189064039,-113442.43702832384,227496.6088287541
2017-07-11 17:53:56.952256023,-1.4743,0.1512,-0.0172,-197189.50296323822,-6814.540999049194,-113504.61995296915,227625.65057256757
2017-07-11 17:53:57.152451992,-0.6371,-0.3545,0.0014,-197302.85243752348,-6815.96859345956,-113566.91638886486,227754.95056293643
2017-07-11 17:53:57.352383971,-1.3499,0.1157,-0.4899,-197416.10640190443,-6817.389680508727,-113629.15025974489,227884.1364766219
2017-07-11 17:53:57.552089989,-0.2411,0.4283,-0.1327,-197529.24198352644,-6818.792079788379,-113691.31908697168,228013.18689880535
2017-07-11 17:53:57.753377020,-1.9028,0.7196,-0.1353,-197643.3503205525,-6820.176425794004,-113753.98556814555,228143.32768031914
2017-07-11 17:53:57.953651010,-0.7915,0.0835,-0.0275,-197756.9161178866,-6821.550455480549,-113816.33776333868,228272.84149660007
2017-07-11 17:53:58.153555989,-0.7977,-0.5905,-0.0158,-197870.30454442636,-6822.945551036414,-113878.57570408979,228402.14537278004
2017-07-11 17:53:58.352387011,-1.3204,0.4198,-0.3555,-197983.13601047563,-6824.316555389339,-113940.4933358797,228530.80637545194
2017-07-11 17:53:58.552428007,-1.3397,0.3698,-0.3911,-198096.70771546842,-6825.681104840488,-114002.80341403763,228660.30419929125
2017-07-11 17:53:58.752435028,-1.0182,0.0303,-0.3167,-198210.30086228126,-6827.0442104512085,-114065.11557832971,228789.82165399147
2017-07-11 17:53:58.952485978,-0.4839,-0.5171,0.1059,-198323.93832424813,-6828.4283099905915,-114127.43719053816,228919.38289560605
2017-07-11 17:53:59.152427971,-1.5138,0.1403,-0.6389,-198437.574410878,-6829.80604694023,-114189.750400692,229048.938625098
2017-07-11 17:53:59.352316021,-0.0269,0.662,-0.2363,-198551.18091405457,-6831.156961821803,-114252.05624058386,229178.46430894028
2017-07-11 17:53:59.552437007,-2.4728,0.1128,-0.385,-198665.01883826405,-6832.504933507575,-114314.45010612057,229308.23434133138
2017-07-11 17:53:59.752485990,-0.4013,-0.1926,0.1215,-198778.83186375402,-6833.860127970822,-114376.81666012907,229437.9694616217
2017-07-11 17:53:59.953323006,-0.746,-0.4872,-0.1411,-198893.1233118285,-6835.2403122754195,-114439.43457982155,229568.2451860667
2017-07-11 17:54:00.152426004,-0.8047,0.5039,-0.4917,-199006.45987246645,-6836.588604523458,-114501.53135111119,229697.4329339982
2017-07-11 17:54:00.354897022,-0.6416,0.3272,-0.1867,-199121.7399328495,-6837.946291035711,-114564.68620309028,229828.83228215078
2017-07-11 17:54:00.552703976,-1.4882,-0.0903,-0.1696,-199234.42266467682,-6839.276235494348,-114626.39287414563,229957.25867493392
2017-07-11 17:54:00.752497017,-0.5077,-0.4467,0.1667,-199348.2570570421,-6840.637364342234,-114688.71245878316,230086.98936855255
2017-07-11 17:54:00.952906012,-1.8263,-0.0488,-0.62,-199462.5157473966,-6842.004649487973,-114751.24907375626,230217.19609944714
2017-07-11 17:54:01.152734994,0.0167,0.2274,-0.0942,-199576.44308949934,-6843.358897059282,-114813.60846016015,230347.02708064867
2017-07-11 17:54:01.352476000,-1.9826,0.2257,-0.5869,-199690.39937309426,-6844.703543781189,-114875.96380767932,230476.8808994329
2017-07-11 17:54:01.552425980,-0.2493,-0.2265,0.1245,-199804.48484759522,-6846.058652774639,-114938.37941540203,230606.8770590527
2017-07-11 17:54:01.752438008,-1.9937,-0.7556,-0.6691,-199918.68548242038,-6847.444409917725,-115000.84115900625,230736.9969624395
2017-07-11 17:54:01.953305006,-0.7957,0.5888,-0.4725,-200033.40638301754,-6848.812333970532,-115063.58896535561,230867.70974990784
2017-07-11 17:54:02.352698981,-0.8111,0.2263,-0.0728,-200261.6411142003,-6851.496147934166,-115188.36520368516,231127.72957720901
2017-07-11 17:54:02.551717996,-0.4656,-0.5116,0.0749,-200375.3894923835,-6852.853762877091,-115250.53854812012,231257.31329960463
2017-07-11 17:54:02.751963019,-1.9975,-0.0794,-0.7479,-200489.9186855427,-6854.222924861757,-115313.12488559379,231387.7797925374
2017-07-11 17:54:02.951821982,0.0559,0.5392,-0.1323,-200604.22484066462,-6855.5679095950645,-115375.59584502471,231517.99487703212
2017-07-11 17:54:03.152409017,-2.2981,0.1395,-0.3243,-200719.03986940492,-6856.912181207554,-115438.30742998353,231648.77084296377
2017-07-11 17:54:03.351939976,-0.4952,-0.1757,0.0778,-200833.27012065687,-6858.256370403234,-115500.68574563507,231778.87409233578
2017-07-11 17:54:03.551558017,-2.2479,-0.4345,-0.4656,-200947.63979870587,-6859.61845992706,-115563.10983820674,231909.12155748348
2017-07-11 17:54:03.752324998,-1.161,0.4414,-0.3984,-201062.7145502868,-6860.9705975411,-115625.9092831011,232040.16677595788
2017-07-11 17:54:03.953361988,-0.4449,0.2565,-0.1467,-201177.962045482,-6862.314186957094,-115688.79911519121,232171.4065286442
2017-07-11 17:54:04.153249979,-1.725,-0.0451,-0.3689,-201292.61978235736,-6863.651899254277,-115751.3442486556,232301.96338302782
2017-07-11 17:54:04.351867973,-0.4488,-0.1424,0.2015,-201406.56674109967,-6864.9867298914105,-115813.48404991302,232431.70234935268
2017-07-11 17:54:04.551980018,-2.1188,0.0664,-0.4498,-201521.45568250044,-6866.328942460013,-115876.10929345239,232562.49972540324
2017-07-11 17:54:04.751963019,-0.7501,0.5453,-0.3561,-201636.30053566373,-6867.648481198783,-115938.70839413526,232693.2452682504
2017-07-11 17:54:04.952017009,-1.4138,0.7052,-0.0811,-201751.242738435,-6868.940265109487,-116001.33296169629,232824.08710388813
2017-07-11 17:54:05.152413010,-1.0941,0.0885,-0.0462,-201866.42538312587,-6870.230703413248,-116064.06644713599,232955.1915865462
2017-07-11 17:54:05.351877987,-0.678,-0.4664,0.156,-201981.09987343868,-6871.533702762143,-116126.50227109574,233085.70786564975
2017-07-11 17:54:05.552013993,-1.9559,0.3926,-0.282,-202096.23848774613,-6872.825360223451,-116189.1594335343,233216.73634025356
2017-07-11 17:54:05.751963019,0.0479,0.4048,-0.0878,-202211.2676170904,-6874.099627187483,-116251.76156780956,233347.64208068163
2017-07-11 17:54:05.952373981,-2.2402,0.2231,0.4496,-202326.65247127856,-6875.36787733882,-116314.49027186025,233478.91902885996
2017-07-11 17:54:06.151920020,-0.5648,-0.0982,0.2335,-202441.56184319055,-6876.634564232071,-116376.93895704897,233609.64446155267
2017-07-11 17:54:06.351993024,-0.8297,-0.4015,0.103,-202556.80788220474,-6877.920667942903,-116439.54843491278,233740.74238752067
2017-07-11 17:54:06.552067995,-1.4659,0.232,-0.2202,-202672.1137342184,-6879.197497339335,-116502.1673429208,233871.8966428016
2017-07-11 17:54:06.751810014,-0.8079,0.3866,-0.1853,-202787.2599342754,-6880.456777786213,-116564.68943742859,234002.86387300165
2017-07-11 17:54:06.952158987,-1.8932,-0.1306,-0.3646,-202902.83202039625,-6881.725127041768,-116627.41615211466,234134.30244400294
2017-07-11 17:54:07.152001023,-0.2017,-0.3273,0.1999,-203018.11973319287,-6883.003338358747,-116689.9761679009,234265.41190073744
2017-07-11 17:54:07.351970970,-2.5908,-0.8194,-0.3858,-203133.58483796217,-6884.315133958911,-116752.59165324672,234396.7037774529
2017-07-11 17:54:07.551819026,-0.0467,0.8801,-0.0227,-203248.98142653296,-6885.590979428583,-116815.16987815763,234527.91673428123
2017-07-11 17:54:07.753207981,-2.3686,0.1774,-0.3961,-203365.36382802407,-6886.869467214341,-116878.2466680847,234660.23250684957
2017-07-11 17:54:07.952108979,-1.1498,-0.0078,0.015,-203480.35393050543,-6888.132469156179,-116940.54361459833,234790.95286120835
2017-07-11 17:54:08.152086973,-0.7251,-0.4528,0.0012,-203595.9956714241,-6889.420417932088,-117003.17783451799,234922.40674424698
2017-07-11 17:54:08.352256000,-1.9047,0.1709,-0.889,-203711.82419827388,-6890.702749487395,-117065.90750716711,235054.0699563546
2017-07-11 17:54:08.551976978,0.1034,0.9156,-0.0887,-203827.38933549187,-6891.945688849382,-117128.50030675433,235185.43565197565
2017-07-11 17:54:08.751797020,-2.4099,0.2081,-0.6556,-203943.10801700942,-6893.180935697163,-117191.15032994976,235316.96276874456
2017-07-11 17:54:08.951851010,-0.1842,-0.2232,0.0587,-204058.96955318196,-6894.426561584762,-117253.87135411527,235448.64943389874
2017-07-11 17:54:09.151984989,-1.05,-0.1367,-0.3636,-204174.919471381,-6895.678160848183,-117316.63201996336,235580.432691152
2017-07-11 17:54:09.352527976,-1.4027,0.4837,-0.3154,-204291.1627661328,-6896.912864768931,-117379.5336325576,235712.5399871621
2017-07-11 17:54:09.551958024,-0.8996,0.3852,-0.1975,-204406.79673302794,-6898.125396235154,-117442.09401963172,235843.94868716816
2017-07-11 17:54:09.751998007,-1.5026,0.2326,-0.2781,-204522.84448180345,-6899.332328375921,-117504.85686925873,235975.816746908
2017-07-11 17:54:09.951999008,-0.2628,-0.3021,0.1188,-204638.8801283384,-6900.551109441525,-117567.60273617624,236107.66628579816
2017-07-11 17:54:10.153459012,-2.2456,-0.0262,-0.8145,-204755.85339263952,-6901.779844845475,-117630.83939024866,236240.57322828626
2017-07-11 17:54:10.353380978,-0.4885,0.6358,-0.1259,-204871.95315418704,-6902.973787361955,-117693.5982987934,236372.48426337226
2017-07-11 17:54:10.552075982,-2.0307,0.5472,-0.5282,-204987.42055918553,-6904.138799114622,-117755.99289625885,236503.6650520444
2017-07-11 17:54:10.751989006,-0.8745,0.1057,-0.0195,-205103.630740364,-6905.306728180949,-117818.77075809133,236635.68062918476
2017-07-11 17:54:10.951852023,-0.6489,-0.4706,0.026,-205219.83777274506,-6906.493163320232,-117881.53187785612,236767.68576213435
2017-07-11 17:54:11.152400016,-2.1827,0.282,-0.5735,-205336.53086014403,-6907.672322744191,-117944.5311601295,236900.2306313357
2017-07-11 17:54:11.351993024,0.0638,0.469,-0.1957,-205452.66572771734,-6908.827183429288,-118007.2382437035,237032.14555326002
2017-07-11 17:54:11.552251994,-1.9069,-0.0653,-0.2412,-205569.26456453188,-6909.988516191047,-118070.16422872456,237164.57188183564
2017-07-11 17:54:11.751991987,-0.1721,-0.3823,0.2176,-205685.56809815046,-6911.162091590433,-118132.91845782436,237296.657179738
2017-07-11 17:54:11.952485024,-3.2915,-0.5358,-0.4748,-205802.4424201298,-6912.361629309353,-118195.9283637323,237429.3653513603
2017-07-11 17:54:12.354152023,-0.3035,0.6127,-0.0903,-206036.6369644002,-6914.665927881447,-118322.17674178045,237695.27947649144
2017-07-11 17:54:12.553915023,0.0759,-0.2846,0.1173,-206153.1070460623,-6915.823292921005,-118384.9597800912,237827.52334138693
2017-07-11 17:54:12.753893971,-2.4227,-0.4369,-0.313,-206269.7999219297,-6916.999381417634,-118447.82320554987,237960.00097161002
2017-07-11 17:54:12.953805029,-0.4516,0.625,-0.0997,-206386.47123016752,-6918.150092879551,-118510.66927422615,238092.45061398606
2017-07-11 17:54:13.152815997,-2.7806,1.2001,-0.5391,-206502.7273580859,-6919.24809291902,-118573.25373272937,238224.40870168098
2017-07-11 17:54:13.353699982,-0.9306,-0.2065,-0.0843,-206620.11519909863,-6920.364760103833,-118636.43061468596,238357.64330579975
2017-07-11 17:54:13.553695023,-0.2135,-0.4904,0.1524,-206736.9921195779,-6921.496100883691,-118699.32183306314,238490.2933508072
2017-07-11 17:54:13.754189014,-0.9824,0.6881,-0.4669,-206854.20011634284,-6922.602604011945,-118762.38872156944,238623.31719142254
2017-07-11 17:54:13.953876018,-0.1876,0.4225,-0.1912,-206970.94383222,-6923.687806327292,-118825.20939034356,238755.81549000734
2017-07-11 17:54:14.153782010,-0.6926,-0.1971,-0.1705,-207087.84325378438,-6924.782075326685,-118888.10576538657,238888.48679410332
2017-07-11 17:54:14.353688001,-0.2651,-0.5007,-0.2254,-207204.75326879762,-6925.896353496908,-118951.0111476411,239021.17243150013
2017-07-11 17:54:14.554066002,-0.9793,0.6536,-0.3498,-207321.97864725502,-6926.987019738039,-119014.07910449851,239154.21176403377
2017-07-11 17:54:14.753875970,-0.5968,0.4955,-0.503,-207438.89554102262,-6928.054811797105,-119076.98835764146,239286.90411947004
2017-07-11 17:54:14.953692972,-0.7328,-0.0986,-0.0593,-207555.8458090523,-6929.126578231994,-119139.90219306835,239419.62789049302
2017-07-11 17:54:15.153689980,-0.3068,-0.6348,0.1301,-207672.91370386342,-6930.224701412533,-119202.8675008484,239552.48009797183
2017-07-11 17:54:15.353905022,-1.0029,0.6435,-0.2273,-207790.14942680334,-6931.298226370362,-119265.91056410708,239685.51586735842
2017-07-11 17:54:15.553817987,-0.1664,0.2375,-0.3045,-207907.2149190582,-6932.360639900234,-119328.87067974088,239818.36255204357
2017-07-11 17:54:15.753772020,-1.0471,-0.2367,-0.0058,-208024.346324756,-6933.432735329422,-119391.84396112668,239951.273298925
2017-07-11 17:54:15.953693985,-0.2698,-0.6471,0.076,-208141.46972886685,-6934.530522624673,-119454.80410542713,240084.171403131
2017-07-11 17:54:16.153689980,-1.094,0.6637,-0.2353,-208258.68026137512,-6935.602169487735,-119517.79697514452,240217.16065979746
2017-07-11 17:54:16.353679001,0.0236,0.2942,-0.3552,-208375.8857627739,-6936.662012273697,-119580.80185469669,240350.1512783076
2017-07-11 17:54:16.553516983,-0.9045,-0.0968,-0.1647,-208493.03886771048,-6937.72492035695,-119643.76572799734,240483.0762464151
2017-07-11 17:54:16.753463983,-0.323,-0.5916,0.1078,-208610.26879655983,-6938.812059750243,-119706.75964038636,240616.08355173335
2017-07-11 17:54:16.953545987,-1.2329,0.535,-0.2159,-208727.62723538082,-6939.878515626435,-119769.80472928079,240749.22722620273
2017-07-11 17:54:17.153694987,0.2418,0.571,-0.0407,-208845.0152844026,-6940.922454553323,-119832.87255879013,240882.40732638346
2017-07-11 17:54:17.353812992,-2.0152,-0.1391,-0.2435,-208962.4658579041,-6941.971802383951,-119895.94037313582,241015.64187388206
2017-07-11 17:54:17.553694009,0.235,-0.8194,0.2947,-209079.7679527706,-6943.052644547306,-119958.92172599462,241148.7056753004
2017-07-11 17:54:17.753699004,-1.8399,0.3381,-0.6207,-209197.2164049935,-6944.12063243721,-120021.96697284463,241281.9278748123
2017-07-11 17:54:17.953693985,0.2349,0.4598,-0.1624,-209314.6495811908,-6945.170175777378,-120085.01555877193,241415.13805024262
2017-07-11 17:54:18.153778016,-1.0807,-0.0778,-0.1662,-209432.17831015456,-6946.22330105404,-120148.09887137417,241548.44854043252
2017-07-11 17:54:18.353684008,-0.0375,-0.5017,0.1783,-209549.60395816126,-6947.295538376479,-120211.11892581452,241681.63883033418
2017-07-11 17:54:18.553866028,-1.438,0.4111,-0.3997,-209667.24937095965,-6948.352782287458,-120274.24201476907,241815.0705754266
2017-07-11 17:54:18.754335999,0.2641,0.5572,-0.1288,-209785.0533966102,-6949.389154116367,-120337.46107911161,241948.68707476105
2017-07-11 17:54:18.953697979,-2.5418,-0.6305,-0.3215,-209902.30734759508,-6950.444857299947,-120400.3435118262,242081.6598408983
2017-07-11 17:54:19.153828024,0.4023,-0.5787,0.1302,-210019.9969200034,-6951.527805814292,-120463.46299158368,242215.12909196632
2017-07-11 17:54:19.353702008,-1.5405,0.4079,-0.2725,-210137.59745414843,-6952.593073279487,-120526.51259793618,242348.48597270998
2017-07-11 17:54:19.553753972,-0.0881,0.5858,-0.2133,-210255.3062328214,-6953.635845146093,-120589.62688394223,242481.96832451853
2017-07-11 17:54:19.753836989,-1.1572,-0.1338,-0.1414,-210373.07960923552,-6954.68413532061,-120652.75662753888,242615.5146265794
2017-07-11 17:54:19.953701972,0.0754,-0.7901,0.3372,-210490.7216339905,-6955.762844498427,-120715.8041077431,242748.9070873976
2017-07-11 17:54:20.153698980,-1.478,0.5967,-0.4203,-210608.50048787968,-6956.818398954305,-120778.91004677766,242882.44669402696
2017-07-11 17:54:20.353695988,0.1428,0.536,-0.4149,-210726.27362993977,-6957.852514051663,-120842.03258131568,243015.98907880794
2017-07-11 17:54:20.553753972,-2.983,-0.4635,-0.3781,-210844.20206840913,-6958.905495186541,-120905.1894937107,243149.6838535168
2017-07-11 17:54:20.754199981,0.2939,-0.7791,0.2376,-210962.3474279856,-6959.991821793559,-120968.45935646015,243283.62394037354
2017-07-11 17:54:20.953866004,-3.1631,0.161,-0.6883,-211080.15915594783,-6961.067502719796,-121031.51046033486,243417.16573485083
2017-07-11 17:54:21.153693020,0.2492,0.3999,-0.0797,-211198.05592609054,-6962.128082638431,-121094.61558552404,243550.80779624806
2017-07-11 17:54:21.353814005,-3.0308,0.2669,-0.708,-211316.24751493998,-6963.179533874372,-121157.84190003415,243684.7656027968
2017-07-11 17:54:21.553840994,0.1389,-0.6499,0.4787,-211434.37803218875,-6964.256494264545,-121221.01936423732,243818.6469859949
2017-07-11 17:54:21.753696978,-1.5399,0.5875,-0.6209,-211552.46906584408,-6965.309067782479,-121284.16761766274,243952.47900559232
2017-07-11 17:54:21.954338014,0.2205,0.6334,-0.183,-211671.01509490516,-6966.340277229223,-121347.57129001766,244086.83206218158
2017-07-11 17:54:22.355468988,-2.3812,-0.4505,-0.4051,-211908.40102833373,-6968.474407722626,-121474.3960699716,244355.80402871655
2017-07-11 17:54:22.555208981,-2.0581,0.1389,-0.9403,-212026.68758473932,-6969.531539543837,-121537.58497942684,244489.8263336713
2017-07-11 17:54:22.755258023,0.1062,0.5218,-0.2872,-212145.15291070318,-6970.5694247818155,-121600.88315196683,244624.05753512803
2017-07-11 17:54:22.955375015,-2.8575,-0.0837,-0.2298,-212263.77290915555,-6971.611014472896,-121664.2120275459,244758.4383388044
2017-07-11 17:54:23.155265986,0.2817,-0.9091,0.1686,-212382.24767720644,-6972.687752109918,-121727.46264003706,244892.65538944263
2017-07-11 17:54:23.355220973,-3.36,0.3111,-0.5226,-212500.89472685437,-6973.752396177892,-121790.75440341842,245027.04205934217
2017-07-11 17:54:23.555208981,0.2983,0.4692,-0.0642,-212619.5494395641,-6974.798450314086,-121854.05918663084,245161.4414168033
2017-07-11 17:54:23.755196988,-3.4768,0.2068,-0.8086,-212738.34320700212,-6975.836233437081,-121917.39630964781,245295.97731014606
2017-07-11 17:54:23.955407977,0.2963,-0.5466,0.2399,-212857.2575497223,-6976.897083819212,-121980.79443583412,245430.6488515732
2017-07-11 17:54:24.154981970,-1.5894,0.5788,-0.3666,-212975.85685721802,-6977.931505498869,-122044.00545464523,245564.95352467365
2017-07-11 17:54:24.355210006,0.1254,0.4491,-0.2569,-213094.83981039067,-6978.951312192902,-122107.43392777168,245699.69868858028
2017-07-11 17:54:24.555476009,-1.712,-0.2214,-0.4631,-213213.91398724815,-6979.980191834348,-122170.89300143627,245834.53853762787
2017-07-11 17:54:24.755221009,0.188,-0.4649,0.1839,-213332.670885262,-6981.0249433993595,-122234.17964558312,245969.01806920432
2017-07-11 17:54:24.955003023,-1.5115,0.6511,-0.386,-213451.5101179506,-6982.043901304716,-122297.49342350295,246103.58186411075
2017-07-11 17:54:25.155454993,0.3935,0.58,-0.1146,-213570.7320590621,-6983.042971243665,-122361.02412480395,246238.58492578453
2017-07-11 17:54:25.355306982,-3.0449,-0.0079,0.1702,-213689.71876789472,-6984.039366357926,-122424.35787183415,246373.28611946484
2017-07-11 17:54:25.555167973,0.2703,-0.8825,0.2327,-213808.70003930992,-6985.0710573000215,-122487.68517656195,246507.98049979575
2017-07-11 17:54:25.754880011,-1.8388,0.5257,-0.4577,-213927.66597635625,-6986.081011849448,-122550.98353984364,246642.6466866154
2017-07-11 17:54:25.955205976,0.3648,0.6317,0.044,-214046.982982354,-6987.068720628876,-122614.47472041764,246777.71265679336
2017-07-11 17:54:26.155434012,-2.162,-0.144,-0.5732,-214166.3283377586,-6988.061719710943,-122677.95784375221,246912.79946772417
2017-07-11 17:54:26.355198025,0.1582,-0.5137,0.3434,-214285.3908004889,-6989.072917082782,-122741.28014307989,247047.56161905458
2017-07-11 17:54:26.555334985,-2.3083,-0.0411,-0.8796,-214404.76800394044,-6990.0876485496765,-122804.7558934104,247182.67321598018
2017-07-11 17:54:26.754625022,0.3018,0.529,-0.0926,-214523.62805039098,-6991.07707592158,-122867.96671007117,247317.20399933992
2017-07-11 17:54:26.955379009,-1.2883,-0.2733,0.0487,-214643.41314337665,-6992.084786036347,-122931.6398996976,247452.7675010371
2017-07-11 17:54:27.155378997,-0.1992,-0.4393,0.3231,-214762.7563112276,-6993.106283355338,-122995.0610192841,247587.822941726
2017-07-11 17:54:27.355412006,-1.9234,0.7644,-0.0124,-214882.19614463137,-6994.097363234989,-123058.49310617891,247722.96692763414
2017-07-11 17:54:27.555275022,0.3439,0.4748,-0.3671,-215001.52073794673,-6995.06863487753,-123121.88595080908,247857.99100476954
2017-07-11 17:54:27.755291998,-2.9534,-0.3292,-0.2605,-215121.05540634683,-6996.053824952932,-123185.3380504669,247993.22724395114
2017-07-11 17:54:27.955466985,0.2605,-0.8978,0.3158,-215240.67406745246,-6997.075768185439,-123248.82762240455,248128.55610069193
2017-07-11 17:54:28.155200004,-2.7177,0.0381,-0.5634,-215360.13703949653,-6998.0939351271545,-123312.19949106753,248263.69144061406
2017-07-11 17:54:28.355215013,0.2448,0.4197,-0.2536,-215479.758880036,-6999.096749032447,-123375.67097585404,248399.01374812858
2017-07-11 17:54:28.555202007,-2.4254,-0.0557,-0.6737,-215599.46096918604,-7000.101650189359,-123439.16051503473,248534.41480401275
2017-07-11 17:54:28.755554020,0.1644,-0.6078,0.2345,-215719.3749410596,-7001.1327831623385,-123502.75652314386,248670.05339208795
2017-07-11 17:54:28.955205976,-1.6593,0.3352,-1.14,-215838.93605851286,-7002.146951842544,-123566.17575963918,248805.29771825206
2017-07-11 17:54:29.155413985,0.3468,0.5622,-0.0113,-215958.81626616404,-7003.1414102944245,-123629.77207873321,248940.90635517274
2017-07-11 17:54:29.355212986,-1.9957,-0.0183,-0.4355,-216078.53123633485,-7004.134567681369,-123693.25586093901,249076.3158306579
2017-07-11 17:54:29.555431008,0.3035,-0.6102,0.184,-216198.4851077778,-7005.154269174402,-123756.86540608319,249211.99586771967
2017-07-11 17:54:29.755200982,-2.1124,0.1761,-1.1144,-216318.25484813008,-7006.164660972585,-123820.37707927477,249347.46741014035
2017-07-11 17:54:29.955195009,0.2521,0.562,-0.1104,-216438.1488334279,-7007.153707323385,-123883.96440003302,249483.0838132874
2017-07-11 17:54:30.155209004,-1.7919,-0.3627,-0.3836,-216558.12647533012,-7008.157362453987,-123947.57341568643,249618.78408436928
2017-07-11 17:54:30.355261981,0.1514,-0.6483,0.1037,-216678.1214412296,-7009.187158933139,-124011.19067830783,249754.50432250628
2017-07-11 17:54:30.555184006,-1.9619,0.3211,-0.5759,-216798.1162748514,-7010.20344733446,-124074.78931596213,249890.2149274705
2017-07-11 17:54:30.755362987,0.1872,0.597,-0.2173,-216918.25783415674,-7011.1971191922685,-124138.47840330732,250026.09721214758
2017-07-11 17:54:30.955202996,-2.14,-0.2192,-0.3374,-217038.28141550178,-7012.197862398784,-124202.07311749553,250161.8305923981
2017-07-11 17:54:31.155124008,0.3079,-0.9467,0.2139,-217158.3413408419,-7013.236849340535,-124265.68505987457,250297.60523906435
2017-07-11 17:54:31.355535984,-2.9764,0.127,-0.8766,-217278.81565512012,-7014.273286865977,-124329.4884284226,250433.83448549398
2017-07-11 17:54:31.555208981,0.436,0.3109,-0.2915,-217398.82836148958,-7015.2935073685885,-124393.06815673759,250569.5518641275
2017-07-11 17:54:31.755207002,-1.7933,-0.0808,-0.3155,-217519.10815289628,-7016.318620503245,-124456.76399870499,250705.55886067858
2017-07-11 17:54:31.955309987,0.3023,-0.6981,0.1994,-217639.4389657116,-7017.372224408036,-124520.48528563876,250841.62366325204
2017-07-11 17:54:32.353986024,-2.3481,0.0302,-1.4161,-217879.55378775252,-7019.466576582728,-124647.66574246815,251113.14868962154
2017-07-11 17:54:32.553990006,-1.9278,0.1219,-0.5589,-218000.08941070535,-7020.512374960832,-124711.49077480851,251249.44280208394
2017-07-11 17:54:32.754191994,0.0781,-0.8847,0.1158,-218120.74123485177,-7021.594668205699,-124775.37435322677,251385.86792720394
2017-07-11 17:54:32.954007029,-2.9622,-0.2722,-1.4242,-218241.27813052706,-7022.685737450463,-124839.19131931364,251522.16062262436
2017-07-11 17:54:33.154645979,0.4564,0.7088,0.0449,-218362.29367380825,-7023.752772153032,-124903.26962004513,251658.99777927372
2017-07-11 17:54:33.354330003,-2.3712,-0.4199,-0.4848,-218482.82780124806,-7024.83147135474,-124967.06227569556,251795.27587913224
2017-07-11 17:54:33.554063022,0.0544,-0.5073,0.2252,-218603.38933306563,-7025.93067308931,-125030.8615997142,251931.58174808853
2017-07-11 17:54:33.753986001,-2.1409,0.3187,-0.9318,-218724.15109734453,-7027.018182057967,-125094.7588446279,252068.10974056314
2017-07-11 17:54:33.953971028,0.1027,0.564,-0.2883,-218844.94623380183,-7028.08347192317,-125158.68745093328,252204.68174442032
2017-07-11 17:54:34.154271006,-3.5496,-0.564,-0.3101,-218966.0740174865,-7029.173067210304,-125222.72917790564,252341.5993200552
2017-07-11 17:54:34.353812992,0.2325,-0.7076,0.2374,-219086.73416178513,-7030.286713671592,-125286.51910023911,252477.98693194566
2017-07-11 17:54:34.554033994,-2.9006,-0.0965,-0.8024,-219207.9211777659,-7031.408018265542,-125350.55825853728,252614.95573604488
2017-07-11 17:54:34.754432976,-0.0294,0.4546,-0.1435,-219329.2170997314,-7032.51206298378,-125414.66010530353,252752.0497816505
2017-07-11 17:54:34.954203009,-2.8607,0.1713,-0.3727,-219450.24650139036,-7033.605806423608,-125478.57564318512,252888.81993003105
2017-07-11 17:54:35.153985977,0.3317,-0.7905,0.2663,-219571.27050041684,-7034.731172094439,-125542.48469066843,253025.58316134274
2017-07-11 17:54:35.354604005,-1.3869,0.5619,-0.8751,-219692.85617927293,-7035.838626486383,-125606.69608814451,253162.98343866182
2017-07-11 17:54:35.554059028,0.3385,0.6471,0.1175,-219813.72354612802,-7036.91391771182,-125670.5305705936,253299.57258272936
2017-07-11 17:54:35.754100024,-2.3654,0.1026,-0.7242,-219935.0406604303,-7037.988262320828,-125734.58157035349,253436.65952611822
2017-07-11 17:54:35.954071998,0.1388,-0.6832,0.0017,-220056.31036511945,-7039.089556580342,-125798.610402022,253573.69519012625
2017-07-11 17:54:36.154094994,-2.2785,0.3005,-0.4833,-220177.70217221856,-7040.179109066133,-125862.67490682084,253710.85430155718
2017-07-11 17:54:36.353986024,0.0398,0.7155,0.0177,-220299.01230030452,-7041.239353893876,-125926.69643756862,253847.92051109677
2017-07-11 17:54:36.553987026,-2.3465,-0.49,-0.527,-220420.48302928125,-7042.319782222046,-125990.77427059726,253985.15470019373
2017-07-11 17:54:36.753522992,0.3514,-0.9189,0.4894,-220541.65732751237,-7043.43428400999,-126054.68362661047,254122.04911711992
2017-07-11 17:54:36.954007983,-2.7997,0.0757,-1.2107,-220663.52048189612,-7044.551043843535,-126118.94560890898,254259.7164561788
2017-07-11 17:54:37.154098987,0.4733,0.668,-0.056,-220785.12520528655,-7045.638864732857,-126183.08354755546,254397.09729573497
2017-07-11 17:54:37.354184985,-1.9804,-0.2526,-0.1901,-220906.8061704339,-7046.736771097512,-126247.22749210018,254534.54767670514
2017-07-11 17:54:37.554412007,0.1305,-0.558,0.2668,-221028.56766652898,-7047.857821985236,-126311.4059501418,254672.08582351112
2017-07-11 17:54:37.754037022,-1.9415,0.3808,-0.579,-221150.04044087217,-7048.960327360695,-126375.4145210446,254809.28873191017
2017-07-11 17:54:37.953984022,0.3288,0.4753,-0.0016,-221271.69599959417,-7050.045609096298,-126439.52639848409,254946.70115437877
2017-07-11 17:54:38.154042005,-1.5372,-0.1504,-0.1858,-221393.4806083628,-7051.137512719413,-126503.68129830627,255084.24721674257
2017-07-11 17:54:38.353986024,0.4204,-0.9211,0.182,-221515.179035351,-7052.265617711582,-126567.79237605355,255221.69786355188
2017-07-11 17:54:38.554081976,-1.6083,0.5591,0.0872,-221637.03433200184,-7053.372194461718,-126631.94867903112,255359.30661138502
2017-07-11 17:54:38.753977000,-0.0247,0.3476,-0.2716,-221758.76825361498,-7054.463770625719,-126696.05141152648,255496.78314946307
2017-07-11 17:54:38.954311013,-1.364,-0.2569,-0.0173,-221880.82425720154,-7055.568054349446,-126760.29561419775,255634.6098591181
2017-07-11 17:54:39.154079020,-0.5248,-0.6535,0.0982,-222002.55635788018,-7056.695297519821,-126824.35438808885,255772.06423671715
2017-07-11 17:54:39.354071974,-0.7484,0.7362,-0.1558,-222124.45546780646,-7057.794364087282,-126888.49152635744,255909.7017699598
2017-07-11 17:54:39.554054975,-0.5255,0.4315,-0.2496,-222246.36952763677,-7058.876118891671,-126952.63545503179,256047.35528658546
2017-07-11 17:54:39.754207015,-1.3785,0.1191,-0.1471,-222368.4418612463,-7059.954016821589,-127016.83949539169,256185.1759995418
2017-07-11 17:54:39.953972995,-0.067,-0.7223,0.3364,-222490.28141135682,-7061.058660092153,-127080.90627230614,256322.72745680722
2017-07-11 17:54:40.153980016,-1.4736,0.82,-0.1301,-222612.3269232615,-7062.131833940986,-127145.05555763931,256460.49784905318
2017-07-11 17:54:40.354032993,0.0038,0.4844,-0.2055,-222734.40032571898,-7063.185868108867,-127209.22780703311,256598.30342838733
2017-07-11 17:54:40.553987979,-0.8065,-0.3717,-0.0614,-222856.44617902135,-7064.254247292267,-127273.37107813322,256736.07124283418
2017-07-11 17:54:40.754045009,-0.5729,-0.5512,0.0221,-222978.57724564816,-7065.345232282576,-127337.54619927646,256873.92955649993
2017-07-11 17:54:40.953988015,-1.2233,0.5358,-0.1281,-223100.6876068761,-7066.414175671047,-127401.68986440964,257011.75381735028
2017-07-11 17:54:41.153957009,-0.2438,0.5827,-0.0904,-223222.8235886238,-7067.459957223933,-127465.84548162542,257149.6057268423
2017-07-11 17:54:41.354009985,-0.316,-0.4784,-0.0312,-223345.0235111408,-7068.525324117871,-127530.02929126476,257287.5277748235
2017-07-11 17:54:41.554039001,-1.0589,-0.3,-0.0334,-223467.25116627468,-7069.602566896825,-127594.20675010755,257425.47119594432
2017-07-11 17:54:41.754088997,-0.897,0.6857,-0.1078,-223589.5275391705,-7070.652480947538,-127658.3952543453,257563.461753818
2017-07-11 17:54:41.954460978,-1.43,1.2396,-0.5106,-223712.05813162922,-7071.654316244115,-127722.70757147865,257701.73316772116
2017-07-11 17:54:42.352581977,-0.0412,-0.5777,0.1089,-223955.52186396395,-7073.736437984956,-127850.4730667317,257976.46594978697
2017-07-11 17:54:42.552673995,0.0576,0.8467,-0.2683,-224077.88223058617,-7074.7489943929495,-127914.6975924594,258114.54673932743
2017-07-11 17:54:42.752686977,-4.3003,0.1038,-0.2197,-224200.36629940715,-7075.7569983038875,-127978.90553875174,258252.7267015474
2017-07-11 17:54:42.953212976,0.3428,-0.8887,0.0986,-224323.15074566373,-7076.803322890722,-128043.27420842141,258391.2482568743
2017-07-11 17:54:43.154154002,-2.8526,-0.0453,-0.5638,-224446.3044981466,-7077.853642138397,-128107.79886611324,258530.16795990136
2017-07-11 17:54:43.353543996,0.1928,0.4899,-0.1528,-224568.49998126327,-7078.876377492392,-128171.8315429505,258668.01131117265
2017-07-11 17:54:43.553003013,-4.0041,0.2274,-0.2776,-224690.89706360377,-7079.890420028797,-128235.89743004323,258806.04602925174
2017-07-11 17:54:43.752864003,0.2941,-0.6041,0.2658,-224813.52906712182,-7080.93063660291,-128300.08181293428,258944.34425856773
2017-07-11 17:54:43.952579975,-2.4091,-0.0772,-0.9171,-224936.16818004777,-7081.973177637225,-128364.25620388254,259082.64390033446
2017-07-11 17:54:44.153074026,0.0775,0.5159,-0.1333,-225059.28197076407,-7082.99904225781,-128428.6859719975,259221.481858897
2017-07-11 17:54:44.352689981,-3.3647,1.4088,-0.4882,-225181.99063641558,-7083.964278148256,-128492.85301263776,259359.83638990863
2017-07-11 17:54:44.552075028,0.4367,-0.6715,0.1992,-225304.53999669346,-7084.955092568798,-128556.93790825653,259498.01274023793
2017-07-11 17:54:44.751887023,-3.8468,-0.5609,-0.7112,-225427.50535771498,-7085.970422483129,-128621.18842494617,259636.63312498186
2017-07-11 17:54:44.952575027,0.1747,0.5264,-0.0766,-225551.00278315882,-7086.969002657286,-128685.72371169778,259775.8562171176
2017-07-11 17:54:45.153394997,-3.7417,-0.1672,-0.0829,-225674.73231430037,-7087.974982417774,-128750.30477803174,259915.30384900112
2017-07-11 17:54:45.353295028,0.4456,-0.7272,0.1523,-225797.87724492195,-7089.005412799839,-128814.58391814727,260054.09513418734
2017-07-11 17:54:45.553825974,-1.7299,0.6599,-0.0005,-225921.48040361595,-7090.012559042886,-128879.0659531435,260193.3842871558
2017-07-11 17:54:45.752737998,0.0095,0.5384,-0.2335,-226044.0853161448,-7090.990272084361,-128943.03665185976,260331.55273699382
2017-07-11 17:54:45.952690005,-2.5933,-0.0673,0.0458,-226167.43493310316,-7091.975787666484,-129007.33998108208,260470.53290878565
2017-07-11 17:54:46.152688026,0.3246,-0.6349,0.2698,-226290.79995217643,-7092.986925538015,-129071.64731633589,260609.5292721937
2017-07-11 17:54:46.352599024,-2.2752,0.2001,-0.6823,-226414.20221976738,-7093.989626566073,-129135.95393794162,260748.55753215152
2017-07-11 17:54:46.552675008,0.0119,0.451,-0.1149,-226537.7058545506,-7094.9751014104295,-129200.31823111922,260887.70204161596
2017-07-11 17:54:46.752726972,-1.2172,-0.5487,-0.0799,-226661.2433754839,-7095.982417350746,-129264.67799474191,261026.8744632859
2017-07-11 17:54:46.951475024,-0.4529,-0.6419,0.1603,-226783.99358525153,-7097.008523296141,-129328.61193803919,261165.1530014582
2017-07-11 17:54:47.153889000,-1.8766,0.4135,-0.4194,-226909.08481959434,-7098.036614168028,-129393.74233153828,261306.05705188398
2017-07-11 17:54:47.354523003,0.4177,0.659,-0.0417,-227033.0592218271,-7099.029136902623,-129458.3016648086,261445.70767990212
2017-07-11 17:54:47.552123010,-1.6304,-0.2867,-0.4952,-227155.22253804276,-7100.017845086034,-129521.90406453352,261583.31179991298
2017-07-11 17:54:47.752552986,0.0202,-0.5375,0.1723,-227279.13462975202,-7101.04230580055,-129586.41043739613,261722.88323707387
2017-07-11 17:54:47.952682971,-1.6343,0.485,-0.5048,-227402.92671462617,-7102.045807941326,-129650.84047942629,261862.3122369032
2017-07-11 17:54:48.153358995,0.0113,0.5259,-0.1301,-227527.05610145399,-7103.030869610399,-129715.45155302297,262002.12342142093
2017-07-11 17:54:48.353573024,-0.9512,-0.1709,-0.0807,-227650.93784791513,-7104.0205141159395,-129779.91711435078,262141.64777216926
2017-07-11 17:54:48.552684009,-0.6435,-0.7312,0.058,-227774.1626013457,-7105.033694907827,-129844.02521457926,262280.4253780185
2017-07-11 17:54:48.753140985,-0.4964,0.7728,-0.1082,-227898.24030140913,-7106.022671383838,-129908.57103360452,262420.159893782
2017-07-11 17:54:48.952664017,-1.2389,0.8405,-0.3481,-228021.78923413059,-7106.973580310125,-129972.82998651167,262559.29230120225
2017-07-11 17:54:49.152684986,-0.8575,-0.343,-0.0206,-228145.68080729482,-7107.940585236718,-130037.25013059242,262698.80264651676
2017-07-11 17:54:49.352635979,-1.0519,-0.5017,0.0006,-228269.57109320204,-7108.927310029577,-130101.64771372781,262838.30138014635
2017-07-11 17:54:49.553927004,-0.4936,0.6643,-0.1094,-228394.31166701965,-7109.893731498418,-130166.48130940359,262978.7539844164
2017-07-11 17:54:49.753158986,-1.0195,1.0022,-0.3048,-228517.81671391704,-7110.810486555813,-130230.66380882105,263117.8100728973
2017-07-11 17:54:49.953302025,-1.0535,-0.2782,-0.0565,-228641.9287305657,-7111.742577715187,-130295.14206810266,263257.54025796073
2017-07-11 17:54:50.152863025,-2.4157,0.1479,-0.1749,-228765.7760194495,-7112.666068188893,-130359.43978250414,263396.9510772416
2017-07-11 17:54:50.353061020,-0.1689,0.6808,-0.1177,-228890.02539595892,-7113.565220482327,-130423.94745134021,263536.814514972
2017-07-11 17:54:50.554988980,-0.7646,0.5549,-0.3615,-229015.37962141194,-7114.44951660124,-130489.0272885096,263677.9204593458
2017-07-11 17:54:50.752683997,-0.2257,-0.5766,-0.0233,-229138.11491255116,-7115.3378109817,-130552.74379116487,263816.07731380477
2017-07-11 17:54:50.952772974,-1.0603,-0.5571,-0.296,-229262.37889917943,-7116.259165870056,-130617.24371038371,263955.9506385952
2017-07-11 17:54:51.152685999,-0.5273,0.6579,-0.1336,-229386.55468559635,-7117.15341743105,-130681.69224974021,264095.72134465026
2017-07-11 17:54:51.353618979,-4.1556,0.6769,-0.0267,-229511.53179455086,-7118.024902255027,-130746.47068312785,264236.3508325156
2017-07-11 17:54:51.554216980,0.23,-0.806,0.1159,-229636.29129681148,-7118.9273672946665,-130811.13645945446,264376.73655075795
2017-07-11 17:54:51.753767013,-3.9047,-0.1323,-0.1891,-229760.55451403654,-7119.830385873329,-130875.47193757046,264516.52793389483
2017-07-11 17:54:51.952593028,-0.3327,0.8017,-0.0931,-229884.3800250992,-7120.698435440725,-130939.577670706,264655.8246597183
2017-07-11 17:54:52.353470981,-2.7481,2.1837,-0.5214,-230134.48172630303,-7122.097691120759,-131068.91303373053,264937.0942672988
2017-07-11 17:54:52.553032994,-2.5919,-0.1385,-0.8443,-230259.08867503016,-7122.799773701052,-131133.33140451522,265077.2204458883
2017-07-11 17:54:52.753121972,0.1381,0.8499,-0.2126,-230384.01913291673,-7123.469683950364,-131197.92839051803,265217.7152946948
2017-07-11 17:54:52.953134000,-2.7502,-0.2359,-0.49,-230509.0115664168,-7124.148773701323,-131262.5201362403,265358.2617926059
2017-07-11 17:54:53.153895020,0.3525,-0.7301,0.4326,-230634.4578559233,-7124.859833134418,-131327.33632498255,265499.3145835834
2017-07-11 17:54:53.353013992,-2.7367,0.0656,-0.7433,-230758.98661115105,-7125.562475796017,-131391.65184512187,265639.32261054945
2017-07-11 17:54:53.553116977,0.253,0.6759,-0.1276,-230884.12063644943,-7126.241526951149,-131456.29031117345,265780.015694827
2017-07-11 17:54:53.753686010,-3.9876,-0.0807,-0.5215,-231009.70651690962,-7126.925406038587,-131521.1003017136,265921.1864356531
2017-07-11 17:54:53.952699005,0.4425,-0.7889,0.477,-231134.30056169984,-7127.635224821367,-131585.38859662818,266061.2383872742
2017-07-11 17:54:54.153126001,-4.0314,0.0999,-0.4314,-231259.9418010286,-7128.346073834383,-131650.1509940553,266202.4347302651
2017-07-11 17:54:54.352998018,0.5689,0.9021,0.0878,-231385.21241498133,-7129.01891668498,-131714.73055798034,266343.2178242987
2017-07-11 17:54:54.553126990,-3.5703,-0.071,0.0047,-231510.78707279076,-7129.695468204765,-131779.39295699995,266484.30628584453
2017-07-11 17:54:54.752992987,0.1301,-0.6168,0.2368,-231636.1915250006,-7130.395769667012,-131843.96092852874,266625.2009870077
2017-07-11 17:54:54.953056991,-1.856,0.5458,-0.4614,-231761.79450277283,-7131.074918941476,-131908.61133528283,266766.3085268598
2017-07-11 17:54:55.153478026,0.2619,0.5832,-0.1267,-231887.6111094426,-7131.731853892371,-131973.38220547227,266907.6608043156
2017-07-11 17:54:55.353018999,-1.9427,0.0455,-0.309,-232012.9525987925,-7132.384092543218,-132037.88096582278,267048.46580049454
2017-07-11 17:54:55.553255021,0.4529,-0.6371,0.2046,-232138.71252378673,-7133.064147280837,-132102.59618747592,267189.74227279355
2017-07-11 17:54:55.754019975,-1.8108,0.6171,-0.3271,-232264.8776361225,-7133.721125229732,-132167.49554142766,267331.4613697924
2017-07-11 17:54:55.953181028,0.3766,0.6086,-0.1176,-232390.01988391063,-7134.3487144201345,-132231.88108236232,267472.03713248856
2017-07-11 17:54:56.153383016,-0.8542,-0.092,-0.1292,-232515.85043712088,-7134.983271204608,-132296.60831915762,267613.3802027293
2017-07-11 17:54:56.353124022,-0.4335,-0.4861,0.0799,-232641.4085499657,-7135.635760542262,-132361.18332829105,267754.4119559651
2017-07-11 17:54:56.553125023,-0.651,0.8495,-0.1314,-232767.1561371211,-7136.255118859444,-132425.84764822296,267895.65177254134
2017-07-11 17:54:56.753008008,-0.9351,0.5673,-0.1775,-232892.86688375619,-7136.851446252776,-132490.48090291832,268036.84378045384
2017-07-11 17:54:56.953013002,-0.4647,-0.3149,0.1424,-233018.6729534272,-7137.460734274672,-132555.14791360562,268178.1358148114
2017-07-11 17:54:57.153828978,-1.8386,-0.2865,0.6722,-233145.06328797605,-7138.084046544577,-132620.05002880658,268320.05226790835
2017-07-11 17:54:57.353114008,-0.3952,1.0558,-0.0863,-233270.5057649983,-7138.660676320957,-132684.46078188432,268460.9011924998
2017-07-11 17:54:57.553333997,-1.7254,1.0494,-0.0406,-233396.60593167297,-7139.197943000994,-132749.1753498775,268602.47088172234
2017-07-11 17:54:57.753656029,0.1836,-0.6196,-0.2256,-233522.7629981844,-7139.76034737803,-132813.9319530191,268744.1116321349
2017-07-11 17:54:57.954037010,-2.8833,-0.0597,0.5799,-233649.0729608957,-7140.3253143609545,-132878.68432770597,268885.8833961779
2017-07-11 17:54:58.153128027,-0.1554,1.0305,-0.295,-233774.57595564012,-7140.8457981680285,-132943.0315482694,269026.75272023916
2017-07-11 17:54:58.353433012,-3.353,1.599,0.3641,-233900.97874088679,-7141.305300435491,-133007.75652095972,269168.5891631445
2017-07-11 17:54:58.553650975,0.1959,-0.9309,0.3772,-234027.3187576705,-7141.801920278269,-133072.43825314328,269310.3508634776
2017-07-11 17:54:58.752955019,-3.6381,-0.3158,-1.635,-234153.22659321435,-7142.308817479775,-133136.88968340875,269451.62366152037
2017-07-11 17:54:58.953128993,0.166,0.7907,-0.1971,-234279.6773445918,-7142.786244157363,-133201.630331492,269593.510557994
2017-07-11 17:54:59.153131008,-3.731,0.4355,-0.3018,-234406.16871174422,-7143.245840351628,-133266.32743651106,269735.4109487106
2017-07-11 17:54:59.353285014,0.3433,-0.9226,0.1509,-234532.74245251887,-7143.742746671057,-133331.06766262386,269877.4054025
2017-07-11 17:54:59.553233027,-3.1895,-0.1383,-0.5803,-234659.3134407631,-7144.244670712616,-133395.76445981022,270019.3763273711
2017-07-11 17:54:59.753368020,0.1608,0.655,-0.0802,-234785.99635030498,-7144.720828744866,-133460.52497009057,270161.4754979294
2017-07-11 17:54:59.954330980,-2.1628,-0.1071,-0.1052,-234913.29069952702,-7145.203282015717,-133525.5576459823,270304.2408507354
2017-07-11 17:55:00.153452992,0.3422,-0.5612,0.2001,-235039.4053837994,-7145.703567050893,-133589.98664749225,270445.6834470007
2017-07-11 17:55:00.352806985,-2.0253,0.3626,-0.2389,-235165.74748362318,-7146.190024473356,-133654.50020440388,270587.36527466704
2017-07-11 17:55:00.553330004,0.4914,0.5284,-0.0344,-235292.8107035712,-7146.658087826919,-133719.3934566099,270729.8610737547
2017-07-11 17:55:00.752866029,-1.0836,-0.1717,0.0548,-235419.29164899516,-7147.1306834978295,-133783.9651160116,270871.6922819434
2017-07-11 17:55:00.953011989,-0.4054,-0.7414,0.1989,-235546.1754567902,-7147.634423084961,-133848.72618826988,271013.96818686207
2017-07-11 17:55:01.153129994,-0.8238,0.8354,-0.1802,-235673.07453323118,-7148.104636869056,-133913.48543165892,271156.25576464337
2017-07-11 17:55:01.353311002,-0.6103,0.4304,-0.3219,-235800.03801741998,-7148.557751513761,-133978.27796246868,271298.6155009494
2017-07-11 17:55:01.553026020,-0.7294,-0.0912,0.1198,-235926.73504343725,-7149.013448989882,-134042.9148880722,271440.66705864295
2017-07-11 17:55:01.754747986,-0.9263,-0.7287,0.3764,-236054.74294811417,-7149.5033778761945,-134108.18603757973,271584.17227287125
2017-07-11 17:55:01.953720986,-0.2612,1.1845,-0.233,-236181.0167661028,-7149.939735600105,-134172.57692905635,271725.73436955945
2017-07-11 17:55:02.352627992,-2.6715,1.3748,-0.3644,-236434.5993905485,-7150.595791058205,-134301.72769495085,272009.9352431543
2017-07-11 17:55:02.552612006,-2.8737,-0.2304,-0.7241,-236561.8428748356,-7150.9339058097175,-134366.50379635213,272152.5283779645
2017-07-11 17:55:02.752528011,0.1644,0.6546,-0.1721,-236689.0365166757,-7151.245743566442,-134431.26474742228,272295.0702169774
2017-07-11 17:55:02.952632009,-2.5237,-0.4823,-0.0315,-236816.45081933084,-7151.577186631407,-134496.0878584064,272437.8352654731
2017-07-11 17:55:03.153002977,0.425,-0.5796,0.1584,-236944.01804945144,-7151.932341978193,-134560.991094023,272580.77362471615
2017-07-11 17:55:03.352531015,-2.1259,0.615,-0.2886,-237071.1332588922,-7152.261519206446,-134625.63278124033,272723.18946368294
2017-07-11 17:55:03.552711009,0.4913,0.5256,-0.1006,-237198.64412870383,-7152.57071015925,-134690.48971581296,272866.0551701967
2017-07-11 17:55:03.753345012,-2.0886,0.0216,-0.0603,-237326.528268172,-7152.879732871861,-134755.49617348023,273009.31935971935
2017-07-11 17:55:03.953179001,0.0271,-0.5841,0.2597,-237453.90139641188,-7153.210848607391,-134820.23305169985,273152.0070472413
2017-07-11 17:55:04.153334021,-1.9589,0.7018,-0.518,-237581.5576256287,-7153.514380742454,-134885.09468110075,273295.00189162797
2017-07-11 17:55:04.352531015,-0.1877,0.2801,-0.1414,-237708.61028634233,-7153.8053458334,-134949.65146617164,273437.3214578278
2017-07-11 17:55:04.553044021,-0.9233,0.0149,0.0393,-237836.53945304608,-7154.0976341487,-135014.6331710969,273580.61295034253
2017-07-11 17:55:04.752659022,-0.5324,-0.6657,0.1526,-237963.9168982795,-7154.415139020983,-135079.31777250298,273723.2790455309
2017-07-11 17:55:04.952619016,-1.5873,0.6645,-0.2,-238091.5779555285,-7154.706623266912,-135144.12216458502,273866.2503410283
2017-07-11 17:55:05.152652978,-0.1711,0.2679,-0.1962,-238219.29308271364,-7154.987495697266,-135208.9583793841,274009.2842750578
2017-07-11 17:55:05.353300988,-0.8837,-0.0173,-0.1094,-238347.4358368466,-7155.269926818475,-135273.99802752907,274152.79061150784
2017-07-11 17:55:05.553799986,-1.0085,-0.5804,0.1048,-238475.52396682766,-7155.5754801830435,-135338.98516079038,274296.22435618436
2017-07-11 17:55:05.752613008,-0.4622,1.0443,-0.0623,-238602.55328575076,-7155.837186533079,-135403.428286263,274438.4682073431
2017-07-11 17:55:05.953948974,-0.7927,0.3266,-0.3607,-238731.22674406727,-7156.088974832068,-135468.703818583,274582.55215222604
2017-07-11 17:55:06.153679013,-0.3547,-0.1399,0.034,-238858.88800701385,-7156.3443356815515,-135533.45733379846,274725.49881845806
2017-07-11 17:55:06.352662980,-1.7668,-0.3697,-0.0051,-238986.14235958835,-7156.613380786281,-135597.9691705321,274867.97303100274
2017-07-11 17:55:06.553579986,-0.2569,0.6287,-0.2811,-239114.6433009357,-7156.859660404847,-135663.11905784797,275011.8454787653
2017-07-11 17:55:06.752637982,-3.5517,0.9619,0.199,-239242.09600394228,-7157.065546882001,-135727.65825240145,275154.5044193945
2017-07-11 17:55:06.952785015,0.1481,-0.5282,0.1475,-239370.24006202145,-7157.293718831009,-135792.54462919617,275297.9365298615
2017-07-11 17:55:07.152616024,-2.2142,-0.504,0.2575,-239498.2702042519,-7157.5416564516245,-135857.31827044775,275441.21471019986
2017-07-11 17:55:07.353277981,-0.0349,1.0441,-0.1857,-239626.83413353033,-7157.748584142496,-135922.3687341737,275585.09270996664
2017-07-11 17:55:07.552946984,-2.8345,-0.2082,-0.0301,-239754.87488313034,-7157.962788331441,-135987.09850273083,275728.3580277807
2017-07-11 17:55:07.752629995,0.2829,-0.6247,0.241,-239882.91333541297,-7158.201916401677,-136051.82320301005,275871.61971073487
2017-07-11 17:55:07.953850984,-2.7168,-0.4421,-0.8887,-240012.04795524955,-7158.4607868383855,-136117.08240259712,276016.0988897299
2017-07-11 17:55:08.153487980,0.1563,0.3828,-0.2741,-240140.15980998613,-7158.702363003708,-136181.8388120419,276159.44053266896
2017-07-11 17:55:08.352859973,-1.5285,0.0144,-0.1422,-240268.16236257277,-7158.9430461065995,-136246.51491459017,276302.6477198448
2017-07-11 17:55:08.552632987,0.0357,-0.7028,0.1937,-240396.42095741254,-7159.212261550428,-136311.3133775818,276446.1388481683
2017-07-11 17:55:08.752909004,-1.5063,0.6216,-0.1453,-240525.06290947567,-7159.457222168224,-136376.2808229017,276590.0462533137
2017-07-11 17:55:08.952525019,-0.0751,0.3835,-0.2163,-240653.28391935263,-7159.68609437437,-136441.04278928495,276733.4860900755
2017-07-11 17:55:09.152635991,-1.2429,-0.1039,-0.091,-240781.8726302491,-7159.919694692851,-136505.9689799537,276877.3269961266
2017-07-11 17:55:09.352634012,-0.3037,-0.7604,0.1989,-240910.40090805994,-7160.183578555616,-136570.85056772307,277021.094358087
2017-07-11 17:55:09.552527010,-0.6935,0.9154,-0.1877,-241038.8894034019,-7160.410747017006,-136635.7055848288,277164.81329266063
2017-07-11 17:55:09.752633988,-1.69,0.7158,-0.5864,-241167.58311450863,-7160.609496017902,-136700.65350856015,277308.75598025264
2017-07-11 17:55:09.952633976,-0.8786,-0.1424,-0.0701,-241296.24316171504,-7160.813834754176,-136765.56951097358,277452.65401937405
2017-07-11 17:55:10.153438985,-0.6223,-0.8589,0.0076,-241425.44617193795,-7161.053629100862,-136830.74650067644,277597.1540494076
2017-07-11 17:55:10.353541016,-0.7332,0.7946,-0.3256,-241554.22622630687,-7161.260767537904,-136895.70835612263,277741.17957172845
2017-07-11 17:55:10.552994012,-1.2566,0.6918,-0.623,-241682.63856938487,-7161.439713277171,-136960.48429034484,277884.7931457794
2017-07-11 17:55:10.753414988,-0.5101,-0.3345,0.0631,-241811.69460983312,-7161.632963857031,-137025.57205877957,278029.1208395696
2017-07-11 17:55:10.952628016,-0.8213,-0.7178,-0.1838,-241940.0054165582,-7161.853536194406,-137090.27483398948,278172.61155817786
2017-07-11 17:55:11.152499020,-0.4834,0.8748,0.1188,-242068.75932907846,-7162.039890178662,-137155.18656859372,278316.5899855299
2017-07-11 17:55:11.352993011,-3.597,0.3691,-0.2879,-242198.05915214188,-7162.211987995204,-137220.3122024867,278461.14849036536
2017-07-11 17:55:11.553322017,0.2324,-0.5666,0.2971,-242327.24324874204,-7162.406682820997,-137285.37232185324,278605.57486090437
2017-07-11 17:55:11.752686977,-2.8851,-1.1388,-1.7322,-242455.9203432592,-7162.645703900062,-137350.1882002146,278749.4412579347
2017-07-11 17:55:11.952893972,0.3131,0.814,-0.128,-242585.128366579,-7162.853107072695,-137415.28296459845,278893.90628248546
2017-07-11 17:55:12.353919982,-3.3562,0.1304,-0.8123,-242844.47914422452,-7163.247576265582,-137545.80211950187,279183.8119364476
2017-07-11 17:55:12.553745985,-1.8747,0.3316,-0.4034,-242973.78509400174,-7163.430894161504,-137610.8542111121,279328.3411718072
2017-07-11 17:55:12.753648996,0.0388,0.2887,-0.2631,-243103.13932459927,-7163.602745901182,-137675.9418859851,279472.92986614956
2017-07-11 17:55:12.953656971,-1.3838,-0.1701,-0.1143,-243232.61683223626,-7163.7814924184795,-137741.06830910972,279617.64528595726
2017-07-11 17:55:13.153645992,-0.0598,-0.6128,0.2341,-243362.08446151653,-7163.984731305546,-137806.17919747732,279762.3453141825
2017-07-11 17:55:13.353658974,-1.2017,0.5633,-0.289,-243491.61567675803,-7164.165459617785,-137871.30944838392,279907.1098429314
2017-07-11 17:55:13.553758978,-0.2475,0.3768,-0.1757,-243621.21315857137,-7164.331179485245,-137936.47507130468,280051.9492829858
2017-07-11 17:55:13.753731012,-0.9411,-0.2049,-0.0362,-243750.76539235158,-7164.5049870779085,-138001.60046643522,280196.7299815697
2017-07-11 17:55:13.953760027,-0.7988,-0.6505,0.1606,-243880.38650264437,-7164.7048717463995,-138066.73799284725,280341.57746678236
2017-07-11 17:55:14.153338015,-0.7443,0.6642,-0.3622,-244009.74498872692,-7164.8778497152225,-138131.74307357462,280486.1307954618
2017-07-11 17:55:14.354035019,-0.4682,0.4729,-0.2789,-244139.84763507984,-7165.032749481089,-138197.12386589212,280631.5163027593
2017-07-11 17:55:14.554154992,-0.6349,-0.062,-0.0821,-244269.60164522554,-7165.189686865425,-138262.31996754007,280776.50783848064
2017-07-11 17:55:14.754592001,-1.8001,-0.2923,0.1758,-244399.63353453245,-7165.358616025537,-138327.61229202297,280921.78904158046
2017-07-11 17:55:14.953707993,-0.6079,0.7251,-0.0975,-244528.83252625904,-7165.4976836579635,-138392.47816102364,281066.13510926417
2017-07-11 17:55:15.154012024,-1.7706,1.1194,-0.1281,-244658.873431977,-7165.592668810409,-138457.73619619838,281211.4058495415
2017-07-11 17:55:15.353667020,-0.3868,-0.5765,0.2033,-244788.5083914058,-7165.710326697977,-138522.77467510063,281356.2161187561
2017-07-11 17:55:15.553713023,-3.0173,-0.535,0.2061,-244918.5179771919,-7165.84962485409,-138587.93227843218,281501.41175880696
2017-07-11 17:55:15.753876984,-0.0504,0.8262,-0.0509,-245048.60624300528,-7165.955902939927,-138653.13034156893,281646.69516818126
2017-07-11 17:55:15.953656017,-3.5042,0.2345,0.2622,-245178.5841992738,-7166.052617361516,-138718.19255985483,281791.8157206631
2017-07-11 17:55:16.153706014,0.2499,-0.5278,0.3028,-245308.72844605174,-7166.170585515351,-138783.33090517516,281937.11921244924
2017-07-11 17:55:16.353724002,-2.8721,-0.7159,-0.554,-245438.96677376557,-7166.317175944967,-138848.4809920208,282082.5113094242
2017-07-11 17:55:16.554261982,0.0973,0.7439,-0.0469,-245569.53977250334,-7166.43423117293,-138913.80233735897,282228.2783909006
2017-07-11 17:55:16.754302978,-2.7936,0.1045,-0.1274,-245699.90096803324,-7166.546814594527,-138978.96689791777,282373.78413896647
2017-07-11 17:55:16.954047977,0.1973,-0.7578,0.145,-245830.06139860023,-7166.68946618187,-139044.0292504498,282519.06589705445
2017-07-11 17:55:17.154413998,-1.9902,0.3778,-0.0779,-245960.70640723742,-7166.817393919858,-139109.29701407164,282664.8702680512
2017-07-11 17:55:17.353936016,0.04,0.4584,-0.1623,-246090.79950675453,-7166.926534325113,-139174.2963109052,282810.06204068783
2017-07-11 17:55:17.552846014,-1.3795,-0.1444,0.1941,-246220.54813485628,-7167.041053162765,-139239.08854728536,282954.85254853923
2017-07-11 17:55:17.753669977,-0.2161,-0.6271,0.2394,-246351.55395419901,-7167.181965039813,-139304.49457676255,283101.03998794477
2017-07-11 17:55:17.953667998,-1.7663,0.49,-0.0757,-246482.09162784246,-7167.302697767143,-139369.63463447485,283246.6889115291
2017-07-11 17:55:18.153643012,-0.2281,0.2708,-0.0848,-246612.62340665644,-7167.412587312161,-139434.770589879,283392.33065868646
2017-07-11 17:55:18.353680014,-1.1475,-0.0871,0.1756,-246743.24156453036,-7167.525996209869,-139499.9197094443,283538.0543870962
2017-07-11 17:55:18.553964972,-0.3999,-0.5066,0.1143,-246874.03767184383,-7167.6598674686775,-139565.1449996069,283683.9712129256
2017-07-11 17:55:18.753911972,-1.1514,0.4192,-0.1754,-247004.6591072528,-7167.776753720884,-139630.2672418212,283829.68515344505
2017-07-11 17:55:18.953671991,-0.1248,0.4267,-0.3376,-247135.16337168604,-7167.876503601965,-139695.3420563997,283975.2736077128
2017-07-11 17:55:19.153823971,-0.7719,-0.2733,-0.0434,-247265.9546292323,-7167.98739782898,-139760.54629677706,284121.176020399
2017-07-11 17:55:19.354201972,-0.5808,-0.601,0.1299,-247396.91690229892,-7168.12254824027,-139825.81895318028,284267.2617793986
2017-07-11 17:55:19.553758025,-0.5684,0.7913,-0.5044,-247527.36460497088,-7168.225632628447,-139890.84394850954,284412.77732835547
2017-07-11 17:55:19.754468023,-1.2441,0.6629,-0.2825,-247658.6167473591,-7168.302608511126,-139956.2563351969,284559.1831216589
2017-07-11 17:55:19.953662991,-0.3067,-0.2062,0.053,-247788.8903216268,-7168.387185087231,-140021.17286310377,284704.49380299164
2017-07-11 17:55:20.153898000,-2.8706,-0.1337,0.2394,-247919.95917705417,-7168.477563832018,-140086.418736048,284850.65901841753
2017-07-11 17:55:20.353947997,0.0986,0.4792,-0.1898,-248050.90298225696,-7168.548681484546,-140151.61191927944,284996.6892510932
2017-07-11 17:55:20.553704977,-3.2051,0.1881,0.1543,-248181.78288422892,-7168.612189243425,-140216.7034558171,285142.6139396405
2017-07-11 17:55:20.754492998,0.0244,-0.5673,0.2544,-248313.3373360605,-7168.698895966127,-140282.12070445763,285289.286746231
2017-07-11 17:55:20.953754007,-2.4999,-0.1116,0.0033,-248443.99056217537,-7168.789374348342,-140347.040317673,285434.9307871806
2017-07-11 17:55:21.153674006,-0.2071,0.7543,-0.0024,-248575.08415807367,-7168.8500040910085,-140412.1747269987,285581.06324849307
2017-07-11 17:55:21.353698015,-2.7364,0.7919,0.7029,-248706.35543875874,-7168.878981771243,-140477.31490027803,285727.35266872396
2017-07-11 17:55:21.553677022,0.0846,-0.5684,0.1788,-248837.59380234868,-7168.930684159274,-140542.4332676276,285873.6035475863
2017-07-11 17:55:21.753657996,-3.0129,-0.7616,-1.15,-248968.95394987514,-7169.012845260047,-140607.59826673203,286019.9843829261
2017-07-11 17:55:21.953855991,-0.0108,0.2103,-0.2318,-249100.45708337132,-7169.086666859139,-140672.84327379736,286166.5290657099
2017-07-11 17:55:22.353883028,-1.9951,-0.1918,-0.3804,-249363.54025706317,-7169.264866157204,-140803.27391748794,286459.6577428316
2017-07-11 17:55:22.553686976,-1.9994,0.0467,-0.5638,-249495.0238363268,-7169.352008109713,-140868.4434157219,286606.1494065923
2017-07-11 17:55:22.754231989,0.164,0.4294,-0.2302,-249626.9884872231,-7169.422203529321,-140933.86388331983,286753.1830425162
2017-07-11 17:55:22.953988015,-1.9898,-0.0937,-0.1808,-249758.51335887553,-7169.495861646558,-140999.0341871641,286899.7112369736
2017-07-11 17:55:23.153672993,-0.2947,-0.8206,0.2684,-249890.00320146154,-7169.602214244142,-141064.1706094279,287046.1933655674
2017-07-11 17:55:23.353863000,-1.7567,0.5208,-0.3382,-250021.8960003539,-7169.6879642200665,-141129.48532380018,287193.11365852214
2017-07-11 17:55:23.553673982,-0.3611,0.1216,-0.3819,-250153.55349985597,-7169.7686970328,-141194.6916232469,287339.77596977074
2017-07-11 17:55:23.753629982,-0.8789,-0.0883,-0.0872,-250285.3416937344,-7169.853018885557,-141259.94873432128,287486.57738316216
2017-07-11 17:55:23.953723013,-1.0404,-0.929,0.0974,-250417.26185754692,-7169.974593102925,-141325.2466668449,287633.514941047
2017-07-11 17:55:24.153689026,-0.6699,0.6763,-0.2451,-250549.12506602934,-7170.069047339003,-141390.5129492538,287780.3869507954
2017-07-11 17:55:24.353694975,-0.8246,0.5256,-0.3772,-250681.04759539472,-7170.142495188173,-141455.80735514662,287927.324166051
2017-07-11 17:55:24.553739011,-0.8697,-0.2706,0.0465,-250813.03005000064,-7170.226785790949,-141521.1123341906,288074.3192846749
2017-07-11 17:55:24.753983020,-1.0881,-0.4992,-0.0672,-250945.1880704612,-7170.331177407836,-141586.48528958668,288221.50142133946
2017-07-11 17:55:24.953846991,-1.0633,0.4356,-0.0674,-251077.1377457476,-7170.417970596167,-141651.7368676511,288368.4423616642
2017-07-11 17:55:25.153744995,-0.541,0.2832,-0.1655,-251209.13150746602,-7170.493462114873,-141717.00617005708,288515.4303794332
2017-07-11 17:55:25.354016005,-0.5865,-0.2651,0.0446,-251341.3950907389,-7170.579727256737,-141782.39547494316,288662.71280925255
2017-07-11 17:55:25.553817987,-0.8853,-0.7901,0.074,-251473.38425904073,-7170.697331817899,-141847.62868612495,288809.6806805417
2017-07-11 17:55:25.753686010,-0.6012,1.0193,-0.0696,-251605.44107029287,-7170.77425704307,-141912.88623931422,288956.7186628382
2017-07-11 17:55:25.953683972,-3.2604,1.0608,-0.0817,-251737.71414819043,-7170.808801143937,-141978.18948593887,289103.966616032
2017-07-11 17:55:26.153680026,0.0631,-0.5388,0.3146,-251869.98344028956,-7170.864896064815,-142043.47952606075,289251.2055937534
2017-07-11 17:55:26.353722989,-3.1631,-0.5581,0.728,-252002.41033446626,-7170.943337734827,-142108.75574742508,289398.57584793854
2017-07-11 17:55:26.553749978,0.2134,0.7754,-0.1463,-252134.81811567457,-7170.990748769575,-142174.03260987683,289545.9292808268
2017-07-11 17:55:26.753672003,-2.2891,0.9459,-0.4214,-252267.24790862415,-7171.00032842229,-142239.29206120712,289693.2926720514
2017-07-11 17:55:26.954043984,-0.142,-0.2684,-0.0076,-252399.9814568253,-7171.020705608542,-142304.69869434123,289840.99338750076
2017-07-11 17:55:27.153677999,-2.7793,-0.3282,0.1112,-252532.3369155216,-7171.054087743474,-142369.8600044173,289988.24500731274
2017-07-11 17:55:27.353805005,0.1679,0.9087,0.0196,-252665.01249804313,-7171.051158135921,-142435.18144365525,290135.8534001544
2017-07-11 17:55:27.553705990,-2.4785,0.4317,-0.2989,-252797.6372802406,-7171.030980930707,-142500.44105382104,290283.3870553654
2017-07-11 17:55:27.753805994,0.1077,-0.6901,0.1283,-252930.38978975598,-7171.038415249319,-142565.76049853096,290431.06228100904
2017-07-11 17:55:27.953961014,-2.2176,0.245,-0.4719,-253063.26764014352,-7171.036036414093,-142631.11680760674,290578.8647997779
2017-07-11 17:55:28.153689026,-0.1903,0.7321,-0.1574,-253195.8696020409,-7171.004458248649,-142696.33996530806,290726.3612539611
2017-07-11 17:55:28.353688001,-2.4927,0.4392,-0.1295,-253328.75116669078,-7170.955269422443,-142761.65678860387,290874.147039881
2017-07-11 17:55:28.553723990,-0.3489,-0.7103,0.1741,-253461.67128488093,-7170.934493718929,-142826.9787336396,291021.96990299167
2017-07-11 17:55:28.753775000,-1.669,0.5931,-0.4064,-253594.6681782991,-7170.889980352181,-142892.32184809062,291169.86972334597
2017-07-11 17:55:28.954576015,-0.1977,0.4084,-0.1348,-253728.171657692,-7170.828832985908,-142957.91537365052,291318.33352346194
2017-07-11 17:55:29.153802990,-1.0733,-0.2867,-0.2547,-253860.67123010964,-7170.779544462732,-143023.00483375086,291465.67617534695
2017-07-11 17:55:29.353699028,-0.115,-0.6756,0.1244,-253993.62037042843,-7170.757086326754,-143088.30791264644,291613.5161602986
2017-07-11 17:55:29.553806006,-1.1921,0.52,-0.2932,-254126.75754015695,-7170.713782234486,-143153.69164306967,291761.55926554056
2017-07-11 17:55:29.753688991,-0.839,0.3019,-0.455,-254259.7792013707,-7170.658464741956,-143219.02036386047,291909.4747628649
2017-07-11 17:55:29.953688025,-0.9496,-0.1085,-0.0277,-254392.91607655687,-7170.6074550910125,-143284.3881214954,292057.51015948976
2017-07-11 17:55:30.153684020,-0.0435,-0.6302,0.2598,-254526.05266864877,-7170.581653205594,-143349.74449427865,292205.5406300572
2017-07-11 17:55:30.353825986,-1.417,0.6506,-0.3387,-254659.34319358887,-7170.529771529819,-143415.16213593294,292353.7348888678
2017-07-11 17:55:30.553753972,-0.8365,0.48,-0.3895,-254792.52464806006,-7170.4587591470745,-143480.52540568067,292501.8072867911
2017-07-11 17:55:30.753700971,-0.8189,-0.0951,0.04,-254925.75150662797,-7170.391541995215,-143545.89329227374,292649.9218813519
2017-07-11 17:55:30.954010009,-0.4426,-0.7588,0.0487,-255059.2373544708,-7170.354649006633,-143611.37758482955,292798.32020940504
2017-07-11 17:55:31.153908014,-0.7386,0.9579,-0.1741,-255192.4788039918,-7170.279554792691,-143676.73446089056,292946.44249822345
2017-07-11 17:55:31.354173004,-1.6654,0.5614,-0.6032,-255326.03165896868,-7170.181807170617,-143742.23551508645,293094.90650766884
2017-07-11 17:55:31.553161978,-0.2375,-0.3596,0.2451,-255458.74296770865,-7170.09892130259,-143807.3095151535,293242.428627186
2017-07-11 17:55:31.754171013,-3.1447,-0.5851,-0.3002,-255592.92857203935,-7170.038834758769,-143873.05625139212,293391.56584339606
2017-07-11 17:55:31.953682005,-0.107,0.838,-0.1589,-255726.11840178468,-7169.945839731932,-143938.31932745816,293539.59788587573
2017-07-11 17:55:32.353470027,-3.3626,0.831,-0.3841,-255993.54689991835,-7169.626673502242,-144069.15745313684,293836.7263129217
2017-07-11 17:55:32.553008973,-2.5012,-0.3582,-0.828,-256127.12322412396,-7169.4816358658345,-144134.49328177285,293985.1303579588
2017-07-11 17:55:32.752870976,-0.0699,0.8503,-0.2058,-256260.91860284854,-7169.3023983303365,-144199.94311088792,294133.78060542076
2017-07-11 17:55:32.953565001,-3.6345,0.5557,-0.2863,-256395.4173601035,-7169.100032096592,-144265.67693810703,294283.18263356836
2017-07-11 17:55:33.153824985,0.2442,-0.7296,0.1964,-256529.61544346288,-7168.927363443379,-144331.26072632987,294432.2501730493
2017-07-11 17:55:33.353309988,-2.5414,-0.0839,0.296,-256663.39533023385,-7168.7587017351325,-144396.57893442197,294580.82356414915
2017-07-11 17:55:33.553013026,0.2945,0.7547,-0.1791,-256797.30969196334,-7168.559757261755,-144461.97567736663,294729.5521840856
2017-07-11 17:55:33.753010988,-3.1795,0.059,0.0026,-256931.5489975426,-7168.358159032733,-144527.46889505957,294878.6114559434
2017-07-11 17:55:33.952776014,0.0982,-0.6205,0.2776,-257065.6280369186,-7168.181557317242,-144592.87475541065,295027.48918514006
2017-07-11 17:55:34.153446972,-2.0005,0.463,-0.2027,-257200.39568093332,-7167.985510245228,-144658.58539304745,295177.116122882
2017-07-11 17:55:34.353757023,0.0922,0.2049,-0.162,-257334.9172457073,-7167.781594332672,-144724.184350117,295326.4740294133
2017-07-11 17:55:34.552951991,-1.498,-0.375,-0.1849,-257468.7493964394,-7167.593693064401,-144789.4254684718,295475.05654895055
2017-07-11 17:55:34.752903997,-0.186,-0.4911,0.3279,-257603.09761102658,-7167.424712252885,-144854.90142518014,295624.20459546364
2017-07-11 17:55:34.954379975,-1.4699,0.7995,-0.3494,-257738.52945293812,-7167.2219897626965,-144920.8906023098,295774.5478714831
2017-07-11 17:55:35.152975976,-0.4635,0.3216,-0.1758,-257872.04365936093,-7167.009481044134,-144985.94343776282,295922.76140995795
2017-07-11 17:55:35.353459000,-0.9869,-0.1411,-0.0405,-258006.86616034404,-7166.80062440126,-145051.61602123445,296072.41905899177
2017-07-11 17:55:35.553014993,-0.3229,-0.7395,0.0756,-258141.07810248155,-7166.622182317412,-145116.98192491187,296221.3954467347
2017-07-11 17:55:35.753009974,-1.5243,0.761,-0.3325,-258275.6462561681,-7166.412909220205,-145182.5049213849,296370.7587773711
2017-07-11 17:55:35.953095972,-0.1562,0.1793,-0.3315,-258410.28190471407,-7166.196362714458,-145248.0710085449,296520.20217193646
2017-07-11 17:55:36.153587996,-0.853,-0.277,-0.025,-258545.22505173655,-7165.99051136342,-145313.77115110136,296669.9797809288
2017-07-11 17:55:36.353015005,-0.7265,-0.6778,0.1102,-258679.4802735683,-7165.81271036938,-145379.11791127335,296818.98576584255
2017-07-11 17:55:36.552902996,-0.4178,0.9254,-0.2214,-258814.06252398636,-7165.597523832215,-145444.62456868435,296968.3544823741
2017-07-11 17:55:36.752906978,-2.1518,1.1844,-0.3229,-258948.8089452178,-7165.334834540079,-145510.18215481172,297117.89038724086
2017-07-11 17:55:36.953243970,-0.708,-0.2405,0.065,-259083.80813702758,-7165.081360311789,-145575.84628665543,297267.6993078123
2017-07-11 17:55:37.153852999,-1.2135,-0.5276,0.0384,-259219.0394799074,-7164.848774616779,-145641.5980382577,297417.75428845256
2017-07-11 17:55:37.353429019,-0.6531,0.7744,-0.2648,-259353.60048067608,-7164.586541783116,-145707.02175726814,297567.06399058655
2017-07-11 17:55:37.553004980,-1.594,0.8384,-0.3991,-259488.22493158426,-7164.290915081944,-145772.46135331577,297716.4362803376
2017-07-11 17:55:37.753235995,-0.5353,-0.2969,0.1259,-259623.3127122582,-7164.006221517437,-145838.1106894604,297866.3156825562
2017-07-11 17:55:37.953275024,-2.317,-0.3286,-0.762,-259758.36368390574,-7163.734950053993,-145903.72757144237,298016.14775279636
2017-07-11 17:55:38.152987003,0.0932,0.6921,-0.3211,-259893.19013926943,-7163.436517778981,-145969.2499813863,298165.73754145385
2017-07-11 17:55:38.353022992,-2.8117,0.1107,-0.1077,-260028.3478437213,-7163.133171737767,-146034.883003548,298315.6704114474
2017-07-11 17:55:38.553158998,0.2226,-0.5131,0.1772,-260163.56421023936,-7162.850225948402,-146100.5417442511,298465.66781440435
2017-07-11 17:55:38.753005027,-2.3074,0.1091,-0.3159,-260298.67681574952,-7162.563332835816,-146166.11796857588,298615.53460516845
2017-07-11 17:55:38.953046023,0.2428,0.504,-0.15,-260433.9115192522,-7162.255991568668,-146231.764170611,298765.5419096313
2017-07-11 17:55:39.153557002,-2.4352,-0.0244,-0.1613,-260569.56185405614,-7161.948909217203,-146297.57108903708,298915.9905116233
2017-07-11 17:55:39.353034019,0.1134,-0.5145,0.3156,-260704.50817724149,-7161.663882888264,-146363.02610711718,299065.6540372724
2017-07-11 17:55:39.553017973,-3.2194,-0.394,-0.8198,-260839.92619895274,-7161.393889684513,-146428.68025476055,299215.8268926783
2017-07-11 17:55:39.752924978,0.2263,0.2815,-0.0511,-260975.28307149277,-7161.112750836434,-146494.31118237172,299365.93513436615
2017-07-11 17:55:39.953023016,-2.8015,0.1552,-0.2641,-261110.88146221198,-7160.825129241758,-146560.0154018692,299516.28995615756
2017-07-11 17:55:40.153371989,0.2429,-0.5816,0.1889,-261246.64015155018,-7160.560492208173,-146625.79443602668,299666.8220057604
2017-07-11 17:55:40.353013992,-2.4273,0.1889,-0.3833,-261382.01653488883,-7160.289260023455,-146691.3566333339,299816.9148348039
2017-07-11 17:55:40.552924990,0.2596,0.5625,-0.1951,-261517.56494781963,-7159.995182405066,-146757.01496533633,299967.2044553956
2017-07-11 17:55:40.753009021,-1.2622,-0.1007,-0.0619,-261653.28121513792,-7159.704881633221,-146822.7326060008,300117.669847234
2017-07-11 17:55:40.952935993,-0.0428,-0.6859,0.1847,-261788.89266066023,-7159.442224705073,-146888.3912779991,300268.01598855335
2017-07-11 17:55:41.153568029,-1.4343,0.573,-0.1181,-261925.04008973594,-7159.155576397432,-146954.28625628055,300418.94478156616
2017-07-11 17:55:41.354267001,-0.2874,0.335,-0.2694,-262061.24451758486,-7158.855338630637,-147020.21407027196,300569.93933714234
2017-07-11 17:55:41.553014993,-1.5313,-0.0154,-0.1195,-262196.18539969187,-7158.558627764943,-147085.50572515596,300719.5214717555
2017-07-11 17:55:41.753144025,0.0554,-0.677,0.2409,-262332.0617265293,-7158.28697009785,-147151.24142366822,300870.1373259974
2017-07-11 17:55:41.953104019,-1.1216,0.4206,-0.3279,-262467.86813215085,-7157.998724615002,-147216.93470960023,301020.6714045871
2017-07-11 17:55:42.354471027,-0.1421,0.4107,-0.1414,-262740.4866045696,-7157.3539858355425,-147348.81945295024,301322.85942401167
2017-07-11 17:55:42.554479002,-0.3201,-0.4911,0.0469,-262876.34980967164,-7157.05234715332,-147414.5379771451,301473.4560364675
2017-07-11 17:55:42.754543006,-1.0033,0.6549,-0.2439,-263012.2912323438,-7156.724411202727,-147480.28467356708,301624.1343310935
2017-07-11 17:55:42.954567015,-0.507,0.3688,-0.2296,-263148.22576369625,-7156.381785268127,-147546.02741270472,301774.80466087355
2017-07-11 17:55:43.154424011,-1.0218,-0.0581,0.0132,-263284.0876080767,-7156.041766091885,-147611.7147317263,301925.3849006671
2017-07-11 17:55:43.355351984,-0.4638,-0.7711,0.2642,-263420.69622213347,-7155.731055737255,-147677.74338417835,302076.78423893946
2017-07-11 17:55:43.554624021,-0.9018,0.6544,-0.1909,-263556.2147942681,-7155.3969202884355,-147743.23544591223,302226.97047384025
2017-07-11 17:55:43.754482984,0.1567,0.2129,-0.4608,-263692.1262569382,-7155.05329670007,-147808.93881073815,302377.6027253675
2017-07-11 17:55:43.954420983,-0.4384,-0.3017,0.0965,-263828.1089921312,-7154.721597741587,-147874.66430093546,302528.308555777
2017-07-11 17:55:44.154986977,-1.8169,-0.4835,-0.4843,-263964.5919300447,-7154.408306551817,-147940.6157133259,302679.56179539085
2017-07-11 17:55:44.354433000,-0.3998,0.6719,-0.1644,-264100.32864362554,-7154.070037477095,-148006.20538920126,302829.98718997854
2017-07-11 17:55:44.555362999,-3.2016,0.6534,-0.3811,-264237.20456253435,-7153.702871885279,-148072.2984704568,302981.65177800105
2017-07-11 17:55:44.754544019,0.1903,-0.6605,0.3234,-264372.88150623965,-7153.365106325297,-148137.80341953386,303131.98430753074
2017-07-11 17:55:44.955609023,-3.2418,-0.2639,-0.6778,-264509.9728276607,-7153.034814679493,-148203.95535865656,303283.8670557675
2017-07-11 17:55:45.154426991,-0.1233,0.9018,-0.2281,-264645.536935679,-7152.672567386496,-148269.37702205172,303434.0605590239
2017-07-11 17:55:45.355425000,-3.5471,-0.0231,-0.1772,-264782.7308090404,-7152.307281292932,-148335.52319355318,303586.02977614757
2017-07-11 17:55:45.554521977,0.2878,-0.7058,0.2299,-264918.61569936236,-7151.9734276963045,-148401.0346437784,303736.54826398625
2017-07-11 17:55:45.755214989,-2.5609,0.2508,-0.5226,-265055.6930403433,-7151.626796162363,-148467.09230713506,303888.37371157133
2017-07-11 17:55:45.954600989,0.1947,0.3264,-0.2145,-265191.8699257334,-7151.2694461049305,-148532.7282977671,304039.207841647
2017-07-11 17:55:46.154426991,-2.107,-0.1086,-0.2121,-265328.43145762663,-7150.915643897628,-148598.517602152,304190.4527888206
2017-07-11 17:55:46.353745996,0.299,-0.6151,0.2187,-265464.6346279566,-7150.587176087818,-148664.13129789027,304341.3003022654
2017-07-11 17:55:46.554547011,-2.131,0.2482,-0.6942,-265601.93644302967,-7150.2462583151955,-148730.26084642357,304493.35814642475
2017-07-11 17:55:46.754546999,0.2449,0.3566,-0.1232,-265738.6807434531,-7149.892436519186,-148796.13152173063,304644.80327252724
2017-07-11 17:55:46.954577982,-2.0759,0.0684,-0.3901,-265875.52929755475,-7149.535823041881,-148862.02801418115,304796.3522193707
2017-07-11 17:55:47.154500007,-0.0443,-0.6245,0.2092,-266012.30508009886,-7149.204364339581,-148927.88025096577,304947.8170000839
2017-07-11 17:55:47.353743970,-1.5861,0.355,-0.6379,-266148.6799347258,-7148.859936977666,-148993.53446463047,305098.8353659494
2017-07-11 17:55:47.554717004,0.1127,0.3332,-0.2556,-266286.233720197,-7148.499062618534,-149059.76875979433,305251.1653875526
2017-07-11 17:55:47.754929006,-1.7599,0.0996,-0.057,-266423.3371709956,-7148.135562345011,-149125.7545279461,305402.98147673166
2017-07-11 17:55:47.954418003,0.1808,-0.6909,0.2159,-266559.9383191195,-7147.8008697022415,-149191.49341655744,305554.2398361188
2017-07-11 17:55:48.154425024,-0.4994,0.5652,-0.4158,-266696.9141643258,-7147.442698357428,-149257.41964610762,305705.91633351543
2017-07-11 17:55:48.354134976,-0.3558,0.4635,-0.3108,-266833.7007510377,-7147.06657273786,-149323.26035186724,305857.3858830305
2017-07-11 17:55:48.554428994,-0.818,-0.0959,0.0161,-266970.9201961529,-7146.69319439891,-149389.29296757243,306009.327157436
2017-07-11 17:55:48.754507005,-1.0914,-0.3916,-0.0109,-267108.03534707794,-7146.3358949517,-149455.254806771,306161.14360424015
2017-07-11 17:55:48.954433023,-0.844,0.7207,-0.27,-267245.08007094456,-7145.950060257278,-149521.1773288372,306312.87908638583
2017-07-11 17:55:49.154419004,-0.5901,0.7071,-0.4536,-267382.18949877063,-7145.5358298060155,-149587.13776423462,306464.6892024392
2017-07-11 17:55:49.354423999,-0.4312,-0.4261,0.0423,-267519.3292113653,-7145.138604822462,-149653.10277884573,306616.52871089114
2017-07-11 17:55:49.555536985,-2.9469,-0.1528,-0.394,-267657.3478444161,-7144.745359500317,-149719.4491634373,306769.3216395048
2017-07-11 17:55:49.754890978,-0.2261,0.7916,-0.2657,-267794.16831180203,-7144.324093838083,-149785.22582259652,306920.790796736
2017-07-11 17:55:49.954424023,-3.611,0.4671,-0.1838,-267931.2554323259,-7143.883852955445,-149851.0688775013,307072.5249151679
2017-07-11 17:55:50.154430985,-0.4107,-0.1889,0.0361,-268068.68458178017,-7143.450122969363,-149917.06687414655,307224.6335716142
2017-07-11 17:55:50.354436993,-2.5242,-0.2551,-1.0325,-268206.2140497865,-7143.026599665167,-149983.10585847366,307376.85034315375
2017-07-11 17:55:50.554472982,0.2623,0.6014,-0.0081,-268343.75363775215,-7142.578948216324,-150049.15506619395,307529.0807167817
2017-07-11 17:55:50.754446029,-4.1032,0.9394,0.1612,-268481.41403218714,-7142.093871749699,-150115.17704504562,307681.4026958096
2017-07-11 17:55:50.954605996,0.2345,-0.8938,0.1554,-268619.1937063567,-7141.6441510837785,-150181.2545104079,307833.8569991186
2017-07-11 17:55:51.154756009,-2.6796,0.1556,-0.7118,-268757.07387356245,-7141.188219442256,-150247.3572044507,307986.4115073696
2017-07-11 17:55:51.353699982,-0.0838,0.4723,-0.1998,-268894.1265356497,-7140.716342076981,-150313.06949261422,308138.0534363445
2017-07-11 17:55:51.554467976,-3.9395,1.0418,0.2831,-269032.594559791,-7140.198145643603,-150379.3728538087,308291.2180796539
2017-07-11 17:55:51.754640996,0.4007,-0.7079,0.2274,-269170.6361795441,-7139.709849893857,-150445.4706138916,308443.91137818963
2017-07-11 17:55:51.954563975,-2.1168,0.2967,-0.5905,-269308.5899749415,-7139.210305225329,-150511.5094114619,308596.499369954
2017-07-11 17:55:52.355288028,0.0187,0.375,-0.1985,-269585.1004789259,-7138.148804392447,-150643.908935077,308902.35814545996
2017-07-11 17:55:52.555070996,-0.2422,-0.6236,0.4029,-269722.9658317769,-7137.6444777700535,-150709.90129448558,309054.8472584996
2017-07-11 17:55:52.755078017,-1.3774,0.6901,-0.4615,-269861.0408980062,-7137.111979616327,-150775.98612443265,309207.56419233995
2017-07-11 17:55:52.955109000,-0.205,0.3921,-0.2035,-269999.1407089692,-7136.563728806485,-150842.08701424746,309360.3105445992
2017-07-11 17:55:53.155326008,-0.8156,-0.2988,-0.0575,-270137.40164495824,-7136.026946084712,-150908.25168162328,309513.2292385398
2017-07-11 17:55:53.354767024,-0.4496,-0.6826,0.1774,-270275.14459909435,-7135.519395389366,-150974.15285459184,309665.56840447243
2017-07-11 17:55:53.555253982,-1.0253,0.8975,-0.3031,-270413.65113986895,-7134.973107880859,-151040.41182064658,309818.7479269055
2017-07-11 17:55:53.755358994,-0.6523,0.2506,-0.223,-270551.91993241664,-7134.417826570876,-151106.55348667767,309971.66290398716
2017-07-11 17:55:53.955272972,-0.6225,-0.2151,-0.1066,-270690.08160265523,-7133.871671970861,-151172.6362696605,310124.4562426565
2017-07-11 17:55:54.155156016,-0.4245,-0.6516,0.0471,-270828.2388543798,-7133.351635406428,-151238.70694542403,310277.2407783774
2017-07-11 17:55:54.355087995,-0.8385,0.6884,-0.1725,-270966.46344669885,-7132.803954254675,-151304.8006917965,310430.09505755926
2017-07-11 17:55:54.555078983,-2.4176,1.5228,-0.5031,-271104.825530653,-7132.195204946626,-151370.93406761935,310583.08761899907
2017-07-11 17:55:54.755078971,-0.3383,-0.5355,0.1687,-271243.20737317984,-7131.607848241054,-151437.06367157903,310736.0964388605
2017-07-11 17:55:54.955075025,-3.13,0.1412,-0.1893,-271381.71168879536,-7131.014855311656,-151503.19954647054,310889.21545274736
2017-07-11 17:55:55.155246973,-0.5237,0.9158,0.0633,-271520.35880123987,-7130.384645837409,-151569.39105067195,311042.48573502485
2017-07-11 17:55:55.354844987,-4.1465,1.0465,-0.2372,-271658.77357793343,-7129.714551405118,-151635.40222016282,311195.4647772393
2017-07-11 17:55:55.555606007,-0.1171,-0.4509,0.1603,-271797.99958144274,-7129.058726024602,-151701.79155877457,311349.33694635506
2017-07-11 17:55:55.755123972,-3.6211,-0.0991,0.01,-271936.50768387347,-7128.41090624303,-151767.76943545465,311502.38248328527
2017-07-11 17:55:55.955457985,-0.386,0.8195,-0.0026,-272075.597789611,-7127.727547234272,-151834.01727245408,311656.06718569377
2017-07-11 17:55:56.155192971,-4.0473,0.8171,0.0257,-272214.433459531,-7127.013634125276,-151900.0659937846,311809.4324358238
2017-07-11 17:55:56.355275988,-0.0755,-0.5092,0.2524,-272353.5140680996,-7126.318861960883,-151966.21969824366,311963.0634788993
2017-07-11 17:55:56.555070996,-3.4674,-0.4059,-0.1292,-272492.53288926295,-7125.641292619104,-152032.2833353292,312116.5974766337
2017-07-11 17:55:56.755366981,-0.5195,0.7785,-0.0992,-272631.92113542143,-7124.9307920647325,-152098.516603768,312270.53625638306
2017-07-11 17:55:56.955075025,-4.1541,0.9865,0.6584,-272771.0659060025,-7124.183032207648,-152164.52919449465,312424.1545149084
2017-07-11 17:55:57.155076980,0.3544,-0.7537,0.1939,-272910.4012801332,-7123.464320459263,-152230.63118002145,312577.983774091
2017-07-11 17:55:57.354897022,-3.4973,-0.2864,-0.1955,-273049.7495612896,-7122.757697812826,-152296.6808480171,312731.79948644096
2017-07-11 17:55:57.555284976,0.217,0.7301,-0.0967,-273189.4851729008,-7122.019749453963,-152362.922119938,312886.0463671598
2017-07-11 17:55:57.755078971,-3.2082,0.036,0.0774,-273328.9346655845,-7121.282551372507,-152428.963960094,313039.94672333344
2017-07-11 17:55:57.955394983,0.3696,-0.644,0.219,-273468.73367783113,-7120.569268626435,-152495.16956509528,313194.23293980525
2017-07-11 17:55:58.154694020,-1.7404,0.2787,-0.735,-273607.8920798784,-7119.848537118618,-152561.0682482325,313347.8105821513
2017-07-11 17:55:58.355078995,0.1751,0.6948,-0.2201,-273747.8016954268,-7119.095979403113,-152627.33483718292,313502.222958856
2017-07-11 17:55:58.555078983,-1.7646,-0.1564,-0.0759,-273887.51309545635,-7118.351123528479,-152693.47714831974,313656.4023194426
2017-07-11 17:55:58.755300998,-0.2339,-0.5714,0.3779,-274027.3889707935,-7117.628347535132,-152759.67773677714,313810.75456664676
2017-07-11 17:55:58.955067992,-1.3574,0.4655,-0.5038,-274167.0011362581,-7116.888637470132,-152825.7479840234,313964.8130966324
2017-07-11 17:55:59.155067980,-0.2264,0.3817,-0.3847,-274306.7851914122,-7116.132796661806,-152891.9106789005,314119.0667550637
2017-07-11 17:55:59.355082988,-0.7397,-0.3461,-0.1174,-274446.60933679016,-7115.390745167618,-152958.08303930107,314273.360832532
2017-07-11 17:55:59.555073976,-0.0946,-0.5404,0.1326,-274586.4204742073,-7114.670396839137,-153024.2421494755,314427.63798545947
2017-07-11 17:55:59.755101978,-1.1502,0.2449,-0.7526,-274726.3035085217,-7113.940116446514,-153090.4436166985,314581.9987065285
2017-07-11 17:55:59.955245971,0.0037,0.4212,-0.111,-274866.2675091312,-7113.192540314743,-153156.68791881422,314736.4509820525
2017-07-11 17:56:00.155292987,-0.3207,-0.3478,0.1476,-275006.1765261545,-7112.459244952269,-153222.89421639463,314890.8374597362
2017-07-11 17:56:00.355683028,-2.6985,-0.1052,0.8174,-275146.43380965455,-7111.728916621104,-153289.18121571146,315045.5678217634
2017-07-11 17:56:00.555136978,-0.0147,0.8591,-0.112,-275286.0364877994,-7110.967823293942,-153355.16302116116,315199.5776865713
2017-07-11 17:56:00.755074024,-1.9916,1.1515,-0.4244,-275426.0569104588,-7110.158855520071,-153421.32160598924,315354.03772192675
2017-07-11 17:56:00.955074012,-0.1659,-0.3315,0.036,-275566.1280488195,-7109.362893074197,-153487.49957814155,315508.5521746024
2017-07-11 17:56:01.155228972,-1.6343,-0.4908,-0.0748,-275706.3731960487,-7108.585976302358,-153553.73182559863,315663.2458381388
2017-07-11 17:56:01.354662001,0.033,0.6191,-0.2297,-275846.1111860829,-7107.787237966547,-153619.7343185654,315817.38468300254
2017-07-11 17:56:01.555199027,-4.0749,0.3285,0.0274,-275986.7865931185,-7106.970867412672,-153686.10107817643,315972.51949104253
2017-07-11 17:56:01.755077004,0.4173,-0.6079,0.2843,-276126.98300996976,-7106.1814661336875,-153752.23837057815,316127.1253233117
2017-07-11 17:56:01.955237984,-1.6525,0.3861,-0.5263,-276267.4441344129,-7105.375478286372,-153818.49039127646,316282.0181981574
2017-07-11 17:56:02.352846026,0.2348,0.4947,-0.0768,-276546.42479629704,-7103.696222531213,-153950.1082844264,316589.67672434077
2017-07-11 17:56:02.552699029,-0.1183,-0.6595,0.2315,-276686.655867813,-7102.8785056249035,-154016.25522305974,316744.3184830849
2017-07-11 17:56:02.752839028,-1.2328,0.6826,-0.517,-276827.1376971813,-7102.032272209411,-154082.51786000477,316899.23530688486
2017-07-11 17:56:02.951915025,-0.0766,0.4964,-0.1691,-276966.87572035217,-7101.170864661217,-154148.4349272916,317053.33441627066
2017-07-11 17:56:03.153524994,-2.6233,0.1548,-0.1605,-277108.4990504079,-7100.292200452986,-154215.1975547292,317209.49158583814
2017-07-11 17:56:03.352482020,-0.2845,-0.5767,0.1492,-277248.27005059476,-7099.447926435579,-154281.0757609357,317363.6017958885
2017-07-11 17:56:03.552951991,-1.5333,0.5879,-0.2941,-277389.1655432811,-7098.573605588763,-154347.46674946474,317518.9433719017
2017-07-11 17:56:03.753687024,-0.0123,0.4758,-0.173,-277530.2478240357,-7097.678956563745,-154413.9524913167,317674.49414114404
2017-07-11 17:56:03.953831017,-1.9238,0.0733,-0.2282,-277670.991767942,-7096.784005501064,-154480.2516151002,317829.6590182828
2017-07-11 17:56:04.153217017,0.0484,-0.4455,0.1025,-277811.20075685927,-7095.910154584494,-154546.2955734368,317984.2333864401
2017-07-11 17:56:04.352950990,-1.522,0.4692,-0.222,-277951.715159856,-7095.016060498094,-154612.46364959006,318139.1348592629
2017-07-11 17:56:04.553111970,-0.0288,0.463,-0.1304,-278092.5311194526,-7094.1015051215245,-154678.7784094619,318294.37103227584
2017-07-11 17:56:04.752840995,-0.6401,-0.2471,0.0193,-278233.06872752466,-7093.198780625182,-154744.94928965278,318449.29475998867
2017-07-11 17:56:04.952982008,0.0023,-0.6129,0.1224,-278373.89613527444,-7092.318744630587,-154811.2517599111,318604.5365436258
2017-07-11 17:56:05.153253972,-0.9274,0.7207,-0.1639,-278514.8528824635,-7091.409226378915,-154877.60418529878,318759.91535814904
2017-07-11 17:56:05.352973997,-1.0891,0.943,-0.2054,-278655.4646023876,-7090.464600244362,-154943.78193990508,318914.9074641395
2017-07-11 17:56:05.552869021,-0.1224,-0.4374,0.2102,-278796.2044201998,-7089.536624046205,-155010.00928171352,319070.03636532597
2017-07-11 17:56:05.752883970,-1.0258,-0.6842,0.0806,-278937.0697115778,-7088.635463209499,-155076.27313146458,319225.29364127223
2017-07-11 17:56:05.953678011,-0.6718,0.8297,-0.1116,-279078.51078284986,-7087.697340149714,-155142.79958961578,319381.18119084986
2017-07-11 17:56:06.152902007,-2.9275,1.5961,-0.4531,-279218.962093812,-7086.703202915017,-155208.82384896284,319535.959096328
2017-07-11 17:56:06.352831006,0.0146,-0.6611,0.275,-279359.90984261973,-7085.731972909579,-155275.07075916286,319691.279868769
2017-07-11 17:56:06.553112983,-3.2102,0.5867,-0.7073,-279501.2352073776,-7084.73549396027,-155341.4630012268,319847.0010596171
2017-07-11 17:56:06.752708971,0.1384,0.4051,-0.1028,-279642.07100271364,-7083.726289466917,-155407.63193756528,320002.1861132711
2017-07-11 17:56:06.952847003,-3.5928,0.553,-0.0449,-279783.4331770855,-7082.692193727762,-155473.98236775375,320157.91916233517
2017-07-11 17:56:07.152764022,0.482,-0.7755,0.2579,-279924.6199808001,-7081.690234208118,-155540.2492195313,320313.4594974781
2017-07-11 17:56:07.353304028,-2.3393,0.0838,-0.524,-280066.3408327535,-7080.6817822287885,-155606.74364726184,320469.57732435997
2017-07-11 17:56:07.553615987,0.2678,0.343,-0.2132,-280207.8897793249,-7079.660714191216,-155673.17101450625,320625.5124972466
2017-07-11 17:56:07.753387987,-1.3618,-0.0869,-0.0751,-280349.1115157849,-7078.645866614114,-155739.42231792992,320781.0767781003
2017-07-11 17:56:07.953257977,0.1428,-0.4692,0.1921,-280490.39681822696,-7077.649264852613,-155805.69844421285,320936.70948343026
2017-07-11 17:56:08.154147982,-1.3929,0.6649,-0.1139,-280632.45936799474,-7076.620743808792,-155872.31740021778,321093.1876321812
2017-07-11 17:56:08.353513002,0.0859,0.3977,-0.1724,-280773.44008624245,-7075.584223268813,-155938.4374944013,321248.47834372486
2017-07-11 17:56:08.552842020,-0.8907,-0.1237,0.0617,-280914.4307350656,-7074.552804762671,-156004.54319692982,321403.7712763745
2017-07-11 17:56:08.752703011,0.1025,-0.6201,0.2352,-281055.79356805864,-7073.543403119778,-156070.8159286633,321559.4714809155
2017-07-11 17:56:08.952759981,-1.7843,0.5801,-0.3619,-281197.36643079645,-7072.509794460108,-156137.16813013123,321715.3937164108
2017-07-11 17:56:09.153369009,0.4147,0.234,-0.145,-281339.3132752296,-7071.463916461439,-156203.70926613896,321871.73467796156
2017-07-11 17:56:09.352725028,-0.6402,-0.2943,0.1804,-281480.39895948145,-7070.4362673554815,-156269.82761494388,322027.11856333446
2017-07-11 17:56:09.552709996,-1.2588,-0.387,-0.1116,-281621.9800998823,-7069.420853788907,-156336.15902408716,322183.03959859704
2017-07-11 17:56:09.752851009,-0.311,0.8052,-0.0525,-281763.6841712798,-7068.372394478254,-156402.54429350654,322339.093917511
2017-07-11 17:56:09.952983021,-1.0693,0.9778,-0.4691,-281905.4246982616,-7067.284818670693,-156468.94536614078,322495.1873330946
2017-07-11 17:56:10.153635978,-0.2606,-0.4285,0.1717,-282047.5446689828,-7066.211663995367,-156535.51236830428,322651.6936783221
2017-07-11 17:56:10.353083014,-2.1467,-0.2103,-0.2242,-282188.8958948344,-7065.153324511114,-156601.68822234886,322807.33899949415
2017-07-11 17:56:10.552734017,-0.4004,0.7439,-0.1016,-282330.4076354343,-7064.064250459723,-156667.93580178544,322963.1591802964
2017-07-11 17:56:10.752840995,-2.2193,1.2264,-0.9057,-282472.3314360727,-7062.923580622177,-156734.37094820515,323119.42985986744
2017-07-11 17:56:10.952739000,-0.2409,-0.3073,0.1576,-282614.1166509505,-7061.796381459426,-156800.73041840366,323275.5433964579
2017-07-11 17:56:11.153204977,-2.9341,-0.4007,-0.7908,-282756.42263296124,-7060.682082349353,-156867.31021593141,323432.21977106587
2017-07-11 17:56:11.352738976,0.3377,0.5852,-0.2168,-282898.0535810494,-7059.54966463516,-156933.58911173907,323588.1600938234
2017-07-11 17:56:11.553110003,-3.7416,0.8486,0.9545,-283040.4288786176,-7058.378426467628,-157000.10772003647,323744.8670016346
2017-07-11 17:56:11.753610014,0.257,-0.6191,0.0947,-283182.88549537305,-7057.231322321372,-157066.66534111422,323901.66488117946
2017-07-11 17:56:11.952895998,-2.8928,-0.2228,-0.5819,-283324.5944249892,-7056.100012367962,-157132.84306608673,324057.6256215869
2017-07-11 17:56:12.347981989,0.1847,0.5967,-0.1589,-283605.5046339233,-7053.764041055274,-157264.0657163293,324366.8050393553
2017-07-11 17:56:12.548216998,0.0627,-0.6066,0.1645,-283747.8712738187,-7052.6044597521895,-157330.56456309167,324523.49718907947
2017-07-11 17:56:12.747274994,-1.3889,0.6518,-0.2996,-283889.4560940179,-7051.4258676719965,-157396.6843905087,324679.32201674004
2017-07-11 17:56:12.947970986,0.4427,0.5934,-0.0721,-284032.1881470784,-7050.213675778828,-157463.3512047376,324836.4148138537
2017-07-11 17:56:13.148106992,-2.3134,-0.1849,-0.2405,-284174.6146081863,-7049.012272230323,-157529.84163696668,324993.15557084134
2017-07-11 17:56:13.347976982,0.355,-0.6762,0.4007,-284316.83757789864,-7047.8394784050515,-157596.22768453223,325149.66884806374
2017-07-11 17:56:13.548407971,-2.3949,0.3231,-0.2232,-284459.55595114117,-7046.650412998081,-157662.8090322756,325306.7100536219
2017-07-11 17:56:13.747967004,0.3875,0.4402,-0.1765,-284601.6380099171,-7045.448990067212,-157729.10775308518,325463.0580296078
2017-07-11 17:56:13.948118984,-0.8317,-0.2488,0.0164,-284744.17555373284,-7044.25396449577,-157795.6028093713,325619.9000240376
2017-07-11 17:56:14.147958993,-0.8177,-0.6741,0.0148,-284886.52358416555,-7043.087722452793,-157861.9936307172,325776.52683642216
2017-07-11 17:56:14.348017990,-1.457,0.5852,-0.3437,-285029.0859163221,-7041.896780610367,-157928.47096033953,325933.38286900544
2017-07-11 17:56:14.547968983,-0.4707,0.3813,-0.3406,-285171.5901034452,-7040.691237184328,-157994.92601878502,326090.1773787522
2017-07-11 17:56:14.748157024,-0.4218,-0.4367,0.0724,-285314.2801373693,-7039.501765412237,-158061.45696028072,326247.1719598764
2017-07-11 17:56:14.948006987,-1.733,-0.3394,-0.1299,-285456.7984120864,-7038.327858061283,-158127.8807323844,326403.96517755615
2017-07-11 17:56:15.147970974,-0.3053,0.8199,-0.1203,-285599.41020792496,-7037.12049674958,-158194.3472127067,326560.8605850596
2017-07-11 17:56:15.348015010,-1.2034,0.4535,-0.3399,-285742.12725090113,-7035.894504121507,-158260.85390268432,326717.86754836363
2017-07-11 17:56:15.548079013,-0.4843,-0.3055,0.0649,-285884.87792329746,-7034.680616945822,-158327.36463323396,326874.9065748335
2017-07-11 17:56:15.748166978,-1.5706,-0.2743,-0.1984,-286027.7085724557,-7033.477566034484,-158393.8912728674,327032.0239218821
2017-07-11 17:56:15.947969019,-0.332,0.9905,-0.1287,-286170.3483715553,-7032.236692665205,-158460.32798431278,327188.93041314057
2017-07-11 17:56:16.148038983,-3.5593,1.3719,-0.2002,-286313.3219140157,-7030.939240956228,-158526.86179715573,327346.17505525146
2017-07-11 17:56:16.348080992,0.5156,-0.7698,0.2899,-286456.25484667276,-7029.672775471915,-158593.37471261522,327503.3751625289
2017-07-11 17:56:16.548050999,-3.1464,-0.0143,-0.7768,-286599.2621511057,-7028.407337660547,-158659.89475046983,327660.64423041785
2017-07-11 17:56:16.747968018,0.3492,0.5284,-0.1379,-286742.21760508895,-7027.121116699783,-158726.40267328598,327817.86207263794
2017-07-11 17:56:16.948125004,-2.8951,-0.0169,-0.4397,-286885.4606390921,-7025.834028907166,-158793.00804337978,327975.37906582357
2017-07-11 17:56:17.147970020,0.334,-0.6597,0.3091,-287028.4670713918,-7024.575294322471,-158859.4972557277,328132.63390854804
2017-07-11 17:56:17.348020017,-1.214,0.4299,-0.545,-287171.6687696472,-7023.298064055361,-158926.0764769505,328290.10317704984
2017-07-11 17:56:17.547957003,-0.1911,0.4157,-0.3007,-287314.79721047386,-7022.004937789546,-158992.63010707562,328447.49607480253
2017-07-11 17:56:17.747991979,-2.4398,0.0002,-0.1808,-287458.09342531837,-7020.711169754038,-159059.22358995854,328605.05545424676
2017-07-11 17:56:17.948255002,0.2633,-0.6393,0.1356,-287601.5424432337,-7019.44156608134,-159125.88755350895,328762.78357703256
2017-07-11 17:56:18.148245990,-1.4245,0.7117,-0.3259,-287744.8535765089,-7018.14522158923,-159192.47399631893,328920.3534279789
2017-07-11 17:56:18.348042011,-0.4829,0.3317,-0.4521,-287888.04427539953,-7016.83689992618,-159259.0135725402,329077.79542365525
2017-07-11 17:56:18.548013985,-0.9503,-0.2055,-0.0877,-288031.3990784145,-7015.535643768833,-159325.61525473342,329235.41163085296
2017-07-11 17:56:18.748055994,-0.3336,-0.4595,0.0186,-288174.8174373393,-7014.252319602316,-159392.23951812673,329393.09519061074
2017-07-11 17:56:18.947969973,-1.2655,0.599,-0.2064,-288318.1945827472,-7012.945877389442,-159458.8293898539,329550.72600089444
2017-07-11 17:56:19.148433983,-0.5307,0.9301,-0.336,-288461.9875338101,-7011.598463881452,-159525.61597528512,329708.8153466159
2017-07-11 17:56:19.348344981,-0.3269,-0.2932,0.1093,-288605.3968734082,-7010.266484993069,-159592.21395114015,329866.4785856158
2017-07-11 17:56:19.548106014,-1.1047,-0.3321,-0.0266,-288748.7427156925,-7008.948757574997,-159658.76302939455,330024.0633569859
2017-07-11 17:56:19.747748970,-0.4969,0.8026,-0.11,-288892.02363260003,-7007.599819577171,-159725.27715537476,330181.57419233944
2017-07-11 17:56:19.948078989,-1.7626,0.7066,-0.3137,-289035.8683817429,-7006.217881911326,-159792.0327764215,330339.6949187578
2017-07-11 17:56:20.148172974,-0.5428,-0.1915,0.113,-289179.56538169977,-7004.845239681057,-159858.70522002305,330497.64677801094
2017-07-11 17:56:20.348115026,-3.7303,-0.8834,-0.4984,-289323.30239689595,-7003.508955235726,-159925.34696314184,330655.62001697934
2017-07-11 17:56:20.547905981,0.1298,0.8804,-0.1639,-289466.92560830887,-7002.138538204652,-159991.94488713378,330813.4722075298
2017-07-11 17:56:20.748021006,-1.7879,1.0787,-0.3648,-289610.8533813765,-7000.722700649674,-160058.6654447714,330971.64969009324
2017-07-11 17:56:20.947966992,-0.1062,-0.3672,0.0984,-289754.66382303776,-6999.322739133181,-160125.3257090668,331129.69613044814
2017-07-11 17:56:21.148114025,-2.6014,0.0762,-0.4691,-289898.723076094,-6997.918317462991,-160192.07179229442,331288.0021477315
2017-07-11 17:56:21.347966015,0.1847,0.6862,-0.0539,-290042.5625898315,-6996.488558705453,-160258.72163584369,331446.0692574031
2017-07-11 17:56:21.548027992,-2.1999,-0.2539,-0.4701,-290186.6412881012,-6995.067459977762,-160325.46032487796,331604.3892641091
2017-07-11 17:56:21.747949004,0.0289,-0.5735,0.0073,-290330.6173124745,-6993.67028444942,-160392.15169761854,331762.59749899775
2017-07-11 17:56:21.948159992,-3.0626,-0.1219,-0.7792,-290474.92492988665,-6992.275968677064,-160458.97103684567,331921.15829282213
2017-07-11 17:56:22.354065001,0.5624,0.7291,0.0248,-290767.3995522875,-6989.329026321661,-160594.43556202063,332242.5380593547
2017-07-11 17:56:22.554400026,-0.5072,-0.7497,0.174,-290911.7711961559,-6987.904647060803,-160661.28729793002,332401.17127962864
2017-07-11 17:56:22.753938019,-1.601,0.9346,-0.1473,-291055.6322025581,-6986.448723203662,-160727.87892931738,332559.23166814964
2017-07-11 17:56:22.953984975,0.0558,0.6131,-0.2842,-291199.85792322026,-6984.964550194181,-160794.6517897985,332717.6987003752
2017-07-11 17:56:23.153872013,-1.8418,-0.3446,-0.1179,-291344.0419383094,-6983.495332069758,-160861.3759825745,332876.1064765863
2017-07-11 17:56:23.353820025,-0.8453,-0.5147,-0.2039,-291488.30373004486,-6982.0462430697735,-160928.12868081155,333034.59697434906
2017-07-11 17:56:23.669151008,-0.5366,0.7259,-0.1823,-291715.86728811846,-6979.688756861711,-161033.4201420776,333284.6016326837
2017-07-11 17:56:23.869361996,-0.7428,0.9843,-0.425,-291860.38246786216,-6978.152478827154,-161100.28917990698,333443.3694649726
2017-07-11 17:56:24.267907977,-2.0424,0.3947,-0.4743,-292148.3831196594,-6975.031624108243,-161233.47602394497,333759.73785996507
2017-07-11 17:56:24.468303978,-0.0053,0.7968,-0.3308,-292293.1951776995,-6973.430404562798,-161300.4580201716,333918.82012895466
2017-07-11 17:56:24.667845010,-1.726,1.5833,-0.2693,-292437.4581334276,-6971.772974796526,-161367.16496719286,334077.2881647323
2017-07-11 17:56:24.681080220,-0.3402,-0.4325,0.0769,-292447.0269042534,-6971.6631161208625,-161371.58950963154,334087.79913760215
2017-07-11 17:56:24.868956029,-0.2207,-0.4693,-0.0204,-292582.8648444059,-6970.1202206256185,-161434.39727923527,334237.01171677536
2017-07-11 17:56:25.268186986,-0.3547,0.7771,-0.3436,-292871.5732869727,-6966.717751524971,-161567.91683708676,334554.1590638081
2017-07-11 17:56:25.468060016,-2.891,0.4159,-0.2551,-293016.2292527939,-6964.997707093002,-161634.77294307234,334713.04370003904
2017-07-11 17:56:25.668026983,-0.0342,-0.7081,0.0116,-293160.95457206137,-6963.305168913261,-161701.66000646912,334872.005030766
2017-07-11 17:56:25.682060120,-2.2071,0.0005,-0.5802,-293171.111435353,-6963.186391096105,-161706.35407262473,334883.16095680057
2017-07-11 17:56:25.867981016,-1.6149,0.5298,-0.4548,-293305.73254504934,-6961.594425431199,-161768.56009247628,335031.01882531017
2017-07-11 17:56:26.268455982,-1.224,0.1257,-0.0155,-293595.90370255854,-6958.145159987036,-161902.5547988299,335349.67974545254
2017-07-11 17:56:26.468252003,-0.8118,-0.6532,0.1273,-293740.7018180793,-6956.450404280664,-161969.3993618517,335508.6860819612
2017-07-11 17:56:26.668183028,-0.6404,0.8156,0.0674,-293885.62337334635,-6954.721901910873,-162036.28639821577,335667.8207573641
2017-07-11 17:56:26.681430100,-0.5191,0.4115,-0.1766,-293895.22570739896,-6954.607302224444,-162040.71824456163,335678.36484579183
2017-07-11 17:56:26.868605971,-0.77,0.7858,-0.0688,-294030.92985421437,-6952.960523776577,-162103.3408852929,335827.3730611497
2017-07-11 17:56:27.268064975,-2.374,-0.1422,0.0441,-294320.91994606116,-6949.468762998912,-162236.97916045022,336145.70715850586
2017-07-11 17:56:27.468451023,-0.5982,0.8271,-0.139,-294466.41563666385,-6947.683931750804,-162304.02352577075,336305.42116144055
2017-07-11 17:56:27.668801009,-2.2264,1.2044,0.0088,-294611.97451143584,-6945.851076948837,-162371.055472378,336465.183975882
2017-07-11 17:56:27.690969820,-0.2749,-0.5429,0.1,-294628.0807978208,-6945.648537598508,-162378.47253657973,336482.86192840175
2017-07-11 17:56:27.868022978,-0.063,-0.5889,0.1891,-294756.7170449147,-6944.049400002711,-162437.70364401749,336624.04790850467
2017-07-11 17:56:28.268118023,-0.1419,1.1682,-0.2365,-295047.42491692636,-6940.248755470406,-162571.5887197722,336943.1279337329
2017-07-11 17:56:28.467983007,-2.858,-0.0361,-0.29,-295192.76038670173,-6938.351609253141,-162638.48175855493,337102.6286704127
2017-07-11 17:56:28.668218016,0.102,-0.7528,0.0888,-295338.36083731323,-6936.481133514614,-162705.49508107328,337262.4205009562
2017-07-11 17:56:28.680310130,-2.5572,-0.461,-0.7023,-295347.15396557923,-6936.3682436222625,-162709.54209214065,337272.07066078385
2017-07-11 17:56:28.868194997,-1.145,0.7011,-0.2799,-295483.8202664337,-6934.589433546918,-162772.43362743012,337422.05280457606
2017-07-11 17:56:29.268014013,-0.7125,-0.471,0.0317,-295774.7600653524,-6930.8794173471315,-162906.26175348283,337741.3150618515
2017-07-11 17:56:29.468025028,-1.0891,-0.4953,-0.4514,-295920.34739809664,-6929.043281521878,-162973.22785110015,337901.0752294435
2017-07-11 17:56:29.668034970,-0.4998,0.8962,-0.2787,-296065.95394379547,-6927.171303982855,-163040.2047385725,338060.85716645746
2017-07-11 17:56:29.685570240,-0.4679,0.5702,-0.1955,-296078.71970355225,-6927.007008655013,-163046.07679581692,338074.8657411551
2017-07-11 17:56:29.868053019,-1.2038,0.7273,-0.4128,-296211.60811895836,-6925.273031600061,-163107.19877273438,338220.68902193115
2017-07-11 17:56:30.268091022,-1.8399,-0.1967,-0.5545,-296503.2200005343,-6921.503292160902,-163241.2788578151,338540.66491581715
2017-07-11 17:56:30.468276977,-0.4008,0.8333,-0.2377,-296649.16370564647,-6919.583455151476,-163308.3843835766,338700.80509562755
2017-07-11 17:56:30.667717993,-2.604,0.7913,-0.4458,-296794.6678984981,-6917.639286989259,-163375.25792636228,338860.4484574588
2017-07-11 17:56:30.680189720,-0.1484,-0.7646,0.1302,-296803.76679505734,-6917.517830451672,-163379.4397368385,338870.43153009476
2017-07-11 17:56:30.868097007,0.1943,-0.5884,0.1687,-296940.84992749,-6915.708661835641,-163442.43970240737,339020.8348727709
2017-07-11 17:56:31.268476009,0.1138,0.7028,-0.1852,-297232.91832317633,-6911.741157458367,-163576.70507533976,339341.300675359
2017-07-11 17:56:31.468068003,-2.7138,-0.4294,-0.3061,-297378.62476128363,-6909.780432181095,-163643.6495845031,339501.15696396225
2017-07-11 17:56:31.668137013,0.1249,-0.5367,0.2089,-297524.6744318576,-6907.8365036751275,-163710.74572630227,339661.3878073372
2017-07-11 17:56:31.696169730,-3.0881,-0.441,-0.9738,-297545.1406429761,-6907.564476221849,-163720.14768343963,339683.84112984955
2017-07-11 17:56:31.868018984,-3.374,-0.6489,-0.8862,-297670.70450949983,-6905.916026943408,-163777.8107696044,339821.58745411906
2017-07-11 17:56:32.468086004,-3.8331,0.2114,-0.6029,-298110.53141569777,-6900.083814348274,-163979.3770997172,340303.88803480635
2017-07-11 17:56:32.668138980,-1.6948,0.3994,-0.4109,-298257.23066740227,-6898.123461259148,-164046.5926119571,340464.74751472904
2017-07-11 17:56:32.680199860,0.2965,0.5997,-0.0681,-298266.0748919568,-6898.005187412334,-164050.64493962165,340474.44546122075
2017-07-11 17:56:32.868214011,0.184,0.54,-0.1144,-298403.9388723293,-6896.142356291364,-164113.81974271793,340625.6205050706
2017-07-11 17:56:33.268131971,-0.1576,-0.6375,0.2304,-298697.2094613518,-6892.281955144744,-164248.1596853895,340947.18718679156
2017-07-11 17:56:33.468115985,-1.4843,0.6099,-0.3846,-298843.9224764773,-6890.327120818453,-164315.35344765618,341108.05031190166
2017-07-11 17:56:33.668408989,0.188,0.509,-0.214,-298990.85463194415,-6888.34884643014,-164382.65961432367,341269.1595870466
2017-07-11 17:56:33.685769910,-2.5995,-0.2357,-0.3475,-299003.59114505607,-6888.177445353714,-164388.49365743596,341283.1249170099
2017-07-11 17:56:33.868183016,-0.9974,-0.1054,0.0501,-299137.448276891,-6886.380022532628,-164449.7909228891,341429.88874146086
2017-07-11 17:56:34.268077015,-0.8311,0.8231,-0.2459,-299431.0286485499,-6882.308007303842,-164584.20879562572,341751.7649784976
2017-07-11 17:56:34.468087017,0.0694,0.301,-0.2282,-299577.8623111023,-6880.25931694732,-164651.44803817413,341912.75626426365
2017-07-11 17:56:34.668079972,-1.2164,-0.0995,-0.1725,-299724.7321114855,-6878.214780921802,-164718.6884493862,342073.78034915245
2017-07-11 17:56:34.681859850,-0.4322,-0.7033,0.1813,-299734.8517896724,-6878.074042220733,-164723.32140147284,342084.875277233
2017-07-11 17:56:34.868079006,-0.843,-0.5982,-0.1249,-299871.6368004554,-6876.192865143504,-164785.9347360156,342234.8387767167
2017-07-11 17:56:35.268446028,-0.4399,0.3236,-0.514,-300165.79202868574,-6872.096505427685,-164920.6343963918,342557.3587945477
2017-07-11 17:56:35.468186974,-0.658,-0.4261,-0.0943,-300312.5707359916,-6870.069853554012,-164987.8390920477,342718.28817574953
2017-07-11 17:56:35.668426990,-3.4319,-0.3532,-0.6353,-300459.85378825315,-6868.052299845452,-165055.23717746788,342879.75326717977
2017-07-11 17:56:35.682870140,-0.7664,0.6708,-0.2663,-300470.47735527065,-6867.906635400327,-165060.09860227443,342891.39979627565
2017-07-11 17:56:35.868156015,0.0081,0.8725,-0.2088,-300606.76292276126,-6866.008005978045,-165122.47120670023,343040.81168025313
2017-07-11 17:56:36.268186986,0.1514,-0.4944,0.1664,-300900.97832820675,-6861.987993941327,-165257.10661642684,343363.3599051215
2017-07-11 17:56:36.468079984,-3.344,-0.3198,-0.5885,-301048.12956054346,-6859.991997146688,-165324.40661141367,343524.66465090786
2017-07-11 17:56:36.668172001,0.1406,0.5639,-0.2374,-301195.42167154263,-6857.97143632228,-165391.7831168777,343686.1296745915
2017-07-11 17:56:36.683140150,-3.6968,0.1247,-0.4085,-301206.4408817215,-6857.820257648578,-165396.82339734936,343698.2090690235
2017-07-11 17:56:36.868080973,-2.9928,-0.2404,-0.4243,-301342.69246398826,-6855.960573206661,-165459.11372075736,343847.5546082678
2017-07-11 17:56:37.268752992,-2.3862,-0.4383,-1.0923,-301638.26291755686,-6852.0019535645815,-165594.2402962303,344171.5328233561
2017-07-11 17:56:37.468200027,-0.0932,0.6537,-0.2585,-301785.3960670142,-6850.005423156843,-165661.51406035875,344332.8115274412
2017-07-11 17:56:37.668084025,-1.9031,-0.3041,-0.1772,-301932.92760214495,-6848.016668499389,-165728.942292499,344494.5143483196
2017-07-11 17:56:37.681989780,0.4098,-0.5614,0.2852,-301943.1911628272,-6847.878421134393,-165733.63316051336,344505.76379655226
2017-07-11 17:56:37.868077993,0.0612,-0.5383,0.2268,-302080.5370456028,-6846.047021677081,-165796.3989745919,344656.30000701407
2017-07-11 17:56:38.268087983,0.0334,0.3288,-0.14,-302375.76654888433,-6842.057686273457,-165931.3410047251,344979.8948881428
2017-07-11 17:56:38.468773007,-1.3058,-0.0735,-0.1976,-302523.9357899644,-6840.059196755808,-165999.04938353386,345142.29316602525
2017-07-11 17:56:38.668080985,-0.0629,-0.5897,0.0584,-302671.0908326687,-6838.097845377414,-166066.2908460179,345303.5791348459
2017-07-11 17:56:38.680770270,-1.371,0.586,-0.138,-302680.4599321556,-6837.972878214117,-166070.57191152545,345313.8479019421
2017-07-11 17:56:38.868570983,-1.2657,0.3373,-0.6012,-302819.16672413686,-6836.111474870281,-166133.9526469744,345465.87440397724
2017-07-11 17:56:39.268585026,-0.4138,-0.3902,-0.0948,-303114.6773137832,-6832.209136758081,-166268.96828451607,345789.7576550305
2017-07-11 17:56:39.468213975,-1.6332,-0.4897,-0.6568,-303262.2183931681,-6830.28117137526,-166336.37466812582,345951.4639127298
2017-07-11 17:56:39.668079972,0.0197,0.7994,-0.389,-303409.93388223194,-6828.318983477868,-166403.8766321307,346113.36882120266
2017-07-11 17:56:39.690219990,-0.6658,0.3484,-0.6361,-303426.2972900378,-6828.101452687712,-166411.3544274511,346131.3041881207
2017-07-11 17:56:39.868449985,-3.469,0.3722,-0.5581,-303558.1350253631,-6826.338478544499,-166471.56937096818,346275.7913079303
2017-07-11 17:56:40.268262982,-2.6084,0.3043,-0.9441,-303854.2959143536,-6822.335058547878,-166606.79697154477,346600.3493915957
2017-07-11 17:56:40.468082010,-0.0477,0.9018,-0.3951,-304002.31346975337,-6820.298217662597,-166674.39696234942,346762.56670163065
2017-07-11 17:56:40.668141007,-1.6686,0.1137,-0.4941,-304150.5755675066,-6818.254379987001,-166742.09791178617,346925.0472751419
2017-07-11 17:56:40.679169890,0.0227,-0.9428,0.1553,-304158.7489803577,-6818.141821669535,-166745.83012119634,346934.0045340087
2017-07-11 17:56:40.868076980,0.0537,-0.5804,0.0012,-304298.74452678533,-6816.234590176286,-166809.7568440252,347087.42695886997
2017-07-11 17:56:41.268657982,0.3133,0.7383,-0.1021,-304595.557416126,-6812.071798867886,-166945.33103365943,347412.7249738725
2017-07-11 17:56:41.468514978,-1.6366,-0.6044,-0.293,-304743.70802309114,-6810.019049587077,-167012.9831146071,347575.08608638623
2017-07-11 17:56:41.668084025,0.1171,-0.5918,0.2022,-304891.6405145025,-6807.992827951202,-167080.5296709334,347737.206259396
2017-07-11 17:56:41.681589840,-1.9019,-0.1357,-0.6248,-304901.6521777639,-6807.855728360286,-167085.10099124492,347748.1781024925
2017-07-11 17:56:41.868134975,-0.7756,0.4232,-0.2638,-305039.9623500086,-6805.947353228581,-167148.2502012711,347899.7515020905
2017-07-11 17:56:42.468246996,-0.5812,-0.3576,-0.118,-305485.1127570565,-6799.936932134146,-167351.4424606135,348387.56945694913
2017-07-11 17:56:42.668313980,-0.3539,0.5916,-0.1726,-305633.5323806014,-6797.909481686152,-167419.1901594184,348550.2157830358
2017-07-11 17:56:42.681890240,-1.282,0.4701,-0.7836,-305643.6041607233,-6797.77181514591,-167423.78756599934,348561.25302298384
2017-07-11 17:56:42.868243992,-0.8457,1.0988,-0.1113,-305781.88324048347,-6795.843984479988,-167486.89746819084,348712.7821532763
2017-07-11 17:56:43.269536972,-2.9137,-0.6637,-0.4456,-306080.1217389144,-6791.799485860196,-167622.86968638538,349039.5334426514
2017-07-11 17:56:43.469138026,0.3213,1.3722,-0.1199,-306228.4512256839,-6789.7331039074925,-167690.50634177122,349202.04858056456
2017-07-11 17:56:43.668218970,-4.363,0.867,0.2387,-306376.5671229738,-6787.637744421238,-167757.95729264343,349364.2871605624
2017-07-11 17:56:43.680969950,-0.1653,-0.781,-0.0467,-306386.05385815055,-6787.503665252724,-167762.2774813057,349374.6784620917
2017-07-11 17:56:43.868090987,0.3672,-0.8296,0.1021,-306525.25914131716,-6785.565097039621,-167825.67281235455,349527.15894513443
2017-07-11 17:56:44.268094003,0.18,1.0792,-0.216,-306822.8052902445,-6781.248403439269,-167961.22566641666,349853.1013203247
2017-07-11 17:56:44.468091011,-3.4219,-0.6641,-0.6848,-306971.711889244,-6779.116668406741,-168029.02795967006,350016.203282203
2017-07-11 17:56:44.668093979,0.1712,-0.7462,0.3448,-307120.6160775232,-6777.014718733454,-168096.81848105267,350179.2985483112
2017-07-11 17:56:44.678859940,-2.7423,-0.3849,-0.4959,-307128.63175984274,-6776.901617483693,-168100.4676349247,350188.0781255788
2017-07-11 17:56:44.868094027,-2.0512,0.3608,-0.7439,-307269.5974490617,-6774.900708430137,-168164.63571919317,350342.4745912012
2017-07-11 17:56:45.268323004,-1.6222,-0.2791,-0.3339,-307567.99889891426,-6770.713504733384,-168300.40432383353,350669.27810062224
2017-07-11 17:56:45.468500971,-0.4021,-0.8609,0.2671,-307717.26306457596,-6768.653736083633,-168368.29945677292,350832.74209132476
2017-07-11 17:56:45.668274998,-0.8778,0.7787,-0.1147,-307866.2610621225,-6766.5670461964055,-168436.06216146314,350995.9090451367
2017-07-11 17:56:45.685589900,0.1673,0.5119,-0.0789,-307879.17503169243,-6766.386034225602,-168441.93534394924,351010.05111047014
2017-07-11 17:56:45.868101000,-0.2127,0.5372,-0.0511,-308015.30433057103,-6764.460147965781,-168503.84447105334,351159.1252188567
2017-07-11 17:56:46.268682003,-1.0891,-1.0421,-0.3338,-308314.2598855696,-6760.400374003305,-168639.77809985945,351486.50133337016
2017-07-11 17:56:46.467757999,-0.2471,0.733,-0.2095,-308462.8410645771,-6758.353745980302,-168707.34108528472,351649.20958115766
2017-07-11 17:56:46.668088018,-1.6178,1.1136,-0.3776,-308612.42311448726,-6756.24953467727,-168775.34481853805,351813.00661997497
2017-07-11 17:56:46.681099890,-0.9153,-0.2504,-0.0076,-308622.13895009423,-6756.112903955144,-168779.76181073327,351823.64574967115
2017-07-11 17:56:46.868090987,0.1862,-0.7982,0.0464,-308761.75683468615,-6754.1773198595965,-168843.23592925124,351976.5329023666
2017-07-11 17:56:47.268086016,0.0033,0.9939,-0.2334,-309060.41469574685,-6749.87786730569,-168979.05156489782,352303.59159523615
2017-07-11 17:56:47.468890011,-2.6651,-0.2971,-0.3156,-309210.4532509269,-6747.731452098208,-169047.2459434789,352467.8817147292
2017-07-11 17:56:47.668115019,0.0616,-0.5461,-0.0876,-309359.3095592992,-6745.623589889038,-169114.90756442002,352630.88039640704
2017-07-11 17:56:47.684869880,-1.7194,-0.4725,-0.7521,-309371.8288857761,-6745.44645091976,-169120.59813072174,352644.58916598343
2017-07-11 17:56:47.868094027,-2.0682,0.3463,-0.7002,-309508.8044317765,-6743.497707627028,-169182.85128843618,352794.5747204817
2017-07-11 17:56:48.268233001,-2.9113,0.03,0.0298,-309808.408288187,-6739.237088916787,-169318.79974743613,353122.53271423077
2017-07-11 17:56:48.467728018,-0.0382,-0.6008,0.0331,-309957.781602561,-6737.136807226222,-169386.5774816472,353286.0427745289
2017-07-11 17:56:48.668099999,-1.4051,0.3322,-0.93,-310107.8679632366,-6735.013955391989,-169454.69049981533,353450.33925301547
2017-07-11 17:56:48.680990210,0.2391,1.0599,0.0092,-310117.5231899167,-6734.87721324115,-169459.07230442372,353460.908654411
2017-07-11 17:56:48.867721974,-0.1024,0.7318,-0.0147,-310257.39549573633,-6732.870805282346,-169522.54905520537,353614.0235443907
2017-07-11 17:56:49.268100976,-0.2137,-0.4464,0.1161,-310557.33552655426,-6728.640345591131,-169658.63346997325,353942.3472278386
2017-07-11 17:56:49.468285024,-1.4482,0.6771,-0.435,-310707.35949156573,-6726.498039492178,-169726.69125598163,354106.5641057783
2017-07-11 17:56:49.668754994,0.0023,0.3543,-0.2477,-310857.59764271724,-6724.338434864391,-169794.85620324736,354271.02045280184
2017-07-11 17:56:49.681179760,-0.6439,-0.7153,-0.2197,-310866.909230879,-6724.204696901562,-169799.0809772539,354281.21328160405
2017-07-11 17:56:49.868583023,-1.1225,-0.1981,-0.2137,-311007.3957250788,-6722.194478907394,-169862.8109246731,354434.9906958105
2017-07-11 17:56:50.268091976,-1.0979,0.7411,-0.2195,-311307.0620731427,-6717.7907824259855,-169998.70637074823,354762.98535407527
2017-07-11 17:56:50.468088984,-2.101,0.9809,-0.5612,-311457.16120431013,-6715.547025989555,-170066.7590397068,354927.2663061766
2017-07-11 17:56:50.668609976,-0.1,-0.4134,0.0975,-311607.6576099432,-6713.314013266266,-170134.986083536,355091.9801345016
2017-07-11 17:56:50.680900210,-0.2668,-0.5839,0.1622,-311616.8818019041,-6713.1772367469175,-170139.16779744337,355102.07573507715
2017-07-11 17:56:50.868077993,-2.1402,-0.1853,-0.3553,-311757.439366564,-6711.1006500482945,-170202.86690428256,355255.9018155347
2017-07-11 17:56:51.268086016,-2.0308,1.4612,-0.6659,-312058.1426572945,-6706.429081929422,-170339.10154097193,355584.96889426705
2017-07-11 17:56:51.468469023,0.1513,-0.5855,0.2077,-312208.77313472854,-6704.112381486655,-170407.33959766256,355749.8060911195
2017-07-11 17:56:51.669239997,-3.0042,-0.2605,-0.3932,-312359.81634818413,-6701.801696107366,-170475.72562140666,355915.0770074097
2017-07-11 17:56:51.681020020,-0.4011,0.6967,-0.2227,-312368.6787034739,-6701.666022424197,-170479.73812939588,355924.7741800191
2017-07-11 17:56:51.868158996,0.2013,0.84,-0.2714,-312509.46018139896,-6699.481275027853,-170543.49085737107,356078.82277108537
2017-07-11 17:56:52.467567980,0.2584,-0.7351,0.1992,-312960.2925537616,-6692.747610826419,-170747.62024310578,356572.1349244808
2017-07-11 17:56:52.667609989,0.1598,0.5793,-0.257,-313110.74338593957,-6690.477189308649,-170815.75505259586,356736.76889676624
2017-07-11 17:56:52.682299730,-2.5265,1.6102,-0.4113,-313121.792029321,-6690.310117345385,-170820.75850394086,356748.8590436994
2017-07-11 17:56:52.868408024,-1.0202,-0.1378,-0.1613,-313261.80561068363,-6688.198210426008,-170884.15416647034,356902.06639210944
2017-07-11 17:56:53.267596006,-1.3955,0.6539,-0.4367,-313562.34635237587,-6683.564132806124,-171020.20257712618,357230.912392875
2017-07-11 17:56:53.467536985,-0.0799,0.4562,-0.1413,-313712.88115774293,-6681.224828664206,-171088.35068910255,357395.6271571053
2017-07-11 17:56:53.667999980,-0.1977,-0.6592,0.1427,-313863.8169316341,-6678.90590717279,-171156.6709911511,357560.7771942895
2017-07-11 17:56:53.668036997,-1.1876,-0.2215,-0.2585,-313863.8448030618,-6678.905478966796,-171156.68360700915,357560.80769053433
2017-07-11 17:56:53.867799997,-0.3334,-0.6757,0.0145,-314014.2668388227,-6676.6216205168,-171224.76476527064,357725.3934563622
2017-07-11 17:56:54.267944991,-1.0302,0.2725,-0.4431,-314315.7419658856,-6672.003195142922,-171361.20898832937,358055.25442331255
2017-07-11 17:56:54.467878997,-0.2977,-0.5289,0.1774,-314466.38708840235,-6669.716722943054,-171429.3767849165,358220.0789381607
2017-07-11 17:56:54.666917026,-0.6756,-0.6914,0.1131,-314616.38387999526,-6667.467887853853,-171497.23461622835,358384.1871717749
2017-07-11 17:56:54.678399800,-1.126,0.7731,-0.269,-314625.03754692496,-6667.338047569345,-171501.1494620728,358393.65495898045
2017-07-11 17:56:54.867856979,-0.4093,0.8363,-0.2454,-314767.8312675712,-6665.165761856941,-171565.7502976108,358549.8831553363
2017-07-11 17:56:55.267718970,0.4791,-0.6581,0.2387,-315069.1303195866,-6660.6862315761,-171702.0564967126,358879.5310777928
2017-07-11 17:56:55.468200981,-3.3535,-0.3365,-0.5263,-315220.3298273139,-6658.453818536223,-171770.4185817361,359044.93875201605
2017-07-11 17:56:55.668103992,0.5356,0.43,-0.1491,-315371.07126163936,-6656.210669471818,-171838.5891925634,359209.85296185984
2017-07-11 17:56:55.676770210,-3.9639,0.7473,0.1752,-315377.606519095,-6656.113368094504,-171841.54451945578,359217.00260666135
2017-07-11 17:56:55.867708027,-3.1051,0.2786,0.6412,-315521.7073064877,-6653.959425594605,-171906.63416761303,359374.61489158624
2017-07-11 17:56:56.267731010,-2.1423,0.2851,0.228,-315823.94749456027,-6649.401201676091,-172042.9633108663,359705.1036226366
2017-07-11 17:56:56.467770993,0.0255,0.4154,-0.1641,-315975.08809514256,-6647.105142414656,-172111.14415911422,359870.3742283697
2017-07-11 17:56:56.667940020,-1.3488,-0.4937,0.4041,-316126.38023840357,-6644.82738337953,-172179.35279888316,360035.7920316158
2017-07-11 17:56:56.675399890,0.1471,-0.6506,0.2172,-316132.0185636683,-6644.742532394868,-172181.89477639945,360041.9567956663
2017-07-11 17:56:56.867543995,-0.3678,-0.5365,0.2001,-316277.25866286777,-6642.576830163121,-172247.36118325812,360200.751816038
2017-07-11 17:56:57.267809987,-0.6043,0.325,-0.2878,-316579.9131477906,-6638.013267110629,-172383.78397857054,360531.6540992863
2017-07-11 17:56:57.467701971,-1.7528,-0.1047,-0.1207,-316731.1281893176,-6635.7384169182715,-172451.91805481055,360696.9706404516
2017-07-11 17:56:57.667764008,-0.7425,-0.6882,0.0555,-316882.5015916069,-6633.489176535408,-172520.10787299828,360862.4538714452
2017-07-11 17:56:57.676569930,-1.2446,0.6888,-0.1395,-316889.164533271,-6633.390120655146,-172523.10932391477,360869.7378748719
2017-07-11 17:56:57.868475973,-0.5699,0.9304,-0.4328,-317034.3899384337,-6631.1971470698245,-172588.5354005211,361028.50265724875
2017-07-11 17:56:58.268369019,-0.2425,-0.6741,0.188,-317337.0488369877,-6626.735235800232,-172724.839933749,361359.3592458805
2017-07-11 17:56:58.468988001,-2.4654,-0.5385,-0.7567,-317488.9864639609,-6624.518450563276,-172793.25186531874,361525.4467680062
2017-07-11 17:56:58.666920006,0.0161,0.9882,-0.3371,-317638.8884936758,-6622.292640902963,-172860.76073282363,361689.3153584303
2017-07-11 17:56:58.673180220,-1.7324,1.3865,-0.3098,-317643.6296785251,-6622.22218842666,-172862.89592243382,361694.4982837741
2017-07-11 17:56:58.867821991,-3.9697,0.6742,-0.3723,-317791.1923836897,-6620.006146717383,-172929.2970687602,361855.78373535135
2017-07-11 17:56:59.268266975,-2.7364,-0.3931,-1.2375,-318095.2183558842,-6615.51002370921,-173066.10547687399,362188.0861909788
2017-07-11 17:56:59.467671990,0.0077,0.424,-0.351,-318246.610390655,-6613.254281446657,-173134.2443538935,362353.56590673444
2017-07-11 17:56:59.667671024,-1.5229,-0.3308,-0.2402,-318398.5143312255,-6611.005051296687,-173202.59582161673,362519.59742263064
2017-07-11 17:56:59.675709840,0.4682,-0.7061,0.3633,-318404.6199695992,-6610.9146907534305,-173205.3431357708,362526.2709126242
2017-07-11 17:56:59.867882013,-0.3806,-0.3998,0.0047,-318550.5925586361,-6608.769338568136,-173271.0189685783,362685.81701803283
2017-07-11 17:57:00.269105017,0.2634,0.5624,-0.1689,-318855.3162408225,-6604.199670854632,-173408.1661922582,363018.89792473515
2017-07-11 17:57:00.467970013,-1.3085,-0.2971,-0.06,-319006.4033808223,-6601.94647805829,-173476.14518113338,363184.03605083295
2017-07-11 17:57:00.667677998,-0.3109,-0.9176,0.2835,-319158.14337913424,-6599.720330871551,-173544.4010261291,363349.88086027995
2017-07-11 17:57:00.678160190,-1.3716,0.6402,-0.7468,-319166.1079975428,-6599.603415414924,-173547.9836933897,363358.5858399123
2017-07-11 17:57:00.867780983,-0.7974,0.8687,-0.3307,-319310.21505045344,-6597.457202767929,-173612.80533062282,363516.08774836623
2017-07-11 17:57:01.267536997,-0.1693,-0.3686,0.1527,-319614.04666265805,-6592.991490110138,-173749.43703512187,363848.14583956613
2017-07-11 17:57:01.467661023,-2.6609,-0.519,-0.4142,-319766.25602173735,-6590.77667123525,-173817.85356220434,364014.4819155706
2017-07-11 17:57:01.668148994,0.1464,0.6629,-0.1343,-319918.7363037255,-6588.531178948648,-173886.39990963947,364181.1179273353
2017-07-11 17:57:01.675569770,-1.2181,0.6023,-0.7767,-319924.38021073793,-6588.448032090253,-173888.93709759403,364187.2858099626
2017-07-11 17:57:01.867805004,-3.6795,0.6555,-0.342,-320070.7216196793,-6586.269888768638,-173954.67560080183,364347.1901258059
2017-07-11 17:57:02.468061983,-3.084,-0.5617,-0.4227,-320528.78573367087,-6579.670993615343,-174160.09722097556,364847.54900959024
2017-07-11 17:57:02.667845010,-1.9836,-0.2338,-0.2604,-320681.32200057834,-6577.484020594393,-174228.47791998257,365014.1587587989
2017-07-11 17:57:02.677390090,0.2314,-0.6412,0.3584,-320688.60974008485,-6577.379591496132,-174231.74492783955,365022.1188913335
2017-07-11 17:57:02.867784976,0.1253,-0.6574,0.2814,-320833.9731081597,-6575.320384186288,-174296.90145046127,365180.89078394265
2017-07-11 17:57:03.267825007,0.1946,0.3642,-0.1454,-321139.365958623,-6570.935485593835,-174433.82554601014,365514.4717464387
2017-07-11 17:57:03.468060016,-2.5341,-0.1181,-0.3931,-321292.3281134782,-6568.7454148300585,-174502.376941871,365681.5391556793
2017-07-11 17:57:03.667846977,-0.202,-0.6307,0.273,-321444.9560613736,-6566.585418875216,-174570.76404964604,365848.23558716115
2017-07-11 17:57:03.681250090,-2.1898,-0.5364,-1.452,-321455.19580982963,-6566.440607531683,-174575.35219814957,365859.4192452835
2017-07-11 17:57:03.867944002,-0.9714,0.7033,-0.4888,-321597.86061439646,-6564.398995996176,-174639.27822346534,366015.2357270778
2017-07-11 17:57:04.267229974,-0.7398,-0.3096,-0.3,-321903.0986069562,-6560.081920224521,-174776.04591033832,366348.6123784455
2017-07-11 17:57:04.467815995,-0.4269,-0.7438,0.0054,-322056.45569160604,-6557.943112862497,-174844.7525549066,366516.1043753704
2017-07-11 17:57:04.667832970,-0.6982,0.8783,-0.5967,-322209.40564759454,-6555.7752351566705,-174913.28815644197,366683.1570312557
2017-07-11 17:57:04.681719770,-0.399,0.4798,-0.2648,-322220.02475049323,-6555.624630984546,-174918.04650460338,366694.75529041514
2017-07-11 17:57:04.867850005,-0.7084,0.1249,-0.379,-322362.3812998637,-6553.601697016104,-174981.83764429583,366850.239304674
2017-07-11 17:57:05.267970025,-3.845,-0.4325,-1.138,-322669.01757219183,-6549.322282459544,-175119.1502255836,367185.11039950064
2017-07-11 17:57:05.467989981,0.4215,0.5945,-0.1029,-322822.2881491783,-6547.159218826129,-175187.796887378,367352.49992066337
2017-07-11 17:57:05.668136000,-3.8251,0.4205,-0.7778,-322975.80855276634,-6544.977947347926,-175256.5179713221,367520.14466975385
2017-07-11 17:57:05.678070180,-0.49,-0.3363,-0.0298,-322983.42853446276,-6544.869713864167,-175259.92892203556,367528.46571824176
2017-07-11 17:57:05.868470013,0.6048,-0.7054,0.4158,-323129.4522055565,-6542.820868553459,-175325.2885895817,367687.9223017818
2017-07-11 17:57:06.267755985,-0.0002,0.6824,-0.106,-323435.6773140562,-6538.415456839127,-175462.3707268785,368022.3251073025
2017-07-11 17:57:06.468097984,-2.4501,-0.1668,-0.5857,-323589.4243030624,-6536.211733452381,-175531.17528759703,368190.21046526614
2017-07-11 17:57:06.667883992,0.2975,-0.567,0.2816,-323742.73273742996,-6534.036757352084,-175599.77766134267,368357.6150310435
2017-07-11 17:57:06.690249800,-2.795,-0.0637,-0.3203,-323759.8968340111,-6533.793303207085,-175607.45777640832,368376.35711265664
2017-07-11 17:57:06.867828011,-1.8311,-0.1606,-1.1469,-323896.2326645603,-6531.865410284923,-175668.4718915116,368525.2322660307
2017-07-11 17:57:07.268113017,-1.3217,0.0422,-0.5587,-324203.76360990707,-6527.512920512251,-175806.09537579556,368861.0469201638
2017-07-11 17:57:07.467851996,-0.3749,-0.6737,-0.0601,-324357.23402006377,-6525.367941040776,-175874.77077857178,369028.63125281694
2017-07-11 17:57:07.668549001,-1.1492,0.4164,-0.5821,-324511.48682308674,-6523.195901116213,-175943.79902192228,369197.07146612275
2017-07-11 17:57:07.678290120,-0.1425,0.1324,-0.4223,-324518.9737191872,-6523.090465458087,-175947.1494474811,369205.24699910387
2017-07-11 17:57:07.867927014,-0.0922,0.278,-0.2245,-324664.72946048505,-6521.02788133937,-176012.382501456,369364.412408827
2017-07-11 17:57:08.268006980,-1.7341,-0.6535,-0.0973,-324972.5102289063,-6516.7810166883555,-176150.02128531027,369700.46096551104
2017-07-11 17:57:08.467795014,-0.9484,0.8441,-0.1459,-325126.24464485433,-6514.626566341716,-176218.75982331688,369868.309848022
2017-07-11 17:57:08.668030977,-0.7601,0.5183,-0.5821,-325280.3542124007,-6512.4465047231015,-176287.67581355432,370036.5731110461
2017-07-11 17:57:08.678809880,-0.665,-0.2757,-0.0602,-325288.65016246814,-6512.3291818487105,-176291.38563752052,370045.6309779786
2017-07-11 17:57:08.867879986,-0.5602,-0.3212,0.0516,-325434.18742300995,-6510.282732050411,-176356.45690943723,370204.52998116624
2017-07-11 17:57:09.267792999,0.0975,0.6807,-0.0905,-325742.00602737506,-6505.845304205701,-176494.10735829495,370540.61915809184
2017-07-11 17:57:09.467815995,-3.5309,0.5077,-0.4742,-325896.1077759304,-6503.605539846712,-176562.97444083664,370708.8532688615
2017-07-11 17:57:09.667819976,0.2172,-0.5652,0.3348,-326050.1861866005,-6501.388597308873,-176631.82158406006,370877.05828497035
2017-07-11 17:57:09.681189890,-2.9735,-0.2918,-0.202,-326060.48658860795,-6501.240450763991,-176636.4239304797,370888.3029980139
2017-07-11 17:57:09.867878019,-2.4219,0.0587,-0.7066,-326204.398607939,-6499.169790176595,-176700.7125040321,371045.4024490282
2017-07-11 17:57:10.269589006,-1.6348,-0.202,-0.1768,-326514.32881036843,-6494.746790044913,-176839.07562750566,371383.6928610933
2017-07-11 17:57:10.468101024,0.4238,-0.4385,0.2397,-326667.4691601754,-6492.578372569189,-176907.4405695643,371550.8464669567
2017-07-11 17:57:10.667917013,-2.0214,0.2746,-0.4654,-326821.6961542227,-6490.384747556273,-176976.273163937,371719.1781900563
2017-07-11 17:57:10.681949850,0.157,0.3486,-0.1457,-326832.52729992673,-6490.2306232588835,-176981.1072230878,371730.9999296676
2017-07-11 17:57:10.867806017,0.1901,0.4706,-0.1048,-326975.97249762213,-6488.173087434322,-177045.13493925598,371887.5673996613
2017-07-11 17:57:11.267813026,0.2362,-0.59,0.3496,-327284.6631442076,-6483.83918059084,-177182.88198976222,372224.4814223471
2017-07-11 17:57:11.467842996,-1.2959,0.5681,-0.3364,-327439.0807428097,-6481.649209615703,-177251.7780887501,372393.0131055043
2017-07-11 17:57:11.667661011,-0.2771,0.4279,-0.4115,-327593.34578185814,-6479.444474303705,-177320.61761437316,372561.3839790571
2017-07-11 17:57:11.680270190,-1.2626,-0.1566,-0.0902,-327603.0806178427,-6479.305373096453,-177324.96163093467,372572.0089403269
2017-07-11 17:57:11.867968976,-0.8388,-0.2103,-0.1004,-327748.0218164662,-6477.242137594389,-177389.62969820888,372730.198930518
2017-07-11 17:57:12.467728018,-1.636,0.6579,-0.1713,-328211.74486226647,-6470.412771205446,-177596.3269529796,373236.21348169434
2017-07-11 17:57:12.667630970,-0.5061,-0.205,0.0297,-328366.3265009168,-6468.144698273281,-177665.2190857914,373404.88929357467
2017-07-11 17:57:12.678809880,-0.0077,-0.6698,0.2595,-328374.97096765024,-6468.017947515803,-177669.0716175425,373414.3219315697
2017-07-11 17:57:12.867456972,-2.669,-1.0089,-0.1243,-328520.94363624725,-6465.914899085849,-177734.08854336056,373573.5867181615
2017-07-11 17:57:13.267636001,-2.3284,1.4676,-0.0217,-328830.9698467028,-6461.218654440722,-177872.01309621596,373911.7638156415
2017-07-11 17:57:13.468295991,-0.0024,-0.6386,0.0787,-328986.4250066505,-6458.88955024927,-177941.1688222775,374081.3342773428
2017-07-11 17:57:13.668030977,-1.6156,-0.5211,-0.3143,-329141.2280010301,-6456.591971577715,-178010.0182924337,374250.18658964767
2017-07-11 17:57:13.674319860,-1.112,0.8342,-0.0666,-329146.10219319584,-6456.519596709772,-178012.18609887164,374255.50314454397
2017-07-11 17:57:13.867501020,-0.1774,0.8955,-0.2416,-329295.83366879367,-6454.2629749952885,-178078.78553545626,374418.8262360204
2017-07-11 17:57:14.268000006,0.2164,-0.6362,0.2504,-329606.21900215885,-6449.686641981486,-178216.81787716335,374757.37782856374
2017-07-11 17:57:14.467558026,-3.262,-0.3199,-0.0659,-329761.0056835921,-6447.419116151677,-178285.5983555775,374926.1856202094
2017-07-11 17:57:14.667575001,0.2706,0.4942,-0.1209,-329916.13752649113,-6445.126603979924,-178354.54185610864,375095.3746156334
2017-07-11 17:57:14.677739970,-3.2854,0.9204,1.0365,-329924.0217486857,-6445.010002190841,-178358.0454943585,375103.9731505429
2017-07-11 17:57:14.867640018,-2.3258,-0.2257,-0.1642,-330071.397184882,-6442.839808594546,-178423.50572965448,375264.68634983414
2017-07-11 17:57:15.267599999,-2.8799,-0.185,-0.9159,-330382.25419981364,-6438.298626631256,-178561.52200656335,375603.65110133897
2017-07-11 17:57:15.467329978,0.0529,0.3286,-0.4087,-330537.48628297716,-6436.017765770499,-178630.46017613212,375772.9280638606
2017-07-11 17:57:15.667539000,-2.3771,0.1514,0.0006,-330693.18596587196,-6433.725365706808,-178699.5636666216,375942.69526216504
2017-07-11 17:57:15.676730270,0.3033,-0.5209,0.2791,-330700.33385900996,-6433.620169360227,-178702.73607170163,375950.48897754675
2017-07-11 17:57:15.867678999,0.3428,-0.6555,0.1014,-330848.8189136638,-6431.458614634497,-178768.6391227549,376112.3914075151
2017-07-11 17:57:16.268160998,0.0325,0.508,-0.1809,-331160.2354729308,-6426.84365070555,-178906.88841046632,376451.9632018309
2017-07-11 17:57:16.469470024,-2.0078,-0.1468,-0.3508,-331316.8556214014,-6424.529810429623,-178976.39596109177,376622.73393059947
2017-07-11 17:57:16.668290972,0.2347,-0.7394,0.2731,-331471.5307462156,-6422.273796363629,-179045.03363787837,376791.3817569927
2017-07-11 17:57:16.675699710,-1.8894,0.0614,-0.6498,-331477.2945659022,-6422.189726312784,-179047.591344502,376797.6662611891
2017-07-11 17:57:16.868276000,-1.0049,0.5764,-0.3237,-331627.1515476835,-6419.983106396046,-179114.08614989952,376961.0585777134
2017-07-11 17:57:17.268467009,-1.5589,-0.2009,-0.1163,-331938.81761923403,-6415.429724640752,-179252.28701641367,377300.8332638846
2017-07-11 17:57:17.467757999,-0.1736,-0.7699,0.1901,-332094.03099937056,-6413.192765586388,-179321.10207065527,377470.04134724895
2017-07-11 17:57:17.667632997,-1.0486,0.8003,-0.186,-332249.7411128078,-6410.917279286558,-179390.12621319687,377639.78565913363
2017-07-11 17:57:17.676419730,0.1133,0.4803,-0.255,-332256.58629833604,-6410.817209229774,-179393.16061295778,377647.24782609
2017-07-11 17:57:17.867460012,-0.5144,0.4443,-0.559,-332405.4324204975,-6408.62528058213,-179459.15463467216,377809.5157123971
2017-07-11 17:57:18.268409013,-3.3503,-0.4201,-0.6781,-332718.36431431386,-6404.092468830805,-179597.76970775748,378150.6065529216
2017-07-11 17:57:18.468635976,-0.6848,0.6799,-0.2603,-332874.6645178421,-6401.801603658125,-179667.00210190742,378320.9708513729
2017-07-11 17:57:18.666777014,-2.6892,1.672,-0.6701,-333029.4419943296,-6399.468961762663,-179735.5395546727,378489.66513903183
2017-07-11 17:57:18.679680100,-0.2234,-0.4913,0.0974,-333039.5212514071,-6399.3171402517155,-179740.00274636233,378500.6506764424
2017-07-11 17:57:18.867633998,-0.1945,-0.3775,0.0835,-333186.3484766331,-6397.118955136307,-179805.0132573646,378660.67756581167
2017-07-11 17:57:19.267679989,-0.4456,0.6824,-0.2202,-333498.930694343,-6392.331071351101,-179943.4185689368,379001.3622100474
2017-07-11 17:57:19.468465983,-3.8521,-0.0691,-0.2379,-333655.97328152944,-6389.930783405649,-180012.8947929264,379172.4963833619
2017-07-11 17:57:19.667451977,0.5748,-0.7573,0.2134,-333811.5852587906,-6387.581999102473,-180081.739728972,379342.0733857441
2017-07-11 17:57:19.674600000,-2.6523,0.0423,-0.5813,-333817.1753253888,-6387.497623343409,-180084.21282311543,379348.16511514946
2017-07-11 17:57:19.867334008,-2.4785,-0.1185,-0.6293,-333967.9938160362,-6385.226979598892,-180150.91888159356,379512.510453834
2017-07-11 17:57:20.266855001,-2.5495,-0.1946,-0.0135,-334281.0344965253,-6380.55119222356,-180289.19694838542,379853.5454538728
2017-07-11 17:57:20.468532025,0.2337,-0.6471,0.213,-334439.04700730956,-6378.2171883885985,-180358.99064694165,380025.68771708483
2017-07-11 17:57:20.668132007,-1.8843,0.5028,-0.3924,-334595.5072412916,-6375.887190486926,-180428.08118374026,380196.13081036136
2017-07-11 17:57:20.669400090,0.431,0.5024,-0.1591,-334596.50125152426,-6375.872386918551,-180428.52012459267,380197.2136573414
2017-07-11 17:57:20.867681026,0.118,0.5142,-0.2244,-334751.9227786877,-6373.537444421402,-180497.16294257037,380366.5306173779
2017-07-11 17:57:21.267647981,-0.1664,-0.6822,0.1756,-335065.4615100181,-6368.936595372879,-180635.59929183387,380708.0857846301
2017-07-11 17:57:21.467571020,-1.0609,0.5627,-0.4057,-335222.22590058984,-6366.61437539614,-180704.8127630374,380878.8572132555
2017-07-11 17:57:21.667689979,-0.9658,0.3583,-0.7155,-335379.1825946444,-6364.275530642727,-180774.1227159139,381049.84393723356
2017-07-11 17:57:21.674700140,-1.8009,-0.1901,-0.1613,-335384.68087132677,-6364.193610324664,-180776.55064936544,381055.8336886525
2017-07-11 17:57:21.867811024,-1.4142,-0.3337,-0.2426,-335536.1961893147,-6361.949372475466,-180843.44266454212,381220.8862428392
2017-07-11 17:57:22.468016982,-0.8842,0.9325,-0.2568,-336007.43792576715,-6354.638149326894,-181051.44156234193,381734.2062996834
2017-07-11 17:57:22.666375994,-0.4804,-0.3219,0.2985,-336163.19511057955,-6352.234565975994,-181120.1703144877,381903.86319816636
2017-07-11 17:57:22.669509760,-0.5711,-0.6533,-0.0417,-336165.65583912213,-6352.196599487402,-181121.25612302122,381906.5435246779
2017-07-11 17:57:22.867021977,-0.6125,-0.8178,-0.2332,-336320.7723439863,-6349.8355846609,-181189.7005951866,382075.5029098058
2017-07-11 17:57:23.267112970,-3.795,0.476,-0.1953,-336635.5918594285,-6344.976795893051,-181328.37653088357,382418.3057496255
2017-07-11 17:57:23.466027021,0.2939,-0.6702,0.2774,-336792.09968818474,-6342.587659689266,-181397.3113514555,382588.7235611289
2017-07-11 17:57:23.667066991,-2.4863,-0.0505,-0.8844,-336950.38070305396,-6340.175030353083,-181467.01866647013,382761.06873485126
2017-07-11 17:57:23.668100110,-0.3738,0.9475,-0.1833,-336951.19408958603,-6340.162631144513,-181467.37688374857,382761.95439679694
2017-07-11 17:57:23.866775989,0.1994,0.599,-0.1839,-337107.60603518074,-6337.754534389926,-181536.27178549446,382932.2696679998
2017-07-11 17:57:24.266839027,0.3224,-0.8071,0.2684,-337422.51284078794,-6333.034654892576,-181674.95882293215,383275.162465618
2017-07-11 17:57:24.467612981,-2.7722,-0.0468,-0.9812,-337580.66239396087,-6330.667842531412,-181744.59926871583,383447.36319477274
2017-07-11 17:57:24.666719973,0.1516,0.3159,-0.2186,-337737.492871948,-6328.308157645743,-181813.67017821549,383618.1333556069
2017-07-11 17:57:24.669400090,-3.7017,0.3841,-0.2157,-337739.60394459334,-6328.276391905879,-181814.59992169353,383620.4320672044
2017-07-11 17:57:24.867027997,-2.5779,-0.0843,-0.4781,-337895.3720377998,-6325.937325203809,-181883.1765187515,383790.0335185332
2017-07-11 17:57:25.267367005,-1.987,0.3628,-0.595,-338211.23319965875,-6321.140882151485,-182022.18893524815,384133.9250173891
2017-07-11 17:57:25.466866016,-0.0096,0.3122,-0.261,-338368.635154267,-6318.738268255947,-182091.47271144774,384305.30069683935
2017-07-11 17:57:25.666727006,-0.8598,-0.4225,0.0857,-338526.35704949754,-6316.348171476953,-182160.87877567086,384477.0167744125
2017-07-11 17:57:25.668939940,-0.1994,-0.6562,0.225,-338528.10340500023,-6316.321710664466,-182161.64726390416,384478.91808113246
2017-07-11 17:57:25.866729021,-0.5921,-0.7399,-0.1963,-338684.2134872452,-6313.985623910322,-182230.34139365953,384648.8791149436
2017-07-11 17:57:26.266731977,-1.6087,0.9593,-0.8818,-339000.1834291803,-6309.107698893363,-182369.40751854994,384992.8960430842
2017-07-11 17:57:26.467652976,-0.9578,-0.1741,-0.0225,-339158.93341293815,-6306.664551367574,-182439.26117249634,385165.73075590667
2017-07-11 17:57:26.666984975,-0.736,-0.7561,-0.2287,-339316.4571532558,-6304.270767979115,-182508.57147015398,385337.22968982585
2017-07-11 17:57:26.672000050,-0.5108,0.6975,-0.2197,-339320.42037008394,-6304.210524264458,-182510.31528170564,385341.5445221191
2017-07-11 17:57:26.866734027,-0.5879,0.722,-0.3474,-339474.3332787555,-6301.843898270374,-182578.04017645237,385509.1139600308
2017-07-11 17:57:27.266736984,-0.1319,-0.503,0.1986,-339790.5068056573,-6297.063094283795,-182717.1220697106,385853.32474438567
2017-07-11 17:57:27.466726005,-2.7191,0.2982,-0.6938,-339948.6924744108,-6294.660914491109,-182786.68643379322,386025.52895959595
2017-07-11 17:57:27.665770170,-1.5444,0.7176,-0.448,-340106.1919756815,-6292.241653598651,-182855.9398874238,386196.98196301266
2017-07-11 17:57:27.666833996,0.0965,0.6088,-0.5064,-340107.03375892446,-6292.228722750975,-182856.31002506954,386197.89832491055
2017-07-11 17:57:27.866775989,-2.689,0.5709,-0.8815,-340265.3511698788,-6289.775597055343,-182925.91120733693,386370.2362693803
2017-07-11 17:57:28.266442000,-2.6494,-0.0309,-0.6893,-340582.23659193947,-6284.8769557873475,-183065.14779717775,386715.1508517862
2017-07-11 17:57:28.467333972,0.1435,0.7319,-0.2418,-340741.51314033906,-6282.385117857229,-183135.14477581505,386888.5219181304
2017-07-11 17:57:28.667640984,-3.0995,-0.3566,-0.4749,-340900.4502660256,-6279.914843520783,-183204.95699065446,387061.50749973627
2017-07-11 17:57:28.668569800,0.1563,-0.5812,0.1936,-340901.1872513006,-6279.9033894539925,-183205.28070707375,387062.3096284174
2017-07-11 17:57:28.866688013,0.5704,-0.6418,0.1514,-341058.3652184472,-6277.485406481364,-183274.32409020845,387233.38334811863
2017-07-11 17:57:29.267396986,0.2789,0.5646,-0.2599,-341376.2246855073,-6272.504197711883,-183414.01125226932,387579.3733070529
2017-07-11 17:57:29.466740012,-2.0659,-0.0647,-0.3383,-341534.43417937553,-6270.028737806763,-183483.51568137822,387751.57448732265
2017-07-11 17:57:29.661230080,-2.0869,-0.0535,-0.7394,-341688.87104107166,-6267.615566089044,-183551.35601071556,387919.6668017475
2017-07-11 17:57:29.666733026,-0.0596,-0.6199,0.1416,-341693.2407143927,-6267.547306034395,-183553.27549605913,387924.4228512423
2017-07-11 17:57:29.866732001,-1.4022,0.5093,-0.3421,-341852.10813401896,-6265.046091988301,-183623.05092230916,388097.332467288
2017-07-11 17:57:30.266775012,-1.3734,-0.2396,-0.0596,-342170.0985583385,-6260.081444601986,-183762.62703369308,388443.39106418105
2017-07-11 17:57:30.466736018,-0.5339,-0.704,0.0218,-342329.0670276884,-6257.628020745166,-183832.3931092824,388616.3877100132
2017-07-11 17:57:30.667279950,-0.5233,0.3893,-0.477,-342488.51996767265,-6255.151787854834,-183902.38175074532,388789.916596525
2017-07-11 17:57:30.667382001,-1.0988,0.623,-0.2658,-342488.6011086681,-6255.15052776513,-183902.41736594113,388790.0049005043
2017-07-11 17:57:30.866764008,-0.7993,0.3656,-0.4048,-342647.16199649964,-6252.674095399839,-183972.01659997588,388962.5643290888
2017-07-11 17:57:31.266732990,-1.6147,-0.548,-0.3592,-342965.50034908124,-6247.793930717208,-184111.6931550949,389308.98386131827
2017-07-11 17:57:31.466834008,0.2305,0.5543,-0.3225,-343124.7530407808,-6245.330232184898,-184181.5850390694,389482.29300766654
2017-07-11 17:57:31.666714012,-3.0762,1.6224,-0.5396,-343283.9527363435,-6242.804436686724,-184251.4212847187,389655.5287160208
2017-07-11 17:57:31.667189950,-0.2834,-0.4802,0.063,-343284.33180976764,-6242.798422576798,-184251.58757308955,389655.94121150963
2017-07-11 17:57:31.866882979,0.0288,-0.6933,0.2295,-343443.38146263355,-6240.302682374338,-184321.34933355427,389829.01055231615
2017-07-11 17:57:32.469326019,-0.0844,0.8249,-0.2898,-343923.2403432725,-6232.474032234622,-184531.91497441783,390351.20932937384
2017-07-11 17:57:32.668110250,-3.2922,-0.1452,-0.5674,-344081.70636439626,-6229.896600816467,-184601.41637709632,390523.64229931275
2017-07-11 17:57:32.669448971,0.1498,-0.426,0.2165,-344082.77356039983,-6229.879243756588,-184601.88443691022,390524.8035580679
2017-07-11 17:57:32.868991971,-1.7987,0.1668,-0.306,-344241.9160335282,-6227.285446412971,-184671.66325608874,390697.96396735427
2017-07-11 17:57:33.269441008,-2.8956,0.1407,0.2977,-344561.75238590327,-6222.057571460084,-184811.64980013805,391045.85550740204
2017-07-11 17:57:33.469640970,0.3868,-0.524,0.2816,-344721.6354460013,-6219.464956502517,-184881.6232013155,391219.7621369148
2017-07-11 17:57:33.669340014,-3.1479,0.0079,-0.7012,-344881.24400188477,-6216.8785134470345,-184951.4494865098,391393.35802987195
2017-07-11 17:57:33.685170290,0.1931,0.5256,-0.084,-344893.8962298448,-6216.673352672153,-184956.98468361565,391407.1190811838
2017-07-11 17:57:33.869341015,0.0575,0.3938,-0.0798,-345041.09133382945,-6214.273138201228,-185021.38432593382,391567.21588682715
2017-07-11 17:57:34.269448995,-0.287,-0.8878,0.3829,-345360.9163082249,-6209.200835021076,-185161.23023072034,391915.03909498063
2017-07-11 17:57:34.469510018,-1.2823,0.7937,-0.224,-345520.8857405323,-6206.632826894761,-185231.16460675912,392089.0066241926
2017-07-11 17:57:34.669021010,-0.6451,0.3157,-0.2033,-345680.44104426785,-6204.059312711078,-185300.91480337144,392262.52268026
2017-07-11 17:57:34.693370100,-0.8801,-0.2494,-0.1973,-345699.91430995084,-6203.745378990486,-185309.42750302562,392283.69980427914
2017-07-11 17:57:34.869346976,-0.772,-0.192,-0.0749,-345840.67630880565,-6201.4824484297005,-185370.95320148117,392436.77460849157
2017-07-11 17:57:35.269536018,-1.1193,0.7507,-0.2165,-346160.96245034476,-6196.21609211976,-185510.90347497902,392785.0561395026
2017-07-11 17:57:35.469335019,-0.5843,0.6018,-0.3159,-346320.89233053755,-6193.562779271062,-185580.78787592243,392958.9667041187
2017-07-11 17:57:35.669396996,0.0067,-0.6205,0.1833,-346481.03244271665,-6190.9308095096985,-185650.7569223636,393133.10343025747
2017-07-11 17:57:35.697050090,-0.2627,-0.747,0.2265,-346503.167632177,-6190.567582935224,-185660.42805525943,393157.1732167602
2017-07-11 17:57:35.869340002,-3.2599,-0.2734,-0.2153,-346641.17554300395,-6188.312650653303,-185720.6894988584,393307.2263552111
2017-07-11 17:57:36.269335985,-4.0508,0.6731,-0.2229,-346962.2290102915,-6182.96980494801,-185860.63083096256,393656.18446594005
2017-07-11 17:57:36.469663977,0.3643,-0.7058,0.3073,-347123.00599627296,-6180.322298871342,-185930.70461759815,393830.93402525276
2017-07-11 17:57:36.669560015,-2.5604,-0.0818,-0.8261,-347283.53861902683,-6177.683770036177,-186000.66031841782,394005.41317525465
2017-07-11 17:57:36.692880150,-0.0791,0.811,-0.0356,-347302.2666091905,-6177.375514742992,-186008.82146194775,394025.76822054945
2017-07-11 17:57:36.869346022,-0.01,0.8184,-0.1441,-347443.98355795507,-6175.017429934126,-186070.58216590795,394179.7992013803
2017-07-11 17:57:37.269586026,0.2538,-0.4608,0.2099,-347765.369313567,-6169.742904217295,-186210.62721017725,394529.10603314603
2017-07-11 17:57:37.469780981,-2.8786,0.1855,-0.9005,-347926.23774591554,-6167.09721912502,-186280.71204882342,394703.9443450675
2017-07-11 17:57:37.669332981,0.1178,0.6206,-0.0812,-348086.5848351552,-6164.435318119337,-186350.57503335743,394878.2187209824
2017-07-11 17:57:37.696179860,-3.2115,0.4613,-0.2036,-348108.1595665872,-6164.076864773318,-186359.97424948035,394901.6670042029
2017-07-11 17:57:37.869439005,-1.7128,-0.215,-0.3496,-348247.44577124686,-6161.770002595208,-186420.64356955292,395053.0435835784
2017-07-11 17:57:38.269379019,-1.4389,0.5927,-0.3333,-348569.19503932825,-6156.35019012058,-186560.7419494212,395402.6995541977
2017-07-11 17:57:38.469335973,-0.3897,0.3478,-0.3163,-348730.07475360186,-6153.626554759739,-186630.79921346367,395577.53648619173
2017-07-11 17:57:38.669340014,-1.6738,-0.2464,-0.2304,-348891.05930745055,-6150.912134420048,-186700.88219136128,395752.4786982299
2017-07-11 17:57:38.693399900,0.2972,-0.393,0.2358,-348910.4250941856,-6150.585825297174,-186709.31282681186,395773.52354807657
2017-07-11 17:57:38.869334995,-0.0205,-0.4735,0.1257,-349052.03577330225,-6148.214384420845,-186770.95696911647,395927.41075197485
2017-07-11 17:57:39.269737005,-0.3235,0.5654,-0.2235,-349374.37240130606,-6142.726693101911,-186911.2856657585,396277.69794836984
2017-07-11 17:57:39.469375014,-0.8044,-0.1328,-0.0782,-349535.11954486615,-6139.99585634665,-186981.2558178339,396452.3797022463
2017-07-11 17:57:39.669341027,-0.6628,-0.7345,0.1284,-349696.1572979677,-6137.289902859149,-187051.3357961769,396627.3704365986
2017-07-11 17:57:39.696110120,-1.4659,0.3161,-0.4798,-349717.71618478606,-6136.927435186585,-187060.71762152464,396650.79726243723
2017-07-11 17:57:39.869608998,-0.9316,0.632,-0.2759,-349857.47412715387,-6134.559144270264,-187121.5324758609,396802.66245911375
2017-07-11 17:57:40.268561005,-0.3176,-0.2552,0.0154,-350178.8910874589,-6129.153995881195,-187261.37074575902,397151.9145938091
2017-07-11 17:57:40.469626009,-3.1321,-0.2619,-0.1852,-350341.00637277804,-6126.44048119087,-187331.85433475926,397328.04792483494
2017-07-11 17:57:40.669339001,-0.3108,0.8898,-0.1918,-350502.0439502131,-6123.709722939022,-187401.87162425596,397503.0114632115
2017-07-11 17:57:40.693699710,-1.6886,0.8086,-0.6275,-350521.6880887993,-6123.376149041205,-187410.4126068314,397524.35436026676
2017-07-11 17:57:40.869338989,-2.7982,1.403,-0.6904,-350663.40749465226,-6120.927819492342,-187472.01388707964,397678.32113909523
2017-07-11 17:57:41.269420981,-2.883,-0.023,-1.2595,-350986.6861748342,-6115.354544818235,-187612.53468852813,398029.5398653906
2017-07-11 17:57:41.469878017,0.3177,0.4753,0.0816,-351148.6489220251,-6112.543012915204,-187682.9379360504,398205.502239931
2017-07-11 17:57:41.669885993,-2.1581,-0.1133,-1.0971,-351310.3351742675,-6109.742311713394,-187753.22735507073,398381.1678952917
2017-07-11 17:57:41.693290230,0.1926,-0.4734,0.2409,-351329.2550310767,-6109.4148427185155,-187761.45224620856,398401.7235655702
2017-07-11 17:57:41.869336009,0.27,-0.5824,0.3141,-351471.5611052679,-6106.969683224322,-187823.30982935076,398556.33109980595
2017-07-11 17:57:42.468182027,0.1709,0.5742,-0.1512,-351955.57518917706,-6098.446190280157,-188033.7818625763,399082.2234505355
2017-07-11 17:57:42.667903006,-0.1507,-0.6122,0.24,-352117.0046110334,-6095.627942096318,-188103.9667621537,399257.61599237204
2017-07-11 17:57:42.695570110,-1.5299,0.4808,-0.6687,-352139.36840334436,-6095.237165570159,-188113.68990268963,399281.9142215386
2017-07-11 17:57:42.867856025,-1.5759,0.457,-0.3899,-352278.6768251034,-6092.790194895698,-188174.24847652292,399433.2685539712
2017-07-11 17:57:43.268563985,-1.3829,-0.248,0.1007,-352602.90674966545,-6087.138774688376,-188315.08132914387,399785.48368190863
2017-07-11 17:57:43.468064010,-0.2414,-0.5521,0.1917,-352764.34034826653,-6084.34708213823,-188385.18999464987,399960.8467213808
2017-07-11 17:57:43.667900979,-1.0544,0.5846,-0.2299,-352926.08870614384,-6081.527328688513,-188455.42625064953,400136.54762765736
2017-07-11 17:57:43.678460000,-0.1317,0.2137,-0.3241,-352934.6352090778,-6081.3783142325665,-188459.1374424618,400145.8313889104
2017-07-11 17:57:43.867846012,0.0621,0.4243,-0.1015,-353087.9225818968,-6078.690380863916,-188525.7048124178,400312.34420757607
2017-07-11 17:57:44.268041014,-0.6193,-0.4958,0.2012,-353411.9360821887,-6073.089865686802,-188666.33730058896,400664.2806843372
2017-07-11 17:57:44.468007028,-1.0106,0.6085,-0.2309,-353573.8767855878,-6070.26711646003,-188736.6165717015,400840.17378874175
2017-07-11 17:57:44.668798983,0.0059,0.3754,-0.2356,-353736.4861321097,-6067.417572975019,-188807.1956235806,401016.7980226491
2017-07-11 17:57:44.678330060,-1.12,-0.4053,-0.0007,-353744.20488076017,-6067.282349302307,-188810.54582947312,401025.182025083
2017-07-11 17:57:44.867874979,-0.6987,-0.3059,0.0195,-353897.73305396887,-6064.604140733784,-188877.1708108088,401191.93727892573
2017-07-11 17:57:45.268920004,-0.8976,0.6392,-0.1077,-354222.7170972936,-6058.834696803946,-189018.15533718505,401544.8989001662
2017-07-11 17:57:45.468248009,-2.7534,0.8085,-0.6307,-354384.35055525624,-6055.935036012385,-189088.25273851058,401720.43710935843
2017-07-11 17:57:45.667994022,-0.0872,-0.8226,0.1809,-354546.3264516527,-6053.062114863502,-189158.4899224929,401896.34418726194
2017-07-11 17:57:45.697000020,-0.8713,-0.6953,-0.0565,-354569.84841779084,-6052.645510323633,-189168.68942075912,401921.8891549158
2017-07-11 17:57:45.867855012,-2.3962,0.3503,-1.0554,-354708.47058353835,-6050.181345028469,-189228.79867229518,402072.4338287576
2017-07-11 17:57:46.267829000,-1.7534,0.0087,-0.4671,-355033.2675702616,-6044.411306893349,-189369.5900189745,402425.1453545347
2017-07-11 17:57:46.468060970,0.0496,-0.526,0.13,-355195.86300662137,-6041.543842628608,-189440.06671210474,402601.71413558046
2017-07-11 17:57:46.667617022,-2.4108,0.3664,-0.8776,-355358.0055780436,-6038.671466983312,-189510.34044717284,402777.7883869645
2017-07-11 17:57:46.678409930,0.1727,0.7522,-0.2923,-355366.774973029,-6038.51602809206,-189514.14120763342,402787.31130488677
2017-07-11 17:57:46.867832005,0.3742,0.8703,-0.2227,-355520.66974197695,-6035.756754374828,-189580.85484729672,402954.436007365
2017-07-11 17:57:47.267938017,-0.0499,-0.4358,0.143,-355845.74133365403,-6029.998254587514,-189721.74757079285,403307.44352858624
2017-07-11 17:57:47.469582021,-1.6602,0.4942,-0.227,-356009.6372617752,-6027.076012036081,-189792.76341404975,403485.41548965196
2017-07-11 17:57:47.667679011,-0.442,0.48,-0.2643,-356170.66752766527,-6024.186336761554,-189862.54042659572,403660.277319138
2017-07-11 17:57:47.683050150,-1.7238,-0.0875,-0.021,-356183.16291834356,-6023.962135955204,-189867.9547094768,403673.84593492135
2017-07-11 17:57:47.867927014,-1.3779,-0.4062,-0.0302,-356333.4987236622,-6021.279437309031,-189933.0762015309,403837.0854120321
2017-07-11 17:57:48.267829000,-0.4729,0.9516,-0.2562,-356658.7615363329,-6015.324385328329,-190073.97965585714,404190.26961359015
2017-07-11 17:57:48.467854022,-1.811,0.9297,-0.2995,-356821.52561275125,-6012.308559645734,-190144.46944976406,404366.9969930285
2017-07-11 17:57:48.667895972,-0.4293,-0.4736,0.0238,-356984.3206430021,-6009.311430683426,-190214.9642567814,404543.75490918814
2017-07-11 17:57:48.679939980,-1.0091,-0.3971,-0.3903,-356994.122256756,-6009.1310389092705,-190219.20862325197,404554.3972211533
2017-07-11 17:57:48.868170022,-0.8084,-0.5591,-0.1623,-357147.3356333751,-6006.331591347943,-190285.54754768795,404720.7493750813
2017-07-11 17:57:49.268728017,-3.6471,0.6964,-0.4278,-357473.96249888546,-6000.262565435528,-190426.78699183298,405075.2994438709
2017-07-11 17:57:49.468020975,0.2057,-0.5566,0.1079,-357636.46371586923,-5997.265099248945,-190497.05474420532,405251.69368440605
2017-07-11 17:57:49.668253004,-3.2048,0.0524,-1.0993,-357799.85913030786,-5994.251408096709,-190567.69767322417,405429.0537690719
2017-07-11 17:57:49.678359860,-0.5502,0.9659,-0.3101,-357808.1066878365,-5994.099191198124,-190571.26345766525,405438.00622598146
2017-07-11 17:57:49.868083000,0.3109,0.5038,-0.2336,-357962.91639402136,-5991.223682942657,-190638.20779754984,405606.05339022493
2017-07-11 17:57:50.267865002,0.3585,-0.6474,0.2183,-358289.0719889946,-5985.267922457365,-190779.23710368937,405960.09637488297
2017-07-11 17:57:50.467831015,-2.2693,0.2423,-0.6754,-358452.30172494415,-5982.279236015667,-190849.80522522525,406137.2778153644
2017-07-11 17:57:50.667980015,0.2211,0.5205,-0.04,-358615.67197369284,-5979.266963622026,-190920.43952536405,406314.61461178545
2017-07-11 17:57:50.680410260,-3.16,0.3071,-0.1151,-358625.81856418966,-5979.079839124803,-190924.82628330748,406325.6285639251
2017-07-11 17:57:50.867850005,-0.97,-0.3015,-0.1756,-358778.85641289863,-5976.268720199158,-190990.98181590746,406491.74497370503
2017-07-11 17:57:51.267997980,-1.5328,0.65,0.1699,-359105.8083541724,-5970.163442448943,-191132.18401009668,406846.57576253806
2017-07-11 17:57:51.468245983,-0.3472,0.4845,-0.0911,-359269.44043143786,-5967.0887204308565,-191202.8501659439,407024.16007811675
2017-07-11 17:57:51.667922019,-0.8008,-0.2492,0.0447,-359432.63705583324,-5964.032716453642,-191273.31269632178,407201.265244815
2017-07-11 17:57:51.678560130,0.322,-0.7566,0.2714,-359441.3316221098,-5963.869987800161,-191277.06668754492,407210.7008221891
2017-07-11 17:57:51.867431998,-1.2914,-0.6393,-0.1865,-359595.7433448354,-5961.0036652443,-191343.7227047127,407378.2669889495
2017-07-11 17:57:52.466019988,-0.9187,0.559,-0.7322,-360085.4466342991,-5951.719190185982,-191555.23669473382,407909.7455863454
2017-07-11 17:57:52.665930986,-3.4883,-1.1064,-1.1108,-360249.1327135673,-5948.662661876585,-191625.92061478965,408087.38973387534
2017-07-11 17:57:52.679320090,-0.4663,0.7864,-0.2155,-360260.0957254661,-5948.457808924202,-191630.65473191798,408099.2876193367
2017-07-11 17:57:52.866280972,0.2106,1.0173,-0.2866,-360413.17212337547,-5945.561753078714,-191696.77034688473,408265.4235984475
2017-07-11 17:57:53.266062021,0.3724,-0.4979,0.3767,-360740.4379909395,-5939.448653478322,-191838.0860780187,408620.59654682054
2017-07-11 17:57:53.465990006,-2.7892,-0.1406,-0.8338,-360904.2130780335,-5936.397150815767,-191908.79051321463,408798.33133814496
2017-07-11 17:57:53.659120080,-2.6595,-0.6047,-0.3085,-361062.5187149566,-5933.471959572594,-191977.1023772844,408970.1166924813
2017-07-11 17:57:53.665929973,0.3248,0.51,-0.158,-361068.1006604164,-5933.3687917609195,-191979.511105715,408976.17395653867
2017-07-11 17:57:53.865926027,-3.391,-0.5384,-0.6148,-361232.1694237656,-5930.360447405726,-192050.27633558828,409154.1983680628
2017-07-11 17:57:54.265931010,-2.652,-0.2446,-0.7404,-361560.7418431711,-5924.382702004428,-192191.92981788793,409510.69123981125
2017-07-11 17:57:54.465919017,0.1826,0.5603,-0.3601,-361725.00885188003,-5921.371636450506,-192262.76583192457,409688.9256451669
2017-07-11 17:57:54.658259980,0.4191,-0.4543,0.3907,-361882.9791940985,-5918.492513404002,-192330.87879899534,409860.32513970096
2017-07-11 17:57:54.665920019,-1.5301,-0.0331,-0.4248,-361889.27050215803,-5918.3778533705035,-192333.59144413474,409867.15128050785
2017-07-11 17:57:54.865781009,0.0046,-0.6734,0.2729,-362053.4192290352,-5915.413113410453,-192404.35719902065,410045.2501333312
2017-07-11 17:57:55.266300022,-0.9356,0.4481,-0.4764,-362382.5213822635,-5909.399928118229,-192546.24734008627,410402.3272054226
2017-07-11 17:57:55.466156005,-0.0999,-0.527,0.0996,-362546.74487821705,-5906.42044341737,-192617.04547782693,410580.50883213227
2017-07-11 17:57:55.658599730,-0.891,0.7571,-0.4661,-362704.91065154306,-5903.523422948659,-192685.23511630332,410752.11944842624
2017-07-11 17:57:55.665920972,-1.0012,-0.6904,-0.1906,-362710.92789232405,-5903.413247018589,-192687.8293022724,410758.64818856516
2017-07-11 17:57:55.866145014,-0.4587,0.9927,-0.1246,-362875.5080144024,-5900.360317801308,-192758.7810576301,410937.21691204107
2017-07-11 17:57:56.265917003,0.319,-0.707,0.249,-363204.06154028425,-5894.377759243354,-192900.40519149962,411293.6910913806
2017-07-11 17:57:56.465919971,-2.7087,-0.4216,-1.0525,-363368.5427893802,-5891.401593965038,-192971.300798982,411472.14903765987
2017-07-11 17:57:56.659270280,-3.1945,0.671,-0.1341,-363527.6723556372,-5888.499339387773,-193039.84323319426,411644.77898823604
2017-07-11 17:57:56.665924012,0.0382,0.7261,-0.3137,-363533.1484532221,-5888.399432438085,-193042.20198646194,411650.7196883911
2017-07-11 17:57:56.865929007,-2.8268,-0.1707,-0.2931,-363697.8679307206,-5885.403150799241,-193113.11564029663,411829.39737214235
2017-07-11 17:57:57.265865027,-3.34,-0.2041,-0.8093,-364027.7801947995,-5879.444341222823,-193255.0461677863,412187.2214038519
2017-07-11 17:57:57.466105997,0.0388,0.4786,-0.2836,-364192.95993924147,-5876.441679333364,-193326.11967176935,412366.38221787655
2017-07-11 17:57:57.659170150,0.1167,-0.4473,0.0313,-364352.21514278714,-5873.563308110749,-193394.64467058613,412539.11816051154
2017-07-11 17:57:57.666099011,-1.6492,0.1599,-0.4638,-364357.9307167967,-5873.459998843413,-193397.10398000912,412545.3175548579
2017-07-11 17:57:57.865796029,-0.33,-0.628,0.1294,-364522.6726953026,-5870.507561699672,-193467.97868840693,412724.00044792227
2017-07-11 17:57:58.265986979,0.5443,0.2316,-0.1704,-364852.7269030274,-5864.553813983327,-193610.03822894354,413082.016339401
2017-07-11 17:57:58.465979993,-0.9298,-0.1893,-0.2542,-365017.7066924212,-5861.586035935864,-193681.0417949579,413260.971228389
2017-07-11 17:57:58.662249920,-0.7067,0.8135,-0.3984,-365179.6424274051,-5858.642168744732,-193750.7388996523,413436.6260451898
2017-07-11 17:57:58.665928006,-2.8281,-0.9289,-1.2894,-365182.67713108094,-5858.5870134264915,-193752.045036423,413439.9178529007
2017-07-11 17:57:58.866091012,-0.2651,1.0647,-0.2445,-365347.8376183827,-5855.542780077168,-193823.13535149666,413619.07309886237
2017-07-11 17:57:59.265866994,-0.4324,-0.2862,0.1777,-365677.77385329973,-5849.508419382113,-193965.09223166746,413976.94143936655
2017-07-11 17:57:59.467712998,-2.2777,-0.7696,-1.2312,-365844.45072197693,-5846.49303898723,-194036.81610599466,414157.7351800537
2017-07-11 17:57:59.661050080,-2.8477,1.1798,-1.0575,-366004.20768644783,-5843.560673489748,-194105.55595208323,414331.0199550554
2017-07-11 17:57:59.665992975,0.1219,0.752,-0.3063,-366008.2920623829,-5843.485685666449,-194107.31337639558,414335.45019655686
2017-07-11 17:57:59.866106986,-3.1542,-0.0369,-0.8071,-366173.7750834057,-5840.451267564644,-194178.49534295226,414514.93638166325
2017-07-11 17:58:00.265906989,-2.1993,-0.0489,-0.6931,-366504.7387140403,-5834.396737782319,-194320.81781181882,414873.88917621085
2017-07-11 17:58:00.466189980,0.2535,0.3863,-0.2636,-366670.52740815195,-5831.348177179183,-194392.12595830782,415053.7060741976
2017-07-11 17:58:00.658640260,0.3155,-0.4321,0.2397,-366829.8207165595,-5828.434844085971,-194460.63649241847,415226.47695530136
2017-07-11 17:58:00.665274024,-1.5535,-0.2966,-0.3048,-366835.3116276225,-5828.334434503553,-194462.99806495654,415232.4324467281
2017-07-11 17:58:00.865979015,0.3289,-0.6107,0.285,-367001.4262746522,-5825.321136125733,-194534.43612576227,415412.59982424247
2017-07-11 17:58:01.265932023,-0.6558,0.3671,-0.1288,-367332.5545990982,-5819.257691550639,-194676.81426154874,415771.7299665836
2017-07-11 17:58:01.466059982,-0.5848,-0.1627,0.0831,-367498.26757559506,-5816.230189476084,-194748.0539172227,415951.4511445129
2017-07-11 17:58:01.661039940,-1.8322,0.2726,-0.5369,-367659.7874816033,-5813.270202009688,-194817.48144767733,416126.62077674794
2017-07-11 17:58:01.667241990,-1.1476,-0.7222,-0.0093,-367664.9252565332,-5813.176076572572,-194819.6898443219,416132.19273570646
2017-07-11 17:58:01.865921974,-0.5379,0.905,-0.3251,-367829.5328828042,-5810.12508525411,-194890.447706701,416310.71259530017
2017-07-11 17:58:02.464419007,-1.0855,-0.1555,-0.0585,-368325.7802934896,-5800.990079500128,-195103.61731295413,416848.83759380935
2017-07-11 17:58:02.659689900,-2.2974,1.1,-0.8967,-368487.777929129,-5797.96766858152,-195173.20209078744,417024.5049473764
2017-07-11 17:58:02.664426982,-0.2085,1.073,-0.2228,-368491.7078389362,-5797.8943237532985,-195174.8901548392,417028.76647972246
2017-07-11 17:58:02.864557981,-0.6045,0.4077,-0.3528,-368657.7618503349,-5794.779341300033,-195246.22117303923,417208.83466492407
2017-07-11 17:58:03.264671981,-1.5701,-0.514,-0.3089,-368989.99843446986,-5788.633966824034,-195388.87991192561,417569.086045781
2017-07-11 17:58:03.464582026,0.2697,0.8407,-0.1486,-369155.98392344854,-5785.529938919794,-195460.16282391854,417749.0730980935
2017-07-11 17:58:03.645650020,-0.6517,-0.2803,0.0158,-369306.3462070345,-5782.727663672246,-195524.72661472295,417912.11516990553
2017-07-11 17:58:03.664291977,-3.5102,0.3344,-0.4072,-369321.82806024986,-5782.439037638988,-195531.37395757184,417928.902428062
2017-07-11 17:58:03.863749980,0.2298,-0.5797,0.2376,-369487.4656644833,-5779.373970906848,-195602.48717362044,418108.5043803399
2017-07-11 17:58:04.264432013,0.2165,0.6589,-0.116,-369820.17269152903,-5773.11091512488,-195745.36187469243,418469.2768109566
2017-07-11 17:58:04.464426994,-2.982,0.2727,0.6812,-369986.35814788257,-5769.973888657879,-195816.6485896877,418649.4448570382
2017-07-11 17:58:04.645229810,-3.1348,-0.1787,-0.6749,-370136.69838607474,-5767.143743035211,-195881.1164632784,418812.4248706064
2017-07-11 17:58:04.664426982,0.1724,-0.6848,0.305,-370152.66105738527,-5766.843497916017,-195887.96138175123,418829.7295872052
2017-07-11 17:58:04.864431977,-2.2534,0.3205,-0.1481,-370319.0576723853,-5763.7025850981645,-195959.28082477467,419010.1006947396
2017-07-11 17:58:05.264580011,-1.4367,-0.1382,-0.2138,-370652.19579196454,-5757.440719965423,-196102.00316902256,419371.18882435415
2017-07-11 17:58:05.464661002,-0.005,-0.5854,0.2409,-370818.77085803053,-5754.333113232516,-196173.35718478414,419551.7360700435
2017-07-11 17:58:05.644950270,0.1617,0.3648,-0.2514,-370968.86330292415,-5751.521048935192,-196237.6611358003,419714.42336747155
2017-07-11 17:58:05.664613008,-1.095,0.7641,-0.3028,-370985.2331333548,-5751.214063694321,-196244.6743810234,419732.1668506358
2017-07-11 17:58:05.864417016,-1.0666,0.4395,-0.4276,-371151.6186579969,-5748.077070499304,-196315.95693370295,419912.513946959
2017-07-11 17:58:06.264430999,-1.4084,-0.4463,-0.1917,-371484.9531334892,-5741.868123277171,-196458.69754695814,420273.79087445233
2017-07-11 17:58:06.464429974,-0.2604,0.8089,-0.1375,-371651.62410692254,-5738.731418428467,-196530.07049292905,420454.43432976387
2017-07-11 17:58:06.647389880,-0.3873,-0.4512,0.0352,-371804.1083811064,-5735.87705121752,-196595.36158668454,420619.6993627562
2017-07-11 17:58:06.663569986,-1.4695,1.0333,-0.5639,-371817.59375153476,-5735.624354010818,-196601.13576885744,420634.31504754385
2017-07-11 17:58:06.864436984,-0.3295,-0.4174,0.1549,-371985.0204038429,-5732.504100098268,-196672.8127724551,420815.7700133566
2017-07-11 17:58:07.264438986,0.2398,0.7278,-0.2096,-372318.391688504,-5726.174047781304,-196815.58227448902,421177.0972937464
2017-07-11 17:58:07.464551985,-3.4127,0.4121,-0.4499,-372485.30733495654,-5722.990746616677,-196887.02501639366,421357.99200123036
2017-07-11 17:58:07.646920200,-2.8929,-0.1692,-0.201,-372637.5181460125,-5720.0953482073455,-196952.1393423726,421522.93485924316
2017-07-11 17:58:07.663832008,0.2244,-0.5325,0.1452,-372651.63326090586,-5719.826997457098,-196958.1776391532,421538.23068831814
2017-07-11 17:58:07.864431023,-2.3312,-0.0253,-0.756,-372819.1531734463,-5716.6449793812635,-197029.83117658514,421719.7592907635
2017-07-11 17:58:08.264429986,-2.2206,0.1205,-0.187,-373153.5469537752,-5710.280683626687,-197172.7398671361,422082.06104545883
2017-07-11 17:58:08.464428007,0.2961,-0.6181,0.1515,-373320.73077921564,-5707.123282497809,-197244.18763073478,422263.1985383023
2017-07-11 17:58:08.647879830,0.2956,0.4672,-0.1339,-373474.0732361122,-5704.211375459156,-197309.7288979754,422429.34382542764
2017-07-11 17:58:08.664439976,-1.6752,0.138,-0.4481,-373487.9158772548,-5703.948480560504,-197315.6454131699,422444.3422031121
2017-07-11 17:58:08.864471018,-0.0689,0.2337,-0.2469,-373655.1247645267,-5700.763605691843,-197387.12125028725,422625.5157985112
2017-07-11 17:58:09.264419972,-0.2154,-0.8536,-0.0371,-373989.48242724565,-5694.532198343349,-197530.03843497395,422987.79739760736
2017-07-11 17:58:09.464434027,-1.4335,0.5694,-0.2165,-374156.75169390586,-5691.393098822529,-197601.51983128017,423169.0293879885
2017-07-11 17:58:09.647100210,-1.762,0.0016,0.0509,-374309.57194350305,-5688.526210264649,-197666.7997143339,423334.5942493714
2017-07-11 17:58:09.664606988,-0.0236,0.2836,-0.3085,-374324.21828614245,-5688.2513599447075,-197673.0562511107,423350.46210760216
2017-07-11 17:58:09.864548981,-0.9559,-0.14,-0.0813,-374491.5299375729,-5685.117937012764,-197744.51436473127,423531.72197875
2017-07-11 17:58:10.264496028,-0.5552,0.5603,-0.2044,-374826.29481842095,-5678.760478612407,-197887.48582495126,423894.3932797408
2017-07-11 17:58:10.464434981,-1.6728,1.1409,-0.3402,-374993.7151936995,-5675.536690791421,-197958.9727966321,424075.7633515498
2017-07-11 17:58:10.648239850,-0.4743,-0.4386,0.0068,-375147.64159712446,-5672.587864456135,-198024.69089375783,424242.5125474024
2017-07-11 17:58:10.664629995,-0.662,-0.2049,0.0182,-375161.367614137,-5672.324968406757,-198030.55106627784,424257.38199384406
2017-07-11 17:58:10.864286005,-0.8047,-0.5339,-0.1124,-375328.60271441756,-5669.14379146459,-198101.9410448339,424438.5447301131
2017-07-11 17:58:11.263606011,-1.1408,0.7969,-0.5302,-375663.26151211903,-5662.654239478305,-198244.80840127805,424801.07787177054
2017-07-11 17:58:11.464477002,0.0723,-0.5925,0.1231,-375831.60288850206,-5659.413689979211,-198316.67037569566,424983.4401973298
2017-07-11 17:58:11.636950130,-0.688,0.6883,-0.2104,-375976.1656978062,-5656.61079390944,-198378.37922003696,425140.0425277144
2017-07-11 17:58:11.664583027,-3.2736,0.2991,-0.4573,-375999.329424165,-5656.161497664145,-198388.26629279004,425165.1350863196
2017-07-11 17:58:11.864633023,-0.131,0.5041,-0.2124,-376167.0298369811,-5652.888616778125,-198459.85284237217,425346.8028283579
2017-07-11 17:58:12.467130005,-0.3748,-0.5716,-0.013,-376672.2345962946,-5643.239068853449,-198675.45706621712,425894.0662928101
2017-07-11 17:58:12.645580290,-2.7138,1.8462,-0.1254,-376821.95484973217,-5640.32223072003,-198739.319695066,426056.2358239785
2017-07-11 17:58:12.666634023,-0.2309,0.6777,-0.3697,-376839.61908884905,-5639.977799007804,-198746.85443214787,426075.36893286323
2017-07-11 17:58:12.866743028,-3.8604,1.1223,-0.1605,-377007.6666218803,-5636.659144689299,-198818.4761275848,426257.3624791521
2017-07-11 17:58:13.266768991,-0.6277,-0.4415,-0.0537,-377343.70085575804,-5630.095670174869,-198961.65937537834,426621.27051306196
2017-07-11 17:58:13.466805994,-0.6414,0.4545,-0.1594,-377511.7638169974,-5626.795352054211,-199033.2659757675,426803.2727277697
2017-07-11 17:58:13.666279790,-0.3071,-0.1282,-0.1768,-377679.3658140479,-5623.5094270774725,-199104.67800160032,426984.77727209294
2017-07-11 17:58:13.666611015,-0.6208,0.5835,-0.3108,-377679.6441161917,-5623.503970755431,-199104.79658086,426985.0786598379
2017-07-11 17:58:13.866747021,-0.6474,-0.2684,-0.1213,-377847.82848812564,-5620.217849142477,-199176.45055842772,427167.21175544086
2017-07-11 17:58:14.266906023,-0.9883,0.4292,-0.2211,-378184.2605177335,-5613.578734871971,-199319.7534571274,427531.5325069808
2017-07-11 17:58:14.466977000,-0.5156,1.1335,-0.3563,-378352.4900046605,-5610.213946973346,-199391.41611602332,427713.7103414043
2017-07-11 17:58:14.666634976,-0.5609,-0.2795,-0.0328,-378520.3945794264,-5606.867246707993,-199462.93215118538,427895.53324992215
2017-07-11 17:58:14.688520070,-0.618,-0.3409,-0.1497,-378538.7993863532,-5606.500568391921,-199470.77130441554,427915.46372416074
2017-07-11 17:58:14.866729974,-2.5986,0.5332,-0.3213,-378688.75190728024,-5603.4977800654015,-199534.61558409367,428077.8350075566
2017-07-11 17:58:15.266633987,-0.1887,0.3179,-0.2178,-379025.27637344925,-5596.708666814503,-199677.91733307473,428442.24108780985
2017-07-11 17:58:15.466745018,-1.071,-0.1265,-0.2155,-379193.7153153128,-5593.316476072582,-199749.63382203577,428624.6319751927
2017-07-11 17:58:15.666229720,-0.7462,0.4594,-0.2532,-379361.656753275,-5589.916621142797,-199821.135920904,428806.4833268515
2017-07-11 17:58:15.666894018,-0.0609,-0.6593,0.2152,-379362.21601002803,-5589.905299679203,-199821.37402779568,428807.08890555287
2017-07-11 17:58:15.866137981,-0.8326,0.5565,-0.2045,-379529.98783628346,-5586.487542947989,-199892.7979274119,428988.7541338655
2017-07-11 17:58:16.266768991,-0.5994,-0.5878,-0.0042,-379867.43226279516,-5579.709612781023,-200036.41464194245,429354.1270747206
2017-07-11 17:58:16.466620981,-1.1584,0.1454,-0.1453,-380035.8103329934,-5576.322682112718,-200108.06264347516,429536.4352939515
2017-07-11 17:58:16.666728973,-0.6609,0.5929,-0.1564,-380204.4305529796,-5572.907671310273,-200179.80868584447,429719.0036727835
2017-07-11 17:58:16.682650200,0.1431,0.2228,-0.3425,-380217.84647662006,-5572.63590573479,-200185.517115521,429733.5294261609
2017-07-11 17:58:16.866751015,-0.3041,0.5811,-0.3558,-380372.9881987121,-5569.473722502369,-200251.53706188442,429901.50881848566
2017-07-11 17:58:17.267403006,-0.8218,-0.4538,-0.4622,-380710.74947298743,-5562.664821607269,-200395.28809307306,430267.23032797547
2017-07-11 17:58:17.466738998,-0.4326,0.6425,-0.1895,-380878.8126976887,-5559.25166619196,-200466.81593233702,430449.2066796483
2017-07-11 17:58:17.666465997,-0.3299,0.5178,-0.1606,-381047.21874637343,-5555.8111602158415,-200538.49048332364,430631.5549484555
2017-07-11 17:58:17.667979710,-0.305,-0.3883,-0.123,-381048.4950814009,-5555.785085819555,-200539.03369859463,430632.9369526747
2017-07-11 17:58:17.866729021,-0.4536,-0.5833,-0.0565,-381216.094771498,-5552.3845794609515,-200610.35966274678,430814.41049640696
2017-07-11 17:58:18.268285989,-0.4359,0.5766,-0.2297,-381554.78672844876,-5545.421154774347,-200754.50506465873,431181.14322745136
2017-07-11 17:58:18.467418015,-0.1616,0.4588,-0.2899,-381722.7504151378,-5541.949800707915,-200825.9982383167,431363.01760872774
2017-07-11 17:58:18.667038023,-0.6797,-0.3101,-0.2263,-381891.1527891932,-5538.482296842537,-200897.6756268531,431545.36660365574
2017-07-11 17:58:18.694469800,-0.4709,-0.3147,-0.3267,-381914.29499399354,-5538.006029352015,-200907.52577781273,431570.42547619354
2017-07-11 17:58:18.867374002,-0.4769,-0.575,-0.172,-382060.1760121141,-5535.021275764447,-200969.61703598665,431728.3886039021
2017-07-11 17:58:19.265919029,0.0137,0.5037,-0.174,-382396.4302926887,-5528.061397450248,-201112.76532606338,432092.5059990064
2017-07-11 17:58:19.466732025,-1.2027,-0.4954,-0.1636,-382565.9056450894,-5524.5745339436035,-201184.89937461572,432276.0192541368
2017-07-11 17:58:19.667123019,-0.1461,-0.4644,0.0564,-382735.0307174041,-5521.1136466696025,-201256.87957097444,432459.15183841053
2017-07-11 17:58:19.668029780,-0.2664,0.6527,-0.1942,-382735.79600161436,-5521.097985760473,-201257.20527856002,432459.98050743854
2017-07-11 17:58:19.866730988,-0.9526,0.5878,-0.181,-382903.5325948022,-5517.642957007989,-201328.58568714725,432641.60580342566
2017-07-11 17:58:20.267705976,-1.275,-0.3158,0.0754,-383242.2266169031,-5510.721554023839,-201472.61777398392,433008.3001826056
2017-07-11 17:58:20.468662023,-0.1927,-0.6293,0.1513,-383411.97718538105,-5507.278177866786,-201544.7960138281,433192.0811399802
2017-07-11 17:58:20.662540190,0.5015,0.3336,-0.253,-383575.7301123608,-5503.943541377602,-201614.4415713,433369.37729360216
2017-07-11 17:58:20.666698992,-0.9354,0.7832,-0.3096,-383579.2427262223,-5503.871997895541,-201615.93551528736,433373.18042432657
2017-07-11 17:58:20.866647005,-0.1893,0.5146,-0.2108,-383748.1306983192,-5500.411737617743,-201687.77018801201,433556.0390389574
2017-07-11 17:58:21.266632020,-0.5673,-0.5566,0.0962,-384086.07256910903,-5493.578726363933,-201831.4561134033,433921.9137421413
2017-07-11 17:58:21.466845989,-0.7166,0.6033,-0.0795,-384255.2593396625,-5490.134253810374,-201903.3818181386,434105.081165744
2017-07-11 17:58:21.659499760,-0.7011,-0.4797,-0.0331,-384418.0835392579,-5486.837650873219,-201972.59279420387,434281.3564722946
2017-07-11 17:58:21.666621029,-0.2673,0.4713,-0.2913,-384424.102199212,-5486.715771084639,-201975.1511288876,434287.8723556068
2017-07-11 17:58:21.866694986,-0.3776,-0.4225,-0.1819,-384593.2131753703,-5483.308438331145,-202047.03550738585,434470.9551273923
2017-07-11 17:58:22.468275010,-1.1713,0.5555,-0.4058,-385102.1179639844,-5472.862275596937,-202263.32347077987,435021.89083226543
2017-07-11 17:58:22.668118000,-0.0992,-0.5461,0.0601,-385271.17849433376,-5469.413902940805,-202335.17125104638,435204.9137958402
2017-07-11 17:58:22.672349920,-0.3529,-0.356,-0.012,-385274.7585643809,-5469.340885803298,-202336.6927159785,435208.7895433724
2017-07-11 17:58:22.868474006,-0.6671,-0.3205,-0.533,-385440.69897816906,-5465.969307755095,-202407.22398324875,435388.4398670432
2017-07-11 17:58:23.269221007,-1.3529,1.2029,-0.5231,-385779.98793061153,-5458.88686437906,-202551.42692425515,435755.7562242784
2017-07-11 17:58:23.467828989,-0.2441,-0.6553,0.0086,-385948.1472745527,-5455.402693276911,-202622.8927595468,435937.8057400533
2017-07-11 17:58:23.668157994,-2.1529,0.3787,-0.2573,-386117.85019059794,-5451.873132465219,-202694.98820271716,436121.51448760374
2017-07-11 17:58:23.680620070,-0.3762,0.6384,-0.2685,-386128.4071358662,-5451.653466237497,-202699.47316107628,436132.94273945305
2017-07-11 17:58:23.868059992,-0.204,0.62,-0.1355,-386287.19948449405,-5448.3277217259965,-202766.93540189494,436304.8416563961
2017-07-11 17:58:24.268118977,-0.5981,-0.3802,-0.0185,-386626.2107670486,-5441.2903294183925,-202910.92516824554,436671.8196141911
2017-07-11 17:58:24.469604015,-0.738,-0.4216,-0.1269,-386796.97980231827,-5437.763144295086,-202983.44908496944,436856.67381263484
2017-07-11 17:58:24.668235003,-1.1005,0.7034,-0.1453,-386965.37330139097,-5434.258169868688,-203054.95142792183,437038.95089057833
2017-07-11 17:58:24.681269760,-1.4453,1.282,-0.4454,-386976.4240298771,-5434.027945190162,-203059.64370029196,437050.9127256799
2017-07-11 17:58:24.868050992,-0.2314,0.568,-0.2714,-387134.783246661,-5430.709130337621,-203126.89097098395,437222.3311275804
2017-07-11 17:58:25.268059015,-0.7618,-0.4056,-0.1656,-387474.04498005426,-5423.6665023781725,-203270.93326403244,437589.5611204235
2017-07-11 17:58:25.468051016,-0.0871,0.6861,-0.2725,-387643.6691439189,-5420.117958053116,-203342.96098472166,437773.1737876058
2017-07-11 17:58:25.668393015,-3.9135,1.7052,-0.1347,-387813.74723606964,-5416.494762092478,-203415.12016468594,437957.2491378622
2017-07-11 17:58:25.679060220,-0.5294,-0.3725,-0.0551,-387822.803100305,-5416.301887495718,-203418.96228478683,437967.0502991452
2017-07-11 17:58:25.868055999,-0.396,-0.7193,-0.0846,-387983.2641584795,-5412.910332490356,-203487.03791624785,438140.7165115616
2017-07-11 17:58:26.267917990,-0.0121,0.5687,-0.1088,-388322.75662853627,-5405.643825357283,-203631.0842301246,438508.1558711174
2017-07-11 17:58:26.468165993,-3.7836,1.4663,-0.3197,-388492.9237301448,-5401.946013411076,-203703.23440560306,438692.30733673915
2017-07-11 17:58:26.669574975,0.2559,-0.7321,0.1343,-388664.0670298067,-5398.256460698933,-203775.79743861218,438877.5157087771
2017-07-11 17:58:26.682479730,-3.8515,0.2513,-0.3324,-388675.0332315816,-5398.020020386113,-203780.4467809743,438889.3830658986
2017-07-11 17:58:26.868559002,-2.8376,0.6177,-0.2367,-388833.2579152522,-5394.589296567178,-203847.4958654028,439060.5944801504
2017-07-11 17:58:27.268979012,-1.2484,1.6017,-0.3459,-389173.93839540693,-5386.949984808984,-203991.8328180271,439429.2223018273
2017-07-11 17:58:27.468159019,-0.0735,-0.6419,-0.0238,-389343.4052210617,-5383.175445376096,-204063.6309614678,439612.59223114356
2017-07-11 17:58:27.668043971,-1.5496,-0.0704,-0.2954,-389513.53374247224,-5379.390359719515,-204135.69501787386,439796.6720993017
2017-07-11 17:58:27.686129920,-0.5989,0.6477,-0.2666,-389528.9274721581,-5379.047666516147,-204142.21559016744,439813.32821717765
2017-07-11 17:58:27.868050992,-0.645,0.9435,0.0175,-389683.7896736051,-5375.569394195742,-204207.80346874162,439980.8855827973
2017-07-11 17:58:28.268251001,-0.1973,-0.3467,0.0893,-390024.49568616546,-5367.97322637126,-204352.07299958164,440349.51131008775
2017-07-11 17:58:28.468252003,-0.7266,-0.3356,0.2196,-390194.7934720136,-5364.190445752919,-204424.16329114875,440533.7557203669
2017-07-11 17:58:28.669103980,-0.6943,0.7029,-0.1246,-390365.84385913814,-5360.363213904468,-204496.56534291143,440718.8114690473
2017-07-11 17:58:28.683100220,-2.3349,1.6828,-0.1636,-390377.7638520337,-5360.096186078927,-204501.61066506896,440731.7073978745
2017-07-11 17:58:28.868954002,-1.6031,1.4556,-0.3541,-390536.1028619699,-5356.500088459453,-204568.6189040721,440903.00472114305
2017-07-11 17:58:29.268522024,-1.1263,-0.3094,-0.1006,-390876.69654998684,-5348.818216435683,-204712.69633027606,441271.4468453118
2017-07-11 17:58:29.468302011,-0.4573,0.7308,-0.2291,-391047.00821569585,-5344.948190065804,-204784.74273624126,441455.68516347086
2017-07-11 17:58:29.668056011,-1.0386,0.8737,-0.5594,-391217.33916945255,-5341.043805020787,-204856.80209153614,441639.9467653763
2017-07-11 17:58:29.685290090,-0.7317,-0.4348,-0.0413,-391232.0349478834,-5340.707077426901,-204863.01913385896,441655.844442467
2017-07-11 17:58:29.868064999,-0.1421,-0.5614,0.1078,-391387.8948216292,-5337.154689234712,-204928.94997244753,441824.44926678
2017-07-11 17:58:30.268052995,0.3333,0.3383,0.1121,-391728.9281311907,-5329.326452370436,-205073.21630578564,442193.3727468641
2017-07-11 17:58:30.468129992,-3.9929,1.1194,-0.4747,-391899.6753906545,-5325.365899067157,-205145.39841087957,442378.06182316254
2017-07-11 17:58:30.668466985,-0.1183,-0.5628,-0.0121,-392070.64928067906,-5321.4227870329605,-205217.67480078762,442562.9962146558
2017-07-11 17:58:30.680630200,-3.9472,0.4127,-0.4389,-392081.03033483267,-5321.183324762017,-205222.06303815256,442574.2248459971
2017-07-11 17:58:30.869063019,-3.3123,0.3028,0.6568,-392241.97148477903,-5317.4628180099235,-205290.02239588744,442748.27261141414
2017-07-11 17:58:31.268059015,-3.9624,1.3737,-0.3098,-392583.3862085941,-5309.366162219949,-205433.97186912433,443117.389970169
2017-07-11 17:58:31.468047976,-0.0477,-0.5692,0.1184,-392754.5155877626,-5305.330636908644,-205506.11899952486,443302.40355088515
2017-07-11 17:58:31.668376982,-3.4239,0.3457,-0.2607,-392926.0733484042,-5301.274376385216,-205578.39926538806,443487.8587645084
2017-07-11 17:58:31.680720210,0.0685,0.6069,-0.0731,-392936.64383196196,-5301.024358313579,-205582.8528093374,443499.2855624451
2017-07-11 17:58:31.868052005,0.0155,0.5635,-0.1335,-393097.070338291,-5297.21008690011,-205650.44843419772,443672.7105473568
2017-07-11 17:58:32.467801988,-0.2418,-0.5037,0.0382,-393610.7689750577,-5285.179730440499,-205866.8446995542,444228.0138897925
2017-07-11 17:58:32.667813003,0.1323,0.5795,-0.1355,-393782.077377608,-5281.144536424871,-205939.0162525447,444413.2011613797
2017-07-11 17:58:32.680379860,-4.0348,1.5622,-0.0261,-393792.84146299923,-5280.890755145646,-205943.55085485306,444424.8372147714
2017-07-11 17:58:32.868067979,-4.0868,0.017,-0.3905,-393953.7488503846,-5277.099890279893,-206011.28965766786,444598.7578513231
2017-07-11 17:58:33.268486022,-2.8916,0.4757,-0.2616,-394297.4959034104,-5268.936102970986,-206155.84708253725,444970.23524015135
2017-07-11 17:58:33.466877996,-0.2209,0.6213,-0.2827,-394467.81824284495,-5264.86680159261,-206227.48093817217,445154.3017267303
2017-07-11 17:58:33.667558014,-2.788,-0.1905,-0.524,-394640.2171803342,-5260.758241085062,-206299.9620459978,445340.60103879217
2017-07-11 17:58:33.675309890,0.0307,-0.4757,0.1451,-394646.87661174673,-5260.599564026137,-206302.76184049662,445347.7974237629
2017-07-11 17:58:33.867780983,0.2482,-0.7071,0.1102,-394812.2142367721,-5256.685970770582,-206372.27377042416,445526.46682224504
2017-07-11 17:58:34.267858028,0.1161,0.5075,-0.126,-395155.87213727034,-5248.469809713638,-206516.78383059092,445897.8489784866
2017-07-11 17:58:34.467607975,-2.0172,1.4902,-0.6761,-395327.53369350155,-5244.308196459062,-206588.96160201204,446083.3562468383
2017-07-11 17:58:34.667752981,0.0179,-0.4862,0.1239,-395499.5340393812,-5240.157828711061,-206661.27716111147,446269.22833341215
2017-07-11 17:58:34.676289790,-2.922,-0.3574,-1.0978,-395506.87060375675,-5239.980828622875,-206664.36172535116,446277.15659801353
2017-07-11 17:58:34.868448019,-3.8532,0.0358,-0.1448,-395672.1543558507,-5235.995345481722,-206733.79868304424,446455.7457327428
2017-07-11 17:58:35.267657995,-4.2434,0.8567,-0.2255,-396016.20869526203,-5227.578947137396,-206878.0903538613,446827.3821057504
2017-07-11 17:58:35.467589020,0.1365,-0.547,0.094,-396188.511399819,-5223.385739156931,-206950.35027567015,447013.4984572693
2017-07-11 17:58:35.668024003,-2.3251,0.0489,-0.8931,-396361.3418297843,-5219.1799970102,-207022.8282196861,447200.18396801443
2017-07-11 17:58:35.678589940,0.0032,0.5378,-0.2434,-396370.4525914675,-5218.95823112929,-207026.6489241625,447210.02513064427
2017-07-11 17:58:35.867536008,0.1386,0.4299,-0.0764,-396533.3714424087,-5214.977140385147,-207094.97565246688,447386.0073745645
2017-07-11 17:58:36.267509996,-0.092,-0.432,-0.0366,-396878.26395139564,-5206.618805625693,-207239.62020961725,447758.55710537476
2017-07-11 17:58:36.467903017,-3.5684,-0.2519,-1.1767,-397051.2036153674,-5202.441269059936,-207312.13657489893,447945.3601264551
2017-07-11 17:58:36.667568027,-0.0472,0.4214,-0.1253,-397223.5168857582,-5198.262109551978,-207384.39448954572,448131.48893360014
2017-07-11 17:58:36.674939750,-2.7064,-0.0355,-0.8106,-397229.8789171611,-5198.10781501093,-207387.06232867562,448138.361056847
2017-07-11 17:58:36.869054019,-2.4531,0.5856,-0.7443,-397397.49813867843,-5194.022822448074,-207457.34065927097,448319.4146960154
2017-07-11 17:58:37.268383979,-3.8784,0.2019,0.0715,-397742.9412150631,-5185.587020164645,-207601.9051462419,448692.420951705
2017-07-11 17:58:37.467195987,-0.2218,0.4449,-0.1527,-397914.93365098577,-5181.36955275148,-207673.88463447572,448878.1386658122
2017-07-11 17:58:37.667554974,-4.0965,-0.0442,-0.6469,-398088.42882851104,-5177.121043094022,-207746.45017232464,449065.4599372452
2017-07-11 17:58:37.676980010,-0.0384,-0.4425,-0.0379,-398096.59017431305,-5176.9212293427845,-207749.86371264732,449074.2716906117
2017-07-11 17:58:37.867457985,0.0487,-0.5063,0.0971,-398261.5274719848,-5172.901405390383,-207818.84711431703,449252.3526807536
2017-07-11 17:58:38.267745018,-0.344,0.9242,-0.1445,-398608.1962166275,-5164.305712370838,-207963.83800554168,449626.6474115601
2017-07-11 17:58:38.467565000,-3.6622,1.0437,0.3288,-398781.39661617996,-5159.973140503845,-208036.20313302393,449813.6163167658
2017-07-11 17:58:38.667621016,0.0543,-0.7784,0.1865,-398954.7994325806,-5155.666604302634,-208108.64627641905,450000.80171420705
2017-07-11 17:58:38.675500030,-2.6592,-0.525,0.4454,-398961.6289009997,-5155.497028102963,-208111.49935237694,450008.1739786959
2017-07-11 17:58:38.867919027,-1.969,-0.131,-0.6933,-399128.4891022883,-5151.3605375727275,-208181.20201623617,450188.2941629963
2017-07-11 17:58:39.268285989,-4.1422,0.4066,0.6612,-399476.3397463553,-5142.688550077091,-208326.12663620422,450563.6118262464
2017-07-11 17:58:39.467575013,0.1347,-0.5961,0.1373,-399649.4825879628,-5138.395605131446,-208398.25971809652,450750.42617367813
2017-07-11 17:58:39.667563021,-2.5344,-0.1562,-0.6301,-399823.3340725983,-5134.093850411497,-208470.67099969715,450937.9980170859
2017-07-11 17:58:39.674300190,0.225,0.4171,-0.0959,-399829.190747717,-5133.948914547616,-208473.11038552356,450944.3169164527
2017-07-11 17:58:39.867618024,-0.032,0.5997,-0.1864,-399997.244689268,-5129.767680596225,-208543.11363407644,451125.63717844535
2017-07-11 17:58:40.267491996,0.3416,-0.6493,0.3317,-400344.80619668553,-5121.222706529178,-208687.86087840842,451500.62463819195
2017-07-11 17:58:40.467620015,-2.3399,-0.3537,-1.1688,-400518.84670786164,-5116.960303397318,-208760.35046298307,451688.4034114332
2017-07-11 17:58:40.667894005,0.1855,0.5419,-0.3057,-400693.0067217754,-5112.673055888488,-208832.90518212615,451876.3186407538
2017-07-11 17:58:40.675600170,-4.418,0.4657,-0.8127,-400699.70833264396,-5112.50806304347,-208835.69699899116,451883.54953197297
2017-07-11 17:58:40.867604017,-1.5373,-0.468,-0.2225,-400866.73976807884,-5108.414417738441,-208905.2650381582,452063.76619987487
2017-07-11 17:58:41.267570972,-1.8176,0.6492,-0.1072,-401214.97697389644,-5099.783010597855,-209050.20072528967,452439.44562582445
2017-07-11 17:58:41.467553973,0.0318,0.4916,-0.037,-401389.0938901496,-5095.447656653116,-209122.66987593492,452627.2852323601
2017-07-11 17:58:41.667544007,-1.6572,-0.0976,-0.3271,-401563.2832111385,-5091.116053853633,-209195.15465787056,452815.1969825143
2017-07-11 17:58:41.682659740,0.1948,-0.4769,0.1323,-401576.4488190116,-5090.788769747421,-209200.6332036909,452829.39978452335
2017-07-11 17:58:41.866943001,0.1368,-0.6544,0.3472,-401736.952509283,-5086.820913484377,-209267.41303232056,453002.544049911
2017-07-11 17:58:42.468209981,0.3723,0.5995,0.0123,-402260.4985170254,-5073.658127576737,-209485.2933010496,453567.3475718772
2017-07-11 17:58:42.667900025,-0.3133,-0.5997,0.26,-402434.3887197812,-5069.310476928016,-209557.64433326447,453754.93543484726
2017-07-11 17:58:42.675510160,-2.3102,-0.0001,-0.8275,-402441.0157634175,-5069.144789112288,-209560.4016599767,453762.08451288106
2017-07-11 17:58:42.868043005,-1.2928,0.5976,-0.3594,-402608.72478083055,-5064.9308127387685,-209630.17405468272,453943.0015629506
2017-07-11 17:58:43.268072009,-0.8488,-0.3029,-0.1248,-402957.3126931435,-5056.223828189922,-209775.1614027601,454319.02843028115
2017-07-11 17:58:43.467902004,-0.2702,-0.5651,0.2084,-403131.456658317,-5051.896917461699,-209847.57988186178,454506.8754069574
2017-07-11 17:58:43.667955994,-1.1484,0.8811,-0.042,-403305.8417871094,-5047.529893548076,-209920.08121775827,454694.97476451774
2017-07-11 17:58:43.688160060,-0.9552,0.5793,-0.0191,-403323.4538660084,-5047.088617936978,-209927.40335782306,454713.97187955596
2017-07-11 17:58:43.867902994,0.354,0.6434,0.0638,-403480.12607565225,-5043.142078260799,-209992.54179547133,454882.9662998698
2017-07-11 17:58:44.268369972,0.0986,-0.5674,0.3493,-403829.1757027347,-5034.44019008149,-210137.61411489162,455259.4486693019
2017-07-11 17:58:44.467917978,-1.6048,0.7262,-0.1516,-404003.166947011,-5030.075224240516,-210209.90798960382,455447.1055753606
2017-07-11 17:58:44.667912006,0.4087,0.423,-0.0974,-404177.5307427764,-5025.683583006839,-210282.36734856138,455635.16970326134
2017-07-11 17:58:44.682399860,-2.0388,-0.177,-0.2392,-404190.1623339625,-5025.365483374137,-210287.61645857344,455648.79376733187
2017-07-11 17:58:44.867917001,-0.9522,-0.3275,-0.1155,-404351.9427792766,-5021.303485272811,-210354.8353491812,455823.28140722227
2017-07-11 17:58:45.268184006,-1.1192,0.8235,0.0234,-404701.17541220336,-5012.407486833912,-210499.86134717904,456199.90928979224
2017-07-11 17:58:45.468282997,0.5977,0.6343,-0.0321,-404875.7376857387,-5007.934857515878,-210572.36312713427,456388.170849173
2017-07-11 17:58:45.668201029,-1.3083,-0.2987,-0.1516,-405050.19438345113,-5003.478211216959,-210644.80539932463,456576.3121385088
2017-07-11 17:58:45.681359760,-0.2609,-0.6364,0.1144,-405061.67727853946,-5003.184982139805,-210649.5735755774,456588.6957725101
2017-07-11 17:58:45.867919981,0.1876,-0.538,0.1904,-405224.47151206003,-4999.046400309586,-210717.16860544533,456764.25858667673
2017-07-11 17:58:46.268149971,-0.861,0.6335,-0.3004,-405573.85394848447,-4990.066372032095,-210862.22919300178,457141.041112331
2017-07-11 17:58:46.468123972,-0.7595,-0.3183,-0.0576,-405748.4524574993,-4985.592250089703,-210934.71068788238,457329.3287935078
2017-07-11 17:58:46.667915999,-0.0594,-0.5195,0.2248,-405922.89445497585,-4981.1429363515845,-211007.1172521423,457517.44399390626
2017-07-11 17:58:46.680710070,-0.6315,0.8067,-0.1145,-405934.06529090425,-4980.857883846125,-211011.75396604167,457529.4904382498
2017-07-11 17:58:46.868387997,-0.2202,0.5579,-0.2847,-406097.93952312245,-4976.656759864487,-211079.78056613868,457706.2129371639
2017-07-11 17:58:47.267955005,-0.8565,-0.4813,-0.0488,-406446.96511944383,-4967.789392577529,-211224.6172430892,458082.58351059904
2017-07-11 17:58:47.468598008,-0.5344,-0.5881,0.1931,-406622.25021185627,-4963.360310056302,-211297.33936251828,458271.59516448335
2017-07-11 17:58:47.668054997,-0.8487,0.6408,-0.2077,-406796.5329464565,-4958.931915129078,-211369.6398796597,458459.52371594746
2017-07-11 17:58:47.679860110,-0.5496,0.695,-0.0979,-406806.8481661094,-4958.669718144509,-211373.91909043273,458470.6465978672
2017-07-11 17:58:47.867904007,-1.2434,0.8616,-0.425,-406971.203487431,-4954.462710166751,-211442.0977584073,458647.86914715986
2017-07-11 17:58:48.268271982,-1.6377,-0.2086,-0.1277,-407321.3981624287,-4945.538923828134,-211587.2787765413,459025.4418834589
2017-07-11 17:58:48.468065977,0.0675,0.8703,-0.1514,-407496.15168605343,-4941.050982864129,-211659.73391046486,459213.8614880948
2017-07-11 17:58:48.667968988,-1.3549,0.7605,-0.3488,-407671.0547059932,-4936.530202587828,-211732.2425174258,459402.4387146807
2017-07-11 17:58:48.682460060,-0.302,-0.4894,0.1216,-407683.73357921076,-4936.202591671992,-211737.49867807253,459416.10884638963
2017-07-11 17:58:48.868037998,-0.2763,-0.3451,-0.0032,-407846.1133561037,-4932.018972099475,-211804.81109302785,459591.1824578167
2017-07-11 17:58:49.268276989,-0.0683,0.6688,-0.2095,-408196.33143257693,-4922.888955053408,-211950.0184454853,459968.7925824094
2017-07-11 17:58:49.467899024,-3.5275,0.1038,-0.2627,-408371.1457489357,-4918.331157985723,-212022.45211056204,460157.2588372954
2017-07-11 17:58:49.667904019,0.4109,-0.796,0.2409,-408546.27899671375,-4913.7964587144,-212095.01509774674,460346.0686342523
2017-07-11 17:58:49.683460230,-1.9505,-0.4736,-0.3101,-408559.90117730194,-4913.443868438937,-212100.65905753078,460360.75457546767
2017-07-11 17:58:49.867999017,-2.9607,-0.2936,-1.02,-408721.5979518197,-4909.271191415509,-212167.64643945827,460535.0755062841
2017-07-11 17:58:50.268045008,-4.5367,0.9183,0.1879,-409072.85271945,-4900.078636870347,-212312.83263458445,460913.6019949915
2017-07-11 17:58:50.467890024,0.2592,-0.722,0.2714,-409248.31347892573,-4895.515284601154,-212385.3502999768,461102.68398404564
2017-07-11 17:58:50.668093979,-3.4502,-0.3046,-0.7598,-409424.2276707773,-4890.9559450176275,-212458.02866741005,461292.2431594863
2017-07-11 17:58:50.680019850,0.1851,0.7337,-0.1586,-409434.7066080615,-4890.684247151803,-212462.35803917758,461303.5349433195
2017-07-11 17:58:50.867914021,0.4009,0.6479,-0.111,-409599.7899333486,-4886.380726435375,-212530.57196283428,461481.42828167684
2017-07-11 17:58:51.268453001,0.2286,-0.5329,0.1874,-409951.6657548468,-4877.292291294164,-212675.95532542738,461860.6047378923
2017-07-11 17:58:51.469188988,-1.2043,0.6865,-0.2846,-410128.0620131133,-4872.7098261931815,-212748.82779876335,462050.68367164035
2017-07-11 17:58:51.668227970,-0.3847,0.5351,-0.1612,-410302.9822728549,-4868.144902065401,-212821.090600576,462239.1726165198
2017-07-11 17:58:51.680840010,-2.6999,-0.206,-0.1117,-410314.0664673626,-4867.855679908065,-212825.66952714717,462251.116569319
2017-07-11 17:58:51.867897987,-1.3056,-0.0554,-0.084,-410478.50958423363,-4863.567962503392,-212893.58572553896,462428.3079212356
2017-07-11 17:58:52.468101978,-1.4783,1.0659,-0.0947,-411006.6829042715,-4849.426183618725,-213111.53930068045,462997.34179516434
2017-07-11 17:58:52.668076992,-0.8644,-0.5475,0.0578,-411182.69342089817,-4844.736342682439,-213184.15441582276,463186.9628271977
2017-07-11 17:58:52.680469870,-0.3562,-0.7198,0.2122,-411193.6012226058,-4844.445813789388,-213188.6544967461,463198.7141042072
2017-07-11 17:58:52.868578970,-0.8044,-0.2489,-0.1257,-411359.197100304,-4840.044739206914,-213256.9648032532,463377.11219823995
2017-07-11 17:58:53.268471002,-1.5649,1.0734,-0.465,-411711.4796114089,-4830.5170564473165,-213402.25673776618,463756.6166855408
2017-07-11 17:58:53.468955993,-0.1174,-0.4059,0.0844,-411888.10039259004,-4825.756688482936,-213475.0951372875,463946.884262096
2017-07-11 17:58:53.668188989,-2.8412,0.0926,-0.2984,-412063.73098472867,-4821.022372570029,-213547.49051789838,464136.06987204036
2017-07-11 17:58:53.683519840,-0.3577,0.8849,-0.0863,-412077.2457299922,-4820.657862020696,-213553.06131619314,464150.627693378
2017-07-11 17:58:53.868108987,-0.0324,0.8417,-0.1005,-412239.96939255524,-4816.240340086083,-213620.139223582,464325.911852538
2017-07-11 17:58:54.268101990,0.0839,-0.6449,0.2202,-412592.567850631,-4806.7710299308055,-213765.45757425466,464705.71649727126
2017-07-11 17:58:54.468227982,-3.5019,-0.1063,-0.2937,-412769.1214795824,-4802.037566694144,-213838.17555658484,464895.872790012
2017-07-11 17:58:54.668094992,0.0862,0.7389,-0.198,-412945.44318798947,-4797.280712300966,-213910.80734442495,465085.7839696902
2017-07-11 17:58:54.680890080,-2.2969,1.7099,-0.5061,-412956.7313287008,-4796.975908019641,-213915.45716971203,465097.94209787017
2017-07-11 17:58:54.868378996,-3.8615,0.6177,-0.1666,-413122.2743924478,-4792.4878380838345,-213983.59782142422,465276.22083604074
2017-07-11 17:58:55.268244028,-3.1761,-0.1207,-0.5598,-413475.8424698472,-4782.93525266277,-214129.0135939168,465656.93728160526
2017-07-11 17:58:55.468147993,0.3706,0.5795,-0.1328,-413652.58645345597,-4778.136484277616,-214201.71640414526,465847.2584210173
2017-07-11 17:58:55.668398976,-3.714,0.3744,-0.1965,-413829.786184202,-4773.314371986627,-214274.55330063356,466038.0463605329
2017-07-11 17:58:55.681350230,0.3031,-0.6801,0.23,-413841.246545127,-4773.002615428838,-214279.2639962185,466050.3855537002
2017-07-11 17:58:55.868149995,0.5342,-0.5482,0.1608,-414006.52407812316,-4768.525187410827,-214347.20214020304,466228.33877516026
2017-07-11 17:58:56.268133997,0.3804,0.4853,-0.0756,-414360.3628563304,-4758.860276722841,-214492.68642423628,466609.3329403613
2017-07-11 17:58:56.468217015,-1.7921,-0.232,-0.222,-414537.43450553744,-4754.034909818618,-214565.47055880819,466799.98565818236
2017-07-11 17:58:56.668093979,-0.0116,-0.4486,0.1989,-414714.3242622599,-4749.232434211631,-214638.17179096906,466990.4396738616
2017-07-11 17:58:56.680940150,-1.794,0.5906,-0.3803,-414725.69333247066,-4748.923679754429,-214642.84439048014,467002.6805428963
2017-07-11 17:58:56.868085980,-1.7591,0.4612,-0.428,-414891.3820449158,-4744.409524396667,-214710.93083265386,467181.0699674165
2017-07-11 17:58:57.268104970,-1.52,-0.1469,-0.0799,-415245.7802679177,-4734.784149502325,-214856.47648830904,467562.59655817796
2017-07-11 17:58:57.468231976,-0.3957,-0.5829,0.1413,-415423.09933680895,-4729.991980092942,-214929.28641296498,467753.4846954305
2017-07-11 17:58:57.668956995,-0.7619,0.8286,-0.1212,-415600.97896212275,-4725.152106143187,-215002.31878907856,467944.97311263165
2017-07-11 17:58:57.684149860,0.2219,0.4579,-0.0705,-415614.44260938524,-4724.785670671834,-215007.84662164698,467959.4668494499
2017-07-11 17:58:57.868158996,-0.7937,0.4261,-0.374,-415777.5351133934,-4720.333141859708,-215074.80990264885,468135.03832184983
2017-07-11 17:58:58.268592000,-1.5236,-0.742,-0.326,-416132.69451966265,-4710.762711610382,-215220.58487371734,468517.3538802004
2017-07-11 17:58:58.468271970,-0.1408,0.96,-0.14,-416309.80396595615,-4705.952042502855,-215293.28262043913,468708.0076169848
2017-07-11 17:58:58.668094992,-3.3663,1.5735,-0.1272,-416487.174708384,-4701.075098342064,-215366.0375272882,468898.9197298897
2017-07-11 17:58:58.680930010,-0.4257,-0.2158,0.0732,-416498.5676433036,-4700.76187836533,-215370.71070318166,468911.18246417865
2017-07-11 17:58:58.868090987,0.3262,-0.7905,0.191,-416664.6886546391,-4696.222177102915,-215438.8485345551,469089.9857514537
2017-07-11 17:58:59.268096983,-0.1845,0.9381,-0.1147,-417019.7569323255,-4686.369692301951,-215584.49308301797,469472.1646601112
2017-07-11 17:58:59.468308985,-2.3439,1.4717,-0.403,-417197.57054998336,-4681.37930908932,-215657.40761103452,469663.54514966963
2017-07-11 17:58:59.669264018,0.1929,-0.6549,0.2112,-417376.03628341906,-4676.3968522391415,-215730.58421210982,469855.6260338656
2017-07-11 17:58:59.680840010,-0.8664,-0.46,-0.125,-417386.3168979561,-4676.109900016164,-215734.7995587079,469866.69096465426
2017-07-11 17:58:59.867828011,-3.3522,-0.2033,-0.5831,-417552.4977626846,-4671.481844200111,-215802.91080506926,470045.537626322
2017-07-11 17:59:00.267413020,-3.7959,0.2715,-0.3311,-417908.22493496694,-4661.548545656224,-215948.51436346586,470428.2892842717
2017-07-11 17:59:00.467873990,0.5081,-0.6968,0.1911,-418086.66319906624,-4656.593279605272,-216021.55204348452,470620.2851059195
2017-07-11 17:59:00.668478012,-2.7971,-0.1801,-0.7441,-418265.3413602518,-4651.641724980481,-216094.67178835618,470812.53246835194
2017-07-11 17:59:00.669919840,0.3407,0.88,-0.1408,-418266.62559688446,-4651.606134183167,-216095.19733192792,470813.9142355042
2017-07-11 17:59:00.868178009,0.2974,0.5489,-0.1032,-418443.20251786144,-4646.690656000019,-216167.46611496454,471003.90537024307
2017-07-11 17:59:01.268082022,0.1992,-0.5283,0.2204,-418799.34170650603,-4636.860195361056,-216313.20330438597,471387.0925365678
2017-07-11 17:59:01.468091011,-1.4225,0.4641,-0.4859,-418977.51895237394,-4631.9249986261275,-216386.11210300052,471578.8010796627
2017-07-11 17:59:01.667859017,-0.056,0.4253,-0.171,-419155.48375426076,-4626.978775560448,-216458.93988079898,471770.2842996548
2017-07-11 17:59:01.681070080,-2.5646,-0.3419,-0.2369,-419167.2533748011,-4626.651731479798,-216463.75617065266,471782.94791516877
2017-07-11 17:59:01.868471980,-1.4838,-0.3422,-0.0704,-419334.2601995835,-4622.024555522545,-216532.0787978861,471962.63203420857
2017-07-11 17:59:02.468062996,-0.8578,1.0372,-0.1649,-419868.9057079183,-4606.847056566993,-216750.7358298791,472537.8318219203
2017-07-11 17:59:02.667648971,-0.6975,-0.2437,0.0507,-420046.901044094,-4601.804627299138,-216823.51821789867,472729.32396347297
2017-07-11 17:59:02.680930010,-0.5132,-0.5105,-0.2089,-420058.74546887557,-4601.469179239565,-216828.36140935012,472742.06653835747
2017-07-11 17:59:02.867655992,-0.78,-0.7166,-0.1169,-420225.30043787573,-4596.777901978737,-216896.45877824104,472921.24854538334
2017-07-11 17:59:03.268657982,-2.0762,1.058,-0.636,-420583.31817769766,-4586.533055339288,-217042.80304536835,473306.39354293613
2017-07-11 17:59:03.467682003,-0.0677,-0.4282,0.1838,-420761.01107520587,-4581.4653271695615,-217115.4288820397,473497.5477488829
2017-07-11 17:59:03.667959988,-3.6393,-0.5675,-0.6276,-420939.96951551,-4576.388432589969,-217188.5374764295,473690.04853169003
2017-07-11 17:59:03.676730270,-0.4867,0.9592,-0.1161,-420947.8062404768,-4576.166038832729,-217191.73895051033,473698.4782988347
2017-07-11 17:59:03.867671012,0.4079,0.6307,-0.0935,-421118.40732877806,-4571.30123568853,-217261.4427220796,473881.9940447131
2017-07-11 17:59:04.267645001,0.4216,-0.616,0.3681,-421475.7072883224,-4561.209214326246,-217407.39612672004,474266.3306142331
2017-07-11 17:59:04.467854976,-1.8736,0.1322,-0.7778,-421654.63155980274,-4556.152278360018,-217480.4853736009,474458.79521593195
2017-07-11 17:59:04.666803002,0.048,0.4535,-0.2518,-421832.4261489312,-4551.109267232182,-217553.12389596336,474650.05010338745
2017-07-11 17:59:04.677130220,-3.9583,0.5527,-0.1911,-421841.6557326855,-4550.847429989661,-217556.8945184998,474659.97838048055
2017-07-11 17:59:04.867729008,-1.5839,-0.2592,-0.2061,-422012.0541597292,-4546.024386841059,-217626.4924883679,474843.2693285539
2017-07-11 17:59:05.267629981,-1.7076,0.4956,-0.4552,-422369.84523671196,-4535.82576014762,-217772.59085016622,475228.11491556803
2017-07-11 17:59:05.467660009,0.2744,0.3007,-0.2432,-422548.8009616229,-4530.7123866514985,-217845.678821388,475420.609912935
2017-07-11 17:59:05.667819023,-1.2641,-0.1211,-0.1168,-422727.9227275597,-4525.6005675881615,-217918.8186015911,475613.27695383795
2017-07-11 17:59:05.676649800,0.3159,-0.3951,0.2152,-422735.8253416282,-4525.375071038071,-217922.04542468968,475621.7771810724
2017-07-11 17:59:05.868669986,-0.3324,-0.6586,0.3059,-422907.67541267263,-4520.496061497289,-217992.19956499175,475806.61605191627
2017-07-11 17:59:06.267683029,-0.0348,0.2737,-0.145,-423264.78101242444,-4510.314028101476,-218138.00116270815,476190.72369103256
2017-07-11 17:59:06.468198001,-0.5414,-0.3225,0.1592,-423444.25811517646,-4505.2102442337045,-218211.264054184,476383.7658969728
2017-07-11 17:59:06.667877972,-0.1639,-0.6227,0.1856,-423622.99435959605,-4500.152542315013,-218284.21445801883,476576.0075839412
2017-07-11 17:59:06.677279820,-1.2432,0.8278,-0.3097,-423631.4101908735,-4499.914329360317,-218287.64932467756,476585.05933041277
2017-07-11 17:59:06.867663025,-1.39,0.6656,-0.1467,-423801.8773811121,-4495.066498692099,-218357.2091511337,476768.400465944
2017-07-11 17:59:07.267795979,-0.0214,-0.5682,0.0886,-424160.1557948815,-4484.968669001695,-218503.39052345,477153.73243656324
2017-07-11 17:59:07.467969000,-2.6098,-0.0874,-0.4721,-424339.49497379345,-4479.920567443713,-218576.5390502282,477346.60374415637
2017-07-11 17:59:07.668219983,-0.0874,1.0028,-0.1907,-424518.9075052649,-4474.830287048674,-218649.72371354428,477539.5571212617
2017-07-11 17:59:07.681599970,-1.9388,1.6436,-0.4912,-424530.8954955771,-4474.489880189604,-218654.61371427483,477552.4498822127
2017-07-11 17:59:07.868349015,-4.2896,1.0454,-0.0566,-424698.3655684148,-4469.702246940338,-218722.86709731063,477732.5324341299
2017-07-11 17:59:08.268078982,-3.4051,0.0729,-0.9586,-425057.3736331253,-4459.442832860837,-218869.11430682425,478118.5488011561
2017-07-11 17:59:08.467840015,0.454,0.6271,-0.2151,-425236.7661881552,-4454.290769706923,-218942.2084631816,478311.4452646478
2017-07-11 17:59:08.667788982,-3.571,0.0681,-0.8081,-425416.47028175514,-4449.131136912384,-219015.40369359573,478504.66560936434
2017-07-11 17:59:08.678030250,0.1945,-0.6336,0.1789,-425425.67459889635,-4448.866930022154,-219019.1526913048,478514.56223453034
2017-07-11 17:59:08.867671012,0.3579,-0.6424,0.1954,-425596.10094621044,-4443.997631446877,-219088.5670269042,478697.8070322315
2017-07-11 17:59:09.267754971,0.3608,0.4185,-0.2179,-425955.59061949706,-4433.6579138273355,-219235.0449060076,479084.363570176
2017-07-11 17:59:09.468165993,-3.697,0.1765,-0.5433,-426135.8155424021,-4428.47142848339,-219308.44078002122,479278.141421602
2017-07-11 17:59:09.668340027,0.1734,-0.4631,0.2687,-426315.8203994912,-4423.309632461339,-219381.73909598036,479471.67991422873
2017-07-11 17:59:09.676569930,-3.4973,0.151,-0.7664,-426323.2213090913,-4423.0974014991925,-219384.75271572534,479479.63725493447
2017-07-11 17:59:09.868439972,-1.9169,0.2171,-0.6248,-426495.8349609929,-4418.141505927147,-219455.03454611974,479665.22638302593
2017-07-11 17:59:10.267964005,-2.7815,-0.1532,-1.3022,-426855.7060924603,-4407.846477933209,-219601.58771022392,480052.1641021078
2017-07-11 17:59:10.467719972,0.3807,-0.362,0.2414,-427035.62101824774,-4402.713564506739,-219674.8524407515,480245.6103912222
2017-07-11 17:59:10.667981028,-1.5016,0.1058,-0.6997,-427216.05108526576,-4397.563429298433,-219748.33048447664,480439.6128752477
2017-07-11 17:59:10.682079790,0.0486,0.549,-0.0694,-427228.753697989,-4397.20074078568,-219753.5034933182,480453.27104545716
2017-07-11 17:59:10.868578970,0.0596,0.1753,-0.4014,-427396.78246746206,-4392.396980409398,-219821.94629322912,480633.9468732061
2017-07-11 17:59:11.266943991,-0.5567,-0.6337,0.0953,-427755.78276232706,-4382.236641657386,-219968.12600771408,481019.94776094286
2017-07-11 17:59:11.467885971,-1.6402,0.4465,-0.507,-427936.9347434848,-4377.093568206191,-220041.8819723156,481214.722226651
2017-07-11 17:59:11.667842984,0.4641,0.4055,-0.1668,-428117.180207214,-4371.959491778057,-220115.2830728785,481408.5290692588
2017-07-11 17:59:11.676490060,-0.7314,-0.0349,-0.0877,-428124.9749183643,-4371.737472922094,-220118.45728615936,481416.91025079397
2017-07-11 17:59:11.868251025,-1.2139,-0.1619,-0.3829,-428297.8781424144,-4366.8198487096115,-220188.86397086555,481602.82116456283
2017-07-11 17:59:12.471071004,-0.8371,0.8622,-0.0112,-428841.7211017513,-4351.047483345086,-220410.19857179007,482187.5247309604
2017-07-11 17:59:12.670533001,0.0626,-0.5941,0.2298,-429021.6662017005,-4345.852335281594,-220483.42496058508,482380.98758694186
2017-07-11 17:59:12.685909980,-1.1051,-0.5966,-0.3969,-429035.53884002066,-4345.451970568622,-220489.0702432891,482395.90238446835
2017-07-11 17:59:12.870535016,-1.0569,-0.6664,-0.5505,-429202.1379047065,-4340.66767199435,-220556.869585721,482575.019348559
2017-07-11 17:59:13.270732998,-2.871,1.1932,0.8017,-429563.72214196733,-4330.106002179927,-220703.70478715317,482963.62855315127
2017-07-11 17:59:13.470586001,0.0521,-0.489,0.1083,-429744.2899262071,-4324.851190427557,-220777.02780766293,483157.6917214346
2017-07-11 17:59:13.670776009,-2.7239,-0.1866,0.0397,-429925.2713585929,-4319.594995862245,-220850.4728791516,483352.1792902489
2017-07-11 17:59:13.705400100,-0.4801,0.8023,-0.1272,-429956.57378406177,-4318.684942921013,-220863.17580769077,483385.8177559872
2017-07-11 17:59:13.869922995,0.1945,0.9645,-0.0739,-430105.30789447547,-4314.334547949815,-220923.53816744557,483545.6535612909
2017-07-11 17:59:14.270541012,0.2263,-0.4928,-0.0244,-430467.4434434956,-4303.820301960994,-221070.52617874992,483934.83061143674
2017-07-11 17:59:14.470690011,-2.2748,0.1835,-0.0856,-430648.457706287,-4298.560027485748,-221143.96490551656,484129.3473414372
2017-07-11 17:59:14.670930027,0.3751,0.6312,-0.162,-430829.53924459586,-4293.272052284986,-221217.4435238287,484323.9426146967
2017-07-11 17:59:14.705419770,-2.4967,-0.1996,0.8751,-430860.73206280475,-4292.361478235963,-221230.09858782962,484357.4623374112
2017-07-11 17:59:14.870561003,-3.6674,0.0423,-0.0756,-431010.1872206662,-4288.000381424958,-221290.69468973493,484518.0491906677
2017-07-11 17:59:15.270582973,-2.4295,-0.2484,-0.485,-431372.60153924144,-4277.4762354442355,-221437.5543684799,484907.4227585833
2017-07-11 17:59:15.470654010,0.4864,0.557,-0.1605,-431553.84363497904,-4272.19028672076,-221511.01267924643,485102.15450372425
2017-07-11 17:59:15.670592010,-2.3264,-0.3998,-0.0716,-431735.0582123131,-4266.923834969149,-221584.42500622047,485296.84166903474
2017-07-11 17:59:15.705220100,0.4385,-0.4445,0.0368,-431766.44298941584,-4266.012249388213,-221597.13954694255,485330.5599358354
2017-07-11 17:59:15.870773971,-0.4355,-0.7422,0.1682,-431916.5028012146,-4261.674380699361,-221657.92204455234,485491.77301543177
2017-07-11 17:59:16.271228015,-0.2973,0.4012,-0.3442,-432279.52633590135,-4251.117282745842,-221805.0024777562,485881.7963368255
2017-07-11 17:59:16.470888972,-0.4446,-0.4444,0.0519,-432460.54267219466,-4245.87137262169,-221878.33271867415,486076.27274128556
2017-07-11 17:59:16.670624971,-0.8095,-0.9291,-0.1179,-432641.65933753346,-4240.660556788635,-221951.69522411146,486270.8541637563
2017-07-11 17:59:16.705329770,-0.9631,0.6764,-0.1728,-432673.1301249095,-4239.754345408125,-221964.44241334125,486304.66453126044
2017-07-11 17:59:16.870536029,0.2556,1.0062,-0.3149,-432822.9344486687,-4235.413018823397,-222025.1318217218,486465.6107770101
2017-07-11 17:59:17.270659029,0.0007,-0.5923,0.104,-433185.75446096016,-4224.993324493148,-222172.10250899082,486855.41135923384
2017-07-11 17:59:17.470533013,-2.9537,-0.311,-0.0807,-433367.11243215937,-4219.8007848035095,-222245.5221993501,487050.23662258196
2017-07-11 17:59:17.670561015,-0.1234,0.4384,-0.416,-433548.6150907546,-4214.586702959103,-222319.0151097856,487245.22457133746
2017-07-11 17:59:17.705469840,-3.1417,1.4981,-0.0745,-433580.2947071147,-4213.67491738568,-222331.84116055624,487279.25731397665
2017-07-11 17:59:17.870536983,-1.9044,0.1573,0.21,-433730.1443558838,-4209.359233368583,-222392.48370042234,487440.22570421285
2017-07-11 17:59:18.270533978,-2.2485,-0.1762,-0.6385,-434093.6254932085,-4198.929494875852,-222539.5371738175,487830.6594590768
2017-07-11 17:59:18.470808982,0.3661,0.4275,-0.2143,-434275.602641702,-4193.6902687910915,-222613.1741599714,488026.1380269112
2017-07-11 17:59:18.670785009,-1.4611,-0.4935,0.1028,-434457.3665588157,-4188.478599260406,-222686.6971074377,488221.37579054985
2017-07-11 17:59:18.706009860,-0.0865,-0.7336,0.0014,-434489.383538334,-4187.561498053203,-222699.64783238736,488255.76619584416
2017-07-11 17:59:18.870552003,-0.1802,-0.5231,0.2933,-434638.9459673069,-4183.291702076846,-222760.13525139072,488416.4116184612
2017-07-11 17:59:19.270687997,-0.2994,0.2777,-0.2105,-435002.70200985187,-4172.86388744861,-222907.2631460096,488807.1312001693
2017-07-11 17:59:19.470535993,-1.6362,-0.45,-0.1468,-435184.4453809424,-4167.6736861590225,-222980.75206318937,489002.33823176986
2017-07-11 17:59:19.670783996,0.0887,-0.6647,0.1785,-435366.54896480363,-4162.499750369667,-223054.38091485025,489197.9305015524
2017-07-11 17:59:19.706499810,-1.3989,0.318,-0.424,-435399.0303627093,-4161.576532382349,-223067.51374333398,489232.81783589994
2017-07-11 17:59:19.870541989,-1.3173,0.4512,-0.3188,-435548.2523671494,-4157.324064786862,-223127.84119944985,489393.09047205054
2017-07-11 17:59:20.270543992,-0.5847,-0.4495,0.0455,-435912.21026907006,-4147.026728245039,-223274.9369597617,489783.9833709717
2017-07-11 17:59:20.470755994,-1.5964,-0.312,-0.0715,-436094.44519876497,-4141.8851346153015,-223348.56529879296,489979.6954637163
2017-07-11 17:59:20.670728027,-0.6829,0.8498,-0.2118,-436276.48901468137,-4136.715721074452,-223422.11385840547,490175.201580917
2017-07-11 17:59:20.707759850,-1.8779,1.1018,-0.5325,-436310.20337588456,-4135.7569122144605,-223435.73467942528,490211.40907457186
2017-07-11 17:59:20.870657026,-2.3657,0.9815,-0.7082,-436458.5703332349,-4131.513217972932,-223495.6693252842,490370.74466770387
2017-07-11 17:59:21.270532011,-3.3693,-0.3595,-0.4723,-436823.3157348054,-4121.153411725872,-223642.87057409072,490762.39325524116
2017-07-11 17:59:21.469887971,0.1468,0.6909,-0.3293,-437005.152157301,-4115.961116421452,-223716.2702131163,490957.6496053461
2017-07-11 17:59:21.670575022,-3.9158,-0.0907,-0.5257,-437188.3604036034,-4110.737805358074,-223790.1811110332,491154.3604605425
2017-07-11 17:59:21.705299970,-0.1996,-0.4199,0.2158,-437220.061228824,-4109.8345204109055,-223802.969678367,491188.3975803763
2017-07-11 17:59:21.870123982,0.3474,-0.4539,0.2215,-437370.5216260421,-4105.559356260032,-223863.66534935814,491349.94603511796
2017-07-11 17:59:22.462045013,0.4187,0.8427,-0.0535,-437910.7129043723,-4089.9109988321507,-224081.65624347067,491929.98334438907
2017-07-11 17:59:22.662042021,-0.0536,-0.6316,0.1139,-438093.23371846124,-4084.649028641751,-224155.30598321478,492125.96658580634
2017-07-11 17:59:22.702369800,-2.975,-0.5084,-1.1023,-438130.04240264517,-4083.588821740021,-224170.1586502262,492165.4902394887
2017-07-11 17:59:22.862119019,-2.248,0.6894,-0.1458,-438275.9089056477,-4079.3714626430587,-224228.9977944867,492322.107009752
2017-07-11 17:59:23.261717021,-1.0413,-0.4085,-0.0058,-438640.9468416793,-4068.887354823485,-224376.17943695426,492714.02049180155
2017-07-11 17:59:23.462181985,-0.3607,-0.5671,0.0208,-438824.08867066016,-4063.650617879089,-224450.01471265103,492910.6441927267
2017-07-11 17:59:23.621240130,0.0524,0.3379,-0.2464,-438969.40051594854,-4059.4870006455267,-224508.60525840556,493066.65660853015
2017-07-11 17:59:23.662110984,-0.8358,0.863,-0.0787,-439006.74057974166,-4058.4156950118113,-224523.6605487304,493106.7462108013
2017-07-11 17:59:23.862410008,-0.5899,0.5858,-0.3249,-439189.7596477659,-4053.1419607134985,-224597.45623465365,493303.243741913
2017-07-11 17:59:24.261367022,-0.7574,-0.8278,0.0028,-439554.4188759795,-4042.769457596696,-224744.442558638,493694.7392866165
2017-07-11 17:59:24.462131023,-0.5653,0.9138,-0.1951,-439737.946257021,-4037.512952625253,-224818.4171943821,493891.77316389116
2017-07-11 17:59:24.622820250,-0.4598,-0.2159,0.0002,-439884.85136161296,-4033.3112804864027,-224877.6256477868,494049.4879810116
2017-07-11 17:59:24.662057995,-1.5531,0.7498,-0.4057,-439920.7256350378,-4032.284144806641,-224892.0840318924,494088.0018973244
2017-07-11 17:59:24.862075984,-0.422,-0.2979,0.1294,-440103.6149035103,-4027.06014500711,-224965.78178852657,494284.3433088608
2017-07-11 17:59:25.262278974,-0.1722,0.9403,-0.2194,-440469.5737302034,-4016.4571827111686,-225113.27397794652,494677.23156765325
2017-07-11 17:59:25.462258994,-3.3867,1.2545,-0.5395,-440652.57750373427,-4011.1087499425394,-225186.99687952982,494873.6875382543
2017-07-11 17:59:25.622749920,-2.2986,-0.2855,-0.3056,-440799.50360693026,-4006.8238002228027,-225246.16994528758,495031.40717746736
2017-07-11 17:59:25.662518024,0.6525,-0.5935,0.3089,-440835.9094467021,-4005.762969619479,-225260.8319719062,495070.48752207507
2017-07-11 17:59:25.862393021,-2.5583,-0.0529,-0.8982,-441018.98786500766,-4000.4333348572827,-225334.5593874598,495267.0136185965
2017-07-11 17:59:26.262528002,-2.3367,-0.1444,-0.2779,-441385.8714604464,-3989.7869193118704,-225482.20072182157,495660.8001112404
2017-07-11 17:59:26.461736023,0.1962,-0.6536,0.2284,-441568.5174249749,-3984.5125168508976,-225555.69519916983,495856.8377643572
2017-07-11 17:59:26.624759790,0.0721,0.523,-0.2018,-441717.9855603249,-3980.1822601011277,-225615.84546260248,496017.268189425
2017-07-11 17:59:26.662276983,-1.5609,0.6919,-0.4712,-441752.3853484809,-3979.1847500676377,-225629.68870280255,496054.1908869146
2017-07-11 17:59:26.862491011,0.0275,0.2658,-0.2997,-441935.96195006126,-3973.8507892153657,-225703.5764694129,496251.2371630977
2017-07-11 17:59:27.262278020,-0.315,-0.7413,0.1306,-442302.5777224178,-3963.3184275540852,-225851.09455439317,496644.73727632617
2017-07-11 17:59:27.462282001,-0.7474,0.6466,-0.3267,-442486.0168157999,-3958.023471197883,-225924.90743031423,496841.62952062197
2017-07-11 17:59:27.624880190,-0.9471,-0.2218,-0.0279,-442635.17320881085,-3953.724669296837,-225984.9161732281,497001.72116218624
2017-07-11 17:59:27.662303984,-1.1964,0.4481,-0.4134,-442669.50489854696,-3952.734624318476,-225998.728436381,497038.5698645489
2017-07-11 17:59:27.862484991,-0.7939,-0.4376,0.0847,-442853.17795974185,-3947.4563794563614,-226072.60725597586,497235.70204926474
2017-07-11 17:59:28.262277007,-0.0242,0.5772,-0.2861,-443220.0049570454,-3936.8226630888485,-226220.20026006387,497629.4307740524
2017-07-11 17:59:28.462289988,-2.6365,0.7582,-0.0202,-443403.63125732954,-3931.472361706093,-226294.04075365758,497826.5054893469
2017-07-11 17:59:28.622869720,-2.7461,-0.285,-0.1738,-443551.12580975407,-3927.184239660173,-226353.3278208623,497984.7919351868
2017-07-11 17:59:28.662283003,0.3228,-0.5649,-0.0406,-443587.32691647037,-3926.132624653859,-226367.8795208581,498023.6420061358
2017-07-11 17:59:28.862390995,-2.894,-0.192,0.4561,-443771.2420240563,-3920.8010833487724,-226441.7427317376,498220.98588888766
2017-07-11 17:59:29.262310981,-2.9109,0.8269,0.1231,-444139.26575129037,-3910.013636033659,-226589.340207557,498615.7886433454
2017-07-11 17:59:29.462279975,0.2528,-0.5131,0.156,-444323.2757891533,-3904.640187219824,-226663.13602937802,498813.1883357415
2017-07-11 17:59:29.622839920,0.0507,0.4332,-0.3103,-444471.02059500635,-3900.314547439525,-226722.3964801272,498971.68824295787
2017-07-11 17:59:29.662437975,-2.2418,0.5031,-0.1892,-444507.4616347772,-3899.2469487812264,-226737.01187016664,499010.7815744792
2017-07-11 17:59:29.862326979,0.3733,0.4749,-0.2268,-444691.3992681401,-3893.83878915201,-226810.79869108458,499208.1138828374
2017-07-11 17:59:30.262359976,0.2174,-0.635,0.2948,-445059.4743857136,-3883.1171877218953,-226958.41928351478,499602.98079900694
2017-07-11 17:59:30.462557017,-1.5703,0.6138,-0.5066,-445243.74099962786,-3877.7269477428554,-227032.31650765898,499800.658667492
2017-07-11 17:59:30.626099700,-2.5039,-0.3295,-0.4179,-445394.33694969135,-3873.332427263882,-227092.69496227027,499962.2087679968
2017-07-11 17:59:30.662284970,-0.0959,0.2913,-0.2619,-445427.6577657002,-3872.359719187442,-227106.05457411645,499997.9534924659
2017-07-11 17:59:30.862285017,-0.8425,-0.2847,0.0618,-445611.85935413715,-3866.9948405239165,-227179.89217563526,500195.5480160546
2017-07-11 17:59:31.262283980,-0.4343,0.8944,-0.3124,-445980.33097699104,-3856.122010277241,-227327.6169448622,500590.8216509114
2017-07-11 17:59:31.462270021,-0.545,0.5899,-0.3163,-446164.5762042358,-3850.662367789188,-227401.48701595986,500788.47127030167
2017-07-11 17:59:31.622789850,-0.5551,-0.6089,-0.0277,-446312.47589080135,-3846.295846832086,-227460.77992389788,500947.12947686046
2017-07-11 17:59:31.662428975,-0.7863,-0.3067,-0.1121,-446348.9998051308,-3845.218050302393,-227475.42202311824,500986.3101457871
2017-07-11 17:59:31.863189995,-1.1164,-0.6608,-0.3107,-446534.0281556956,-3839.785947534977,-227549.59266047846,501184.79563632427
2017-07-11 17:59:32.468910992,-1.4442,0.7757,-0.3879,-447092.8116038921,-3823.112014334596,-227773.51702915924,501784.1900988713
2017-07-11 17:59:32.622979990,-0.5269,0.5838,-0.2101,-447234.9542442144,-3818.8570352926954,-227830.47860739668,501936.66428081936
2017-07-11 17:59:32.668909013,-2.2245,0.0728,-0.7482,-447277.33263087494,-3817.5884433425886,-227847.4608221153,501982.12285897037
2017-07-11 17:59:32.868848979,0.1709,0.5469,-0.1158,-447461.80900011334,-3812.044097851453,-227921.39307294894,502180.01116548985
2017-07-11 17:59:33.267903983,0.0764,-0.5839,0.3177,-447829.9884452009,-3801.071265259747,-228068.90194703112,502574.94041079766
2017-07-11 17:59:33.468656003,-1.6229,0.4078,-0.3777,-448015.2733478202,-3795.5347434397054,-228143.12424343132,502773.683058754
2017-07-11 17:59:33.668664991,0.0112,0.3873,-0.215,-448199.87201795855,-3790.0032202396005,-228217.08042585274,502971.69423281064
2017-07-11 17:59:33.688809750,-1.7942,-0.2855,-0.1605,-448218.4653891201,-3789.4462051273517,-228224.529303593,502991.63849329145
2017-07-11 17:59:33.868795990,-1.1294,-0.3738,-0.0732,-448384.6271188236,-3784.481582945327,-228291.08474197326,503169.8674503521
2017-07-11 17:59:34.268660008,-1.4165,0.583,-0.4452,-448754.00458472467,-3773.3587800195273,-228439.0179232811,503566.0629719431
2017-07-11 17:59:34.468712985,-0.1645,0.3832,-0.2727,-448938.81164628314,-3767.7786775332615,-228513.04018088125,503764.2923940211
2017-07-11 17:59:34.668639004,-1.0155,-0.3328,-0.0845,-449123.54201518785,-3762.2154184556985,-228587.01883983568,503962.4345516305
2017-07-11 17:59:34.686579940,-0.2269,-0.5667,0.2164,-449140.11939888075,-3761.7163658186496,-228593.65745779354,503980.2154783348
2017-07-11 17:59:34.868843972,-0.2469,-0.4661,0.1079,-449308.53914824873,-3756.661916613367,-228661.09635659962,504160.8600905977
2017-07-11 17:59:35.268700003,-0.4514,0.5583,-0.3535,-449678.0953692344,-3745.484058100525,-228809.10225523912,504557.2548091844
2017-07-11 17:59:35.468662023,-0.3751,-0.1649,-0.0275,-449862.9199057771,-3739.9007717533195,-228883.11889083782,504755.50088843174
2017-07-11 17:59:35.669073998,-0.8591,-0.6636,-0.0864,-450048.1948406364,-3734.3315753495312,-228957.3055490937,504954.2263175259
2017-07-11 17:59:35.692489740,-1.198,0.642,-0.4046,-450069.84265742125,-3733.6805293604493,-228965.9735945493,504977.44573799643
2017-07-11 17:59:35.868003010,0.0289,0.8096,-0.3069,-450232.10351023276,-3728.7756584853146,-229030.95459645218,505151.49110194895
2017-07-11 17:59:36.268715023,0.095,-0.5851,0.2627,-450602.5438516012,-3717.671362584272,-229179.26967609779,505548.8218314468
2017-07-11 17:59:36.468710005,-3.3934,-0.6145,-1.0913,-450787.5660004644,-3712.153797899198,-229253.33724014435,505747.2712553036
2017-07-11 17:59:36.668660998,0.2391,0.7368,-0.2127,-450972.5378942964,-3706.6079892469106,-229327.3970168228,505945.6728741931
2017-07-11 17:59:36.686540000,-3.8334,0.6942,-0.2982,-450989.07873676,-3706.11187820971,-229334.01930929188,505963.41450508055
2017-07-11 17:59:36.868691980,-3.2853,0.281,-0.5442,-451157.7064985392,-3701.0481559317695,-229401.50554326607,506144.27255081304
2017-07-11 17:59:37.269231021,-2.8081,-0.2735,-1.0365,-451528.9572687457,-3689.9572745887485,-229550.06918222806,506542.44570268225
2017-07-11 17:59:37.468675017,0.3492,0.3483,-0.1474,-451713.80360301957,-3684.420837953314,-229624.0506702919,506740.70289315743
2017-07-11 17:59:37.668711006,-2.7272,-0.08,-0.3923,-451899.3077285333,-3678.871169125941,-229698.26744909215,506939.6536943242
2017-07-11 17:59:37.690010190,0.2785,-0.5625,0.2589,-451919.05948044895,-3678.2805135509825,-229706.16969378802,506960.83720995777
2017-07-11 17:59:37.869009017,-0.0358,-0.5589,0.2912,-452085.05480005307,-3673.3345381388344,-229772.57100781117,507138.86120838317
2017-07-11 17:59:38.268616974,-0.746,0.4349,-0.5676,-452455.7520559546,-3662.223391690958,-229920.90001080977,507536.4417561274
2017-07-11 17:59:38.468750000,-1.5804,-0.1514,-0.301,-452641.46922570997,-3656.6647333211477,-229995.19870625806,507735.6224332821
2017-07-11 17:59:38.668708026,-0.3897,-0.593,-0.0095,-452827.0395824131,-3651.1346455892963,-230069.4328134006,507934.64390239463
2017-07-11 17:59:38.686860080,-1.2812,0.5786,-0.4492,-452843.88595570286,-3650.632437328192,-230076.1718833157,507952.711414296
2017-07-11 17:59:38.869404971,-1.1009,0.5887,-0.4236,-453013.3370427289,-3645.562397222031,-230143.95699500878,508134.44540308585
2017-07-11 17:59:39.268653988,-0.9602,-0.3669,0.057,-453384.1012919167,-3634.532055027555,-230292.20261557036,508532.05573795334
2017-07-11 17:59:39.468990027,-0.265,-0.6884,0.1292,-453570.1548178992,-3629.024854570508,-230366.58443969418,508731.577936085
2017-07-11 17:59:39.668182015,-0.8366,0.7722,-0.3262,-453755.1790496103,-3623.51846493729,-230440.5544372955,508929.9966889138
2017-07-11 17:59:39.690979950,0.0581,0.4355,-0.2838,-453776.3554254037,-3622.8880209060144,-230449.02060401128,508952.70620964613
2017-07-11 17:59:39.867959022,-0.775,0.5414,-0.3123,-453940.7706997979,-3617.976962259219,-230514.75275615888,509129.0251979934
2017-07-11 17:59:40.268794000,-1.6398,-0.5545,-0.2958,-454313.41374652786,-3606.9431329001427,-230663.67520519934,509528.6243264037
2017-07-11 17:59:40.468783974,-0.3473,0.6249,-0.3141,-454499.3517139176,-3601.4129929799556,-230737.99015756702,509728.0166773952
2017-07-11 17:59:40.668817996,-2.5167,1.255,-0.0299,-454685.4313365905,-3595.831417960196,-230812.32267428728,509927.5436487296
2017-07-11 17:59:40.686590070,-0.1372,-0.5732,0.1756,-454701.96367173665,-3595.3357025389846,-230818.9267103414,509945.2707236937
2017-07-11 17:59:40.869023978,-0.2595,-0.3101,0.1574,-454871.6800481923,-3590.2574049961104,-230886.7132278299,510127.2484422385
2017-07-11 17:59:41.268737971,-0.1113,0.7451,-0.2432,-455243.5476214585,-3579.011773298574,-231035.2728272719,510525.99764029303
2017-07-11 17:59:41.468653023,-3.8349,0.0009,0.2854,-455429.68868482596,-3573.3872881355833,-231109.56279787113,510725.5627525331
2017-07-11 17:59:41.668654024,0.3178,-0.5025,0.0502,-455615.8970632482,-3567.7804850523444,-231183.8826997596,510925.2022894096
2017-07-11 17:59:41.697619910,-2.7617,-0.1035,-0.4193,-455642.8676987085,-3566.968545860701,-231194.64670671782,510954.11811155215
2017-07-11 17:59:41.868852019,-3.1767,-0.3616,-0.6225,-455802.39800750144,-3562.179361920687,-231258.29648761023,511125.14597263426
2017-07-11 17:59:42.468945026,-3.3801,1.6723,-0.1214,-456362.69858002843,-3544.7931701903676,-231481.40460957447,511725.62852947554
2017-07-11 17:59:42.668884992,-2.3872,-0.2156,-0.9109,-456549.4758685472,-3539.009029320098,-231555.77655136283,511925.80141565384
2017-07-11 17:59:42.687710040,0.1012,0.7474,-0.1313,-456567.0615685024,-3538.4641673353426,-231562.77897666738,511944.64841949183
2017-07-11 17:59:42.868891000,-0.4971,1.2056,-0.1231,-456736.33078835596,-3533.180588165528,-231630.1775941917,512126.0571376894
2017-07-11 17:59:43.269089996,0.1308,-0.324,0.2979,-457110.19775710534,-3521.561920781912,-231779.00236397516,512526.72147776006
2017-07-11 17:59:43.468887984,-2.4833,0.1059,-1.1157,-457296.9487014732,-3515.7571131492355,-231853.34716214854,512726.8614282348
2017-07-11 17:59:43.668896019,0.1537,0.5169,-0.1005,-457483.88982803083,-3509.925525279097,-231927.77413909876,512927.20872117486
2017-07-11 17:59:43.696690080,-2.4851,0.0366,-1.2072,-457509.8699694947,-3509.115112017507,-231938.1177958407,512955.0521196283
2017-07-11 17:59:43.868884027,-1.9506,-0.2404,-0.6521,-457670.8838861301,-3504.1014459328176,-232002.21970905637,513127.6124259776
2017-07-11 17:59:44.268396973,-1.3855,0.5301,-0.3403,-458044.678809559,-3492.3844616849274,-232150.99902120492,513528.1987208918
2017-07-11 17:59:44.468464970,0.0633,0.2485,-0.2137,-458231.86520768,-3486.5068863715933,-232225.51324316903,513728.8068845579
2017-07-11 17:59:44.668878972,-0.4955,-0.1951,-0.0263,-458419.3952350271,-3480.626982504096,-232300.1573891467,513929.7810157159
2017-07-11 17:59:44.688859820,0.0181,-0.606,0.2944,-458438.09157104284,-3480.0410105814676,-232307.59913355784,513949.8176903393
2017-07-11 17:59:44.868891000,-0.2723,-0.7182,0.284,-458606.5578832378,-3474.7845716332336,-232374.64143867532,514130.35608207743
2017-07-11 17:59:45.269026994,-1.1176,0.9287,-0.1317,-458981.16882360243,-3462.9529555228937,-232523.6702657665,514531.78969983506
2017-07-11 17:59:45.468890011,-0.8388,-0.2313,0.0861,-459168.3158957081,-3457.0524478494062,-232598.1048961615,514732.3303770744
2017-07-11 17:59:45.668942987,-0.8375,-0.7814,0.0491,-459355.6743587444,-3451.177604622523,-232672.60830761076,514933.0916236617
2017-07-11 17:59:45.692780010,-1.5298,0.6315,-0.5323,-459377.99965465144,-3450.477237354543,-232681.48595629557,514957.0139989398
2017-07-11 17:59:45.868884027,-0.2072,0.9108,-0.2785,-459542.9417056057,-3445.2747925300478,-232747.0812059901,515133.7583577158
2017-07-11 17:59:46.268905997,-0.2662,-0.4853,0.0739,-459917.65175895346,-3433.535045556218,-232896.06962186942,515535.2701878832
2017-07-11 17:59:46.467941999,-2.0876,-0.2119,0.1173,-460104.176196923,-3427.702180120459,-232970.19604994424,515735.12033177866
2017-07-11 17:59:46.668452024,-0.3185,0.8525,-0.154,-460292.0948046749,-3421.791843445794,-233044.87763578823,515936.4652661946
2017-07-11 17:59:46.688819880,-3.1316,1.2971,-0.3986,-460311.1849206608,-3421.1909319401543,-233052.46397438884,515956.9192044907
2017-07-11 17:59:46.868969976,-2.5941,1.2379,-0.5865,-460480.11782053753,-3415.8358007204743,-233119.5828363427,516137.9144608774
2017-07-11 17:59:47.269693970,-2.0169,0.1237,-0.6481,-460856.21427374816,-3403.9040389952997,-233268.9854043244,516540.8564179609
2017-07-11 17:59:47.468993008,0.3799,0.4328,-0.1962,-461043.24977860955,-3397.9526174180855,-233343.29817669507,516741.2496137594
2017-07-11 17:59:47.668901979,-2.6071,-0.0839,-0.1745,-461230.9618743563,-3391.98633510907,-233417.84534885973,516942.3529661172
2017-07-11 17:59:47.684009790,-0.0351,-0.3854,0.218,-461245.14793340274,-3391.5355305260846,-233423.4790862304,516957.5510562557
2017-07-11 17:59:47.868880987,0.3585,-0.5091,0.244,-461418.7275874578,-3386.0365266276713,-233492.40964030585,517143.5127422799
2017-07-11 17:59:48.269032001,0.1626,0.4783,-0.0419,-461794.41218552185,-3374.0574269655576,-233641.61552996846,517546.0055847651
2017-07-11 17:59:48.468886971,-1.8457,-0.2303,0.2471,-461982.12115280406,-3368.083677873415,-233716.12637262675,517747.09268051997
2017-07-11 17:59:48.668886005,0.3241,-0.5426,0.2157,-462169.9524648539,-3362.1273264380734,-233790.68229796682,517948.31015350687
2017-07-11 17:59:48.689389700,-1.9258,0.0159,-0.7191,-462189.2095471395,-3361.5166807385876,-233798.32599696322,517968.939662589
2017-07-11 17:59:48.868897974,-1.8346,0.2974,-0.4871,-462357.86293934844,-3356.1609413824326,-233865.2616901832,518149.60953717184
2017-07-11 17:59:49.269133985,-0.6834,-0.2277,0.032,-462734.00611512864,-3344.2561297369775,-234014.49801274197,518552.53325441654
2017-07-11 17:59:49.469106018,-1.1984,-0.693,-0.0775,-462921.98844015726,-3338.335778038308,-234089.06484427126,518753.8936208782
2017-07-11 17:59:49.669000983,-0.0061,0.8878,-0.2552,-463109.8985616899,-3332.382233297254,-234163.61313548,518955.1817197996
2017-07-11 17:59:49.685060020,0.1607,0.3904,-0.1313,-463124.9947263684,-3331.9038404524804,-234169.60218345583,518971.35268746654
2017-07-11 17:59:49.868873000,-2.4973,1.3934,-0.2812,-463297.8709720824,-3326.381039836972,-234238.16279092763,519156.5264597524
2017-07-11 17:59:50.268877983,-3.2705,-0.2618,-0.6553,-463674.5992519928,-3314.4044753072144,-234387.46594421816,519560.0094890619
2017-07-11 17:59:50.468904018,-0.2837,0.8028,-0.2452,-463862.99691638205,-3308.383367764596,-234462.1361191046,519761.7902292252
2017-07-11 17:59:50.668942987,-2.8017,0.8028,0.3873,-464051.5188745385,-3302.3297463726904,-234536.79562424507,519963.6776287444
2017-07-11 17:59:50.690069790,-0.0709,-0.5581,0.1166,-464071.42935808783,-3301.6906517160696,-234544.68061912555,519984.99970128556
2017-07-11 17:59:50.869246006,0.2628,-0.6216,0.1939,-464240.2815433936,-3296.290451909447,-234611.54696098354,520165.8221237325
2017-07-11 17:59:51.268900990,0.197,0.4784,-0.1936,-464616.87717102334,-3284.1688208635296,-234760.7241675025,520569.1365502261
2017-07-11 17:59:51.469066023,-3.8904,0.6755,-0.6112,-464805.648923268,-3278.0707030311696,-234835.46325135793,520771.2855169669
2017-07-11 17:59:51.668928027,0.0403,-0.7479,0.3737,-464994.1332849761,-3272.0116918450585,-234910.07426064974,520973.12122517574
2017-07-11 17:59:51.700889820,-2.932,-0.0764,0.3112,-465024.2785685183,-3271.04281702728,-234922.0056835765,521005.40125192184
2017-07-11 17:59:51.868882000,-2.2075,0.4543,-0.4274,-465182.7854168819,-3265.9375598234537,-234984.72967610077,521175.12735864863
2017-07-11 17:59:52.466911017,-2.2404,0.0206,-0.2885,-465747.8492137783,-3247.7561801571246,-235208.12162694935,521780.0949123528
2017-07-11 17:59:52.666923999,-2.0558,0.5755,-0.2123,-465936.91910057276,-3241.6523285456074,-235282.8443713237,521982.5071266406
2017-07-11 17:59:52.688819880,0.2281,0.3408,-0.1385,-465957.6169064229,-3240.983962486396,-235291.02450835038,522004.6656346541
2017-07-11 17:59:52.866286993,-0.1159,0.4015,-0.1857,-466125.3772159745,-3235.5541800558713,-235357.33074015114,522184.26750402537
2017-07-11 17:59:53.266478002,-0.5505,-0.6728,0.091,-466503.7674013442,-3223.417689841905,-235506.83771622856,522589.3474156823
2017-07-11 17:59:53.466229975,-0.5549,0.8782,-0.2802,-466692.65981774876,-3217.324821999621,-235581.4740448813,522791.56536801
2017-07-11 17:59:53.666383028,-2.4212,1.2501,0.1417,-466882.02850564313,-3211.169639786685,-235656.2545583977,522994.27383528015
2017-07-11 17:59:53.669850110,-1.0224,-0.3665,0.0546,-466885.3087915003,-3211.0630231783,-235657.54991730984,522997.78519999754
2017-07-11 17:59:53.866264998,0.1728,-0.4743,0.142,-467071.1347587626,-3205.0413459363317,-235730.9282747623,523196.7008307186
2017-07-11 17:59:54.266165018,-0.1682,1.0111,-0.1932,-467449.5026719938,-3192.6195371477174,-235880.3572485732,523601.73157039675
2017-07-11 17:59:54.466232001,-2.2509,0.8165,0.2887,-467638.88739966624,-3186.37231742432,-235955.10388855555,523804.44158865436
2017-07-11 17:59:54.662379860,-3.2261,-0.2666,-0.1717,-467824.68637958734,-3180.2577320224914,-236028.39291815538,524003.29530350136
2017-07-11 17:59:54.666769981,-0.1109,-0.7558,0.0706,-467828.84487729886,-3180.120891820935,-236030.03324929465,524007.74599597044
2017-07-11 17:59:54.866185009,-2.1698,0.1064,-0.518,-468017.825030539,-3173.900888353719,-236104.56356680611,524209.9990750246
2017-07-11 17:59:55.266191005,-1.7017,-0.1753,0.2259,-468397.1720232709,-3161.4522512247427,-236254.02755813333,524615.9272050112
2017-07-11 17:59:55.466198027,0.2234,-0.6215,0.2521,-468586.8403991829,-3155.252669174542,-236328.75097267402,524818.8841409957
2017-07-11 17:59:55.666288018,-1.3061,0.5794,-0.3791,-468776.63974633534,-3149.0273184880143,-236403.52056241062,525021.9794248809
2017-07-11 17:59:55.666570060,0.3923,0.2628,-0.3433,-468776.90728286206,-3149.0185433637193,-236403.62595583877,525022.2657035982
2017-07-11 17:59:55.866262018,-0.2205,0.2985,-0.3168,-468966.3378386394,-3142.7936585306365,-236478.25946100987,525224.9712032679
2017-07-11 17:59:56.265742003,-0.3184,-0.7306,0.1183,-469345.3408942053,-3130.4574864188903,-236627.5434976668,525630.5195904366
2017-07-11 17:59:56.466166973,-0.9978,0.9282,-0.3005,-469535.53237004677,-3124.2309619126486,-236702.45356042136,525834.0313241908
2017-07-11 17:59:56.666630029,-0.6763,0.4629,-0.2824,-469725.78716466686,-3117.9846523647693,-236777.38920641952,526037.6117685565
2017-07-11 17:59:56.669289820,-0.6698,-0.3499,-0.1536,-469728.31151479116,-3117.9017773351693,-236778.38347129113,526040.3129317254
2017-07-11 17:59:56.866167008,-0.3386,-0.4222,-0.0777,-469915.1765211102,-3111.7837492632307,-236851.98176624905,526240.2660283303
2017-07-11 17:59:57.266647994,-0.3261,1.0131,-0.3563,-470295.3433638153,-3099.176175276661,-237001.75009956936,526647.0776838252
2017-07-11 17:59:57.466449022,-2.7588,1.0138,-0.5266,-470485.1197442901,-3092.8457517632182,-237076.49094110916,526850.1458219339
2017-07-11 17:59:57.661690230,-1.8815,-0.2357,-0.2699,-470670.63680645265,-3086.6687846163804,-237149.53635012815,527048.6490515447
2017-07-11 17:59:57.666442990,-0.3436,-0.4633,0.001,-470675.15285916894,-3086.5184290669117,-237151.3144957221,527053.4812351246
2017-07-11 17:59:57.866200983,-2.028,0.1016,-0.3356,-470865.0429942287,-3080.1949472796946,-237226.06315583663,527256.6560559355
2017-07-11 17:59:58.266176998,-3.3739,0.4848,0.196,-471245.80032760964,-3067.4558624611177,-237375.70126087999,527663.9433967153
2017-07-11 17:59:58.466781020,-0.4318,-0.5791,0.0819,-471436.7827860431,-3061.090004349899,-237450.74747950924,527868.2296882881
2017-07-11 17:59:58.662109850,-0.192,1.2028,-0.3812,-471622.75039176625,-3054.8456554394356,-237523.83478618972,528067.1575288601
2017-07-11 17:59:58.666199028,-1.0625,0.7978,-0.2933,-471626.64361179085,-3054.7149176474927,-237525.36486223905,528071.3220775117
2017-07-11 17:59:58.866172015,-0.1812,0.3789,-0.2281,-471817.0409160227,-3048.3062982110105,-237600.1992611087,528274.9917977928
2017-07-11 17:59:59.267010986,-0.1607,-0.6878,0.2362,-472198.71158040233,-3035.5709512025937,-237750.16428775422,528683.2497138962
2017-07-11 17:59:59.466391980,-1.0602,0.7408,-0.3339,-472388.6002281384,-3029.206823508508,-237824.7715459274,528886.3655648082
2017-07-11 17:59:59.661939970,-1.8039,0.0258,0.0746,-472574.9073370411,-3022.9640565509126,-237897.94166270815,529085.6376841592
2017-07-11 17:59:59.666405022,-0.4026,0.3225,-0.1952,-472579.1613950797,-3022.8215056794797,-237899.61239906948,529090.1877887733
2017-07-11 17:59:59.866147994,-1.0345,-0.2259,-0.0049,-472769.50687928667,-3016.4535412871865,-237974.35256315707,529293.7729698928
2017-07-11 18:00:00.267081975,-0.7272,0.6726,-0.4966,-473151.6946535848,-3003.5633287911737,-238124.4545477584,529702.5612548013
2017-07-11 18:00:00.466121971,-1.6808,1.039,-0.5776,-473341.4948553972,-2997.122939094926,-238198.99418344937,529905.5711425018
2017-07-11 18:00:00.661519760,-0.3565,-0.6664,0.1065,-473527.83553927724,-2990.8258446013224,-238272.1657618398,530104.877403126
2017-07-11 18:00:00.666734993,-0.6272,-0.6405,0.1133,-473532.8090521408,-2990.657790442668,-238274.11873290513,530110.1969786786
2017-07-11 18:00:00.867977023,-2.5833,-0.5847,-0.3329,-473724.8283616213,-2984.196704904961,-238349.49219617667,530315.5653631113
2017-07-11 18:00:01.267781019,-4.0223,0.5449,-0.371,-474106.95267867413,-2971.2734815042872,-238499.294629749,530724.1699633137
2017-07-11 18:00:01.466270029,0.3156,-0.5915,0.3839,-474296.65189878043,-2964.8808469334945,-238573.6512896568,530927.0115660985
2017-07-11 18:00:01.663340090,0.1461,0.8674,-0.1932,-474484.9893318992,-2958.5002248567075,-238647.48389536652,531128.4019843622
2017-07-11 18:00:01.666503012,-3.2116,-0.2347,-0.8699,-474488.0121296763,-2958.3978199194685,-238648.66889772934,531131.6342857869
2017-07-11 18:00:01.867193996,0.0846,0.3629,-0.1098,-474679.80866556865,-2951.8854941662294,-238723.8630624751,531336.7267357141
2017-07-11 18:00:02.467585980,-0.133,-0.7179,0.2577,-475253.63974685187,-2932.6618453050332,-238948.72284450618,531950.2934928695
2017-07-11 18:00:02.664240120,-1.6271,-0.5573,-0.2475,-475441.65697597223,-2926.3868277184743,-239022.3836442915,532151.3251049201
2017-07-11 18:00:02.667093992,-1.2888,0.4958,-0.4449,-475444.3855184272,-2926.295759759793,-239023.45262359997,532154.2425199434
2017-07-11 18:00:02.866343975,-0.5647,-0.1839,-0.1454,-475634.90773471637,-2919.9449306780753,-239098.0917745169,532357.9519688098
2017-07-11 18:00:03.267090022,-1.2675,0.7216,-0.3046,-476018.30342018366,-2907.055794580532,-239248.26037746907,532767.872772062
2017-07-11 18:00:03.468468010,-2.5265,1.0257,-0.4974,-476211.06517471734,-2900.5373086979657,-239323.7414329702,532973.9627083045
2017-07-11 18:00:03.667338013,-0.6331,-0.1999,-0.0014,-476401.45129047765,-2894.1079107011647,-239398.28249395272,533177.5091968214
2017-07-11 18:00:03.670710200,-0.2507,-0.6956,0.244,-476404.6796212556,-2893.9988969789806,-239399.54646459292,533180.9606898015
2017-07-11 18:00:03.867102026,-1.219,-0.7653,-0.0008,-476592.7404627601,-2887.679595686406,-239473.15851697698,533382.013762508
2017-07-11 18:00:04.267186999,-3.3563,0.6456,-0.4411,-476976.3909793049,-2874.7027185478837,-239623.18992627584,533792.1080512588
2017-07-11 18:00:04.467180013,0.1691,-0.4815,0.2797,-477168.16203375225,-2868.235143288647,-239698.17589157567,533997.0947086278
2017-07-11 18:00:04.667877972,-3.366,-0.5884,-0.9207,-477360.7446334126,-2861.768471367165,-239773.46325650738,534202.9426330124
2017-07-11 18:00:04.670449730,-0.0309,1.0832,-0.231,-477363.212400822,-2861.6855998064657,-239774.42799571378,534205.5803890261
2017-07-11 18:00:04.867215991,0.1891,0.7104,-0.2667,-477552.01497764117,-2855.3175581261453,-239848.25091450237,534407.3945168696
2017-07-11 18:00:05.266503989,0.0972,-0.7376,0.2946,-477935.12717028876,-2842.512803747584,-239998.0091276954,534816.8939436907
2017-07-11 18:00:05.467239022,-2.0285,0.3654,-0.6947,-478127.8118385548,-2836.0607145930803,-240073.32543356402,535022.849305178
2017-07-11 18:00:05.668011009,-0.1916,0.3897,-0.1862,-478320.5397020809,-2829.591729081797,-240148.66311027802,535228.8535606961
2017-07-11 18:00:05.677059880,-3.6341,0.6256,-0.4388,-478329.2263188966,-2829.3001181808104,-240152.0586443957,535238.1385524898
2017-07-11 18:00:05.867184996,-1.5541,0.473,-0.2235,-478511.7963176796,-2823.1560067082146,-240223.41002333007,535433.278894997
2017-07-11 18:00:06.267450988,-1.4681,0.5062,-0.6447,-478896.39190533897,-2810.139851739603,-240373.72771385164,535844.361770273
2017-07-11 18:00:06.467167973,0.0704,0.286,-0.1605,-479088.2871669538,-2803.6338947724585,-240448.7367303141,536049.4774354186
2017-07-11 18:00:06.667074024,-1.3703,-0.1069,-0.1053,-479280.4188504975,-2797.126050797264,-240523.82096357658,536254.8389138983
2017-07-11 18:00:06.670409790,-0.3198,-0.7934,0.0925,-479283.62489176367,-2797.0174653907634,-240525.07386825577,536258.2657222361
2017-07-11 18:00:06.867672026,-0.1747,-0.6758,0.1889,-479473.2225869818,-2790.622508589814,-240599.15767952838,536460.9150982291
2017-07-11 18:00:07.266954004,-0.3839,0.3871,-0.2934,-479857.0518362127,-2777.6166496717647,-240749.15880678687,536871.1789781323
2017-07-11 18:00:07.467727005,-0.7446,-0.3345,0.0634,-480050.08467717574,-2771.090330679883,-240824.58208585007,537077.5009968382
2017-07-11 18:00:07.668370008,-1.0943,-0.4409,-0.072,-480243.036585703,-2764.5859869799947,-240899.9594278343,537283.7309811907
2017-07-11 18:00:07.679119820,-1.1907,0.7302,-0.5516,-480253.3744709931,-2764.2374206142317,-240903.99796908753,537294.7802992167
2017-07-11 18:00:07.867585003,-0.9848,0.789,-0.4261,-480434.6527541135,-2758.0983473929746,-240974.81661331246,537488.5346826285
2017-07-11 18:00:08.267615973,0.1898,-0.5312,0.2665,-480819.39863706846,-2745.15272601378,-241125.09165665315,537899.7488339539
2017-07-11 18:00:08.467064023,-3.2756,-0.7295,-0.6857,-481011.3561269116,-2738.727297562321,-241200.04329334956,538104.9026304951
2017-07-11 18:00:08.667177975,0.2821,0.6932,-0.2643,-481203.9432129794,-2732.252656772788,-241275.25575692795,538310.7366650527
2017-07-11 18:00:08.675119750,-3.4659,0.8068,0.0344,-481211.5864933963,-2731.995651586968,-241278.24065639538,538318.9056590686
2017-07-11 18:00:08.867174029,-3.5302,0.4339,-0.2242,-481396.55255138746,-2725.7645447516243,-241350.4321237024,538516.5751274626
2017-07-11 18:00:09.267071008,-2.8305,-0.474,-0.87,-481782.1430258037,-2712.865884448912,-241500.88891134976,538928.6337956216
2017-07-11 18:00:09.466979026,-0.0264,0.743,-0.2122,-481974.90029442793,-2706.3881670348565,-241576.11055841635,539134.6271973881
2017-07-11 18:00:09.668380975,-2.2786,-0.3904,-0.2309,-482169.19048211543,-2699.8778767386134,-241651.90370970592,539342.2477029338
2017-07-11 18:00:09.671790240,0.4036,-0.5668,0.3909,-482172.4793569015,-2699.767679304439,-241653.18670634102,539345.7622342402
2017-07-11 18:00:09.867083013,0.2144,-0.5692,0.3023,-482360.86764565675,-2693.4769535310593,-241726.6690151363,539547.0729854099
2017-07-11 18:00:10.267068982,0.1817,0.3943,-0.1527,-482746.68322866777,-2680.52961415203,-241877.19513596786,539959.3715587638
2017-07-11 18:00:10.467176973,-1.9334,-0.0265,-0.0107,-482939.7793718526,-2674.05328290648,-241952.50190506992,540165.7099805728
2017-07-11 18:00:10.667181015,0.1797,-0.5365,0.2162,-483132.768020153,-2667.6017767526055,-242027.76090662833,540371.9318057983
2017-07-11 18:00:10.677739970,-2.1126,0.1632,-0.4428,-483142.95684204326,-2667.261159624887,-242031.73415775236,540382.8192749794
2017-07-11 18:00:10.867027997,-1.9289,0.4029,-0.278,-483325.67868789146,-2661.1405565937753,-242102.97170360092,540578.0630546225
2017-07-11 18:00:11.267181992,-0.7002,-0.3832,0.0866,-483712.0639252295,-2648.2629899136914,-242253.55367237242,540990.9041292303
2017-07-11 18:00:11.467028021,-0.3458,-0.7228,-0.0377,-483905.04733342305,-2641.860506993758,-242328.75924667003,541197.1007126067
2017-07-11 18:00:11.667666018,-1.5215,0.6371,-0.3462,-484098.8567627037,-2635.4070048863546,-242404.27678894074,541404.1760963869
2017-07-11 18:00:11.671619770,0.0857,0.454,-0.1225,-484102.67595030175,-2635.279825731991,-242405.7649318771,541408.2567104156
2017-07-11 18:00:11.867855012,0.0213,0.3854,-0.029,-484292.23158241605,-2628.952744490516,-242479.62654599856,541610.7885312997
2017-07-11 18:00:12.469066977,-0.2797,-0.526,0.0632,-484873.08011973026,-2609.7583962581493,-242705.8958078907,542231.3772953313
2017-07-11 18:00:12.669062018,-0.063,0.5733,-0.2074,-485066.3037226803,-2603.3504054078785,-242781.1732813127,542437.8255066359
2017-07-11 18:00:12.674290060,-1.7996,-0.2041,-0.1247,-485071.3548026661,-2603.1829006065022,-242783.1411024766,542443.2222960234
2017-07-11 18:00:12.869063019,-1.3825,-0.1949,-0.1207,-485259.58741274173,-2596.9498308294214,-242856.45770738326,542644.3313760739
2017-07-11 18:00:13.269060015,-1.5441,0.0619,-0.7629,-485646.39982279955,-2584.139334947892,-243007.14698314128,543057.6184180045
2017-07-11 18:00:13.469132006,-0.1344,0.3786,-0.2245,-485839.88247824425,-2577.7165783807372,-243082.52829421154,543264.3478005333
2017-07-11 18:00:13.669525027,-3.9437,0.3987,-0.2846,-486033.83395921474,-2571.2675052949203,-243158.04198884044,543471.55634267
2017-07-11 18:00:13.689499970,0.06,-0.5341,0.2059,-486053.1667930651,-2570.624882303904,-243165.5690238408,543492.2106346521
2017-07-11 18:00:13.868968009,-0.2494,-0.3092,0.2089,-486226.87373358227,-2564.861093216828,-243233.19013351403,543677.7869618058
2017-07-11 18:00:14.269317984,-0.6327,0.3176,-0.4099,-486614.47349449224,-2551.9525628552683,-243384.10224329904,544091.8851636932
2017-07-11 18:00:14.469051003,-0.6458,0.5576,-0.2504,-486807.8712451939,-2545.4903036234427,-243459.4016872364,544298.505690646
2017-07-11 18:00:14.669058978,-0.8104,-0.1722,-0.0582,-487001.56764923857,-2539.0260368808044,-243534.80711790323,544505.4415008046
2017-07-11 18:00:14.690559740,-3.1551,-0.3881,-0.6676,-487022.391378917,-2538.331310698417,-243542.91347438592,544527.6884914798
2017-07-11 18:00:14.869121015,-0.2982,-0.5365,0.0536,-487195.33948873705,-2532.5787980938776,-243610.2340932822,544712.4552733287
2017-07-11 18:00:15.268197000,-0.1034,0.2015,-0.1722,-487581.88678330346,-2519.6901138974413,-243760.71991006343,545125.4293541154
2017-07-11 18:00:15.469056010,-1.0327,-0.2595,-0.1169,-487776.48163933755,-2513.2135771570697,-243836.46567141576,545333.3240084114
2017-07-11 18:00:15.669116973,-0.0353,-0.5863,0.131,-487970.30474978144,-2506.7862390976343,-243911.90523878377,545540.392466091
2017-07-11 18:00:15.690649740,-1.2768,0.5361,-0.5283,-487991.1667223029,-2506.094209530384,-243920.02512188145,545562.6801410088
2017-07-11 18:00:15.869062006,-1.4968,0.5012,-0.3824,-488164.0686865369,-2500.3443637352225,-243987.31553760867,545747.3956161218
2017-07-11 18:00:16.269074976,-1.7219,-0.0459,-0.3027,-488552.00269054004,-2487.46014562372,-244138.23386331848,546161.8112105733
2017-07-11 18:00:16.469308972,0.2982,-0.5621,0.2018,-488746.17837759294,-2481.0332451946506,-244213.77077143895,546369.2416663575
2017-07-11 18:00:16.669067978,-2.0743,-0.4436,-1.0128,-488939.9762181754,-2474.6392917593444,-244289.1689072517,546576.2730207469
2017-07-11 18:00:16.691609970,-0.0748,0.2086,-0.1797,-488961.84555489337,-2473.917654101108,-244297.6773717707,546599.6357904462
2017-07-11 18:00:16.869123995,0.3424,0.4369,-0.1226,-489134.05175429705,-2468.2211235247823,-244364.68382218955,546783.6056435934
2017-07-11 18:00:17.269057989,0.1953,-0.4277,0.2376,-489521.9961321643,-2455.4554133543943,-244515.60942479235,547198.0420386053
2017-07-11 18:00:17.469054996,-2.0823,-0.1334,-1.2338,-489716.08072093566,-2449.076936204021,-244591.1329016788,547405.389075263
2017-07-11 18:00:17.669164001,0.5497,0.508,0.1047,-489910.2519847878,-2442.674544960922,-244666.6944790236,547612.8313380018
2017-07-11 18:00:17.690619940,-2.0078,0.0193,-0.4133,-489931.0721960252,-2441.9880636408343,-244674.79647657304,547635.0745155959
2017-07-11 18:00:17.869174003,-2.5911,-0.4771,-0.1729,-490104.4184078806,-2436.2904491361955,-244742.2259585865,547820.2566729741
2017-07-11 18:00:18.269221007,-3.6389,-1.2863,-1.2866,-490493.3796806466,-2423.7309078787025,-244893.5063432,548235.76993035
2017-07-11 18:00:18.469053983,0.112,0.7982,0.0547,-490687.6705981888,-2417.425244150108,-244969.07230250974,548443.3246987695
2017-07-11 18:00:18.669287025,-2.5761,0.5274,-0.2584,-490882.45377079514,-2411.085811279491,-245044.79990511574,548651.3927033853
2017-07-11 18:00:18.690410130,0.2847,-0.5188,0.0886,-490903.0018278525,-2410.417279479392,-245052.78856757446,548673.3422536602
2017-07-11 18:00:18.869114995,-0.0333,-0.6957,-0.0108,-491076.8427582371,-2404.783610425129,-245120.37428149453,548859.0405245333
2017-07-11 18:00:19.269065022,-0.309,0.7729,-0.0005,-491465.95649479976,-2392.0515567830766,-245271.63441870437,549274.6880700232
2017-07-11 18:00:19.469227015,-2.687,0.6184,-0.4342,-491660.80293071835,-2385.6548015490353,-245347.35259865233,549482.8113002974
2017-07-11 18:00:19.669064998,0.3517,-0.7523,0.1093,-491855.31991591916,-2379.2984442569773,-245422.94384571913,549690.5840166602
2017-07-11 18:00:19.687810180,-2.1865,-0.4491,-0.3921,-491873.56674652535,-2378.7023636873178,-245430.034585906,549710.0742807271
2017-07-11 18:00:19.869176983,-4.2005,-0.1707,-0.0942,-492050.2499801469,-2372.9406712583645,-245498.64330693864,549898.775429171
2017-07-11 18:00:20.269187986,-4.2536,0.2192,-0.3285,-492440.6118159805,-2360.1979775805835,-245650.0148701151,550315.5971857224
2017-07-11 18:00:20.469080984,0.3606,-0.8079,0.1877,-492635.6685356652,-2353.862496067688,-245725.65057832934,550523.875898562
2017-07-11 18:00:20.669624984,-4.168,-0.4641,-0.6273,-492831.5281349792,-2347.5250465857052,-245801.5578420036,550732.9950486524
2017-07-11 18:00:20.690979950,0.0114,0.8305,-0.1032,-492852.384276482,-2346.8498233349983,-245809.64088848254,550755.2632021151
2017-07-11 18:00:20.869323015,0.2442,0.7078,-0.1026,-493026.55371013156,-2341.18827664976,-245877.14860409786,550941.2273841172
2017-07-11 18:00:21.268863022,-0.1706,-0.4619,0.0124,-493416.7708099774,-2328.578510000886,-246028.38341746276,551357.8669443586
2017-07-11 18:00:21.468811988,-3.1429,-0.0803,-0.0575,-493612.1797983214,-2322.271188853724,-246104.07086427358,551566.4880000346
2017-07-11 18:00:21.669058024,-0.0434,0.7984,0.0249,-493807.88085176225,-2315.9224821135185,-246179.86976367564,551775.4207692761
2017-07-11 18:00:21.690580010,-3.8176,1.5431,-0.2472,-493828.91612172744,-2315.239422874584,-246188.0165705384,551797.8780626843
2017-07-11 18:00:21.869054973,-0.9808,0.8519,-0.298,-494003.38614567346,-2309.547894709088,-246255.5849327828,551984.1416612042
2017-07-11 18:00:22.467181980,-0.281,-0.4544,-0.0763,-494588.1918431384,-2290.636317450397,-246482.05554462038,552608.4782473983
2017-07-11 18:00:22.666504025,-3.6093,1.1162,-0.7583,-494783.2180408065,-2284.289808027897,-246557.55557146246,552816.677610325
2017-07-11 18:00:22.690619940,-0.2512,-0.3193,0.1032,-494806.81434860645,-2283.5221314362566,-246566.69023725798,552841.8677467337
2017-07-11 18:00:22.866114020,0.1519,-0.6343,0.158,-494978.5225134701,-2277.955202459202,-246633.15930630092,553025.1731150486
2017-07-11 18:00:23.266125977,-0.5556,0.7123,-0.2001,-495369.9939563496,-2265.1522631255148,-246784.69741711477,553443.0853361038
2017-07-11 18:00:23.467221975,-0.892,0.5169,-0.1757,-495566.8324967913,-2258.6950026382683,-246860.88651415525,553653.2167924001
2017-07-11 18:00:23.651879900,-1.067,-0.571,-0.0315,-495747.61736225773,-2252.785044504469,-246930.8488043307,553846.205414499
2017-07-11 18:00:23.666095972,-0.3326,-0.4161,0.136,-495761.53533017705,-2252.330144656483,-246936.23489257504,553861.0629092244
2017-07-11 18:00:23.866272985,-3.6462,-0.478,-0.2495,-495957.6608353501,-2245.943837655989,-247012.08658945424,554070.4075532911
2017-07-11 18:00:24.266363978,-3.7718,1.9294,-0.0827,-496350.25789898285,-2232.870770809827,-247163.70355195028,554489.3692234164
2017-07-11 18:00:24.466270983,0.1412,-0.4854,-0.0261,-496546.41489057406,-2226.3581605772138,-247239.46059401505,554698.7017166713
2017-07-11 18:00:24.666283011,-3.5317,-0.1549,-0.0326,-496742.8162200531,-2219.848325629662,-247315.25873990165,554908.2720580067
2017-07-11 18:00:24.670700070,-0.0507,0.9002,-0.0657,-496747.1535414958,-2219.7045450870787,-247316.93266492608,554912.9002128474
2017-07-11 18:00:24.866315007,0.0449,0.7343,-0.1125,-496939.23548375024,-2213.308947265762,-247391.0688159049,555117.8644482143
2017-07-11 18:00:25.266296029,0.0336,-0.6423,0.0992,-497331.98708658194,-2200.334392543748,-247542.64184700724,555536.9532115058
2017-07-11 18:00:25.466207981,-2.9783,-0.0789,-0.0732,-497528.40477603476,-2193.8528166955725,-247618.4015180041,555746.5243431566
2017-07-11 18:00:25.662630200,-3.1875,1.4577,-0.1941,-497721.5167086884,-2187.4281449770792,-247692.84619037507,555952.5511143693
2017-07-11 18:00:25.666549980,-0.2303,1.0437,-0.169,-497725.37043252,-2187.2999189052757,-247694.33180259037,555956.6625738522
2017-07-11 18:00:25.866716027,-3.8567,0.2226,0.172,-497922.317803729,-2180.7430545879624,-247770.18863935833,556166.752499366
2017-07-11 18:00:26.268136024,-3.8501,-0.1135,-0.3844,-498317.9033531031,-2167.611978542849,-247922.37653645722,556588.6597222467
2017-07-11 18:00:26.468011975,0.225,0.6056,-0.2415,-498514.8652139325,-2161.0495295590326,-247998.16392572303,556798.7340905727
2017-07-11 18:00:26.666830003,-2.7707,1.6329,-0.1818,-498710.8940976586,-2154.4572686831943,-248073.55736637683,557007.7983675073
2017-07-11 18:00:26.680879950,0.2573,-0.778,0.2428,-498724.74689237896,-2153.991564527617,-248078.88517455824,557022.5723541005
2017-07-11 18:00:26.866146981,0.4743,-0.7534,0.1644,-498907.3979314464,-2147.876502304394,-248149.13369021736,557217.3701845637
2017-07-11 18:00:27.266501009,0.2798,0.4239,-0.0826,-499302.05406692735,-2134.594173640767,-248300.95092871095,557638.2877097314
2017-07-11 18:00:27.466082990,-4.0214,2.6077,-0.0979,-499498.9557545518,-2127.8688779679783,-248376.6378066461,557848.2668557673
2017-07-11 18:00:27.664340250,-2.3513,-0.1439,-0.7206,-499694.64293162385,-2121.193877421919,-248451.8506384583,558056.9484592979
2017-07-11 18:00:27.666557013,0.2217,-0.7975,0.2531,-499696.8309568075,-2121.1192465242857,-248452.6916103153,558059.2817824506
2017-07-11 18:00:27.867375016,-3.9081,0.0869,-0.6518,-499895.2031876681,-2114.354880440568,-248528.902083912,558270.8122745046
2017-07-11 18:00:28.266252994,-4.0642,0.335,-0.2798,-500289.86984056444,-2100.86575013971,-248680.32087610886,558691.5691980983
2017-07-11 18:00:28.466296970,-0.0597,-0.5258,0.2171,-500487.80415565346,-2094.1217669787957,-248756.2512445996,558902.5854187732
2017-07-11 18:00:28.666095018,-3.741,0.0575,-0.5666,-500685.6444742473,-2087.3837793088946,-248832.1108848498,559113.4868352262
2017-07-11 18:00:28.671079750,0.2353,0.7375,0.0124,-500690.5803572988,-2087.2156559242903,-248834.00349550587,559118.7485886378
2017-07-11 18:00:28.866114020,0.3829,0.481,-0.1557,-500883.68878231995,-2080.619308416078,-248908.06032747604,559324.6116173299
2017-07-11 18:00:29.266285002,0.0133,-0.4704,0.1917,-501279.9061890628,-2067.16026222527,-249059.97931057037,559746.9881961377
2017-07-11 18:00:29.466100990,-1.6654,0.5838,-0.4291,-501477.81454552204,-2060.4164943393316,-249135.85362172814,559957.9603481946
2017-07-11 18:00:29.663099880,-2.5838,-0.381,-0.3654,-501673.03297221515,-2053.7825892672026,-249210.67240248527,560166.0550888139
2017-07-11 18:00:29.666768014,0.1716,0.8044,-0.2142,-501676.6679515469,-2053.659054637442,-249212.06553663596,560169.9298351491
2017-07-11 18:00:29.866059005,-2.2361,-0.2218,-0.4738,-501874.24644889246,-2046.9561846137008,-249287.7738155435,560380.5345050584
2017-07-11 18:00:30.267437994,-2.3445,0.1066,-0.5237,-502272.55412698665,-2033.439197397126,-249440.33729381257,560805.0778777482
2017-07-11 18:00:30.466654002,0.2832,0.3498,-0.1671,-502470.2345151381,-2026.716442946094,-249516.06559490875,561015.7851105446
2017-07-11 18:00:30.661399960,0.1121,-0.443,0.2156,-502663.47505834204,-2020.161336262947,-249590.0865118757,561221.7578591894
2017-07-11 18:00:30.667584002,-3.1569,-0.2884,-0.7869,-502669.61141751846,-2019.9531937803688,-249592.43703213593,561228.298535618
2017-07-11 18:00:30.866594970,0.4049,-0.3491,0.2844,-502867.0718505298,-2013.2687089508822,-249668.06873979434,561438.7675879525
2017-07-11 18:00:31.265968024,0.2612,0.4667,-0.0704,-503263.2916466209,-1999.7799191246067,-249819.8568598583,561861.1044735139
2017-07-11 18:00:31.466283023,-2.9804,-0.0753,-0.1731,-503462.1446463782,-1993.0173191201022,-249895.99672655857,562073.0489802238
2017-07-11 18:00:31.666270017,0.4942,-0.6686,0.124,-503660.65226965124,-1986.2925330299208,-249972.00695898142,562284.6274493181
2017-07-11 18:00:31.671479700,-1.6061,0.0333,-0.7198,-503665.8234584733,-1986.1173507152218,-249973.98705336003,562290.1391502311
2017-07-11 18:00:31.866388022,-2.6521,-0.1703,-0.7927,-503859.39236053434,-1979.5697764014974,-250048.0978500353,562496.4508375563
2017-07-11 18:00:32.469367027,-2.1523,-0.2405,-0.1649,-504459.010204185,-1959.4012856189722,-250277.43100368843,563135.4408127676
2017-07-11 18:00:32.668169850,0.2322,0.4451,-0.1576,-504656.69567155343,-1952.7341211397,-250353.04861853845,563346.1126246236
2017-07-11 18:00:32.669614970,-1.2636,0.6058,-0.3704,-504658.132672009,-1952.6856555087827,-250353.5982922287,563347.6440273225
2017-07-11 18:00:32.869211018,0.0118,0.4781,-0.1595,-504856.6068004965,-1945.9726674216784,-250429.52408311452,563559.1599577003
2017-07-11 18:00:33.269115984,-0.001,-0.4667,0.2229,-505254.26408038853,-1932.59735190521,-250581.61119162934,563982.9342908635
2017-07-11 18:00:33.469283998,-1.5342,0.6862,-0.3196,-505453.3685110818,-1925.874991310622,-250657.74951956558,564195.1117546969
2017-07-11 18:00:33.669171988,0.0405,0.4749,-0.2363,-505652.19278748345,-1919.1430601988152,-250733.7907756005,564406.9958970906
2017-07-11 18:00:33.693079820,-1.8136,-0.1668,-0.3829,-505675.97442942567,-1918.3379752075703,-250742.88599598754,564432.3396239209
2017-07-11 18:00:33.869418025,-1.4694,-0.213,-0.3394,-505851.42757926934,-1912.406492411006,-250809.98062644896,564619.3146398879
2017-07-11 18:00:34.269115984,-1.792,0.1163,-0.572,-506249.40571030515,-1898.9432845067272,-250962.15242021656,565043.4219730577
2017-07-11 18:00:34.469115018,0.0751,0.4874,-0.1403,-506448.5411806947,-1892.1871303890373,-251038.30105733994,565255.6358267876
2017-07-11 18:00:34.669429004,-3.1868,-0.2506,-0.1077,-506648.1181157307,-1885.4303923973634,-251114.57393240745,565468.3012152233
2017-07-11 18:00:34.691210030,-0.0875,-0.5131,0.2,-506669.8190404294,-1884.6959458012618,-251122.8673247052,565491.4253095718
2017-07-11 18:00:34.869175016,-0.1718,-0.1674,-0.0474,-506847.1349884685,-1878.7003467317325,-251190.6311730432,565680.3699529651
2017-07-11 18:00:35.269111990,-2.1983,0.0818,-0.0047,-507245.9650102639,-1865.213479034191,-251342.9161974602,566105.2990064302
2017-07-11 18:00:35.469237983,-0.3707,0.1187,-0.2535,-507445.551937902,-1858.459979708024,-251419.12883641085,566317.9499185223
2017-07-11 18:00:35.669795989,-0.6504,0.1236,-0.3813,-507645.59587623033,-1851.6869299421753,-251495.52133319902,566531.0909453046
2017-07-11 18:00:35.692909950,-0.5557,0.3768,-0.2937,-507668.65088871185,-1850.9061464418598,-251504.32559235767,566555.6554658989
2017-07-11 18:00:35.869131028,0.0728,0.09,-0.2188,-507844.4202818748,-1844.9506501025987,-251571.4561499341,566742.9369685457
2017-07-11 18:00:36.269114017,0.2279,0.1474,-0.1542,-508243.34158499585,-1831.409404649663,-251723.8523827463,567168.0052544404
2017-07-11 18:00:36.469186007,-0.7698,-0.1501,-0.4667,-508442.9133325661,-1824.642065107051,-251800.09984992558,567380.6620966259
2017-07-11 18:00:36.669319987,0.239,-0.0687,0.0334,-508642.5373423292,-1817.875380465288,-251876.36960371316,567593.3764850397
2017-07-11 18:00:36.691890120,-0.2295,0.036,-0.2668,-508665.05008028593,-1817.1122484746625,-251884.97107002707,567617.3655915151
2017-07-11 18:00:36.869538009,-0.8548,-0.0622,-0.5891,-508842.27319347835,-1811.1076545720507,-251952.69118228654,567806.2149128341
2017-07-11 18:00:37.268567025,-1.2613,0.0845,-0.2329,-509240.54891626764,-1797.606805431611,-252104.83978186437,568230.6030936806
2017-07-11 18:00:37.469114005,-1.2893,-0.3852,-0.2269,-509440.7691550198,-1790.836940335266,-252181.3168859263,568443.9470700036
2017-07-11 18:00:37.669128000,-0.7845,0.1386,-0.2995,-509640.48866152973,-1784.0795224394965,-252257.60272178642,568656.7582943579
2017-07-11 18:00:37.692920080,-0.0817,-0.0322,-0.1136,-509664.2457577597,-1783.2757317774065,-252266.6771446612,568682.0727557449
2017-07-11 18:00:37.868620991,-0.8739,0.457,-0.3938,-509839.7152969124,-1777.3257513931408,-252333.70254153406,568869.0461074347
2017-07-11 18:00:38.269132018,-1.194,0.1559,-0.4879,-510239.89043917734,-1763.737736227087,-252486.56550261995,569295.4613603508
2017-07-11 18:00:38.469117999,-0.2203,0.3439,-0.2789,-510439.71751461533,-1756.9391189191704,-252562.9052651853,569508.3960465016
2017-07-11 18:00:38.669256985,-2.5724,-0.0065,0.1331,-510639.8005125388,-1750.1355604959394,-252639.2981022693,569721.5844494334
2017-07-11 18:00:38.692189930,-0.7634,0.2729,-0.2509,-510662.72744362697,-1749.3558305747347,-252648.05171482256,569746.0131332922
2017-07-11 18:00:38.869544982,-1.6103,0.2854,-0.4243,-510840.0866379088,-1743.3167058810704,-252715.76231540283,569934.9873380457
2017-07-11 18:00:39.269124984,-0.1254,-0.1949,-0.0071,-511239.695994336,-1729.7417081673195,-252868.31507701092,570360.7661267073
2017-07-11 18:00:39.469143986,-2.6376,0.0152,-0.4975,-511439.83521442156,-1722.9458213059334,-252944.69879023358,570574.0041682059
2017-07-11 18:00:39.668272972,-2.3082,0.2065,-0.2687,-511639.1754091392,-1716.171985600801,-253020.75327670109,570786.3809240172
2017-07-11 18:00:39.691940180,-0.0815,0.2734,-0.3342,-511662.8677657186,-1715.3667373207763,-253029.79281767,570811.6228552427
2017-07-11 18:00:39.869427978,0.1724,0.1416,-0.1239,-511840.5387298536,-1709.3234678439271,-253097.5870668562,571000.9172085884
2017-07-11 18:00:40.269131004,-0.6567,0.0172,-0.1362,-512240.75916255027,-1695.7112598754675,-253250.28166853325,571427.3146685361
2017-07-11 18:00:40.469124019,-1.9716,-0.0275,-0.5721,-512441.08992256125,-1688.9014368500063,-253326.7059083857,571640.7464093857
2017-07-11 18:00:40.669247984,-2.985,0.4979,-0.0536,-512641.6714017786,-1682.0672142406718,-253403.18233541548,571854.426777863
2017-07-11 18:00:40.691260090,-0.2857,0.1639,-0.3631,-512663.7339692754,-1681.3154225932574,-253411.59433358302,571877.9302364786
2017-07-11 18:00:40.869552016,0.3635,-0.0515,-0.1375,-512842.42306439864,-1675.2277567818444,-253479.73354599858,572068.293651336
2017-07-11 18:00:41.269505023,-2.9238,1.5378,-0.4518,-513243.73471832933,-1661.3256224150439,-253632.65896921052,572495.7789593163
2017-07-11 18:00:41.468518018,-0.3164,-0.3474,0.0041,-513443.4362951334,-1654.4218054120408,-253708.75311278715,572708.5042079523
2017-07-11 18:00:41.669323980,-2.9363,-0.1055,-0.7426,-513645.0554431006,-1647.4600439575538,-253785.56275492016,572923.2662133507
2017-07-11 18:00:41.692229860,-1.0368,0.3126,-0.6327,-513668.0546269843,-1646.6657537581073,-253794.32474130986,572947.7647423651
2017-07-11 18:00:41.869108974,-0.4409,0.4237,-0.2836,-513845.6680272969,-1640.5189920341797,-253861.9936380363,573136.9589084799
2017-07-11 18:00:42.466919004,-1.1055,-0.3322,-0.4229,-514446.3548533579,-1619.8630958329657,-254090.84981461833,573776.8171840609
2017-07-11 18:00:42.667931973,-0.6152,0.3427,-0.3945,-514648.35999979085,-1612.9037261090236,-254167.81839403618,573991.9997840456
2017-07-11 18:00:42.691159960,-0.8827,0.5331,-0.0626,-514671.70311377663,-1612.099250819057,-254176.71250649204,574016.8656325681
2017-07-11 18:00:42.867132008,-0.0484,0.1046,-0.2075,-514848.5488468144,-1606.0014171498601,-254244.09950971935,574205.2504337892
2017-07-11 18:00:43.268149018,0.3691,0.0353,-0.3493,-515251.4975127111,-1592.0995844222462,-254397.7217449197,574634.5284606414
2017-07-11 18:00:43.467383027,-0.1412,-0.3552,-0.3475,-515451.6968153687,-1585.2069496759063,-254474.05842029245,574847.8155475678
2017-07-11 18:00:43.666808009,0.0443,-0.2954,-0.9079,-515652.0862544699,-1578.319456243537,-254550.5043746048,575061.3223198539
2017-07-11 18:00:43.668929810,-0.5067,-0.0428,-0.4082,-515654.2183191838,-1578.2461762969672,-254551.31773041995,575063.5939525772
2017-07-11 18:00:43.866771996,-1.1212,-0.4831,0.0075,-515853.06140577025,-1571.4322747557364,-254627.1568263511,575275.4465076453
2017-07-11 18:00:44.266803979,-2.3126,0.2571,-0.2408,-516255.4872600535,-1557.6135926108743,-254780.54012761026,575704.1583260763
2017-07-11 18:00:44.467670977,-1.421,0.5139,-0.7825,-516457.6136201578,-1550.6541198117468,-254857.58964957422,575919.4928081686
2017-07-11 18:00:44.668132007,-2.5995,0.0685,-0.5303,-516659.4359269238,-1543.7059600076875,-254934.5047583012,576134.4959961852
2017-07-11 18:00:44.669119950,-1.9832,0.7877,-0.5506,-516660.43058071384,-1543.6717162448986,-254934.88382375342,576135.5556120857
2017-07-11 18:00:44.868434011,-1.2046,0.9518,-0.8562,-516861.1463742905,-1536.7253450152841,-255011.3929726098,576349.3876998245
2017-07-11 18:00:45.266893982,-0.0843,0.0541,-0.06,-517262.4220122147,-1522.829873375571,-255164.3562497181,576776.8900858449
2017-07-11 18:00:45.467750012,-0.9248,0.3449,-0.5993,-517464.7346752547,-1515.811518248798,-255241.48628193446,576992.4311778288
2017-07-11 18:00:45.665529960,-1.4854,0.8143,-0.3671,-517664.00705241825,-1508.8687953508875,-255317.44943831465,577204.7304642383
2017-07-11 18:00:45.666917979,-1.0647,0.4906,-0.2907,-517665.40554733225,-1508.8200704000985,-255317.98254804692,577206.220384789
2017-07-11 18:00:45.866780996,-0.3784,-0.0579,-0.1288,-517866.7921227772,-1501.806401698251,-255394.750993409,577420.7726095323
2017-07-11 18:00:46.266489982,-0.3775,0.3251,-0.614,-518269.60840785573,-1487.7277222088185,-255548.37943301178,577849.9585219731
2017-07-11 18:00:46.467074990,-1.8863,0.2211,-0.5381,-518471.8286383939,-1480.653756214166,-255625.49607688625,578065.4146995303
2017-07-11 18:00:46.663350220,-0.6632,-0.1146,-0.3903,-518669.72950556537,-1473.7361965997734,-255700.97082517945,578276.2719364272
2017-07-11 18:00:46.667483985,-1.6047,0.421,-0.9792,-518673.8975356335,-1473.590498246324,-255702.56042034677,578280.7128543045
2017-07-11 18:00:46.868120014,-1.4256,-0.6013,-0.3825,-518876.25403802225,-1466.543101896319,-255779.72825925308,578496.3155816788
2017-07-11 18:00:47.267688989,-2.105,-0.4356,-0.1434,-519279.5854302429,-1452.5776763379395,-255933.4317985724,578926.0050634323
2017-07-11 18:00:47.466818988,-1.3073,0.4188,-0.698,-519480.64231311396,-1445.601232159822,-256010.0594815671,579140.2058713619
2017-07-11 18:00:47.666769027,-1.2262,-0.5163,-0.0846,-519682.57619461033,-1438.6166998738934,-256087.00610839133,579355.335106043
2017-07-11 18:00:47.676310060,-1.0563,0.2313,-0.5408,-519692.2119869477,-1438.2833972978128,-256090.6778263511,579365.6005740913
2017-07-11 18:00:47.866907000,-0.3754,-0.3091,-0.6935,-519884.7155289874,-1431.6363898554441,-256164.05128329768,579570.6930075751
2017-07-11 18:00:48.267046988,-0.0714,-0.2204,-0.0293,-520288.8696770313,-1417.7169241889653,-256318.09650735054,580001.2796780982
2017-07-11 18:00:48.467173993,-1.1183,0.2605,-0.7883,-520491.0491228112,-1410.7447749050252,-256395.17263943644,580216.6896691192
2017-07-11 18:00:48.667999982,-0.5369,0.4443,-0.3264,-520693.9563749109,-1403.7303548831176,-256472.53113955044,580432.87802587
2017-07-11 18:00:48.671759840,-0.9106,-0.1414,-0.6916,-520697.75521112746,-1403.59903312574,-256473.97945279122,580436.9255212006
2017-07-11 18:00:48.867992997,-0.2896,-0.1976,-0.0768,-520896.03385695175,-1396.7527442497114,-256549.5722541321,580648.1826630557
2017-07-11 18:00:49.266907989,-2.5773,0.3416,-0.518,-521299.51718004234,-1382.7808216287697,-256703.32444308602,581078.0459414021
2017-07-11 18:00:49.467541992,-0.0295,-0.5535,0.0897,-521502.4500093109,-1375.7759339724907,-256780.6503831047,581294.246089108
2017-07-11 18:00:49.667389988,-2.0957,-0.7811,-1.0242,-521704.67152628716,-1368.829685302778,-256857.7142955266,581509.6932813596
2017-07-11 18:00:49.673300020,-0.0558,-0.0274,-0.1843,-521710.65175150754,-1368.6242673777697,-256859.99328497887,581516.064639428
2017-07-11 18:00:49.866868019,-0.0169,0.3787,-0.1862,-521906.51938332815,-1361.882138705599,-256934.64273869284,581724.7461962055
2017-07-11 18:00:50.267120003,0.1813,-0.3674,-0.007,-522311.4974093725,-1347.9998991345965,-257089.00094447727,582156.22631419
2017-07-11 18:00:50.466984987,-1.3242,0.0194,-0.5621,-522513.775229008,-1341.067057132569,-257166.10184261706,582371.7435640652
2017-07-11 18:00:50.666900992,0.0266,0.4262,-0.004,-522716.1036224793,-1334.1154116495886,-257243.2225827341,582587.3157003577
2017-07-11 18:00:50.697469710,-3.9343,-0.5573,0.0823,-522747.04488990415,-1333.0529715476173,-257255.01486910987,582620.2816986878
2017-07-11 18:00:50.867107987,-1.7814,-0.5947,-0.5451,-522918.8018591321,-1327.1741721042856,-257320.47075955576,582803.2767589701
2017-07-11 18:00:51.266916990,0.3077,0.6387,-0.1424,-523323.55507981847,-1313.2167321349934,-257474.7620911517,583234.533402696
2017-07-11 18:00:51.466802000,-1.6358,-0.0018,-0.472,-523525.9773144024,-1306.2387645210927,-257551.91909323036,583450.2088536056
2017-07-11 18:00:51.667770028,0.1786,-0.5645,0.1192,-523729.4891008665,-1299.2457879565043,-257629.48933351142,583667.0451273723
2017-07-11 18:00:51.683810110,-2.5211,-0.8544,-1.0079,-523745.73285929457,-1298.6878696591953,-257635.68079163355,583684.352450424
2017-07-11 18:00:51.866707980,-3.1002,-0.4907,-1.1648,-523931.05686711485,-1292.3425919459582,-257706.3181796381,583881.8107536591
2017-07-11 18:00:52.467280983,-4.0708,0.9198,-0.2669,-524541.0647514692,-1271.1751457235216,-257938.3630655551,584531.5591461202
2017-07-11 18:00:52.666769027,-3.6931,-0.2321,-0.5584,-524743.8336812933,-1264.1533428598216,-258015.461979411,584747.5247409466
2017-07-11 18:00:52.670260190,0.077,0.4621,-0.2112,-524747.3822608669,-1264.0304513751428,-258016.81126021754,584751.304278584
2017-07-11 18:00:52.868088006,-0.1288,0.832,-0.261,-524948.4686452205,-1257.0342068980872,-258093.2788830299,584965.4822915219
2017-07-11 18:00:53.265662014,0.0032,-0.4343,0.092,-525352.5908831102,-1243.0425216277868,-258246.9411085378,585395.9108963981
2017-07-11 18:00:53.466495990,-3.2997,-0.0523,-0.4359,-525556.8657796846,-1235.9767500944954,-258324.58095702296,585613.4697335041
2017-07-11 18:00:53.666837990,-0.4054,0.6659,-0.2439,-525760.6565426618,-1228.901560162764,-258402.04040326795,585830.5152958384
2017-07-11 18:00:53.674870010,-4.1257,0.1454,-0.0197,-525768.8270950554,-1228.6178954978832,-258405.14587329444,585839.217243641
2017-07-11 18:00:53.866424977,-3.6697,0.0888,0.1712,-525963.8205628372,-1221.8495424836535,-258479.20168393056,586046.8677166724
2017-07-11 18:00:54.266434013,-1.2833,-0.084,-0.5187,-526371.215284421,-1207.7291686201243,-258633.92955204597,586480.7110257555
2017-07-11 18:00:54.466848015,-1.0005,-0.3916,-0.197,-526575.3698756974,-1200.6702557633594,-258711.45979164858,586698.1176007951
2017-07-11 18:00:54.667738974,-0.9917,0.3547,-0.5228,-526780.0503482604,-1193.5802290008137,-258789.19564099633,586916.0875791298
2017-07-11 18:00:54.669270150,0.1303,-0.076,0.0251,-526781.6104073465,-1193.5261895205053,-258789.78813781965,586917.748932966
2017-07-11 18:00:54.866688013,-1.8461,-0.7297,-0.4895,-526982.824179211,-1186.5872005908998,-258866.19912387204,587132.0243505051
2017-07-11 18:00:55.266375005,-1.5718,0.7206,-1.1938,-527390.4473626207,-1172.423591221755,-259021.0894975469,587566.1523189697
2017-07-11 18:00:55.466189026,-1.0027,0.5974,-0.3401,-527594.2689275118,-1165.3189794563677,-259098.5368406728,587783.227360612
2017-07-11 18:00:55.667414009,-0.3973,-0.1903,0.162,-527799.5458404488,-1158.1719048848327,-259176.52450901296,588001.8476230464
2017-07-11 18:00:55.669370290,0.0916,0.198,0.0417,-527801.5415133915,-1158.1024212727073,-259177.28269400282,588003.9730221026
2017-07-11 18:00:55.866194009,-0.0871,0.61,-0.1963,-528002.3318760311,-1151.087962664074,-259253.57217699994,588217.8186323151
2017-07-11 18:00:56.266306996,-0.8067,-0.2549,-0.5579,-528410.6375972612,-1136.869431451316,-259408.7465242442,588652.6923163844
2017-07-11 18:00:56.466333985,-2.7192,-0.2915,-0.6246,-528614.8691465979,-1129.7728774725404,-259486.34724598806,588870.2069868156
2017-07-11 18:00:56.661200280,-0.4566,1.524,-0.0672,-528813.8488627404,-1122.8015438459022,-259561.94842178657,589082.1271273185
2017-07-11 18:00:56.666177988,-0.4041,0.5182,-0.2846,-528818.931654898,-1122.623453708782,-259563.8796020952,589087.540484551
2017-07-11 18:00:56.866176009,-0.8085,0.6405,-0.5066,-529023.1841639967,-1115.4423974196632,-259641.49225157147,589305.0806614336
2017-07-11 18:00:57.266947984,-0.4207,-0.3548,-0.0901,-529432.5491934126,-1101.1094118018245,-259797.03313628092,589741.0745520324
2017-07-11 18:00:57.466575026,-0.6684,0.5974,-0.3535,-529636.483126255,-1093.946254535856,-259874.52311677375,589958.2771195995
2017-07-11 18:00:57.662569990,-0.0849,-0.1535,0.0123,-529836.7098815041,-1086.919322588225,-259950.60274738196,590171.5313367785
2017-07-11 18:00:57.666186988,-0.6822,0.441,-0.357,-529840.4049842136,-1086.789637982728,-259952.00676706457,590175.4668636919
2017-07-11 18:00:57.867568016,-0.5627,-0.4192,-0.0287,-530046.1574125547,-1079.5862807053936,-260030.1785373758,590394.6038409665
2017-07-11 18:00:58.266394019,-0.964,0.4791,-0.4449,-530453.7941118393,-1065.2441512530322,-260185.06495390742,590828.7657670507
2017-07-11 18:00:58.466176986,-0.1317,0.5035,-0.0279,-530657.9958566767,-1058.0396859328823,-260262.65295402345,591046.2558355887
2017-07-11 18:00:58.667411983,-0.4833,0.0042,0.052,-530863.7013188418,-1050.7826882108798,-260340.80276082933,591265.3440751887
2017-07-11 18:00:58.667489760,-0.0696,-0.4703,0.0266,-530863.7808236697,-1050.7798833958739,-260340.83296560278,591265.4287525937
2017-07-11 18:00:58.866788029,-0.1649,-0.1056,-0.2359,-531067.5130840102,-1043.5969302495075,-260418.2400116947,591482.4192472476
2017-07-11 18:00:59.268209993,-0.0381,0.1994,-0.019,-531477.8720302363,-1029.0970609163378,-260574.15455529597,591919.4856741551
2017-07-11 18:00:59.466566026,-0.4955,-0.2297,-0.1741,-531680.663620891,-1021.9412275608913,-260651.20400167367,592135.476542105
2017-07-11 18:00:59.666465997,0.4441,0.1972,0.0616,-531885.0159282298,-1014.7218154448598,-260728.8507140173,592353.1323661489
2017-07-11 18:00:59.679479830,-0.3711,0.0516,-0.4289,-531898.3196788565,-1014.2518105214689,-260733.90572159336,592367.3022515363
2017-07-11 18:00:59.866854012,-0.4896,0.4451,-0.6624,-532089.8853068535,-1007.469015942916,-260806.71137098336,592571.3473800652
2017-07-11 18:01:00.266690015,0.4054,-0.1112,0.1143,-532498.6005861841,-993.0130518598469,-260962.05238780577,593006.6934593752
2017-07-11 18:01:00.466575026,-0.8564,0.6697,-0.9455,-532702.9587193403,-985.759505375442,-261039.74785554115,593224.3790595816
2017-07-11 18:01:00.661050080,-0.8282,0.0074,-1.044,-532901.817151874,-978.701998764939,-261115.3799532037,593436.2191756396
2017-07-11 18:01:00.666567981,-3.351,0.7978,-0.4979,-532907.4595258607,-978.5017296510481,-261117.52590131847,593442.2298899596
2017-07-11 18:01:00.866464972,0.535,-0.687,0.2146,-533111.8444215988,-971.2740324720178,-261195.25858519642,593659.9575036477
2017-07-11 18:01:01.268495976,0.1814,1.1609,-0.3817,-533522.872139163,-956.5501188442151,-261351.6555433699,594097.8521582213
2017-07-11 18:01:01.466584026,-3.603,0.3375,-0.5734,-533725.5344126285,-949.2821334031465,-261428.7376929738,594313.7488838335
2017-07-11 18:01:01.665578007,0.2852,-0.5795,0.2103,-533929.1122432128,-942.0038561280938,-261506.16404059218,594530.6199879998
2017-07-11 18:01:01.676720140,-3.6716,-0.8474,-0.7908,-533940.5114923659,-941.596433760933,-261510.49941895326,594542.7635779647
2017-07-11 18:01:01.866420984,-3.1719,-0.512,-0.7198,-534134.7040233072,-934.6782725214226,-261584.3374847013,594749.6290733179
2017-07-11 18:01:02.467850029,-2.758,1.4775,-0.5108,-534751.3711630461,-912.2104431049004,-261818.61903298023,595406.4581115888
2017-07-11 18:01:02.664319990,-0.1407,0.8358,-0.1768,-534952.8244122908,-904.8385726211986,-261895.15905299416,595621.0350675359
2017-07-11 18:01:02.667976021,-3.7346,-0.427,-0.7212,-534956.5732252294,-904.701398136496,-261896.58336528318,595625.0281006573
2017-07-11 18:01:02.867449998,-0.0112,0.5764,-0.1516,-535161.1098539322,-897.1941886414292,-261974.30023652563,595842.8924153765
2017-07-11 18:01:03.267786979,-0.2937,-0.355,0.0612,-535571.6544630685,-882.184389318705,-262130.26534802665,596280.1785444759
2017-07-11 18:01:03.468324005,-1.4859,0.432,-0.4366,-535777.3644555189,-874.6482992654784,-262208.40903743444,596499.286707446
2017-07-11 18:01:03.667557001,-0.4931,0.4127,-0.2423,-535981.7563527813,-867.1448324396418,-262286.05420050333,596716.9926449573
2017-07-11 18:01:03.674440260,-3.1962,1.6449,-0.2045,-535988.8179970128,-866.885518803604,-262288.7367566492,596724.5142758393
2017-07-11 18:01:03.868093013,-0.1674,0.2102,-0.3691,-536187.4956956713,-859.5821384124895,-262364.2212995325,596936.1389964242
2017-07-11 18:01:04.267210006,0.3261,-0.5213,0.1262,-536596.9171212427,-844.612961778157,-262519.77432067617,597372.2430314751
2017-07-11 18:01:04.466781020,-1.061,0.5391,-0.3841,-536801.6829328398,-837.1064323902694,-262597.57100801624,597590.354545669
2017-07-11 18:01:04.667793989,0.0989,0.1609,-0.3274,-537007.9242370917,-829.5391649207071,-262675.9430266322,597810.044975481
2017-07-11 18:01:04.675039880,-0.9893,-0.2494,-0.022,-537015.3586452226,-829.2664016088943,-262678.7680947825,597817.9641926248
2017-07-11 18:01:04.867951989,-1.577,-0.3015,-0.2159,-537213.3484576398,-822.0156653878936,-262753.98977197445,598028.859347034
2017-07-11 18:01:05.267201006,-1.9713,0.4769,-0.4375,-537623.4204648297,-806.9335947544109,-262909.7375579541,598465.641016192
2017-07-11 18:01:05.468549013,0.1797,0.353,-0.2332,-537830.2194029388,-799.3131414066314,-262988.2932450883,598685.9161434115
2017-07-11 18:01:05.667630970,-1.7134,-0.1793,-0.1254,-538034.7588523704,-791.7855579598548,-263065.9698055479,598903.7761839807
2017-07-11 18:01:05.674510000,0.2781,-0.5514,0.2186,-538041.8264460897,-791.5254777470286,-263068.6538123679,598911.3040648652
2017-07-11 18:01:05.867630004,-0.1631,-0.5324,0.0824,-538240.2462191639,-784.2439131270035,-263144.0008115253,599122.6442488027
2017-07-11 18:01:06.268302977,-0.2119,0.4181,-0.2957,-538651.9488306156,-769.0694695344331,-263300.37339436205,599561.1729227299
2017-07-11 18:01:06.468177020,-0.6805,-0.299,0.0006,-538857.3521485227,-761.5117065195926,-263378.37918174494,599779.956721629
2017-07-11 18:01:06.668855011,0.0518,-0.4796,0.029,-539063.5795686122,-753.9428584036247,-263456.6975618353,599999.6189476686
2017-07-11 18:01:06.674480190,-0.9008,0.5845,-0.2623,-539069.3603314501,-753.7306784987534,-263458.8929025919,600005.7763118235
2017-07-11 18:01:06.867726981,-0.6187,0.847,-0.0964,-539267.9751377259,-746.4098423532421,-263534.31500151014,600217.328407062
2017-07-11 18:01:07.267942011,-0.2568,-0.4207,0.0507,-539679.3484852677,-731.3157400119528,-263690.50640899065,600655.4895898518
2017-07-11 18:01:07.468517005,-0.422,-0.6006,0.0815,-539885.5326489283,-723.7752202147292,-263768.7812763901,600875.0969962215
2017-07-11 18:01:07.667717993,-1.0558,0.635,-0.1903,-540090.3462771303,-716.261158051544,-263846.52748598804,601093.241717299
2017-07-11 18:01:07.669770240,-0.3692,0.6948,-0.3725,-540092.4563493142,-716.1837422986947,-263847.3284596154,601095.4891361811
2017-07-11 18:01:07.867554008,-1.0773,0.4325,-1.0936,-540295.85511839,-708.7059383669049,-263924.5644731223,601312.1394538337
2017-07-11 18:01:08.267814993,-0.3357,-0.7975,-0.0987,-540707.533132771,-693.700647259447,-264080.8851390433,601750.6389717715
2017-07-11 18:01:08.467555999,-0.458,0.8325,-0.1092,-540912.9898163462,-686.1793892638193,-264158.89771597355,601969.4814828498
2017-07-11 18:01:08.667194008,-0.0686,0.2381,-0.4371,-541118.3432896924,-678.6525200704198,-264236.88748627034,602188.2220055921
2017-07-11 18:01:08.675889840,-0.3224,-0.3099,-0.1785,-541127.2881002561,-678.3246881508861,-264240.28457802796,602197.7499501284
2017-07-11 18:01:08.867551982,-0.6001,-0.5398,-0.2106,-541324.459946027,-671.1188754836052,-264315.166562414,602407.7760216243
2017-07-11 18:01:09.267728984,-0.2623,0.7469,-0.1835,-541736.1828251155,-655.9540382989874,-264471.5442376521,602846.3483915912
2017-07-11 18:01:09.469732999,-1.2462,0.7342,-0.4781,-541944.0658968934,-648.2690711951191,-264550.50111227727,603067.7892678418
2017-07-11 18:01:09.668380022,-0.4946,-0.3523,-0.0491,-542148.5137931398,-640.725718254453,-264628.1477841812,603285.5693096287
2017-07-11 18:01:09.687040090,-0.3323,-0.507,0.092,-542167.7188865438,-640.0173038606495,-264635.4415547714,603306.02678216
2017-07-11 18:01:09.867208003,-0.4172,-0.5197,0.035,-542353.162707098,-633.1942444303118,-264705.86371106416,603503.561146381
2017-07-11 18:01:10.267414987,0.1189,0.3175,-0.1063,-542765.0700208211,-617.987329973598,-264862.30947199545,603942.3367523475
2017-07-11 18:01:10.467736005,-0.4852,-0.1395,-0.1098,-542971.2670335599,-610.3812052012868,-264940.62179212156,604161.9836309141
2017-07-11 18:01:10.667405009,-0.3572,-0.4619,-0.0187,-543176.8071475889,-602.8182520871144,-265018.67996325705,604380.9294992368
2017-07-11 18:01:10.672060250,-0.748,0.5341,-0.2243,-543181.5992884994,-602.6419118449808,-265020.4998780257,604386.0342020524
2017-07-11 18:01:10.867551982,-1.4122,0.7272,-0.29,-543382.8939519282,-595.2089056718504,-265096.9362824883,604600.4542998422
2017-07-11 18:01:11.267781019,-0.7335,-0.653,0.1178,-543795.120789677,-580.0959569080902,-265253.40520006313,605039.5349695815
2017-07-11 18:01:11.468988001,-0.9776,-0.37,0.1295,-544002.3989986004,-572.5132094570338,-265332.0615130411,605260.3082594858
2017-07-11 18:01:11.668017029,-0.4548,0.6813,-0.1273,-544207.4515516488,-564.9855530090606,-265409.8714577283,605478.7109388927
2017-07-11 18:01:11.675569770,0.0241,0.5611,-0.1395,-544215.2328716227,-564.6998619696792,-265412.82419255876,605486.9988871096
2017-07-11 18:01:11.867560029,-0.8698,0.717,-0.5475,-544413.065656564,-557.4111827243297,-265487.90272982913,605697.7160768299
2017-07-11 18:01:12.468940973,-2.9646,0.2547,-0.4088,-545033.8196188827,-534.4883640055853,-265723.22293245984,606358.7893415695
2017-07-11 18:01:12.668711006,-3.6217,-0.0551,-0.6325,-545240.1696228128,-526.8759348119085,-265801.41813482356,606578.5308194213
2017-07-11 18:01:12.679789780,0.0457,-0.8063,0.1693,-545251.6133008437,-526.4538664406349,-265805.754635202,606590.7171710061
2017-07-11 18:01:12.868938982,0.3392,-0.7911,0.1817,-545446.9804162681,-519.2761473769008,-265879.78571171174,606798.7628061281
2017-07-11 18:01:13.268652021,0.3663,0.4491,-0.295,-545859.7747227995,-504.036326746053,-266036.2764676673,607238.3783242173
2017-07-11 18:01:13.469601988,-3.611,1.0386,0.8562,-546067.4469238266,-496.3327870713005,-266114.9153647075,607459.5057414997
2017-07-11 18:01:13.668898999,0.2249,-0.6207,0.0288,-546273.4019408409,-488.71726824265573,-266192.9062571301,607678.806487609
2017-07-11 18:01:13.686749810,-4.4518,0.0673,-0.4166,-546291.8505205865,-488.03513326949314,-266199.8919471316,607698.450381571
2017-07-11 18:01:13.868870019,-3.097,-0.4201,-0.094,-546480.1720957112,-481.08968778815444,-266271.1655143558,607898.9583190774
2017-07-11 18:01:14.268683016,-3.7318,0.3326,0.0311,-546894.1956349127,-465.78901337117526,-266427.629167084,608339.6746573056
2017-07-11 18:01:14.468854010,0.6191,-0.6299,0.1827,-547101.4564946066,-458.1537931337537,-266505.95718116756,608560.3000660398
2017-07-11 18:01:14.668651998,-3.2414,-0.4638,-0.3466,-547308.4605309953,-450.5513151884926,-266584.15307195304,608780.6375324252
2017-07-11 18:01:14.687459700,0.3154,0.5625,-0.1264,-547327.9464526377,-449.8354676693111,-266591.51397663227,608801.3786485394
2017-07-11 18:01:14.868660986,0.2105,0.6576,-0.1238,-547515.6750794713,-442.91710098132734,-266662.43608313176,609001.203160616
2017-07-11 18:01:15.268661975,0.1659,-0.459,0.2343,-547930.0585986167,-427.718279328323,-266818.958812415,609442.2768733322
2017-07-11 18:01:15.468653023,-3.0945,-0.17,-1.1286,-548137.3643409483,-420.12602683138283,-266897.26162054465,609662.9355250861
2017-07-11 18:01:15.668515980,0.3775,0.3016,-0.3124,-548344.5222280241,-412.5265895753739,-266975.5267558855,609883.4455223798
2017-07-11 18:01:15.687779780,-3.9272,0.3921,-0.1921,-548364.4906075442,-411.7939719714902,-266983.0704157236,609904.7007706646
2017-07-11 18:01:15.868767976,-2.6342,-0.2249,-0.7524,-548552.184791285,-404.91821421326927,-267053.9696237748,610104.4878460314
2017-07-11 18:01:16.268661975,-2.1314,0.3746,-0.6142,-548967.2365349657,-389.66630117675425,-267210.7198710676,610546.2696984377
2017-07-11 18:01:16.468658983,0.3099,0.1888,-0.2173,-549174.8019152194,-382.03088556577393,-267289.1232887605,610767.2096917877
2017-07-11 18:01:16.668726027,-3.7627,0.2246,-0.4405,-549382.5905907289,-374.3838061207123,-267367.571793988,610988.3709649702
2017-07-11 18:01:16.687770240,0.1501,-0.6201,0.2456,-549402.3697648743,-373.6561119839716,-267375.03915189113,611009.4230726929
2017-07-11 18:01:16.868750989,0.2023,-0.6326,0.1621,-549590.3283621552,-366.76141751685384,-267445.99755339994,611209.4773074876
2017-07-11 18:01:17.268666982,0.2788,0.4828,-0.1163,-550005.6188264239,-351.44888771012455,-267602.8140437354,611651.5105360929
2017-07-11 18:01:17.468720972,-1.9218,-0.0281,-0.3913,-550213.4406559654,-343.7900718834387,-267681.27559066954,611872.7104324371
2017-07-11 18:01:17.668644011,0.1354,-0.4493,0.1884,-550421.121038015,-336.1542275226009,-267759.6782481766,612093.7581612616
2017-07-11 18:01:17.687869780,-2.3888,0.281,-0.4473,-550441.0936814765,-335.4198161923256,-267767.21807172144,612115.0163111357
2017-07-11 18:01:17.868754029,-1.6556,0.2521,-0.7269,-550629.059014275,-328.5019121303776,-267838.1797365581,612315.0815299628
2017-07-11 18:01:18.268665015,-0.9602,-0.2087,-0.0854,-551044.7788971887,-313.2407246535911,-267995.0801853943,612757.5454232931
2017-07-11 18:01:18.468666017,-0.3558,-0.5424,0.2782,-551252.7003788062,-305.6300904426658,-268073.5371366306,612978.83682687
2017-07-11 18:01:18.668666005,-1.3922,0.6014,-0.3053,-551460.6764942604,-297.99543882034936,-268152.0059020907,613200.1832926208
2017-07-11 18:01:18.687010280,0.2522,0.5396,-0.098,-551479.7522658132,-297.2949964517842,-268159.2031985633,613220.4854728567
2017-07-11 18:01:18.868660986,0.3615,0.4855,-0.2904,-551668.6345493624,-290.3429786337709,-268230.48264494655,613421.5177710545
2017-07-11 18:01:19.268658995,0.1948,-0.5088,0.2099,-552084.5254500132,-275.1159218654025,-268387.40763999365,613864.1539541569
2017-07-11 18:01:19.468657970,-1.5835,0.5054,-0.2444,-552292.5342090173,-267.48217881143285,-268465.8799018437,614085.5344015243
2017-07-11 18:01:19.668658971,0.3593,0.4102,-0.0556,-552500.530703017,-259.83195026300524,-268544.35518264415,614306.9059030836
2017-07-11 18:01:19.690770140,-1.9419,-0.2361,-0.0022,-552523.5267654799,-258.9862924446717,-268553.0310412776,614331.3805957832
2017-07-11 18:01:19.868831992,-1.505,-0.2167,-0.1193,-552708.7624064357,-252.1830574737967,-268622.9017519616,614528.5208863721
2017-07-11 18:01:20.268719971,-1.1945,0.631,-0.2335,-553124.9521595521,-236.803576078333,-268779.8534271134,614971.4451791571
2017-07-11 18:01:20.468672990,-0.6307,0.7631,-0.4044,-553333.0816498547,-229.08297844957534,-268858.3489770709,615192.9482217852
2017-07-11 18:01:20.668659985,-0.3173,-0.4355,0.0051,-553541.259195852,-221.37848667212722,-268936.8576610121,615414.5010065519
2017-07-11 18:01:20.688089720,-0.0836,-0.5462,0.2112,-553561.484715333,-220.63016302972255,-268944.4850918808,615436.0260004686
2017-07-11 18:01:20.868658006,-0.7732,-0.612,0.0912,-553749.473754399,-213.69564680409187,-269015.3668791472,615636.0880960646
2017-07-11 18:01:21.268065989,-1.5287,0.8294,-0.5002,-554165.5399391364,-198.22453359253907,-269172.2336291552,616078.8718223574
2017-07-11 18:01:21.469106972,-0.3497,-0.3952,0.0287,-554374.9799192125,-190.4531614572584,-269251.19094512786,616301.7592528872
2017-07-11 18:01:21.669278025,-1.3703,-0.3804,-0.2432,-554583.5685315537,-182.73065907991955,-269329.8163473611,616523.7366471705
2017-07-11 18:01:21.686680070,-0.9096,0.634,-0.1377,-554601.7026398686,-182.0591046083709,-269336.651756949,616543.0347479427
2017-07-11 18:01:21.868682026,-0.0869,0.6552,-0.2142,-554791.363870837,-175.013845882618,-269408.14803155535,616744.8729266439
2017-07-11 18:01:22.467495977,-0.3598,-0.6135,0.0491,-555415.5070108598,-152.05386723915797,-269643.36397790664,617409.0639809484
2017-07-11 18:01:22.666561007,0.193,0.7672,-0.1266,-555622.9846305159,-144.39082962943587,-269721.5623456081,617629.8592948611
2017-07-11 18:01:22.695130220,-1.9498,1.4978,-0.4588,-555652.7627844493,-143.2898310685846,-269732.78551407467,617661.5488300603
2017-07-11 18:01:22.866545975,-2.1362,1.3913,-0.4432,-555831.4949739699,-136.64294025063455,-269800.13773496525,617851.7490451068
2017-07-11 18:01:23.266553997,-3.6293,-0.3783,-0.9155,-556249.1570066247,-121.192588096272,-269957.4543050942,618296.1802349349
2017-07-11 18:01:23.466557979,0.4954,0.4541,0.0313,-556457.9681758832,-113.44924841592112,-270036.1113267036,618518.3785770736
2017-07-11 18:01:23.666500985,-3.8105,0.4713,-0.4596,-556666.8680172019,-105.68942822094755,-270114.76274136145,618740.6550156197
2017-07-11 18:01:23.672969810,0.3122,-0.5916,0.2478,-556673.6266127184,-105.43839683903047,-270117.30736732425,618747.8463985029
2017-07-11 18:01:23.868144989,0.1887,-0.4771,0.2402,-556877.5374605812,-97.88253804066161,-270194.0738029406,618964.8122691477
2017-07-11 18:01:24.266222000,0.0016,0.6454,-0.1633,-557293.4313860177,-82.36942335097974,-270350.671604029,619407.3466528093
2017-07-11 18:01:24.467023015,-3.5802,1.7338,-0.4838,-557503.3641010927,-74.4742721413627,-270429.6833579182,619630.7127406748
2017-07-11 18:01:24.666593015,0.1609,-0.6748,0.2156,-557712.0034107263,-66.6543983875242,-270508.2021415711,619852.7007419424
2017-07-11 18:01:24.668259850,-3.4324,-0.0287,-0.4332,-557713.7460033346,-66.58908584879042,-270508.8579420268,619854.554827403
2017-07-11 18:01:24.866940975,-3.1673,0.4977,-0.2554,-557921.5822070111,-58.78440462989617,-270587.03723203536,620075.6728545248
2017-07-11 18:01:25.266955971,-2.3143,1.726,-0.562,-558340.3999126941,-42.79465512500244,-270744.5295712115,620521.2359772922
2017-07-11 18:01:25.466714024,-0.1551,-0.4882,0.0995,-558549.5537843691,-34.829232187572906,-270823.17355991376,620743.744698935
2017-07-11 18:01:25.665180080,-0.131,0.6458,-0.2507,-558757.36004861,-26.889890815834782,-270901.31876905775,620964.823997602
2017-07-11 18:01:25.666885018,-3.7625,-0.1468,-0.3398,-558759.145235328,-26.821687716609762,-270901.990082507,620966.7232100123
2017-07-11 18:01:25.868080973,0.2827,0.6533,-0.1655,-558969.7997200526,-18.74674566324832,-270981.21699434204,621190.8380797731
2017-07-11 18:01:26.266888022,0.4632,-0.7555,0.2645,-559387.2816281012,-2.8608989820393766,-271138.21710405766,621634.9922823107
2017-07-11 18:01:26.466112017,-3.5434,-0.4927,-0.6376,-559595.9752840884,5.055317723859254,-271216.6717892261,621857.0081908952
2017-07-11 18:01:26.666844010,0.1111,0.6293,-0.1644,-559806.2441407527,13.056811712793417,-271295.7269503196,622080.7042586667
2017-07-11 18:01:26.681499830,-4.1551,-0.1064,-0.712,-559821.597157576,13.640992970375175,-271301.4990691145,622097.0376294077
2017-07-11 18:01:26.866559028,-3.2737,0.1051,-0.4057,-560015.5719815195,21.02105539192351,-271374.39756967407,622303.3865888701
2017-07-11 18:01:27.266601979,-3.162,-0.0794,0.5692,-560435.3938930305,36.96184884934791,-271531.891356913,622749.8696250983
2017-07-11 18:01:27.466558992,0.0418,0.6483,0.0568,-560645.2355278438,44.95559774919235,-271610.610601126,622973.0378854239
2017-07-11 18:01:27.661640160,0.0217,-0.5592,0.2153,-560849.9594606023,52.73314206472381,-271687.4021249996,623190.7607476019
2017-07-11 18:01:27.668425977,-4.024,0.4651,0.4057,-560857.0808824438,53.0037021139178,-271690.0732674226,623198.3343185587
2017-07-11 18:01:27.866797983,0.3291,-0.606,0.171,-561065.2507838903,60.88922547201022,-271768.1529177179,623419.7208021218
2017-07-11 18:01:28.266726970,0.0013,0.5273,0.0058,-561484.932664622,76.87121678201413,-271925.56490368146,623866.0500193654
2017-07-11 18:01:28.466561019,-2.4452,0.2765,-0.291,-561694.7343634572,84.86804125783942,-272004.23117442004,624089.1631738261
2017-07-11 18:01:28.666858017,0.2271,-0.8071,0.046,-561905.0129920212,92.85101176113494,-272083.07784326415,624312.7849848485
2017-07-11 18:01:28.678679940,-3.9715,-0.2768,-0.0865,-561917.424605549,93.32214370549165,-272087.7315409161,624325.9841136175
2017-07-11 18:01:28.865957975,-3.6288,-0.4976,-0.0995,-562114.1715481393,100.76816956421715,-272161.45699214155,624535.1957108264
2017-07-11 18:01:29.266508996,-3.1138,0.1236,0.0292,-562535.4742886674,116.71359040008188,-272319.1366014284,624983.1082634039
2017-07-11 18:01:29.467510998,0.3759,-0.7484,0.1321,-562746.8746014143,124.68498479927734,-272398.2570572692,625207.8621289431
2017-07-11 18:01:29.665529960,0.2102,0.4161,-0.2288,-562955.1293121609,132.55439286119147,-272476.2122701073,625429.2777305867
2017-07-11 18:01:29.666570007,-2.4536,-0.1133,-0.7639,-562956.2231226249,132.59572491290726,-272476.6217119509,625430.440667605
2017-07-11 18:01:29.866648972,0.0847,0.3771,-0.1953,-563166.64143937,140.56207123004,-272555.3958746203,625654.1613448813
2017-07-11 18:01:30.266412973,0.1369,-0.5658,0.1026,-563587.0419088841,156.3886579738929,-272712.77270742424,626101.1377267971
2017-07-11 18:01:30.466548979,-2.1664,0.1265,-0.5681,-563797.596035216,164.31707426329527,-272791.58387419255,626324.9991240811
2017-07-11 18:01:30.666664004,-0.0324,0.4403,-0.1752,-564008.1293858689,172.26229165143263,-272870.39379495714,626548.8420685646
2017-07-11 18:01:30.675320020,-1.4305,-0.1026,-0.2714,-564017.2361558409,172.60595595378496,-272873.8027544016,626558.5245636179
2017-07-11 18:01:30.866554975,-0.7415,-0.2047,0.0615,-564218.456610283,180.19094979799095,-272949.11369856715,626772.4610393324
2017-07-11 18:01:31.267646014,-0.6398,1.054,-0.4503,-564640.5938938067,196.26907261719464,-273107.14128407935,627221.2922204265
2017-07-11 18:01:31.467006981,-0.4758,-0.6521,0.1673,-564850.4347372259,204.23473251147934,-273185.6817205912,627444.3975618901
2017-07-11 18:01:31.666554987,-3.6125,-0.2381,-0.4858,-565060.6162993951,212.1983847288366,-273264.3151874335,627667.8509177156
2017-07-11 18:01:31.669749970,-0.5542,-0.0974,-0.2752,-565063.9815429793,212.32589056345543,-273265.5741985126,627671.4286643378
2017-07-11 18:01:31.866532027,0.3043,0.5947,-0.1824,-565271.2383286466,220.2021254722226,-273343.12495744927,627891.7783599985
2017-07-11 18:01:32.467266023,0.3694,-0.7531,0.3417,-565903.8161460526,243.9748249076538,-273579.7477075265,628564.2902743476
2017-07-11 18:01:32.666630983,0.213,0.3249,-0.219,-566113.7406156205,251.87715929011475,-273658.2841554097,628787.47382784
2017-07-11 18:01:32.677549830,-3.7689,0.9706,-0.0953,-566125.2382365966,252.31007112077825,-273662.58546153444,628799.6976067235
2017-07-11 18:01:32.865963995,-2.9207,-0.3186,-0.3252,-566323.7433325509,259.769029563385,-273736.8197699056,629010.7282391004
2017-07-11 18:01:33.266568005,-2.223,0.2077,-0.5122,-566746.1593177654,275.661512838298,-273894.738094137,629459.7784182588
2017-07-11 18:01:33.466624021,0.4086,0.4177,-0.1141,-566957.0915746758,283.6147131319351,-273973.6048538086,629684.0162182231
2017-07-11 18:01:33.666598975,-3.5833,0.3374,-0.5113,-567168.0816586745,291.578183436553,-274052.4601038221,629908.301865577
2017-07-11 18:01:33.673710100,0.5645,-0.6189,0.1999,-567175.5844540128,291.8613337666414,-274055.2641925696,629916.2774650678
2017-07-11 18:01:33.866670012,0.4607,-0.5886,0.3247,-567379.1551615524,299.5226838088585,-274131.3408676951,630132.6744992641
2017-07-11 18:01:34.267602026,0.4497,0.4172,-0.1451,-567802.06199382,315.5084967387752,-274289.43627164676,630582.2515741013
2017-07-11 18:01:34.466598987,-2.4392,-0.2343,-0.2725,-568012.062438324,323.4335517142114,-274367.9154907418,630805.4856573741
2017-07-11 18:01:34.667253971,0.2705,-0.5737,0.2748,-568223.8016947791,331.40153891213663,-274447.03752681566,631030.5658577031
2017-07-11 18:01:34.676590200,-2.5703,-0.0692,-0.8743,-568233.6538853502,331.7722735001804,-274450.71905380604,631041.0388159305
2017-07-11 18:01:34.866603970,-1.5904,0.6292,-0.4338,-568434.2260838161,339.3402939192072,-274525.6622724244,631254.2465452849
2017-07-11 18:01:35.266719996,-1.3943,-0.2082,-0.2256,-568856.7984340376,355.24310371787465,-274683.5079144839,631703.4215852343
2017-07-11 18:01:35.466085016,-0.8528,-0.4389,0.0791,-569067.3866179808,363.1495205670177,-274762.1542060595,631927.2614579522
2017-07-11 18:01:35.665379760,0.063,0.3498,-0.1695,-569277.8980675094,371.0670439055116,-274840.7795071522,632151.023885125
2017-07-11 18:01:35.667222976,-0.7945,0.7083,-0.126,-569279.84502608,371.14027305842313,-274841.5066888901,632153.0934014634
2017-07-11 18:01:35.866509974,-0.2432,0.4063,-0.3065,-569490.358244254,379.07388517467837,-274920.141153074,632376.8621967484
2017-07-11 18:01:36.267660021,-2.6483,-0.4383,-0.3682,-569914.5320135512,394.97313012299725,-275078.4857883116,632827.7041561857
2017-07-11 18:01:36.466473996,0.2817,0.7123,-0.0846,-570124.7456408158,402.88110999972884,-275156.966317047,633051.1385488492
2017-07-11 18:01:36.666490190,-0.5634,-0.1943,-0.0004,-570336.2529599051,410.8291358098954,-275235.9214299475,633275.945118963
2017-07-11 18:01:36.669013023,-3.0636,0.2165,-0.4435,-570338.9207516161,410.9293867796342,-275236.9173049562,633278.7806603144
2017-07-11 18:01:36.866612017,0.0289,-0.5081,0.2535,-570547.872399034,418.7616295057994,-275314.90856671106,633500.8673549414
2017-07-11 18:01:37.266610026,0.002,0.7755,-0.1096,-570970.8511704408,434.74045243224316,-275472.8031685572,633950.4453591789
2017-07-11 18:01:37.466692984,-2.8948,0.9803,-1.0074,-571182.5452210355,442.77246214367193,-275551.82393859205,634175.4518179636
2017-07-11 18:01:37.667246997,0.1724,-0.5994,0.2398,-571394.7307283499,450.7992725890684,-275631.0211018896,634400.9783392346
2017-07-11 18:01:37.671520230,-3.2283,-0.215,-0.7459,-571399.251854211,450.9702970596811,-275632.7085807802,634405.7837325714
2017-07-11 18:01:37.866761028,-3.4002,-0.2867,-0.6149,-571605.9483024896,458.7733476310562,-275709.8316599635,634625.4658314133
2017-07-11 18:01:38.267473995,-3.9046,0.5196,-0.2711,-572030.7998553797,474.871791355996,-275868.162895965,635076.9282425542
2017-07-11 18:01:38.466120004,0.1886,-0.5997,0.2608,-572241.4046776907,482.82863145390314,-275946.64237352705,635300.7223262123
2017-07-11 18:01:38.666814029,-1.6962,0.6814,-0.0843,-572454.2491296,490.894951089424,-276025.9343603248,635526.8875223751
2017-07-11 18:01:38.667700170,0.1228,0.455,-0.3663,-572455.1889192929,490.9305673378573,-276026.2844651085,635527.886130151
2017-07-11 18:01:38.866599023,-0.0552,0.188,-0.0895,-572666.131677926,498.93225280986553,-276104.8708045774,635752.0326246428
2017-07-11 18:01:39.268158018,-0.2778,-0.6147,0.1719,-573092.0510363572,514.9878199740401,-276263.5018765133,636204.5949555753
2017-07-11 18:01:39.467809975,-1.4785,0.6653,-0.356,-573303.8737077729,522.9970404686076,-276342.38618159184,636429.6658192313
2017-07-11 18:01:39.666607975,-0.0186,0.3935,-0.2306,-573514.7911003486,530.9875550723704,-276420.94219394925,636653.7794139376
2017-07-11 18:01:39.668339720,-1.3184,-0.0465,0.0378,-573516.6284222835,531.0571609335458,-276421.6265014326,636655.7316919948
2017-07-11 18:01:39.866500020,-1.5322,0.0316,-0.1505,-573726.9298566257,539.0232686304163,-276499.9364202707,636879.1843271434
2017-07-11 18:01:40.267782986,-1.6386,0.5846,-0.379,-574153.0629922996,555.2491097107547,-276658.5783386883,637331.9519790275
2017-07-11 18:01:40.467864990,-0.2552,0.3076,-0.3812,-574365.5456507654,563.3517218591036,-276737.69337577344,637557.7215678652
2017-07-11 18:01:40.664839740,0.4782,-0.4675,0.2413,-574574.7099205706,571.310362674491,-276815.57040184067,637779.9649508714
2017-07-11 18:01:40.666592001,-1.1142,-0.0572,0.0228,-574576.5706213276,571.381161501851,-276816.2631853664,637781.9420047163
2017-07-11 18:01:40.866531014,-0.3831,-0.5713,0.1686,-574788.8982986073,579.4367133931814,-276895.3054309647,638007.5419020836
2017-07-11 18:01:41.267944991,-0.5955,0.5792,-0.3898,-575215.2807299034,595.7030290496086,-277054.0599421157,638460.5909354858
2017-07-11 18:01:41.466691017,-0.5564,-0.5,0.0051,-575426.4109865077,603.7369736966649,-277132.6614586145,638684.923108634
2017-07-11 18:01:41.665310020,-0.9068,0.6917,-0.2122,-575637.4420778893,611.7930708961652,-277211.2211103238,638909.1485666909
2017-07-11 18:01:41.666616976,-1.9796,-0.1543,-0.4436,-575638.830711497,611.8460814946649,-277211.73805058183,638910.6240246372
2017-07-11 18:01:41.867460012,0.0641,0.6435,-0.3493,-575852.2227540031,620.0183036614073,-277291.1915791705,639137.3653611711
2017-07-11 18:01:42.468937993,0.4018,-0.5728,0.1027,-576491.1367168594,644.284975071497,-277529.0991846015,639816.2601172638
2017-07-11 18:01:42.665839910,-4.0374,1.1756,0.1902,-576700.4503381302,652.2745751904152,-277606.97406894475,640038.6448754789
2017-07-11 18:01:42.668359994,0.1332,0.3162,-0.2883,-576703.129274676,652.3768335083513,-277607.97076625243,640041.4911110786
2017-07-11 18:01:42.868166029,-3.8655,1.0341,-0.2145,-576915.6843280728,660.525715733947,-277687.002940396,640267.299430456
2017-07-11 18:01:43.268311977,-1.4251,0.311,-0.8746,-577341.5905604287,676.8950501649906,-277845.4184993144,640719.7881748416
2017-07-11 18:01:43.467319011,0.1546,0.4998,-0.1547,-577553.4029916036,685.0559054491732,-277924.2104057542,640944.8255025054
2017-07-11 18:01:43.668214976,-1.7043,-0.1916,-0.3944,-577767.2946839577,693.2864889563676,-278003.7661053057,641172.0684974577
2017-07-11 18:01:43.682669870,0.3683,-0.6344,0.3083,-577782.6845713588,693.878564474565,-278009.4902434829,641188.4190496502
2017-07-11 18:01:43.868152022,0.2112,-0.6509,0.1324,-577980.1570954933,701.4535593632854,-278082.93662260094,641398.2177040068
2017-07-11 18:01:44.268169999,-0.1346,0.1754,-0.3045,-578406.0555103447,717.8181526001609,-278241.3826465369,641850.720441282
2017-07-11 18:01:44.468174993,-1.8166,0.221,-0.0337,-578619.0731324623,726.0091262464988,-278320.60542436177,642077.0345415762
2017-07-11 18:01:44.668648004,-0.0013,-0.5288,0.1419,-578832.5892737218,734.1980148191993,-278400.00788271177,642303.8765577708
2017-07-11 18:01:44.682319990,-1.9408,0.5944,-0.1859,-578847.1511462014,734.7565969612443,-278405.42305685295,642319.3472446516
2017-07-11 18:01:44.868671000,-1.894,0.419,-0.3593,-579045.6972011019,742.3846972526402,-278479.2450868084,642530.2798516718
2017-07-11 18:01:45.268164992,-1.5546,-0.3014,-0.2666,-579471.5826903951,758.6894995058385,-278637.54520192224,642982.7154376868
2017-07-11 18:01:45.468091011,0.1719,-0.5638,0.2339,-579684.7094138012,766.8266718930506,-278716.7568485415,643209.126878247
2017-07-11 18:01:45.668220996,-1.4109,0.6719,-0.4084,-579898.1100800455,774.999056829704,-278796.06566470844,643435.8281352284
2017-07-11 18:01:45.684099790,0.2646,0.293,-0.2768,-579915.0417350748,775.6475473678709,-278802.3582865843,643453.8151614864
2017-07-11 18:01:45.868167996,-0.6172,0.3727,-0.4756,-580111.3356988324,783.1775272418587,-278875.3189590561,643662.3483611869
2017-07-11 18:01:46.268169999,-0.645,-0.4998,-0.1282,-580538.0089218493,799.4610961621238,-279033.89165016933,644115.6197690193
2017-07-11 18:01:46.468240022,-0.7889,0.6983,-0.0091,-580751.4507351541,807.6336419613152,-279113.20572215633,644342.3635083949
2017-07-11 18:01:46.668277025,-0.2339,0.4821,-0.2036,-580964.8666810113,815.8241300817542,-279192.51485098695,644569.0825935688
2017-07-11 18:01:46.680350060,-0.4775,-0.4581,0.0945,-580977.7472584432,816.3183921004193,-279197.3014610566,644582.7660807795
2017-07-11 18:01:46.868771016,-1.0115,-0.4691,0.4602,-581178.8072458529,824.015566448265,-279271.9885959223,644796.3466147175
2017-07-11 18:01:47.268154025,-1.0402,0.7313,-0.2195,-581605.1462639523,840.4473876001238,-279430.3328174736,645249.2258120182
2017-07-11 18:01:47.468183994,-1.8889,1.329,-0.3137,-581818.7526605143,848.7303995587862,-279509.65167174226,645476.124011095
2017-07-11 18:01:47.668177008,-0.5315,-0.3858,0.085,-582032.3408523826,856.9964503312771,-279588.95247230295,645702.9987429047
2017-07-11 18:01:47.681530230,-0.2859,-0.4286,0.0918,-582046.601854209,857.5482852416424,-279594.2472468546,645718.1468819262
2017-07-11 18:01:47.868305027,-2.1613,-0.4608,-0.4915,-582246.1493872541,865.2508607914673,-279668.32370532566,645930.1033544447
2017-07-11 18:01:48.268513023,-2.7232,0.643,-0.2201,-582674.1620756187,881.858388972946,-279827.0848217891,646384.6797570339
2017-07-11 18:01:48.468442022,0.315,-0.4869,0.2442,-582887.9686715843,890.1354289134799,-279906.3861974619,646611.754762694
2017-07-11 18:01:48.668195009,-2.5182,0.0656,-0.5441,-583101.6875174369,898.4077994977469,-279985.63946865476,646838.7306206458
2017-07-11 18:01:48.680609940,-0.1622,0.8069,-0.2361,-583114.9704713408,898.9220634114654,-279990.5652080753,646852.837555967
2017-07-11 18:01:48.868178009,0.2089,0.5556,-0.0273,-583315.6455110289,906.7112459590526,-280064.98554561764,647065.963060876
2017-07-11 18:01:49.268330991,0.1489,-0.6539,0.1621,-583743.7367310957,923.2237872730593,-280223.7260586512,647520.6090628608
2017-07-11 18:01:49.468151986,-2.1053,0.4225,-0.4126,-583957.593068005,931.486384503412,-280303.0114344867,647747.7258840082
2017-07-11 18:01:49.668163001,0.1758,0.3634,-0.2517,-584171.645739064,939.7713766610809,-280382.3822759486,647975.0575033448
2017-07-11 18:01:49.681610100,-2.8355,-0.0786,-0.3177,-584186.0373964942,940.3283773194754,-280387.71857731714,647990.341930702
2017-07-11 18:01:49.868286013,-1.6775,-0.1217,-0.1341,-584385.8843576933,948.0565555271623,-280461.80308950046,648202.57916794
2017-07-11 18:01:50.268218994,-1.2631,0.7529,-0.3667,-584814.2369151576,964.7337662639832,-280620.5798074304,648657.4845181055
2017-07-11 18:01:50.468299984,-0.2015,0.3275,-0.3713,-585028.5438963504,973.0902568749361,-280700.0284876797,648885.0823305435
2017-07-11 18:01:50.668601989,-0.6524,-0.3442,-0.066,-585243.1137818376,981.4421686852922,-280779.5675771194,649112.9570626252
2017-07-11 18:01:50.681650040,-0.0596,-0.5892,0.2561,-585257.0912796733,981.9861276861099,-280784.74886006286,649127.8012705259
2017-07-11 18:01:50.868882000,-0.3987,-0.6444,0.0626,-585457.6742391523,989.7690337237518,-280859.0950690832,649340.8190244025
2017-07-11 18:01:51.268388986,-0.6787,0.3872,-0.4009,-585885.777301198,1006.437641754707,-281017.7955927882,649795.4742843211
2017-07-11 18:01:51.468165993,-0.914,-0.326,-0.1077,-586099.8905078348,1014.7599159055915,-281097.1594937626,650022.8645720432
2017-07-11 18:01:51.668277025,-0.746,-0.6048,-0.0589,-586314.3915825839,1023.0718859407368,-281176.6584489397,650250.663751642
2017-07-11 18:01:51.684610000,-0.9257,0.6889,-0.2942,-586331.8993135312,1023.7504890785146,-281183.1471974094,650269.256912486
2017-07-11 18:01:51.868162989,-0.4628,0.9124,-0.2804,-586528.6700193089,1031.4074967545507,-281256.0783980384,650478.228837743
2017-07-11 18:01:52.467432022,0.0675,-0.5587,0.0309,-587171.068390156,1056.205671546671,-281494.17516477115,651160.4639231046
2017-07-11 18:01:52.668388009,0.4536,0.5086,-0.1215,-587386.4688434099,1064.5419108202598,-281574.0222926586,651389.2285414895
2017-07-11 18:01:52.688059920,-3.1375,1.3996,1.2498,-587407.5559610532,1065.358500571495,-281581.8381752504,651411.6236136914
2017-07-11 18:01:52.869688987,-2.8215,-0.0174,-0.4996,-587602.3445884052,1072.8974296949614,-281654.01803021383,651618.4868059297
2017-07-11 18:01:53.267096996,-2.3737,0.1458,-0.6383,-588028.9208629001,1089.4157831248822,-281812.04979637166,652071.4914856867
2017-07-11 18:01:53.466884016,0.2586,0.6856,-0.1472,-588243.3611829644,1097.747341246567,-281891.5022227656,652299.222788487
2017-07-11 18:01:53.666326999,-3.6042,0.31,-0.2059,-588457.5755988489,1106.0768832947929,-281970.8260207773,652526.6955555046
2017-07-11 18:01:53.668389790,0.3557,-0.6017,0.2387,-588459.7911657274,1106.1630311927001,-281971.64644680376,652529.0482540869
2017-07-11 18:01:53.866708993,0.3935,-0.4749,0.216,-588672.7829485342,1114.426715455581,-282050.5146944733,652755.2222469718
2017-07-11 18:01:54.266855001,0.3722,0.6657,-0.1057,-589102.4740294238,1131.2068306309995,-282209.6630291218,653211.5265696803
2017-07-11 18:01:54.467209994,-2.5428,0.0303,-0.1803,-589317.7244531233,1139.6099297283522,-282289.3565883317,653440.0966488463
2017-07-11 18:01:54.668087005,0.0137,-0.6317,0.1425,-589533.5351515354,1148.0094327205622,-282369.2520362527,653669.2600156727
2017-07-11 18:01:54.668320050,-1.7133,0.1443,-0.5772,-589533.7855217627,1148.0191773087524,-282369.34472600784,653669.5258772939
2017-07-11 18:01:54.867987990,-1.719,0.2916,-0.7043,-589748.3658754727,1156.3797560308294,-282448.7873916897,653897.3847370598
2017-07-11 18:01:55.266834974,-1.0958,-0.3143,-0.0767,-590177.1754918486,1173.030443715581,-282607.49040543917,654352.7092518365
2017-07-11 18:01:55.466246008,-0.2673,-0.6712,0.1011,-590391.5775352732,1181.3285773658886,-282686.8329350022,654580.3662474288
2017-07-11 18:01:55.667311012,-1.0163,0.8048,-0.3003,-590607.7989743539,1189.7280737795104,-282766.84569361183,654809.9546324378
2017-07-11 18:01:55.668100110,-0.2539,0.3968,-0.2843,-590608.6475553279,1189.7610386185813,-282767.1597111789,654810.85567482
2017-07-11 18:01:55.866603016,0.0045,0.3857,-0.164,-590822.1136259405,1198.068763360294,-282846.1594030837,655037.5219842449
2017-07-11 18:01:56.266194999,-0.5064,-0.6466,0.0239,-591251.9077427268,1214.689203977822,-283005.1842085809,655493.8811066119
2017-07-11 18:01:56.466844022,-0.8602,0.8842,-0.2347,-591467.7569384933,1223.0705027956794,-283085.04553956277,655723.0714314114
2017-07-11 18:01:56.666773021,-1.2369,0.7824,-0.5273,-591682.8810056979,1231.45299931585,-283164.6413671832,655951.4938410445
2017-07-11 18:01:56.683709970,-0.9402,-0.322,-0.0451,-591701.1054718593,1232.1630286238724,-283171.38432626525,655970.8448884012
2017-07-11 18:01:56.867976009,-0.3142,-0.3866,0.1061,-591899.3897603437,1239.8746869341508,-283244.74094708037,656181.383583903
2017-07-11 18:01:57.266825973,-0.2154,0.8566,-0.2187,-592328.6169572459,1256.7030966173031,-283403.5585813248,656637.1500194877
2017-07-11 18:01:57.466853022,-2.5415,1.3286,-0.4874,-592543.9801648568,1265.1958624448941,-283483.2266361261,656865.8226260594
2017-07-11 18:01:57.666845023,-0.5819,-0.5204,0.1106,-592759.3289114608,1273.6663258664942,-283562.87630813924,657094.4749863752
2017-07-11 18:01:57.672019720,-1.7452,-0.5381,-0.3919,-592764.9010036119,1273.8854806314803,-283564.937215653,657100.3913133494
2017-07-11 18:01:57.866768002,-2.9641,-0.6045,-0.8166,-592974.7175606716,1282.110382436092,-283642.5298676923,657323.165743408
2017-07-11 18:01:58.267633974,-3.2871,0.963,-0.2539,-593407.1279846386,1299.1951038188956,-283802.2858321972,657782.2169186965
2017-07-11 18:01:58.466831028,0.269,-0.5009,0.2554,-593621.9893344049,1307.6649142183035,-283881.6611278836,658010.3143063874
2017-07-11 18:01:58.667099950,-0.2716,0.707,-0.2187,-593838.0177340899,1316.2086562872457,-283961.4723090555,658239.6535210459
2017-07-11 18:01:58.667734026,-2.6998,-0.1065,-0.7591,-593838.7017076169,1316.2357067809858,-283961.7250013611,658240.3796395147
2017-07-11 18:01:58.867107987,0.25,0.4998,-0.2856,-594053.7551242176,1324.7611221823588,-284041.19097118627,658468.6910837482
2017-07-11 18:01:59.267799019,0.2651,-0.4426,0.2712,-594485.9153176071,1341.8239812780957,-284200.85384865693,658927.4841216714
2017-07-11 18:01:59.467643022,-1.4087,0.4923,-0.3154,-594701.5107739961,1350.3537158994586,-284280.49804643256,659156.3638026711
2017-07-11 18:01:59.667155981,-0.0718,0.3775,-0.173,-594916.7519519419,1358.8843474589546,-284360.0171989723,659384.8706947392
2017-07-11 18:01:59.681549900,-2.3249,-0.2616,-0.4729,-594932.2810694417,1359.4997380921488,-284365.7542287581,659401.3568958723
2017-07-11 18:01:59.866895973,-1.2782,-0.0789,-0.1489,-595132.2886549971,1367.4212237564698,-284439.6333140205,659613.6868200601
2017-07-11 18:02:00.267690002,-1.3682,0.708,-0.2501,-595565.0066536746,1384.6644463745736,-284599.43029296515,660073.0491158542
2017-07-11 18:02:00.466835021,-0.1987,0.3221,-0.2459,-595780.0218139976,1393.2449675947973,-284678.83936266723,660301.3078171983
2017-07-11 18:02:00.667613029,-0.7995,-0.2335,-0.0141,-595996.832327758,1401.88643627503,-284758.90015507524,660531.4683251888
2017-07-11 18:02:00.672429800,-0.0577,-0.4892,0.2016,-596002.0337284211,1402.0937383461433,-284760.82085131004,660536.9900067498
2017-07-11 18:02:00.866907000,-0.6058,-0.6847,0.0697,-596212.0632689237,1410.4376662178386,-284838.36635390075,660759.9478395738
2017-07-11 18:02:01.267581999,-0.8267,0.3313,-0.5771,-596644.9129639537,1427.6815742992467,-284998.2234583658,661219.4626709548
2017-07-11 18:02:01.466848015,-0.2926,-0.331,0.1168,-596860.1919047758,1436.2442717502192,-285077.7198835897,661448.0008679748
2017-07-11 18:02:01.666830003,-1.5493,-0.5132,-0.291,-597076.3063136145,1444.817211065999,-285157.51358104503,661677.4218677909
2017-07-11 18:02:01.679190150,-0.7696,0.5902,-0.1258,-597089.6636634514,1445.347162902929,-285162.4453535687,661691.6016711879
2017-07-11 18:02:01.867196023,-0.3081,0.8632,-0.2438,-597292.8485301947,1453.4385857884258,-285237.4694379224,661907.2996729879
2017-07-11 18:02:02.467562019,0.1172,-0.5773,0.2484,-597941.6439158069,1479.069139320111,-285476.95704357204,662596.0233634926
2017-07-11 18:02:02.667724013,0.2403,0.3858,-0.13,-598157.9426383817,1487.6298216357234,-285556.80740812805,662825.6389435992
2017-07-11 18:02:02.671259760,-2.3161,0.6053,-0.5937,-598161.763460406,1487.7810487536628,-285558.2179265133,662829.6950076073
2017-07-11 18:02:02.867826998,-1.6879,-0.1405,-0.4585,-598374.2444516472,1496.1829797325095,-285636.6523681854,663055.2557386843
2017-07-11 18:02:03.267951011,-1.19,0.7946,-0.3636,-598806.9523503772,1513.4128123604721,-285796.3684351464,663514.5972864542
2017-07-11 18:02:03.467020988,-0.2759,0.3738,-0.4063,-599022.24441845,1521.9998239290844,-285875.84658497403,663743.1471979631
2017-07-11 18:02:03.668138027,-0.6389,-0.3243,0.0104,-599239.776204625,1530.6620195274927,-285956.14159810793,663974.0712028326
2017-07-11 18:02:03.685080280,-0.3432,-0.7715,0.1889,-599258.1013469785,1531.3915080505,-285962.9056571304,663993.524517977
2017-07-11 18:02:03.868008971,-0.5221,-0.5912,0.0489,-599455.9788253118,1539.2481495165077,-286035.93683778885,664203.5809877495
2017-07-11 18:02:04.268169999,-1.6311,1.3471,-0.5924,-599889.1018808476,1556.6504562723753,-286195.78920892003,664663.3640249548
2017-07-11 18:02:04.467845976,-0.2141,-0.6333,0.2283,-600105.234085404,1565.3087670551615,-286275.54469161027,664892.7956119783
2017-07-11 18:02:04.667725980,-2.3588,-0.382,-0.6631,-600321.6813705913,1573.96066314683,-286355.4081598703,665122.5588252053
2017-07-11 18:02:04.678709740,-0.7519,0.8324,-0.3198,-600333.5756227275,1574.4362005738224,-286359.7968373882,665135.1848414494
2017-07-11 18:02:04.867798984,0.1587,0.8272,-0.2255,-600538.333630866,1582.6523188970916,-286435.35750811646,665352.544880759
2017-07-11 18:02:05.268817007,0.0383,-0.6283,0.269,-600972.5756069598,1599.9759160197952,-286595.56234193995,665813.4970911056
2017-07-11 18:02:05.468089997,-3.1448,-0.0925,-1.0466,-601188.4830494695,1608.5806464785999,-286675.2125342127,666042.684191152
2017-07-11 18:02:05.667968988,0.0777,0.5076,-0.2285,-601405.0439750974,1617.2318238716418,-286755.1140763947,666272.5702041372
2017-07-11 18:02:05.693110220,-2.6175,0.5927,-0.7313,-601432.285153075,1618.3203631845302,-286765.1647355031,666301.4875347554
2017-07-11 18:02:05.867735981,-1.6134,0.5387,-0.6408,-601621.5459007263,1625.897557730507,-286834.9940609516,666502.3944839165
2017-07-11 18:02:06.267835021,-1.841,0.1735,-0.9815,-602055.471034397,1643.2860475976931,-286995.1427281746,666963.0443593177
2017-07-11 18:02:06.467809975,-0.1786,0.3364,-0.2708,-602272.3598733129,1651.9905044883594,-287075.1980443495,667193.2957338515
2017-07-11 18:02:06.667954981,-1.0694,-0.1798,-0.086,-602489.4759852799,1660.6951609248792,-287155.3248818728,667423.7838056482
2017-07-11 18:02:06.677149890,0.1545,-0.5475,0.3233,-602499.4505548057,1661.0950173133638,-287159.0059805096,667434.3727073199
2017-07-11 18:02:06.868008017,-1.0503,-0.9223,-0.0962,-602706.5303036339,1669.3612138553133,-287235.41780932527,667654.2021747524
2017-07-11 18:02:07.268781006,-1.1705,0.3718,-0.5161,-603141.5542315958,1686.7786853582559,-287395.95390377013,668116.0183557167
2017-07-11 18:02:07.467867970,-0.4869,-0.3481,0.0183,-603357.674902932,1695.4171467526762,-287475.7006777276,668345.4471930845
2017-07-11 18:02:07.667930006,-0.8794,-0.6214,-0.4338,-603574.8892704049,1704.0730454812685,-287555.8553917387,668576.0396490443
2017-07-11 18:02:07.678460000,-0.68,0.7611,-0.3316,-603586.3221295141,1704.5287213656395,-287560.0742631967,668588.1766754858
2017-07-11 18:02:07.868167996,-0.2509,0.763,-0.2764,-603792.3051407598,1712.765621532982,-287636.0912481702,668806.8497718847
2017-07-11 18:02:08.268181025,-0.3359,-0.3252,0.0909,-604226.6889638944,1730.0816858279845,-287796.3640134882,669267.9821852339
2017-07-11 18:02:08.467925012,-2.0905,-0.3334,-0.4275,-604443.6791965587,1738.7150516080244,-287876.41226580215,669498.3294898749
2017-07-11 18:02:08.667725980,0.0991,0.5779,-0.2444,-604660.727373948,1747.3739502443948,-287956.49311004655,669728.7439466445
2017-07-11 18:02:08.679669970,-1.2682,0.4937,-0.493,-604673.7025733887,1747.891644787523,-287961.28036840964,669742.5182116084
2017-07-11 18:02:08.868089973,-3.3905,0.3749,-0.6287,-604878.5105826027,1756.071740277168,-288036.823116437,669959.9300134258
2017-07-11 18:02:09.268130004,-2.9873,-0.1047,-0.8511,-605313.8225336041,1773.4223854184218,-288197.3463422057,670422.0157601404
2017-07-11 18:02:09.467797994,0.2923,0.6375,-0.1195,-605531.0837919592,1782.1078552509407,-288277.4714626977,670652.6447421191
2017-07-11 18:02:09.667720019,-2.4022,-0.1246,-0.5291,-605748.717482092,1790.799395379855,-288357.71967284434,670883.6636769421
2017-07-11 18:02:09.677930110,0.4518,-0.6432,0.285,-605759.8320672155,1791.2432084648544,-288361.817948602,670895.4618634379
2017-07-11 18:02:09.868210017,0.0505,-0.6147,0.2524,-605966.966710311,1799.4920551918337,-288438.1861440519,671115.3329658194
2017-07-11 18:02:10.267839014,0.2789,0.366,-0.2454,-606401.9497606095,1816.8748704714526,-288598.615078085,671577.0888980299
2017-07-11 18:02:10.467805027,-0.7486,-0.2677,-0.0968,-606619.6361381442,1825.5621642344186,-288678.8942404754,671808.1717317031
2017-07-11 18:02:10.668031990,-0.6216,-0.7535,0.1771,-606837.6315107183,1834.2305862249566,-288759.27106481843,672039.5762492466
2017-07-11 18:02:10.679100150,-1.3455,0.7842,-0.4286,-606849.6820389291,1834.7098559269896,-288763.71419301536,672052.3680380497
2017-07-11 18:02:10.867931008,-1.054,0.6796,-0.2852,-607055.3103955267,1842.9107781131108,-288839.52736035414,672270.6439859605
2017-07-11 18:02:11.267759978,-1.0685,-0.1677,-0.0708,-607490.8770704617,1860.24853703499,-289000.06488148647,672732.9810184437
2017-07-11 18:02:11.469130992,-1.1146,-0.407,-0.036,-607710.2923224515,1868.9640719068534,-289080.9199208047,672965.876314394
2017-07-11 18:02:11.667895972,-0.1353,1.098,-0.1034,-607926.8733671069,1877.6101943267026,-289160.73266331357,673195.7650611986
2017-07-11 18:02:11.677229760,-0.3457,0.4751,-0.3664,-607937.0438083077,1878.0162482536823,-289164.4806151056,673206.5604469528
2017-07-11 18:02:11.868146002,-1.1488,0.5373,-0.262,-608145.1150912375,1886.3413873285347,-289241.15195215016,673427.415001625
2017-07-11 18:02:12.470564007,-1.7745,-0.5789,-0.0748,-608802.3081720829,1912.4004830682145,-289483.1081939644,674124.8976568822
2017-07-11 18:02:12.670515000,-3.1056,0.1229,-0.2561,-609020.5639448535,1921.054776370065,-289563.4271063439,674356.5200075789
2017-07-11 18:02:12.679169890,-0.5129,-0.3142,-0.037,-609030.0111966972,1921.4293544075203,-289566.9037177641,674366.5458470682
2017-07-11 18:02:12.870468974,0.0898,-0.6473,0.24,-609238.8205728766,1929.6849667843626,-289643.73849732016,674588.1405923208
2017-07-11 18:02:13.270465016,0.5353,0.6023,-0.0468,-609675.3440428191,1947.043372014996,-289804.4033551276,675051.4116092521
2017-07-11 18:02:13.470466971,-2.8641,-0.1555,-0.4102,-609893.7246372809,1955.716525230316,-289884.75377250666,675283.1633091479
2017-07-11 18:02:13.670647025,0.3391,-0.6301,0.2136,-610112.2861082358,1964.372152368475,-289965.16718144045,675515.1061203084
2017-07-11 18:02:13.706430070,-3.57,-0.2809,-0.5067,-610151.3594816393,1965.919023248416,-289979.5420726856,675556.5713806528
2017-07-11 18:02:13.871020019,-1.7457,0.6014,-0.4585,-610331.1311232898,1973.050399875544,-290045.67414912785,675747.346009392
2017-07-11 18:02:14.270470976,-0.6472,-0.1504,-0.1346,-610767.5305000272,1990.333869544712,-290206.1946199639,676210.4503317102
2017-07-11 18:02:14.470979988,-1.3727,-0.544,0.3597,-610986.6413850316,1998.987635455152,-290286.7552591541,676442.9556004083
2017-07-11 18:02:14.670180022,-0.4672,1.1025,-0.2201,-611204.3403926921,2007.628655121196,-290366.7987100374,676673.9643881668
2017-07-11 18:02:14.705339900,-0.1998,0.3728,-0.2237,-611242.765686092,2009.1543024557798,-290380.92708641547,676714.7391036787
2017-07-11 18:02:14.870468020,-2.7928,1.5034,-1.0039,-611423.3059586794,2016.3604880965563,-290447.30828045023,676906.3182349665
2017-07-11 18:02:15.270851016,-2.3952,-0.4011,-1.0002,-611861.4424726747,2033.7688897128075,-290608.4218312983,677371.2540696695
2017-07-11 18:02:15.470573008,-0.2857,0.7094,-0.3528,-612080.008348555,2042.4809738617232,-290688.8037509673,677603.194336231
2017-07-11 18:02:15.670578002,-1.4473,1.0394,-0.8008,-612298.9418227265,2051.2469809329914,-290769.3316037811,677835.5301787574
2017-07-11 18:02:15.704759950,-0.3521,-0.2801,0.137,-612336.3591629694,2052.7448122429605,-290783.0940944433,677875.2380234604
2017-07-11 18:02:15.870540976,0.1274,-0.5315,0.1543,-612517.8282053923,2059.9946243941636,-290849.8373610228,678067.8147060488
2017-07-11 18:02:16.270466029,0.1755,0.7955,-0.1608,-612955.5704776709,2077.6110807635628,-291010.8724847905,678532.3689786426
2017-07-11 18:02:16.470467984,-3.1438,0.5076,0.0939,-613174.6105251578,2086.4413501467525,-291091.40216700913,678764.8051024316
2017-07-11 18:02:16.670460999,0.116,-0.7836,0.2394,-613393.6361419744,2095.239883010099,-291171.918674255,678997.2232005718
2017-07-11 18:02:16.706290000,-3.0968,-0.2962,0.1525,-613432.878833022,2096.8157710379974,-291186.3431123616,679038.8647823456
2017-07-11 18:02:16.870468020,-1.7709,0.9666,0.1269,-613612.747023106,2104.0629636162407,-291252.43630692974,679229.7196419775
2017-07-11 18:02:17.270467996,-0.853,-0.0719,0.1251,-614051.1106891452,2121.7083716535,-291413.4444007913,679694.8313489814
2017-07-11 18:02:17.470546007,-0.291,-0.8029,0.122,-614270.3896773729,2130.502376482615,-291493.97496975254,679927.4873973213
2017-07-11 18:02:17.670525014,-1.0401,0.7911,-0.1722,-614489.6017557054,2139.323667158112,-291574.4725765688,680160.0697114926
2017-07-11 18:02:17.705410240,-0.0832,0.2288,-0.2861,-614527.842185327,2140.862770719816,-291588.515284734,680200.6427226549
2017-07-11 18:02:17.870425999,-0.775,0.4296,-0.4601,-614708.7499918452,2148.154809850511,-291654.95330092683,680392.5879009778
2017-07-11 18:02:18.270528972,-2.0,-0.5598,-0.1068,-615147.705543119,2165.7457285043424,-291816.05833235756,680858.2833381395
2017-07-11 18:02:18.470475971,-0.3744,0.8629,-0.2003,-615367.0836529096,2174.571091644693,-291896.57678300305,681091.0276464926
2017-07-11 18:02:18.670738995,-1.9592,1.2678,-0.5887,-615586.8870736851,2183.461249130936,-291977.24610656826,681324.2218533492
2017-07-11 18:02:18.704960220,-0.455,-0.2979,0.0553,-615624.4479218009,2184.9800627796585,-291991.0309283884,681364.0709338291
2017-07-11 18:02:18.870480000,-0.1632,-0.5091,0.1889,-615806.1251214108,2192.3122489678403,-292057.6995988246,681556.8133802207
2017-07-11 18:02:19.270470976,-0.1283,0.7919,-0.1832,-616245.1822421106,2210.157725693238,-292218.8387572579,682022.6236411992
2017-07-11 18:02:19.470606029,-2.3813,-0.0443,-0.3099,-616464.9593791183,2219.0849163123607,-292299.47697395645,682255.7839398741
2017-07-11 18:02:19.670463025,0.155,-0.5223,0.136,-616684.4249783221,2227.9788418332755,-292379.99772398145,682488.6130695799
2017-07-11 18:02:19.706049790,-2.2222,-0.2348,-0.2686,-616723.5060878408,2229.562207015955,-292394.33568086784,682530.0736576887
2017-07-11 18:02:19.870468974,-2.689,-0.1024,-0.797,-616904.1426549625,2236.874956526427,-292460.60194356396,682721.7064980556
2017-07-11 18:02:20.270592987,-2.0959,0.2845,-0.5752,-617344.0682010711,2254.7165222828853,-292621.95698451216,683188.4015402269
2017-07-11 18:02:20.470466017,0.2029,-0.4961,0.115,-617563.815093869,2263.609059869898,-292702.55370367446,683421.5204278564
2017-07-11 18:02:20.670543015,-1.7326,0.511,-0.4506,-617783.8555930755,2272.5311279249545,-292783.2507086908,683654.9484386999
2017-07-11 18:02:20.707299700,0.2231,0.7815,-0.2051,-617824.2795253126,2274.1712809627857,-292798.0760502595,683697.8320608604
2017-07-11 18:02:20.870465993,-0.0087,0.2157,-0.313,-618003.7252964767,2281.4578132296765,-292863.8954331119,683888.2004964943
2017-07-11 18:02:21.270462989,-0.5144,-0.7819,0.0813,-618443.7132200085,2299.1954140262596,-293025.2365563318,684354.953207616
2017-07-11 18:02:21.471042990,-0.8988,0.743,-0.3188,-618664.3829831462,2308.11989341464,-293106.1544966402,684589.0475264469
2017-07-11 18:02:21.670475006,-1.305,1.152,-0.6686,-618883.8416849327,2317.0391137309157,-293186.635909404,684821.8612492075
2017-07-11 18:02:21.707430240,-0.9705,-0.2372,-0.1012,-618924.5092375554,2318.691542845295,-293201.5494476816,684865.00353277
2017-07-11 18:02:21.870463013,-0.5846,-0.6875,-0.0581,-619103.934920627,2325.9631731100953,-293267.34398628067,685055.3462222262
2017-07-11 18:02:22.468329012,-0.8069,0.7501,-0.4425,-619762.2046379106,2352.8974668964206,-293508.78074486565,685753.6954318734
2017-07-11 18:02:22.667266011,0.1757,-0.5916,0.0799,-619981.233726456,2361.836308838654,-293589.1144881449,685986.0615126676
2017-07-11 18:02:22.706390140,-3.0099,-0.2781,-0.5782,-620024.3138920855,2363.593848774053,-293604.91428315523,686031.7646322597
2017-07-11 18:02:22.867145001,-3.3477,-0.2853,-1.018,-620201.4099938766,2370.8079297640206,-293669.8594503757,686219.6412506974
2017-07-11 18:02:23.267549991,-2.4154,1.2472,-0.5172,-620642.9046663082,2388.976574579257,-293831.7064925554,686687.9888726999
2017-07-11 18:02:23.468303024,-0.124,-0.673,0.2568,-620864.2640343226,2398.05875491954,-293912.84219620714,686922.8077801215
2017-07-11 18:02:23.665119880,-0.1293,0.8891,-0.3658,-621081.2882043435,2406.9973013496383,-293992.4012371024,687153.034031527
2017-07-11 18:02:23.668244004,-3.0912,-0.47,-0.8029,-621084.7331143477,2407.1391805826606,-293993.6641058245,687156.6885078857
2017-07-11 18:02:23.867910981,-0.0493,0.7441,-0.2128,-621304.9039228173,2416.236538618071,-294074.3842322155,687390.256913137
2017-07-11 18:02:24.267193019,0.2621,-0.6824,0.1284,-621745.1465069022,2434.3200968560373,-294235.7830264022,687857.2883472147
2017-07-11 18:02:24.467351973,-1.6723,0.6109,-0.4057,-621965.9058649335,2443.409808205551,-294316.70803829504,688091.4786134015
2017-07-11 18:02:24.667511999,0.182,0.5216,-0.3289,-622186.6591136407,2452.520465638409,-294397.64666066295,688325.670010181
2017-07-11 18:02:24.676320190,-3.4395,0.8149,-0.067,-622196.3737915923,2452.921450126686,-294401.20843021205,688335.9760380221
2017-07-11 18:02:24.867882013,-2.7549,-0.0486,-0.3901,-622407.7511186975,2461.6403358598495,-294478.684629118,688560.2108942057
2017-07-11 18:02:25.267185986,-1.8197,0.3276,-0.4459,-622848.6499620556,2479.8667843761514,-294640.25217330403,689027.9157621785
2017-07-11 18:02:25.466633975,-0.0701,0.3578,-0.3081,-623068.8769246772,2488.984930161914,-294720.96565939457,689261.5381967626
2017-07-11 18:02:25.668353021,-1.5581,-0.1569,-0.1963,-623291.6749484894,2498.2005173054267,-294802.6061943423,689497.8822918128
2017-07-11 18:02:25.677769780,0.2408,-0.6793,0.252,-623302.0757065249,2498.6306641552706,-294806.41736016836,689508.9154260416
2017-07-11 18:02:25.868535995,-0.653,-0.816,-0.0479,-623512.7996957083,2507.3149524012956,-294883.62631224404,689732.4489102352
2017-07-11 18:02:26.267620980,-1.38,0.7499,-0.4074,-623953.8563511311,2525.60201302841,-295045.2131611543,690200.312467538
2017-07-11 18:02:26.467247009,-0.4115,-0.4079,0.2448,-624174.4933993577,2534.7331161509774,-295126.0306535662,690434.353904587
2017-07-11 18:02:26.666450977,-1.5583,-0.7102,0.194,-624394.725800666,2543.8167314492034,-295206.6695785685,690667.9537772997
2017-07-11 18:02:26.675359960,-0.5884,0.8401,-0.1173,-624404.5752832948,2544.223043922536,-295210.27599601995,690678.4011095578
2017-07-11 18:02:26.867148995,-0.34,0.7061,-0.0237,-624616.6235256606,2552.995949396966,-295287.9143851937,690903.3192530428
2017-07-11 18:02:27.267410993,0.2798,-1.0124,0.2741,-625059.1214812862,2571.142728267553,-295449.90109444543,691372.6637484332
2017-07-11 18:02:27.467468976,-3.122,-0.0927,-0.4596,-625280.4146908136,2580.20909720777,-295530.8832940334,691607.3723258398
2017-07-11 18:02:27.668649971,-0.1469,0.6193,-0.2591,-625502.9560604536,2589.3514250186427,-295612.3305684988,691843.409136278
2017-07-11 18:02:27.672540060,-3.4298,0.9857,0.7488,-625507.2592312171,2589.528218406837,-295613.9054432369,691847.9732562248
2017-07-11 18:02:27.868028998,-4.0176,0.4262,-0.2189,-625723.660334758,2598.428917599805,-295693.05610854004,692077.4771413788
2017-07-11 18:02:28.267497003,-2.7792,0.0122,-0.5733,-626166.3043809114,2616.6188221854577,-295854.8864546946,692546.8946397991
2017-07-11 18:02:28.467136025,0.1969,0.4028,-0.3218,-626387.5133100346,2625.7255034022614,-295935.77597535553,692781.4913573283
2017-07-11 18:02:28.667263984,-2.1484,-0.3228,-0.0985,-626609.3500491312,2634.841559313546,-296016.86754801875,693016.7428222629
2017-07-11 18:02:28.675010080,0.4793,-0.6184,0.1809,-626617.9363702553,2635.194365681968,-296020.00624456827,693025.8483832306
2017-07-11 18:02:28.867262005,0.1369,-0.5437,0.1781,-626831.0369528009,2643.9306427852166,-296097.8996070138,693251.8340460793
2017-07-11 18:02:29.267911016,0.0512,0.2398,-0.4655,-627275.1259136673,2662.17535507658,-296260.30247530254,693722.8103431413
2017-07-11 18:02:29.467261016,-1.2583,-0.3996,-0.3061,-627496.1402342347,2671.237454021033,-296341.1210586925,693957.2044072464
2017-07-11 18:02:29.668253004,-0.5376,-0.4614,0.0529,-627718.9967033591,2680.3555553048454,-296422.6031842178,694193.5485199231
2017-07-11 18:02:29.672490000,-1.3743,0.5829,-0.4132,-627723.6946365277,2680.547779195419,-296424.3208692573,694198.5307873603
2017-07-11 18:02:29.868436992,-0.7756,0.5302,-0.3561,-627940.9882209288,2689.457852818653,-296503.7717696559,694428.977322412
2017-07-11 18:02:30.267266988,-0.2932,-0.3549,-0.1026,-628383.3136533423,2707.5369411134743,-296665.5022450283,694898.0787543863
2017-07-11 18:02:30.468118011,-0.7475,-0.1624,-0.2837,-628606.0991589656,2716.6350293226124,-296746.96125331766,695134.3517758361
2017-07-11 18:02:30.667280972,-0.3349,0.635,-0.3147,-628827.0255372887,2725.6818400525685,-296827.7481183416,695368.6572175745
2017-07-11 18:02:30.673589700,-0.6196,0.2824,-0.4266,-628834.0236725507,2725.9684199787507,-296830.3071571126,695376.0791679727
2017-07-11 18:02:30.867555022,-1.2713,1.4321,-0.8727,-629049.2330306112,2734.8333571234807,-296909.0190487842,695604.3289704303
2017-07-11 18:02:31.267323017,-3.4617,-0.0444,-0.7964,-629493.3388123151,2753.0971466501032,-297071.3737520169,696075.3150743715
2017-07-11 18:02:31.467258989,0.04,0.3865,-0.3101,-629715.4478431205,2762.246866021835,-297152.58460769674,696310.8743937905
2017-07-11 18:02:31.667212009,-2.0383,-0.1765,-0.567,-629937.6573062636,2771.390308881809,-297233.82505735295,696546.5378960496
2017-07-11 18:02:31.672630070,-0.3509,-0.4244,-0.0539,-629943.6784530598,2771.638053277295,-297236.0264045908,696552.9236126002
2017-07-11 18:02:31.867608010,0.3215,-0.7587,0.0695,-630160.3472166169,2780.5247045213073,-297315.24290554784,696782.7123183988
2017-07-11 18:02:32.467106997,0.3373,0.4529,-0.2093,-630826.417788543,2808.011277276016,-297558.8852311902,697489.1715914215
2017-07-11 18:02:32.666522026,-0.2123,-0.6074,0.1392,-631047.9853749869,2817.130150657073,-297639.9239384684,697724.1721412643
2017-07-11 18:02:32.670819870,-1.7559,0.3051,-0.5118,-631052.7606890372,2817.326688597448,-297641.67051498673,697729.2369751158
2017-07-11 18:02:32.866518020,-1.5278,0.4493,-0.4407,-631270.2584851112,2826.29305990788,-297721.2160572936,697959.9198170002
2017-07-11 18:02:33.266624987,-0.9619,0.048,-0.1293,-631715.0890486866,2844.632586345656,-297883.8684709199,698431.7037202289
2017-07-11 18:02:33.466584980,-0.6365,-0.7553,0.1321,-631937.4258395055,2853.7678643674685,-297965.1513898716,698667.5071952848
2017-07-11 18:02:33.666220180,0.1778,0.3735,-0.1951,-632159.3944048383,2862.903189597906,-298046.31005735474,698902.9253678723
2017-07-11 18:02:33.666651010,-0.4898,0.7455,-0.3829,-632159.8734322601,2862.9229045569596,-298046.4852048383,698903.4334215324
2017-07-11 18:02:33.867316007,-0.2127,0.2959,-0.3583,-632382.9956059052,2872.1173326836733,-298128.07698126603,699140.0807234689
2017-07-11 18:02:34.266678988,-1.4051,-0.577,-0.2195,-632827.2769048614,2890.3240346273237,-298290.4957412521,699611.2750788179
2017-07-11 18:02:34.467239975,-0.4322,0.8622,-0.1339,-633050.4133572545,2899.5021630245515,-298372.06819379376,699847.9292266471
2017-07-11 18:02:34.666959880,-0.7466,-0.4728,-0.1884,-633272.6438345237,2908.6229425247857,-298453.3060751638,700083.6217365642
2017-07-11 18:02:34.668000996,-2.4228,1.1145,-0.5388,-633273.8022980733,2908.6704892664993,-298453.72955911624,700084.8503780242
2017-07-11 18:02:34.866095006,-0.1452,-0.2916,0.1962,-633494.2298220659,2917.705804739487,-298534.2985049508,700318.6272039739
2017-07-11 18:02:35.267180979,0.1191,0.6333,-0.3506,-633940.5158684346,2936.101716389937,-298697.48489678226,700791.9704423627
2017-07-11 18:02:35.466530978,-2.8392,0.2972,-0.5315,-634162.4442923222,2945.256766389077,-298778.6138341937,701027.3463802356
2017-07-11 18:02:35.666166007,0.1316,-0.6146,0.2835,-634384.684783965,2954.400411892442,-298859.84747085394,701263.049932439
2017-07-11 18:02:35.667759770,-3.6687,-0.2659,-0.6886,-634386.4590243617,2954.4734084458346,-298860.495991879,701264.9316564328
2017-07-11 18:02:35.867075026,-3.3697,-0.1656,-0.7903,-634608.4785658761,2963.5957445809363,-298941.63112412323,701500.3940031572
2017-07-11 18:02:36.266553997,-2.4176,0.0933,-0.307,-635053.8485660263,2981.8941385797625,-299104.2957623862,701972.693211558
2017-07-11 18:02:36.466606974,0.4529,-0.6178,0.1929,-635276.8649450312,2991.0329701677483,-299185.748012658,702209.1947749685
2017-07-11 18:02:36.666646003,-2.5018,0.029,-0.8349,-635499.9658860535,3000.1723250351774,-299267.22799298953,702445.7853996727
2017-07-11 18:02:36.680149790,0.1493,0.4865,-0.2555,-635515.026457763,3000.789372860304,-299272.728407707,702461.7566523211
2017-07-11 18:02:36.866654992,0.6557,0.3224,-0.3788,-635723.0101126176,3009.32283583984,-299348.70960374165,702682.3261986905
2017-07-11 18:02:37.266526997,-0.0018,-0.7516,0.2111,-636168.9327671131,3027.4986234135727,-299511.5815102946,703155.2205770503
2017-07-11 18:02:37.467480003,-1.3934,0.7819,-0.4199,-636393.0844879505,3036.6643188637045,-299593.44865581713,703392.9298704665
2017-07-11 18:02:37.660030240,-1.7674,0.1087,-0.2422,-636607.9289222761,3045.4507845676662,-299671.9015393354,703620.7632733645
2017-07-11 18:02:37.666492998,0.1466,0.3506,-0.3349,-636615.1399568057,3045.745708230355,-299674.5347466575,703628.4102882488
2017-07-11 18:02:37.866644024,-0.6716,-0.4097,-0.0045,-636838.4919432888,3054.8630544138523,-299756.08511760546,703865.2623719377
2017-07-11 18:02:38.268005013,-0.1983,0.5204,-0.1725,-637286.4095466154,3073.229815402553,-299919.6451053565,704340.2629797886
2017-07-11 18:02:38.467828989,-3.6242,1.2565,-0.3378,-637509.5571892563,3082.424172150726,-300001.08954467817,704576.8876243477
2017-07-11 18:02:38.667836010,0.0865,-0.5418,0.2871,-637732.905781861,3091.6052776950864,-300082.5971048424,704813.7216494556
2017-07-11 18:02:38.679399960,-0.6104,-0.7354,-0.0528,-637745.8193699453,3092.1360099462563,-300087.3096932197,704827.4149519593
2017-07-11 18:02:38.866696000,-2.6488,-0.2367,-0.3412,-637955.0678037057,3100.7237355032735,-300163.64931357425,705049.288626942
2017-07-11 18:02:39.266646027,-3.3127,0.0768,0.1559,-638402.4246449051,3119.074160782475,-300326.6392116886,705523.5464789975
2017-07-11 18:02:39.467395007,0.2579,-0.5203,0.07,-638626.9583782718,3128.263916225026,-300408.4467509426,705761.5835974116
2017-07-11 18:02:39.666761994,-2.545,0.1958,-0.3945,-638850.0475366225,3137.398190197237,-300489.7067922783,705998.0810123056
2017-07-11 18:02:39.669929980,-0.2896,0.6493,-0.0252,-638853.5924761358,3137.5433423694553,-300490.99803275696,706001.8390178684
2017-07-11 18:02:39.866910994,0.2698,0.6114,0.0231,-639074.00147269,3146.5924281259436,-300571.2846941565,706235.4972563473
2017-07-11 18:02:40.268245995,0.2372,-0.4278,0.1083,-639523.0311392986,3164.960400054932,-300734.84569209267,706711.5194655999
2017-07-11 18:02:40.466686010,-2.773,-0.0244,-0.7812,-639745.1629690607,3174.041479451802,-300815.7491588864,706947.0015663448
2017-07-11 18:02:40.666751980,0.1191,0.4568,-0.2153,-639969.1101099498,3183.2152504099117,-300897.32414089516,707184.4133105611
2017-07-11 18:02:40.686510200,-2.5863,0.0752,-0.2825,-639991.2278088088,3184.1212678509637,-300905.3804760389,707207.8607452725
2017-07-11 18:02:40.866913974,-2.0626,0.1207,-0.1797,-640193.2420936939,3192.397650075374,-300978.9452414436,707422.0127362756
2017-07-11 18:02:41.266658008,-1.1369,0.4469,-0.8862,-640641.0530100444,3210.8081158385,-301142.0938414707,707896.7642063356
2017-07-11 18:02:41.467324018,0.0352,0.4617,-0.215,-640865.8465168414,3220.0685077762596,-301224.0008533398,708135.0865216575
2017-07-11 18:02:41.666130180,0.2129,-0.5202,0.1128,-641088.5481382938,3229.2225105934644,-301305.1442619437,708371.191107317
2017-07-11 18:02:41.666553974,-1.5188,-0.2151,-0.3317,-641089.0228703858,3229.242024092194,-301305.31723496027,708371.6944112154
2017-07-11 18:02:41.866046011,-0.313,-0.4697,0.2683,-641312.5053903095,3238.4088970605085,-301386.72993625776,708608.621062326
2017-07-11 18:02:42.467914998,0.1556,0.3666,-0.2071,-641986.6974805237,3266.1982217403674,-301632.42769406684,709323.4165240773
2017-07-11 18:02:42.667860984,-0.5344,-0.6448,0.0566,-642210.691179728,3275.4042931975027,-301714.0483118569,709560.8973777778
2017-07-11 18:02:42.670760270,-1.149,0.5788,-0.7042,-642213.939175551,3275.537789285242,-301715.2318449839,709564.3409490499
2017-07-11 18:02:42.868098020,-0.5875,0.8415,-0.1351,-642435.0344794015,3284.6568712792314,-301795.79341004713,709798.7485318016
2017-07-11 18:02:43.267542004,-0.3144,-0.4058,0.0807,-642882.6178146409,3303.0506418191817,-301958.8503596673,710273.2697647293
2017-07-11 18:02:43.468334019,-0.1643,-0.7051,0.0685,-643107.6150841997,3312.268372152063,-302040.81286661024,710511.8073179213
2017-07-11 18:02:43.667594015,-0.6781,0.823,-0.0927,-643330.922575221,3321.44844914905,-302122.1536900637,710748.5516774605
2017-07-11 18:02:43.676509730,-0.1241,1.024,-0.53,-643340.9142843093,3321.859285097753,-302125.793256505,710759.1446419478
2017-07-11 18:02:43.868028998,-0.9323,0.6398,-0.7227,-643555.5812735717,3330.707956330544,-302204.00161576015,710986.7357387432
2017-07-11 18:02:44.267993986,-2.2381,-0.0416,-0.6989,-644004.2455304894,3349.1806885589267,-302367.44218494935,711462.406150914
2017-07-11 18:02:44.467616975,-0.5093,0.5461,-0.208,-644228.1946763078,3358.422212344104,-302449.02385109285,711699.836900452
2017-07-11 18:02:44.667882978,-2.7923,0.8044,-0.7468,-644452.9771834341,3367.725766036009,-302530.8982548833,711938.147437215
2017-07-11 18:02:44.675470230,-0.1615,-0.4941,0.1741,-644461.4932738492,3368.078210829542,-302534.00012797944,711947.1760580487
2017-07-11 18:02:44.868052005,0.2536,-0.6698,0.1967,-644677.6416826119,3376.999222838476,-302612.72545257345,712176.3316869213
2017-07-11 18:02:45.267548978,0.2635,0.4596,-0.2837,-645125.9838799979,3395.578568630141,-302776.0807263163,712651.6821638322
2017-07-11 18:02:45.468477010,-1.2831,-0.2399,0.0156,-645351.5305448761,3404.913413211026,-302858.2400523772,712890.8085952498
2017-07-11 18:02:45.667600989,0.3193,-0.6812,0.2538,-645575.0394554675,3414.137434105229,-302939.6516392182,713127.7728693774
2017-07-11 18:02:45.669620030,-2.1199,0.2261,-0.7278,-645577.3057589906,3414.2309630714385,-302940.47712454305,713130.1756093008
2017-07-11 18:02:45.868008971,-2.3022,0.4433,-0.3909,-645800.0810775773,3423.4384728405444,-303021.60386866145,713366.3554317085
2017-07-11 18:02:46.267804026,-1.6472,-0.1034,-0.3862,-646249.2830468763,3441.976996569793,-303185.15289137384,713842.5736659395
2017-07-11 18:02:46.468608021,-0.3934,-0.5424,0.032,-646474.9183835977,3451.2664206083086,-303267.2969320967,714081.7773389025
2017-07-11 18:02:46.667764008,-1.2304,0.606,-0.3062,-646698.750721796,3460.503641741968,-303348.7789575883,714319.0680400782
2017-07-11 18:02:46.676479930,0.3075,0.4768,-0.2307,-646708.5465636279,3460.9079384632505,-303352.34497877414,714329.4529041343
2017-07-11 18:02:46.867537021,-2.2008,1.0536,-0.2068,-646923.3563383474,3469.8087712466304,-303430.52138154587,714557.17045934
2017-07-11 18:02:47.267652988,-0.402,-0.5618,-0.0531,-647373.2800559213,3488.3591511278605,-303594.2486265816,715034.125184993
2017-07-11 18:02:47.468514978,-0.9689,0.6359,-0.1249,-647599.1850973725,3497.697272554853,-303676.4462872978,715273.5997187884
2017-07-11 18:02:47.667647004,-0.4257,0.2306,-0.2325,-647823.1613670642,3506.9641116580874,-303757.94522370026,715511.0317021131
2017-07-11 18:02:47.679479830,-0.4081,-0.3412,0.1145,-647836.4705451966,3507.514718125921,-303762.78803859325,715525.1404562488
2017-07-11 18:02:47.867651998,-0.3268,-0.4406,0.2428,-648048.1320559802,3516.2551667427047,-303839.792572244,715749.5127920011
2017-07-11 18:02:48.267648994,-0.4914,0.771,-0.124,-648498.138898164,3534.958069503509,-304003.5007111566,716226.5427415922
2017-07-11 18:02:48.468379020,-3.8073,0.6122,-0.1168,-648724.11871275,3544.368392478445,-304085.65888174897,716466.0722494004
2017-07-11 18:02:48.667365014,0.1497,-0.5708,0.1866,-648948.1291864751,3553.6743533009203,-304167.0958370028,716703.5127344861
2017-07-11 18:02:48.676900140,-0.8031,-0.6841,-0.1729,-648958.8635229912,3554.120219518898,-304170.9981958664,716714.8906357791
2017-07-11 18:02:48.867542028,-3.0226,-0.2695,-0.254,-649173.5918501395,3563.0249139056446,-304249.0297902628,716942.4800013351
2017-07-11 18:02:49.268774986,-3.5065,0.1887,-0.3052,-649626.0826478656,3581.7964876907167,-304413.3075083942,717422.0085212684
2017-07-11 18:02:49.467828989,0.141,-0.7305,0.2847,-649850.5603763652,3591.0802303391483,-304494.7953588501,717659.8965243388
2017-07-11 18:02:49.668174982,-2.6698,-0.1382,-0.6343,-650076.6022731984,3600.41868337508,-304576.83757833927,717899.4371268053
2017-07-11 18:02:49.677949780,0.0914,0.6926,-0.1411,-650087.6307549683,3600.874368805637,-304580.8403977217,717911.1242307158
2017-07-11 18:02:49.868309974,0.2527,0.4452,-0.1734,-650302.396770647,3609.7647889436043,-304658.7999518825,718138.7206073772
2017-07-11 18:02:50.267624020,0.2587,-0.7701,0.6002,-650752.8650774622,3628.2912178039933,-304822.2381493183,718616.0677121314
2017-07-11 18:02:50.467918992,-2.2041,0.5657,-0.4138,-650978.9073287928,3637.6067250788356,-304904.23495975765,718855.592220072
2017-07-11 18:02:50.668169975,0.4621,0.5779,-0.0556,-651204.8814060572,3646.9433605254535,-304986.2159915535,719095.04914705
2017-07-11 18:02:50.674819940,-3.1176,0.359,-0.6444,-651212.3857253375,3647.2534288064385,-304988.93845858175,719103.0012187074
2017-07-11 18:02:50.867654025,-3.3432,-0.0483,-0.4725,-651430.1184870304,3656.2429181771486,-305067.90147231054,719333.7138581943
2017-07-11 18:02:51.267664015,-1.1319,0.6362,-0.2669,-651881.9587547714,3674.9922772489244,-305231.74299197824,719812.4829760293
2017-07-11 18:02:51.467809975,-0.2638,0.2491,-0.3881,-652108.0486862308,3684.3835426770593,-305313.73703683674,720052.053581442
2017-07-11 18:02:51.667657971,-0.8334,-0.2161,0.0229,-652333.8353153773,3693.7521961477673,-305395.60809980385,720291.2979824241
2017-07-11 18:02:51.675719970,0.0062,-0.7067,0.2511,-652342.9436954176,3694.1300878299226,-305398.91081576486,720300.9492661828
2017-07-11 18:02:51.867763996,-0.4225,-0.7044,0.0699,-652559.9290357563,3703.105826734649,-305477.5818855884,720530.8647175231
2017-07-11 18:02:52.468200981,-0.5535,0.66,-0.4187,-653238.5460628486,3731.40695053949,-305723.7025815376,721249.9592931008
2017-07-11 18:02:52.668434023,-1.4234,-0.1405,-0.1114,-653464.9075650189,3740.839143972953,-305805.78309733904,721489.8171646198
2017-07-11 18:02:52.676509730,-0.8692,0.848,-0.1043,-653474.0371297494,3741.2196141664526,-305809.0935377709,721499.4910720643
2017-07-11 18:02:52.868257999,0.042,0.972,-0.2345,-653690.806480478,3750.289174257191,-305887.70471705485,721729.189546229
2017-07-11 18:02:53.268211007,0.1068,-0.5123,0.2805,-654142.9319598561,3769.1247253104093,-306051.62887731206,722208.267241997
2017-07-11 18:02:53.468191027,-2.9819,-0.4532,-0.8048,-654369.1179263648,3778.5245420427586,-306133.6245840717,722447.9329643244
2017-07-11 18:02:53.668205022,-0.5563,0.6336,-0.2823,-654595.3645751678,3787.9513032755276,-306215.645514824,722687.6652167471
2017-07-11 18:02:53.683320160,-1.9633,0.9233,-0.2961,-654612.4625739102,3788.663898355027,-306221.8439371794,722705.7823454161
2017-07-11 18:02:53.868251025,-2.7417,0.8341,-0.6938,-654821.7471309892,3797.410890605246,-306297.704194173,722927.5374750738
2017-07-11 18:02:54.268311977,-3.3471,-1.2242,-0.6516,-655275.0281258329,3816.137327797193,-306461.9169807207,723407.7909097426
2017-07-11 18:02:54.468104004,-0.0674,0.6402,-0.1376,-655501.4011438193,3825.514939613373,-306543.93099053117,723647.6373852063
2017-07-11 18:02:54.669058978,-2.6564,-0.0637,-0.4661,-655729.1991042545,3834.94456412749,-306626.4412089626,723888.9858301412
2017-07-11 18:02:54.683220020,0.055,-0.3357,0.0884,-655745.2517264145,3835.6089904808923,-306632.25558162027,723905.9933590402
2017-07-11 18:02:54.868255019,0.0128,-0.6237,0.2782,-655955.0025850962,3844.2693511925804,-306708.21945172246,724128.2177228726
2017-07-11 18:02:55.268209993,0.409,0.4832,-0.1261,-656408.3157081234,3863.0661008211046,-306872.4362770885,724608.509718945
2017-07-11 18:02:55.468376994,-2.2256,0.0423,-0.2186,-656635.2762395067,3872.4750770827995,-306954.6312606077,724848.9689015854
2017-07-11 18:02:55.668209016,0.2393,-0.7643,0.2223,-656861.8473970527,3881.8377867777717,-307036.6798139478,725089.013833229
2017-07-11 18:02:55.681999920,-2.0283,0.1618,-0.7398,-656877.4840209476,3882.4839613930253,-307042.34232903353,725105.5803662664
2017-07-11 18:02:55.868198990,-1.5902,0.7508,-0.8508,-657088.6583683704,3891.2343735395743,-307118.8247581385,725329.3177461635
2017-07-11 18:02:56.268206000,-1.2124,-0.0322,-0.4603,-657542.5131604897,3910.0275225481946,-307283.20378244604,725810.1764617552
2017-07-11 18:02:56.468200981,-0.2725,-0.7173,-0.0772,-657769.4417845262,3919.395006017551,-307365.3928795892,726050.6077008438
2017-07-11 18:02:56.668204009,-0.6725,0.7686,-0.2321,-657996.4064400796,3928.793611327999,-307447.59456797485,726291.0778144894
2017-07-11 18:02:56.681759710,-0.1575,0.4405,-0.0482,-658011.7895611625,3929.430706045609,-307453.16600002785,726307.3763294696
2017-07-11 18:02:56.869153022,-1.4245,1.1609,-0.5663,-658224.4950573121,3938.2786370462736,-307530.20507592626,726532.7404639915
2017-07-11 18:02:57.268200993,-1.2174,-0.5941,-0.0932,-658677.6383601723,3957.025414655832,-307694.27212677215,727012.8296154685
2017-07-11 18:02:57.468207001,-0.4538,0.7719,-0.2598,-658904.7755306328,3966.452326133503,-307776.5142265313,727253.4762175863
2017-07-11 18:02:57.668202996,-1.7076,1.1398,-0.5129,-659131.969631077,3975.9243558410867,-307858.7727241418,727494.1823186226
2017-07-11 18:02:57.683029890,-0.6598,-0.2422,-0.0556,-659148.813027635,3976.626520560728,-307864.87104860676,727512.0274607145
2017-07-11 18:02:57.868656992,-0.1567,-0.519,0.1794,-659359.691378042,3985.399473731856,-307941.2135814833,727735.4444062407
2017-07-11 18:02:58.268202006,0.2128,0.7459,-0.1915,-659813.553377159,4004.401509380106,-308105.5643294134,728216.3134827368
2017-07-11 18:02:58.468204975,-3.6849,1.0432,-0.1787,-660040.8935697338,4013.9552170282755,-308187.8416509268,728457.1632994446
2017-07-11 18:02:58.668202996,-0.0154,-0.6092,0.243,-660268.2287539836,4023.4843208034667,-308270.1072171218,728698.0042045253
2017-07-11 18:02:58.679910180,-2.2616,-0.2997,-0.1485,-660281.5364697896,4024.042080102828,-308274.92277572624,728712.1024999849
2017-07-11 18:02:58.868636012,-2.7872,0.0526,-0.075,-660496.1629712546,4033.035320575642,-308352.5547304013,728939.4657188018
2017-07-11 18:02:59.268200993,-1.3038,-0.2792,-0.147,-660950.7722698482,4052.0309794529826,-308516.93837278825,729421.0331366144
2017-07-11 18:02:59.468200027,0.0616,-0.6672,0.4408,-661178.3208298346,4061.5124158115377,-308599.201649562,729662.0690958318
2017-07-11 18:02:59.668205022,-1.3924,0.5534,-0.2819,-661405.9318707206,4071.0162718713755,-308681.4786547678,729903.1683393051
2017-07-11 18:02:59.683550230,0.1463,0.387,-0.1549,-661423.3950939531,4071.7455380294136,-308687.79132237745,729921.6664826615
2017-07-11 18:02:59.868295013,-0.4859,0.2367,-0.3495,-661633.6557742036,4080.5334337538784,-308763.8030294473,730144.3906977911
2017-07-11 18:03:00.268203973,-0.4524,-0.6907,0.1446,-662088.8702332109,4099.445745972408,-308928.31912521314,730626.5693907136
2017-07-11 18:03:00.468066990,-1.3148,0.5248,-0.2754,-662316.425870801,4108.918539909551,-309010.55054760823,730867.6019222467
2017-07-11 18:03:00.668265998,0.0933,0.2419,-0.2625,-662544.3603142026,4118.416953886945,-309092.9307306812,731109.0415047838
2017-07-11 18:03:00.682979820,-1.0896,-0.11,0.0578,-662561.112815063,4119.115025302374,-309098.9853303367,731126.7865805287
2017-07-11 18:03:00.868829011,-0.8628,-0.1638,0.0928,-662772.7422081181,4127.9266557762085,-309175.4573228296,731350.9492735515
2017-07-11 18:03:01.268206000,-0.456,0.8418,-0.0645,-663227.5917916892,4146.996505740729,-309339.8006053266,731832.7324822013
2017-07-11 18:03:01.468205988,-2.1684,1.3419,-0.0322,-663455.4580787335,4156.5999802182105,-309422.1017138784,732074.0804091423
2017-07-11 18:03:01.668106973,0.0786,-0.5773,0.0409,-663683.2084276533,4166.175631690372,-309504.360447764,732315.3059334466
2017-07-11 18:03:01.687130090,-1.242,-0.8847,0.5733,-663704.882214706,4167.086556362101,-309512.18820332247,732338.2619612429
2017-07-11 18:03:01.868426024,-3.107,0.0257,-0.1103,-663911.5419401951,4175.768782741811,-309586.7926554121,732557.1341219738
2017-07-11 18:03:02.465319991,-3.1481,0.9867,0.1301,-664593.0646001516,4204.705460478525,-309832.3720398491,733278.7463348915
2017-07-11 18:03:02.666077971,-2.8349,-0.2088,-0.7202,-664822.4006623458,4214.42954243269,-309914.99868676026,733521.569041993
2017-07-11 18:03:02.682029720,0.3447,0.5039,0.052,-664840.6230697038,4215.202322952223,-309921.56398929935,733540.8631016467
2017-07-11 18:03:02.865598976,0.0539,0.8643,-0.1324,-665050.3207516323,4224.124437892693,-309997.12052372034,733762.8956905042
2017-07-11 18:03:03.265314996,0.2496,-0.6474,0.1668,-665506.8906807904,4243.448612882856,-310161.61574334034,734246.3185336806
2017-07-11 18:03:03.465636014,-1.1653,1.0926,-0.2558,-665735.751271414,4253.176928798802,-310244.064159805,734488.6380205584
2017-07-11 18:03:03.653079740,-2.3765,0.1829,-0.0563,-665949.9834513974,4262.286302882176,-310321.21449977456,734715.4576515042
2017-07-11 18:03:03.665569007,-0.1955,0.4762,-0.3659,-665964.2576480798,4262.893329484786,-310326.3550393578,734730.5705878244
2017-07-11 18:03:03.865397989,-1.0974,0.0709,0.0613,-666192.6894274305,4272.608620787285,-310408.6015171149,734972.4175278895
2017-07-11 18:03:04.265309989,-0.6172,0.76,-0.1951,-666649.9420924796,4292.1731006238615,-310573.23023213254,735456.5244653509
2017-07-11 18:03:04.466646015,-1.1205,1.0613,-0.2242,-666880.1917443646,4302.065875186406,-310656.12178260705,735700.2948978645
2017-07-11 18:03:04.653920170,-0.7181,-0.5913,0.0647,-667094.3853016965,4311.246972870401,-310733.221686295,735927.0621542963
2017-07-11 18:03:04.665880978,-0.9376,-0.5222,0.0722,-667108.0655296698,4311.833275641578,-310738.14588531473,735941.5454430999
2017-07-11 18:03:04.865432977,-1.1197,-0.3975,0.2564,-667336.348614078,4321.59921822677,-310820.29013817507,736183.2184741462
2017-07-11 18:03:05.266525983,-2.2953,1.2116,-0.1216,-667795.5594219291,4341.423361006839,-310985.4169682798,736669.3197815296
2017-07-11 18:03:05.465466022,-0.4112,-0.2918,0.1031,-668023.3418616424,4351.244483820014,-311067.3149343587,736910.4375845318
2017-07-11 18:03:05.652999870,-0.5698,0.7423,0.0781,-668238.0844758144,4360.528620247873,-311144.5145487341,737137.748787512
2017-07-11 18:03:05.667737007,-3.878,0.0038,-0.2374,-668254.9606254075,4361.258204515962,-311150.5812453579,737155.6125967675
2017-07-11 18:03:05.865535020,0.136,0.8898,0.0286,-668481.4625872347,4371.085307049653,-311232.00574779505,737395.3712977357
2017-07-11 18:03:06.265453994,0.2948,-0.5459,0.1508,-668939.3696453082,4390.866978423301,-311396.61019675847,737880.0775304321
2017-07-11 18:03:06.465951025,-2.5355,0.0227,-0.1873,-669169.0405867156,4400.785315811704,-311479.1412006763,738123.178876163
2017-07-11 18:03:06.650879740,-3.2,0.1614,-0.0155,-669380.9873341123,4409.939027735647,-311555.2643168406,738347.5038829317
2017-07-11 18:03:06.665943026,0.2752,0.4282,-0.2111,-669398.2512994473,4410.684736417438,-311561.46493921516,738365.7761690149
2017-07-11 18:03:06.866357982,-1.6647,0.014,-0.1235,-669628.0128570212,4420.606850565034,-311643.9683307125,738608.9495563159
2017-07-11 18:03:07.265704989,-0.9964,0.7104,-0.373,-670085.9948304881,4440.4909566116485,-311808.424142118,739093.6691610148
2017-07-11 18:03:07.466811001,-0.7349,0.457,-0.4443,-670316.6583788253,4450.522819190078,-311891.2599408345,739337.8034978329
2017-07-11 18:03:07.652869930,-0.0746,-0.6319,0.2489,-670530.0658831155,4459.782206223033,-311967.8892122751,739563.6705585966
2017-07-11 18:03:07.665136992,-0.519,-0.4704,0.2744,-670544.1361437129,4460.392616618418,-311972.9414199068,739578.5622888221
2017-07-11 18:03:07.865520000,-1.8554,-0.4489,0.3152,-670774.0489822086,4470.345672967764,-312055.45680184814,739821.8818730846
2017-07-11 18:03:08.265312016,-1.6903,0.9628,-0.4342,-671233.0272906303,4490.357294773302,-312220.15588368196,740307.6157749625
2017-07-11 18:03:08.465430021,0.0758,-0.6095,0.242,-671462.768271299,4500.349808975815,-312302.58718748036,740550.7465980661
2017-07-11 18:03:08.657209750,-0.0093,0.9325,-0.0351,-671682.937023546,4509.960263982637,-312381.58513395576,740783.7487154821
2017-07-11 18:03:08.665430009,-2.2271,-0.198,-0.3184,-671692.3742724031,4510.372183760503,-312384.9712462944,740793.7360517313
2017-07-11 18:03:08.866124987,0.0457,0.6608,-0.2193,-671922.7798253793,4520.455688586754,-312467.6509223753,741037.5762677928
2017-07-11 18:03:09.264715015,0.1527,-0.3005,0.2242,-672380.3522462479,4540.434279997337,-312631.82117749105,741521.8198023536
2017-07-11 18:03:09.465308010,-2.1529,0.5609,-0.4042,-672610.7151372068,4550.511203852465,-312714.457178206,741765.6051596496
2017-07-11 18:03:09.651800030,-3.1405,0.0377,-0.2784,-672824.9935595372,4559.881066934542,-312791.2938441609,741992.3570889664
2017-07-11 18:03:09.665311992,0.2737,0.4043,-0.2765,-672840.5186880704,4560.5600182359985,-312796.86096453946,742008.7860162985
2017-07-11 18:03:09.865311980,-2.2661,0.0567,-0.0985,-673070.4076041619,4570.611918712776,-312879.2677420326,742252.0463215541
2017-07-11 18:03:10.265309989,-1.3634,0.8057,-0.0892,-673530.4013172158,4590.844531522569,-313044.0947584061,742738.7714500653
2017-07-11 18:03:10.465312004,-0.1065,0.2812,-0.2233,-673760.4058958734,4600.972238430574,-313126.51843930833,742982.1465206506
2017-07-11 18:03:10.655729770,0.0905,-0.5905,0.2903,-673979.38519838,4610.593207008655,-313204.98178863246,743213.8520367637
2017-07-11 18:03:10.665315985,-0.8527,-0.2091,0.1471,-673990.4093671825,4611.0775368917875,-313208.93186103384,743225.5168873868
2017-07-11 18:03:10.866787016,-0.5807,-0.5765,0.1489,-674222.1250767439,4621.233173812995,-313291.94347935764,743470.6931602081
2017-07-11 18:03:11.264665007,0.1242,0.2403,-0.1787,-674679.7125486478,4641.327221997275,-313455.90846860426,743954.879678187
2017-07-11 18:03:11.465312004,-0.6335,-0.3545,0.0302,-674910.4961098019,4651.446233465304,-313538.59361253853,744199.0751108002
2017-07-11 18:03:11.665314972,-1.2291,-0.5812,-0.079,-675140.5880762328,4661.509516630205,-313621.0165169775,744442.5332690479
2017-07-11 18:03:11.669649830,-1.1291,0.5777,-0.1642,-675145.5751034496,4661.727638766659,-313622.8029514858,744447.8100024825
2017-07-11 18:03:11.865418970,-0.5257,1.0221,-0.178,-675370.8173990472,4671.617556848058,-313703.48802110855,744686.1375112769
2017-07-11 18:03:12.465808987,-0.4588,-0.4455,-0.0101,-676061.7618580718,4701.787632676195,-313950.938784108,745417.2017179411
2017-07-11 18:03:12.653089880,-1.9326,0.8897,-1.1641,-676277.3573687115,4711.229851944883,-314028.1674394126,745645.3243477636
2017-07-11 18:03:12.665813982,0.1835,0.6789,-0.2034,-676292.0051721272,4711.871478243668,-314033.4144853821,745660.823300991
2017-07-11 18:03:12.865890979,-2.4256,-0.0991,0.6123,-676522.4280352932,4721.95660534131,-314115.89585200296,745904.6108825563
2017-07-11 18:03:13.265619993,-2.1378,0.4445,-0.0971,-676983.1259092154,4742.176461567053,-314280.698902994,746391.9873004798
2017-07-11 18:03:13.465570986,-0.0034,0.6313,-0.2107,-677213.5746594286,4752.31600410618,-314363.1445094078,746635.785933307
2017-07-11 18:03:13.664629930,0.147,-0.6814,0.0933,-677442.9894750369,4762.383310607795,-314445.2186011272,746878.4906427435
2017-07-11 18:03:13.664833009,-1.9658,0.1027,0.0994,-677443.2235230356,4762.393581230853,-314445.30233272613,746878.7382494053
2017-07-11 18:03:13.865571975,-0.0556,-0.6616,0.2351,-677674.5768793911,4772.519198269997,-314528.05963747494,747123.4900519957
2017-07-11 18:03:14.265783011,-0.3028,0.2682,-0.2225,-678135.8719828802,4792.7494852373975,-314693.08758984524,747611.5105416981
2017-07-11 18:03:14.465835988,-1.1694,-0.0643,-0.0948,-678366.5057750945,4802.8593994608045,-314775.5836946359,747855.5018893831
2017-07-11 18:03:14.652449720,-1.2944,0.6237,-0.3622,-678581.6910282134,4812.311865670802,-314852.55045409006,748083.1493033696
2017-07-11 18:03:14.665620982,-0.2022,-0.5486,0.1719,-678596.8789131725,4812.978928845656,-314857.98276487493,748099.2167805248
2017-07-11 18:03:14.865568995,-1.2252,0.787,-0.193,-678827.4895092518,4823.136829596468,-314940.4563635869,748343.1794416347
2017-07-11 18:03:15.265707015,-0.5911,0.0088,0.0044,-679289.0844471403,4843.466334020718,-315105.5026730509,748831.4878729386
2017-07-11 18:03:15.465570986,-1.7547,-0.462,0.1934,-679519.7154778448,4853.602214103785,-315187.9335291589,749075.4532221206
2017-07-11 18:03:15.665816009,-0.8196,0.7468,-0.2262,-679750.8190840718,4863.787364055395,-315270.530614554,749319.9182905601
2017-07-11 18:03:15.665850040,-0.6681,0.3602,-0.2067,-679750.8583593899,4863.78909498941,-315270.5446516642,749319.9598366808
2017-07-11 18:03:15.867632985,-1.1544,0.5077,-0.2746,-679983.7838952848,4874.07314310639,-315353.7872813975,749566.350700373
2017-07-11 18:03:16.265834987,-3.0786,-0.508,-0.4607,-680443.9313899524,4894.2873130590715,-315518.13279742206,750053.0580816858
2017-07-11 18:03:16.465553998,0.324,0.6043,-0.2827,-680674.7063631582,4904.449874579252,-315600.5718961267,750297.1614582492
2017-07-11 18:03:16.665540090,-0.4803,-0.337,0.1105,-680905.8091573275,4914.612548203156,-315683.1168199181,750541.6075114238
2017-07-11 18:03:16.665659010,-3.474,0.6521,-0.1288,-680905.9465806545,4914.618591358355,-315683.16590454493,750541.752869427
2017-07-11 18:03:16.865567982,0.4245,-0.6497,0.2988,-681136.94337343,4924.751397136243,-315765.66705873935,750786.0849119897
2017-07-11 18:03:17.267289996,0.2588,0.3443,-0.2752,-681601.0953653902,4945.1690838083805,-315931.499576574,751277.0596293155
2017-07-11 18:03:17.465557992,-2.2084,0.3038,-0.3021,-681830.2621937598,4955.258078731562,-316013.35730537906,751519.4628359636
2017-07-11 18:03:17.665777981,0.1934,-0.5686,0.1269,-682061.6774680538,4965.423608016397,-316096.01585475664,751764.243989692
2017-07-11 18:03:17.666159980,-1.8759,0.3074,-0.6611,-682062.1189847006,4965.443002838173,-316096.17355880345,751764.7110077937
2017-07-11 18:03:17.866262972,-1.9462,0.3958,-0.5785,-682293.4771048613,4975.618463781981,-316178.8070216702,752009.4305848734
2017-07-11 18:03:18.265026986,-1.2109,-0.1951,-0.0017,-682754.7186949062,4995.865036497004,-316343.4787494955,752497.2831279566
2017-07-11 18:03:18.464887022,0.3199,-0.5441,0.1454,-682985.8796374933,5005.990860424802,-316426.0062101725,752741.7811805155
2017-07-11 18:03:18.655590290,-0.4715,0.3139,-0.1811,-683206.4668801717,5015.664176419356,-316504.75918692275,752975.0964421
2017-07-11 18:03:18.665562987,-1.6654,0.5635,-0.484,-683218.0025048251,5016.170091907537,-316508.8775681279,752987.2976939984
2017-07-11 18:03:18.865822017,-0.2557,0.284,-0.2114,-683449.6565166402,5026.340633377681,-316591.5861446554,753232.3210739598
2017-07-11 18:03:19.266698002,-0.0551,-0.5396,0.2511,-683913.3874324963,5046.613179670857,-316757.1107714295,753722.7985395165
2017-07-11 18:03:19.466120004,-1.0661,0.6201,-0.2342,-684144.119996631,5056.722734390542,-316839.4628888381,753966.8378744947
2017-07-11 18:03:19.659919970,-1.4824,-0.168,0.0295,-684368.403504856,5066.540974229844,-316919.49225590617,754204.0480698644
2017-07-11 18:03:19.664803028,-1.3955,0.6485,-0.1058,-684374.0546711093,5066.788373815673,-316921.5087089431,754210.02494912
2017-07-11 18:03:19.865740001,-0.4797,-0.3232,0.1179,-684606.6185310761,5076.9557735976505,-317004.48063445825,754455.9883510794
2017-07-11 18:03:20.265910029,0.364,0.4473,-0.1349,-685069.715851819,5097.275983860274,-317169.74249728175,754945.7883553889
2017-07-11 18:03:20.467431008,-3.1727,0.8166,-0.2771,-685303.055130265,5107.542168475358,-317252.97770547046,755192.568965602
2017-07-11 18:03:20.658119910,-2.9832,-0.4499,-0.74,-685523.9605227854,5117.240169762812,-317331.7657953097,755426.1950585045
2017-07-11 18:03:20.665560007,0.1945,-0.4635,0.1375,-685532.5795639455,5117.618530417318,-317334.83985768724,755435.3104340067
2017-07-11 18:03:20.865813016,-3.0361,-0.6839,-0.733,-685764.686049878,5127.7748244791055,-317417.6087969732,755680.7772347572
2017-07-11 18:03:21.266251027,-2.7667,0.1651,-0.3304,-686229.2638391375,5148.110437354705,-317583.1715466061,756172.0547863963
2017-07-11 18:03:21.465839982,0.139,-0.5506,0.2177,-686460.8162283571,5158.224314107009,-317665.68375219795,756416.9129049988
2017-07-11 18:03:21.660210250,0.0682,0.8348,-0.1759,-686686.3116005398,5168.105280148834,-317746.04514231585,756655.3700697055
2017-07-11 18:03:21.665898025,-2.0878,-0.0089,-0.7504,-686692.9102438502,5168.394422393908,-317748.3967479854,756662.3480232046
2017-07-11 18:03:21.865559995,0.2121,0.3186,-0.0873,-686924.5386100505,5178.557087135781,-317830.95029753144,756907.2943004098
2017-07-11 18:03:22.463633000,0.2577,-0.4657,0.2952,-687618.2724681541,5208.832038241748,-318078.12789999455,757640.8885558227
2017-07-11 18:03:22.652250050,-1.8792,-0.1238,-0.3669,-687837.1253790358,5218.375585252888,-318156.09449679236,757872.3130969333
2017-07-11 18:03:22.664599001,-0.4487,0.3069,-0.2497,-687851.4539711692,5219.000457828893,-318161.1990876325,757887.4647999599
2017-07-11 18:03:22.864434003,-1.4661,-0.0957,-0.2453,-688083.382758894,5229.108540584778,-318243.8131403417,758132.7125293807
2017-07-11 18:03:23.264142990,-1.386,0.6776,-0.3358,-688547.507015511,5249.4349362453095,-318409.1110116245,758623.4823412984
2017-07-11 18:03:23.463634014,-1.569,0.7845,-0.3631,-688779.2095402128,5259.610871052613,-318491.62408624345,758868.4850581478
2017-07-11 18:03:23.651559820,-0.0569,-0.5246,0.2307,-688997.4814389091,5269.17834319145,-318569.34543131455,759099.2830441275
2017-07-11 18:03:23.664430022,-0.4579,-0.2937,0.0555,-689012.4299855757,5269.833528124582,-318574.66821110965,759115.0894599978
2017-07-11 18:03:23.864434003,-2.5204,-0.2285,-0.1449,-689244.8324309628,5280.006014662723,-318657.3904362667,759360.8167241396
2017-07-11 18:03:24.264430999,-3.5339,1.0363,-0.4663,-689710.1899948718,5300.516235502244,-318822.904957891,759852.8057333955
2017-07-11 18:03:24.464514017,0.1277,-0.6131,0.1954,-689942.9619953766,5310.751135400655,-318905.68936969416,760098.8972475462
2017-07-11 18:03:24.644419780,-0.2955,0.8129,-0.228,-690152.2698037254,5319.980213190523,-318980.13281534426,760320.184419431
2017-07-11 18:03:24.664579987,-3.2054,-0.0889,-0.5128,-690175.7261013498,5321.014385832962,-318988.47514271,760344.9831277188
2017-07-11 18:03:24.864436984,-0.4229,0.7297,-0.2724,-690408.2755859109,5331.295740267416,-319071.18718266656,760590.8441481119
2017-07-11 18:03:25.265200018,-0.0976,-0.4464,0.1973,-690874.6108720008,5351.840718728744,-319237.01372564444,761083.8594262031
2017-07-11 18:03:25.463541984,-3.5108,0.1579,-0.4468,-691105.5433689831,5362.014862794776,-319319.1006546569,761327.9919467202
2017-07-11 18:03:25.653030270,-2.3992,1.0548,-0.3698,-691326.2535400585,5371.772722182502,-319397.5366275059,761561.3115039596
2017-07-11 18:03:25.664435982,0.039,0.5579,-0.1011,-691339.5385601436,5372.360141536078,-319402.2578724325,761575.3555388006
2017-07-11 18:03:25.864526987,-2.9824,0.3812,-0.2873,-691572.7177702289,5382.680532005062,-319485.09442274785,761821.8445096744
2017-07-11 18:03:26.264429986,-2.5154,0.039,-0.6615,-692039.1533093543,5403.313158952888,-319650.75780306756,762314.8906261093
2017-07-11 18:03:26.464267015,0.1456,0.7405,-0.2224,-692272.2317492535,5413.653138174432,-319733.5509543109,762561.2723560288
2017-07-11 18:03:26.645790100,0.2843,-0.5755,0.1607,-692483.9404882345,5423.026553148521,-319808.75128197524,762785.0643842242
2017-07-11 18:03:26.664460003,-3.4783,0.3835,-0.1713,-692505.7162403504,5423.990755654248,-319816.4858004893,762808.082869507
2017-07-11 18:03:26.864497005,0.1313,-0.565,0.0754,-692739.0253303301,5434.299008601142,-319899.353588619,763054.70658908
2017-07-11 18:03:27.264465987,-0.1511,0.4218,-0.219,-693205.5451922659,5454.977580063187,-320065.08069278905,763547.8639512962
2017-07-11 18:03:27.464555978,-2.2115,0.4594,-0.3392,-693439.0167170136,5465.34071273086,-320148.0015390003,763794.6600651124
2017-07-11 18:03:27.646479720,-2.2567,0.2767,-0.5057,-693651.3659584823,5474.772130238485,-320223.41070573486,764019.1250158336
2017-07-11 18:03:27.664435982,-0.4937,-0.5215,0.2964,-693672.3254414637,5475.702863150049,-320230.8536560294,764041.2803235718
2017-07-11 18:03:27.863825976,-1.8923,0.6792,-0.1215,-693905.1390444882,5486.064913675333,-320313.5065238965,764287.3683126144
2017-07-11 18:03:28.264437973,-1.0534,-0.0508,-0.01,-694373.0744180959,5506.87606906934,-320479.5732847739,764781.9617732033
2017-07-11 18:03:28.464433014,-0.3962,-0.5132,0.0977,-694606.6947377941,5517.244966037292,-320562.4738553636,765028.8883505309
2017-07-11 18:03:28.644360180,-0.1019,0.424,-0.2061,-694816.8764582734,5526.587155051337,-320637.0627004956,765251.0443991667
2017-07-11 18:03:28.664483010,-0.9966,0.8259,-0.2221,-694840.3833234912,5527.632308257655,-320645.40471390873,765275.8904997712
2017-07-11 18:03:28.864546000,-0.2245,0.2565,-0.236,-695074.0996823667,5538.033582122695,-320728.3512092696,765522.9252835123
2017-07-11 18:03:29.264797985,-0.6042,-0.929,0.3459,-695541.7763947436,5558.693853517866,-320894.24102815223,766017.2163292066
2017-07-11 18:03:29.464179992,-0.4095,0.9839,-0.1102,-695774.7617157648,5569.024699210586,-320976.88196359685,766263.4611096906
2017-07-11 18:03:29.644639730,-1.1174,0.0291,-0.0126,-695985.6720477471,5578.376047819746,-321051.6803047051,766486.3700037722
2017-07-11 18:03:29.664601027,-1.3648,0.8712,-0.1922,-696009.0021376574,5579.410781065302,-321059.9540932998,766511.0273203596
2017-07-11 18:03:29.863713026,-0.0715,-0.545,0.2243,-696241.7203534311,5589.710537854322,-321142.4754385038,766756.9807672913
2017-07-11 18:03:30.264437973,0.0062,0.6748,-0.1654,-696710.078849727,5610.547781379096,-321308.5811994143,767251.9902675918
2017-07-11 18:03:30.464576005,-1.3118,0.7921,-0.458,-696944.048320044,5620.986460186757,-321391.55939121207,767499.2745439127
2017-07-11 18:03:30.646799800,-1.2457,-0.5398,-0.1027,-697157.1166854108,5630.472854686571,-321467.11366429273,767724.464073755
2017-07-11 18:03:30.664499998,-0.1559,-0.3819,0.1621,-697177.8130009216,5631.394190224649,-321474.45253207866,767746.3377783534
2017-07-11 18:03:30.864417016,-2.4852,-0.1639,-0.657,-697411.6693545048,5641.793774857898,-321557.3685163261,767993.4945271213
2017-07-11 18:03:31.264590978,-2.6093,1.5346,-0.3974,-697880.197547142,5662.856376523298,-321723.40510912944,768488.6384754118
2017-07-11 18:03:31.464673995,0.0164,-0.6647,0.2041,-698114.45634582,5673.360858639214,-321806.41359004483,768736.2024844016
2017-07-11 18:03:31.644369720,0.3321,0.4124,-0.0813,-698324.834816059,5682.808311942733,-321880.96661630983,768958.5332779891
2017-07-11 18:03:31.664687991,-3.567,-0.2247,-0.5004,-698348.6238705054,5683.876446687161,-321889.39656484243,768983.6737760875
2017-07-11 18:03:31.864564001,0.1736,0.577,-0.1097,-698582.6359264147,5694.40701177746,-321972.32849951676,769230.9833908891
2017-07-11 18:03:32.466818988,0.3162,-0.5809,0.1943,-699287.6330096656,5725.92641069919,-322222.1437976367,769976.032008183
2017-07-11 18:03:32.647820230,-2.0815,-0.2568,-0.4389,-699499.5804737444,5735.390813019281,-322297.23747063417,770200.017574607
2017-07-11 18:03:32.667394995,0.4086,0.5531,-0.2106,-699522.5018273086,5736.414572907389,-322305.35871660867,770224.2409015254
2017-07-11 18:03:32.866811990,-3.3218,0.4544,0.4943,-699756.1441339098,5746.86214865918,-322388.0738699587,770471.127201594
2017-07-11 18:03:33.266719996,-1.4961,0.8101,-0.1169,-700224.9263590071,5767.943124891362,-322553.96835764876,770966.4578732566
2017-07-11 18:03:33.466970980,0.2475,0.3842,-0.184,-700459.6556752921,5778.514674826848,-322637.0461770884,771214.4863956282
2017-07-11 18:03:33.666710130,0.0804,-0.929,0.2115,-700693.7818246372,5789.022141146082,-322719.9032147929,771461.8750113504
2017-07-11 18:03:33.667263984,-1.0814,-0.1181,0.085,-700694.4310302165,5789.051277121751,-322720.1329679312,771462.5609932651
2017-07-11 18:03:33.867725014,-0.5359,-0.7083,0.2052,-700929.4249930911,5799.568242737288,-322803.2812050693,771710.8604715283
2017-07-11 18:03:34.269173026,-0.6778,0.7673,0.0904,-701400.1387099004,5820.753425913242,-322969.78126745904,772208.2072632116
2017-07-11 18:03:34.467748999,-0.7828,-0.1249,-0.0858,-701633.0077821106,5831.227736562401,-323052.1437879471,772454.2500577464
2017-07-11 18:03:34.666805982,-0.6811,-0.5464,0.0819,-701866.4679200851,5841.705768723577,-323134.70256974857,772700.9125927987
2017-07-11 18:03:34.669059750,-1.2046,0.5901,-0.4202,-701869.1112144738,5841.824406361325,-323135.63732100726,772703.7053724045
2017-07-11 18:03:34.867093980,-0.9966,0.5771,-0.1216,-702101.411458203,5852.271498313921,-323217.7768729254,772949.1395557453
2017-07-11 18:03:35.266802012,-0.3006,-0.2785,0.1544,-702570.3293013911,5873.313189120227,-323383.54091052746,773444.5538978948
2017-07-11 18:03:35.466812014,-0.6593,-0.6957,0.0207,-702804.9975927415,5883.81441525666,-323466.48679063667,773692.4789540634
2017-07-11 18:03:35.666869997,-0.6236,0.8618,-0.1162,-703039.7471378384,5894.352652554562,-323549.45721957757,773940.4891307288
2017-07-11 18:03:35.673549770,-1.1796,0.5765,-0.107,-703047.5852864553,5894.704541432072,-323552.22753935115,773948.7700516246
2017-07-11 18:03:35.867293000,-1.8908,0.8824,-0.1477,-703274.9975532787,5904.94401157563,-323632.584721341,774189.0211316354
2017-07-11 18:03:36.268378973,-1.5158,-0.3207,0.0706,-703746.028793724,5926.090104987185,-323798.92827875394,774686.606016484
2017-07-11 18:03:36.467298984,-0.6705,0.8352,-0.0757,-703979.6649393451,5936.610633193312,-323881.4299514758,774933.4117595752
2017-07-11 18:03:36.661569830,-0.1771,-0.3468,0.1226,-704207.8472172926,5946.8721866354335,-323961.9987653393,775174.4539232777
2017-07-11 18:03:36.666706025,-1.8733,0.8754,-0.5186,-704213.8800230369,5947.143507973445,-323964.12888318894,775180.8267340261
2017-07-11 18:03:36.867395997,0.0014,-0.4869,0.2226,-704449.6038081081,5957.72541691725,-324047.3514327283,775429.8322660213
2017-07-11 18:03:37.266803026,0.1615,0.87,-0.0724,-704918.7082942801,5978.923995247652,-324212.989948849,775925.380231237
2017-07-11 18:03:37.466818988,-3.6639,0.8586,0.1613,-705153.774087077,5989.5742170854455,-324295.93232931633,776173.6737572919
2017-07-11 18:03:37.665630100,-2.7124,-0.341,-0.3428,-705387.5311077192,6000.146806126837,-324378.38863348746,776420.5753432842
2017-07-11 18:03:37.667756974,0.463,-0.7736,0.2088,-705390.0318296765,6000.25990779801,-324379.2707470672,776423.216689218
2017-07-11 18:03:37.867895007,-2.1216,0.1302,-0.5242,-705625.433794189,6010.90794715165,-324462.2982957614,776671.8527453884
2017-07-11 18:03:38.266807973,-3.4824,0.6783,-0.3344,-706095.1886073748,6032.239443132004,-324627.84112276084,777167.960301509
2017-07-11 18:03:38.467014014,0.3051,-0.8059,0.1869,-706330.9364547357,6042.912970578249,-324710.91610004375,777416.9329418568
2017-07-11 18:03:38.666736006,-2.5022,0.0145,-0.7253,-706566.2141316851,6053.561270447169,-324793.8191538503,777665.4071752075
2017-07-11 18:03:38.681449770,0.3751,0.4862,-0.0869,-706583.5472453777,6054.345849012601,-324799.92674227274,777683.7125421272
2017-07-11 18:03:38.866671025,0.3283,0.4601,-0.1099,-706801.7303935278,6064.238142892936,-324876.8146594885,777914.1377908197
2017-07-11 18:03:39.267733991,0.1391,-0.6823,0.2475,-707274.1439742786,6085.548358506831,-325043.2616600318,778413.0462575536
2017-07-11 18:03:39.466809988,-1.3799,0.7616,-0.3314,-707508.6910293689,6096.156313189146,-325125.8942461092,778660.7464828428
2017-07-11 18:03:39.667047977,-0.1567,0.3147,-0.104,-707744.6134013509,6106.83880370114,-325209.0133224398,778909.900838959
2017-07-11 18:03:39.667859910,-2.242,-0.2437,-0.4532,-707745.5700302911,6106.882119329922,-325209.350357291,778910.9111230451
2017-07-11 18:03:39.867568016,-0.5921,-0.1473,-0.049,-707980.8920673581,6117.530426799514,-325292.25150619785,779159.4295142596
2017-07-11 18:03:40.267306029,-0.7189,0.7646,-0.338,-708452.0302026151,6138.966375760842,-325458.24139651743,779656.9969539705
2017-07-11 18:03:40.466795980,-0.9136,0.8972,-0.386,-708687.1888667211,6149.699728579223,-325541.094301481,779905.349737757
2017-07-11 18:03:40.666814029,-0.6373,-0.3996,-0.0142,-708922.9955491122,6160.445508285387,-325624.16710616346,780154.3840232969
2017-07-11 18:03:40.680620070,-0.68,-0.532,0.0302,-708939.2719934946,6161.187123322388,-325629.9011156781,780171.5735029321
2017-07-11 18:03:40.866837978,-1.1654,-0.2143,-0.2624,-709158.8514777223,6171.18270452027,-325707.2513771475,780403.4685499746
2017-07-11 18:03:41.266692996,-1.8994,1.1228,-0.4384,-709630.645575895,6192.825159702548,-325873.41124397406,780901.7123682752
2017-07-11 18:03:41.467540025,-0.2507,-0.5231,0.0854,-709867.637691621,6203.675055401292,-325956.8698391899,781151.9888097566
2017-07-11 18:03:41.666800022,-2.0356,0.2233,-0.4266,-710102.8379904642,6214.448084556754,-326039.68590798613,781400.3690004793
2017-07-11 18:03:41.667089810,-0.4768,0.849,-0.1729,-710103.1800472402,6214.463752070688,-326039.80634914944,781400.7302256122
2017-07-11 18:03:41.867622971,-0.171,1.0456,-0.4477,-710339.8900534688,6225.347711700544,-326123.1695816492,781650.7123346634
2017-07-11 18:03:42.467176020,-0.025,-0.6322,0.0598,-711047.6134412915,6257.661267105637,-326372.38706429367,782398.109623953
2017-07-11 18:03:42.668035984,-0.094,0.3412,-0.1721,-711284.7160099209,6268.500596178837,-326455.88589324406,782648.507801159
2017-07-11 18:03:42.676169990,-3.2407,0.866,0.5284,-711294.3179074026,6268.939601914484,-326459.26721892034,782658.6480990318
2017-07-11 18:03:42.867497980,-0.9004,-0.2004,-0.0155,-711520.2065833479,6279.258553555545,-326538.80328766705,782897.1985624513
2017-07-11 18:03:43.267414987,-1.1147,0.6413,-0.1782,-711992.5411997844,6300.929966569455,-326705.0794265734,783395.9977978531
2017-07-11 18:03:43.467342972,-0.0995,0.4887,-0.1205,-712228.6764402983,6311.783553210775,-326788.20962367754,783645.3662879468
2017-07-11 18:03:43.666688024,-1.3543,-0.0695,-0.3229,-712464.1769955612,6322.602732065808,-326871.11026837473,783894.0626993867
2017-07-11 18:03:43.671719900,-0.5201,-0.8235,0.1208,-712470.1215234302,6322.875809372535,-326873.2028467986,783900.3403248633
2017-07-11 18:03:43.867399990,-0.7023,-0.5527,0.1766,-712701.319800849,6333.474103331686,-326954.5724807229,784144.4870724666
2017-07-11 18:03:44.267708003,0.0234,0.4207,-0.1969,-713174.2845735427,6355.222733492036,-327121.0640776863,784643.9572164527
2017-07-11 18:03:44.467167973,-0.7597,-0.2328,-0.0298,-713409.977178399,6366.050079969501,-327204.0224059008,784892.8553693845
2017-07-11 18:03:44.667163014,-0.4838,-0.6287,0.2422,-713646.3214029047,6376.881325116572,-327287.19359047577,785142.4353298338
2017-07-11 18:03:44.675860040,-0.8838,0.5614,-0.3156,-713656.599183917,6377.352377361862,-327290.81041379925,785153.2887044545
2017-07-11 18:03:44.867747008,-0.8222,0.7934,-0.2411,-713883.3934385473,6387.774659350337,-327370.61912872497,785392.784128527
2017-07-11 18:03:45.267167985,-0.698,-0.1077,-0.1051,-714355.586790947,6409.451905426899,-327536.7611687872,785891.4144906441
2017-07-11 18:03:45.467047989,-1.1833,-0.6483,0.082,-714591.931142689,6420.273827463597,-327619.8994239495,786140.9838373878
2017-07-11 18:03:45.667200028,-0.7165,0.6912,-0.2651,-714828.6258606917,6431.138168096653,-327703.1614497044,786390.9243576968
2017-07-11 18:03:45.671610230,-0.8352,0.4448,-0.2902,-714833.8412698142,6431.3775644505695,-327704.99607244454,786396.43163787
2017-07-11 18:03:45.867326974,-1.0532,0.6559,-0.2825,-715065.3319843698,6442.02666352952,-327786.42411423003,786640.8764786156
2017-07-11 18:03:46.267947018,-1.6704,-0.2608,-0.3717,-715539.4472219646,6463.782851822555,-327953.16192518926,787141.5104263016
2017-07-11 18:03:46.467721998,0.0579,0.6864,-0.251,-715775.8693325837,6474.659284076318,-328036.3181639449,787391.1622352753
2017-07-11 18:03:46.667165994,-2.0923,1.7907,-0.8517,-716011.9829701374,6485.588926729659,-328119.37050961447,787640.4915468608
2017-07-11 18:03:46.678079720,-0.4904,-0.5611,0.1315,-716024.9033450125,6486.186938192972,-328123.9151809939,787654.1351030512
2017-07-11 18:03:46.867066979,-0.0369,-0.6892,0.17,-716248.6400062027,6496.517772910025,-328202.6067957211,787890.3922256036
2017-07-11 18:03:47.267660975,0.226,0.4546,-0.2336,-716722.8556202159,6518.488869886331,-328369.44594214915,788391.1690867026
2017-07-11 18:03:47.467056989,-2.204,0.006,-0.2416,-716958.9844876931,6529.425241291735,-328452.4998798079,788640.5160203861
2017-07-11 18:03:47.667693972,0.2807,-0.6152,0.2134,-717196.5716365905,6540.40491173681,-328536.06212481216,788891.4015123799
2017-07-11 18:03:47.674030180,-3.4412,0.1255,-0.2012,-717204.0748859425,6540.7516598068005,-328538.70106693567,788899.3247328997
2017-07-11 18:03:47.867169976,-2.758,-0.1104,-0.7805,-717432.8912266517,6551.317089069629,-328619.17020903784,789140.9457114177
2017-07-11 18:03:48.268112003,-2.4536,0.072,-0.1147,-717908.2891972277,6573.261608921278,-328786.2358414447,789642.8992557684
2017-07-11 18:03:48.467105984,0.0311,-0.6832,0.2946,-718144.2356298461,6584.125973545253,-328869.1415379132,789892.0218226637
2017-07-11 18:03:48.667171001,-2.4296,0.136,-0.3614,-718381.5492331136,6595.054256468482,-328952.5079192359,790142.5804787192
2017-07-11 18:03:48.673360220,0.3114,0.6315,-0.168,-718388.8907638711,6595.392358436508,-328955.08695122506,790150.3317751597
2017-07-11 18:03:48.867034018,0.201,0.3432,-0.2876,-718618.615302917,6605.985159850041,-329035.8011234358,790392.8844067076
2017-07-11 18:03:49.266384005,-0.0387,-0.6841,0.2579,-719092.3070875708,6627.718121316099,-329202.1903725385,790893.0110363208
2017-07-11 18:03:49.467168986,-1.1406,0.5811,-0.2939,-719330.5155821892,6638.668435319543,-329285.8593220593,791144.5125359837
2017-07-11 18:03:49.667200982,-0.206,0.3592,-0.2268,-719567.8389885665,6649.5920559894685,-329369.22357070335,791395.0830127482
2017-07-11 18:03:49.671250220,-1.3747,-0.1427,-0.0477,-719572.6431373195,6649.813179973495,-329370.9111099303,791400.1553274691
2017-07-11 18:03:49.866927027,-1.1597,-0.2712,-0.0163,-719804.8449223519,6660.488469373264,-329452.4609755639,791645.3125757754
2017-07-11 18:03:50.267817974,-0.9301,0.3363,-0.2565,-720280.7155409994,6682.413412223771,-329619.57668924006,792147.7319074137
2017-07-11 18:03:50.467424988,-0.362,0.3857,-0.2177,-720517.6699947239,6693.345395274889,-329702.79369900766,792397.9087681496
2017-07-11 18:03:50.668205022,-0.7988,-0.3508,0.0042,-720756.0491478979,6704.327480065782,-329786.4995764697,792649.585689129
2017-07-11 18:03:50.670179720,-0.2817,-0.4839,0.0289,-720758.3936392708,6704.435488424888,-329787.3228346538,792652.0609694576
2017-07-11 18:03:50.867187023,-1.5882,-0.3506,-0.4723,-720992.3553107212,6715.1974200903505,-329869.47416736704,792899.0731993242
2017-07-11 18:03:51.267170011,-1.3644,0.7678,-0.1019,-721467.5848622285,6737.170156191348,-330036.2819291113,793400.7895497975
2017-07-11 18:03:51.467164993,-0.723,-0.3569,-0.2142,-721705.2327007089,6748.142440568615,-330119.695832179,793651.6829883957
2017-07-11 18:03:51.667015016,-1.0115,0.2065,-0.4585,-721942.7486882445,6759.115019706034,-330203.06758825446,793902.4397645347
2017-07-11 18:03:51.678060050,-0.5478,0.7456,-0.4845,-721955.8754593802,6759.721527955281,-330207.6753219885,793916.2983507817
2017-07-11 18:03:51.866488993,-0.8291,0.1115,-0.075,-722179.84840045,6770.072553951614,-330286.28619897313,794152.7549339564
2017-07-11 18:03:52.468984007,-1.2904,0.2509,-0.5512,-722896.4625317794,6803.260677552796,-330537.84183908853,794909.3311720837
2017-07-11 18:03:52.669319987,-1.1882,0.8924,-0.07,-723134.7920160376,6814.331896553455,-330621.48956591566,795160.9471711116
2017-07-11 18:03:52.673040150,-0.6946,-0.2969,-0.1868,-723139.2177135831,6814.537480773097,-330623.04287499323,795165.6196016081
2017-07-11 18:03:52.869116008,-0.2053,-0.5183,-0.1455,-723372.4875478379,6825.353128554345,-330704.9175724656,795411.8956195511
2017-07-11 18:03:53.269236981,-0.1974,0.5108,-0.1649,-723848.539778908,6847.505789979599,-330872.0210616253,795914.4999288591
2017-07-11 18:03:53.469160020,-1.8883,-0.1284,-0.3408,-724086.4778373085,6858.569378875796,-330955.5290251841,796165.70483355
2017-07-11 18:03:53.668937981,-0.0123,-0.7045,0.1231,-724324.243722287,6869.5968218016915,-331038.9714765095,796416.7263691681
2017-07-11 18:03:53.691069960,-2.036,0.4444,-0.7038,-724350.5851104062,6870.8186914278795,-331048.21581678785,796444.5363581552
2017-07-11 18:03:53.868936002,-1.6311,0.4492,-0.4759,-724562.3321259025,6880.652589818325,-331122.5240126018,796668.0879916457
2017-07-11 18:03:54.269205987,-1.2525,-0.1848,-0.1188,-725039.0485707695,6902.75320032306,-331289.7663121018,797171.3612626072
2017-07-11 18:03:54.468935012,-0.313,-0.6006,0.1032,-725276.9357771873,6913.757131435788,-331373.21372217353,797422.4980401419
2017-07-11 18:03:54.669673979,-0.5137,0.6665,-0.2505,-725516.046574901,6924.843561970077,-331457.09318334656,797674.9287257218
2017-07-11 18:03:54.689179890,0.1509,0.2842,-0.2418,-725539.2810394581,6925.920944388465,-331465.2438867045,797699.457576006
2017-07-11 18:03:54.868853986,-0.8686,0.4164,-0.3625,-725753.3278674767,6935.858440835178,-331540.3338697194,797925.4301157931
2017-07-11 18:03:55.268986999,-1.1433,-0.3868,-0.5583,-726230.1917750253,6957.9272499522895,-331707.6481483094,798428.8747517141
2017-07-11 18:03:55.469137012,-0.3114,0.7622,-0.3536,-726468.7357234884,6968.996793954941,-331791.3543707933,798680.7207734535
2017-07-11 18:03:55.669112026,-2.0631,1.1911,-0.428,-726707.1536070108,6980.104291517882,-331875.0045213693,798932.4299248235
2017-07-11 18:03:55.689259760,-0.7246,-0.278,-0.1141,-726731.17480257,6981.223273008987,-331883.4324254926,798957.7902660676
2017-07-11 18:03:55.868920981,-0.3961,-0.5948,-0.2426,-726945.3892110203,6991.182247238673,-331958.5934989778,799183.9483637015
2017-07-11 18:03:56.268162012,0.023,0.7117,-0.1053,-727421.4102586455,7013.426401746472,-332125.632327717,799686.5210203654
2017-07-11 18:03:56.469084978,-2.3739,1.4211,0.0116,-727661.0695480873,7024.678416328297,-332209.6962072782,799939.5355255615
2017-07-11 18:03:56.668980002,-0.1163,-0.6109,0.0985,-727899.5073637399,7035.848454122759,-332293.32607175445,800191.2587223594
2017-07-11 18:03:56.689349770,-2.0353,1.3873,-0.2982,-727923.8055763807,7036.98728258988,-332301.84827324026,800216.9107689661
2017-07-11 18:03:56.869141995,-2.1554,0.1205,-0.7538,-728138.3415963288,7047.042961582041,-332377.09321036784,800443.4005025764
2017-07-11 18:03:57.268939018,-1.7597,0.1119,-0.1307,-728615.6783198758,7069.421272208211,-332544.4333601414,800947.3038655379
2017-07-11 18:03:57.469043016,0.0717,-0.6617,0.2072,-728854.5891507936,7080.595433926337,-332628.1811474054,801199.5093928243
2017-07-11 18:03:57.668914020,-1.4416,0.8486,-0.2356,-729093.2793920508,7091.79048507449,-332711.8408335628,801451.478617263
2017-07-11 18:03:57.689939850,-0.0672,0.2619,-0.2695,-729118.3889190592,7092.968286651885,-332720.64170070627,801477.9851454247
2017-07-11 18:03:57.869002997,0.0043,0.1841,-0.3268,-729332.2300861806,7103.004749925259,-332795.60336851416,801703.7284061814
2017-07-11 18:03:58.268939018,-0.443,-0.7209,0.1657,-729809.9133776545,7125.305798467514,-332963.00311463274,802207.9787001226
2017-07-11 18:03:58.469012022,-0.7743,0.8755,-0.2458,-730048.911422166,7136.497222908588,-333046.7567736134,802460.269956541
2017-07-11 18:03:58.669164001,-0.8246,0.3646,-0.6976,-730288.0368407423,7147.707671123913,-333130.5714391768,802712.7033410209
2017-07-11 18:03:58.689370030,-1.1161,-0.0432,-0.0706,-730312.1778278705,7148.839386696363,-333139.03284605773,802738.1878258132
2017-07-11 18:03:58.869812011,-0.7647,-0.2031,-0.0592,-730527.7843002008,7158.939113935325,-333214.5960340047,802965.7907120967
2017-07-11 18:03:59.269118010,-0.7669,0.7709,-0.2873,-731005.02923809,7181.412049141791,-333381.8581084029,803469.5941765386
2017-07-11 18:03:59.468937993,-0.8286,0.4125,-0.6574,-731243.8843677373,7192.6743848842825,-333465.5853406597,803721.7488637548
2017-07-11 18:03:59.668105006,-0.3211,-0.2602,0.0851,-731481.9717059064,7203.889596180874,-333549.03559409204,803973.0904090158
2017-07-11 18:03:59.689979790,-2.2761,-0.8128,-0.2696,-731508.1222512979,7205.1209891658,-333558.201177964,804000.6966795287
2017-07-11 18:03:59.869153022,-2.9718,-0.6723,-0.7928,-731722.4130381069,7215.185570382474,-333633.30061789876,804226.9132069121
2017-07-11 18:04:00.268800020,-3.6037,1.0794,-0.3803,-732200.965533253,7237.807080112103,-333800.8711220687,804732.0431926448
2017-07-11 18:04:00.469079017,0.527,-0.5615,0.1728,-732440.7660725788,7249.121095155107,-333884.84043147817,804985.1627400296
2017-07-11 18:04:00.668991982,-1.7488,0.3119,-0.5521,-732680.198241049,7260.426897729175,-333968.6783424785,805237.8933005462
2017-07-11 18:04:00.690510270,0.2246,0.8752,-0.1448,-732705.9702041983,7261.644240138839,-333977.70257818996,805265.0967658735
2017-07-11 18:04:00.869138002,0.2872,0.5317,-0.1497,-732919.8994040613,7271.76661513178,-334052.61939046544,805490.9124588529
2017-07-11 18:04:01.269079983,0.011,-0.6291,0.1613,-733398.878523011,7294.329673647383,-334220.3300213344,805996.4958135785
2017-07-11 18:04:01.468820989,-1.9566,0.2222,-0.6322,-733638.170709534,7305.6070931344175,-334304.1141182144,806249.0794620449
2017-07-11 18:04:01.668959975,-0.022,0.4179,-0.1689,-733877.9405622247,7316.923721897482,-334388.0719186418,806502.1708948284
2017-07-11 18:04:01.686249730,-1.4119,-0.052,-0.1719,-733898.654399965,7317.90133566259,-334395.32497869415,806524.0355858244
2017-07-11 18:04:01.868936002,-0.8605,-0.156,-0.1514,-734117.5487875663,7328.225750152689,-334471.96700539486,806755.0898773231
2017-07-11 18:04:02.467507004,-1.48,0.6719,-0.4022,-734835.2858328379,7362.294395317071,-334723.2284706302,807512.6874307261
2017-07-11 18:04:02.667706012,-0.5016,-0.1585,0.007,-735075.361408883,7373.6826958643605,-334807.2654987974,807766.0943476653
2017-07-11 18:04:02.690910220,0.0988,-0.62,0.3,-735103.1874855846,7375.002331085818,-334817.0057086142,807795.4655867612
2017-07-11 18:04:02.868523001,-1.0972,-1.0615,-0.3038,-735316.2122104655,7385.069774726112,-334891.5701211027,808020.3183913764
2017-07-11 18:04:03.266903996,-1.9772,1.0046,-0.8589,-735794.3351001244,7407.810234756404,-335058.952534376,808525.0032567587
2017-07-11 18:04:03.466813027,-0.3617,-0.8743,0.0426,-736034.2733584862,7419.1865400444485,-335142.9439351708,808778.2692164793
2017-07-11 18:04:03.668591976,-2.302,-0.2311,-0.692,-736276.5496873596,7430.659848346307,-335227.7491530752,809034.0018364752
2017-07-11 18:04:03.676980010,-0.649,1.2081,-0.1615,-736286.6212597804,7431.1368834978275,-335231.2745522682,809044.6328104914
2017-07-11 18:04:03.866913974,0.0121,0.7784,-0.2301,-736514.6758923855,7441.966682143115,-335311.1100263632,809285.3583131698
2017-07-11 18:04:04.266812026,-0.0672,-0.3656,0.2278,-736994.8461712386,7464.709906031847,-335479.16386314994,809792.192209376
2017-07-11 18:04:04.466986000,-3.0642,-0.8074,-0.7167,-737235.324194195,7476.061959132596,-335563.3140319696,810046.0187336612
2017-07-11 18:04:04.667317986,-0.1858,0.6306,-0.0879,-737475.9995007871,7487.448281051155,-335647.534154372,810300.0548595296
2017-07-11 18:04:04.676810140,-3.6889,0.2705,-0.2274,-737487.4035391777,7487.987813483581,-335651.5247027228,810312.0919594594
2017-07-11 18:04:04.868999004,-3.3851,-0.2253,-0.451,-737718.427606507,7498.903474292174,-335732.33850728784,810555.9296576061
2017-07-11 18:04:05.267427980,-2.0878,0.2822,-0.5126,-738197.6977247393,7521.577656076778,-335899.95592131105,811061.7704247197
2017-07-11 18:04:05.466920971,-0.0407,0.4173,-0.1618,-738437.6694148027,7532.94720376468,-335983.888232605,811315.049814953
2017-07-11 18:04:05.666952013,-1.7565,0.221,-0.0124,-738678.3586124635,7544.3562589158655,-336068.0474132393,811569.0773347096
2017-07-11 18:04:05.672770140,0.2664,-0.5269,0.3473,-738685.3593184623,7544.688086233396,-336070.49526555574,811576.4660078558
2017-07-11 18:04:05.866904020,-0.1672,-0.7273,0.0692,-738918.958702043,7555.732782770498,-336152.1703293933,811823.009186336
2017-07-11 18:04:06.267448008,-0.7505,0.3406,-0.1501,-739401.0497401417,7578.575241347906,-336320.70933350106,812331.8082446986
2017-07-11 18:04:06.466775000,-1.0294,0.0449,-0.1173,-739640.9987628756,7589.944362438803,-336404.5858625602,812585.0476693069
2017-07-11 18:04:06.666203022,-0.08,-0.6574,0.129,-739881.0725868356,7601.293100224531,-336488.4997743788,812838.4167283518
2017-07-11 18:04:06.668050050,-1.3752,0.7575,-0.2728,-739883.2960657935,7601.398210587712,-336489.27695468056,812840.7633463163
2017-07-11 18:04:06.867828011,-1.4363,0.8533,-0.3213,-740123.8489824298,7612.801197924223,-336573.3510354965,813094.636067604
2017-07-11 18:04:07.266905009,-0.6058,-0.1091,-0.0245,-740604.4746238502,7635.562460893899,-336741.30154982413,813601.8644376579
2017-07-11 18:04:07.467028975,-0.4679,-0.7752,0.0273,-740845.5112869291,7646.945437900459,-336825.52210589463,813856.2401987406
2017-07-11 18:04:07.666917979,-0.7147,0.7446,-0.2462,-741086.2935094131,7658.344801305677,-336909.65361717576,814110.3484006705
2017-07-11 18:04:07.681899780,-0.0269,0.2898,-0.2583,-741104.3402877566,7659.199255491753,-336915.959382493,814129.3940235864
2017-07-11 18:04:07.868007004,-2.0931,1.1835,-0.6044,-741328.5938301901,7669.854464728207,-336994.31191877805,814366.058332104
2017-07-11 18:04:08.267049014,-2.2022,-0.7571,-0.4291,-741809.7779772861,7692.580286927797,-337162.37992357323,814873.8509302586
2017-07-11 18:04:08.466817021,0.1064,0.8641,-0.1064,-742050.6636516548,7703.991748886986,-337246.52220409026,815128.0608919573
2017-07-11 18:04:08.666788995,-3.5464,0.9368,-0.2474,-742291.9370912036,7715.452323668443,-337330.76028873026,815382.6647115715
2017-07-11 18:04:08.669829840,-0.5045,-0.3024,0.0124,-742295.6059856516,7715.626594450792,-337332.04124290816,815386.5363178728
2017-07-11 18:04:08.867814004,0.2325,-0.6203,0.4265,-742534.4722505949,7726.948749634351,-337415.4252383765,815638.5948483822
2017-07-11 18:04:09.266919970,0.2094,0.5748,-0.1916,-743015.9569605145,7749.864050004073,-337583.54521165835,816146.6918933229
2017-07-11 18:04:09.466919004,-1.9135,-0.1157,-0.326,-743257.3139743189,7761.342682957398,-337667.80613334046,816401.3844399487
2017-07-11 18:04:09.666778028,0.0302,-0.6887,0.3316,-743498.5008190321,7772.785771077293,-337751.9948225719,816655.8926043563
2017-07-11 18:04:09.684120050,-2.5256,-0.0205,-0.678,-743519.4296682229,7773.7786962390555,-337759.30018624256,816677.9774131771
2017-07-11 18:04:09.867255985,-1.4111,0.721,-0.5812,-743740.4906900157,7784.2884068821295,-337836.4660813008,816911.2500462511
2017-07-11 18:04:10.267346978,-0.5194,-0.2516,-0.0527,-744223.5185019876,7807.20834825028,-338005.0562844438,817420.9540178924
2017-07-11 18:04:10.467293977,-0.7202,-0.6411,-0.0791,-744464.9422851785,7818.637045915414,-338089.3130434964,817675.7089281502
2017-07-11 18:04:10.667562007,-0.7232,0.7191,-0.5741,-744706.7826992724,7830.112934422318,-338173.72810914885,817930.9098268066
2017-07-11 18:04:10.670710200,-0.7437,0.5181,-0.2026,-744710.58441328,7830.293339353812,-338175.0551073768,817934.9215725091
2017-07-11 18:04:10.869396984,-0.4179,0.3982,-0.2074,-744950.5323028268,7841.694661868626,-338258.8119754708,818188.12728644
2017-07-11 18:04:11.266856014,-1.02,-0.6247,-0.1686,-745430.692424891,7864.403524839862,-338426.38837272295,818694.8066275119
2017-07-11 18:04:11.467270970,-0.7738,0.7183,-0.2918,-745672.8397048002,7875.8831055209575,-338510.89890628436,818950.329437905
2017-07-11 18:04:11.666989982,-0.9803,0.5368,-0.4919,-745914.1852264727,7887.3442348912,-338595.135596477,819205.0096103838
2017-07-11 18:04:11.678340190,-0.8797,-0.2331,-0.1191,-745927.9012191438,7887.99555097512,-338599.92285738775,819219.4834414267
2017-07-11 18:04:11.866635978,-0.4713,-0.3018,0.1064,-746155.4612172637,7898.789945524694,-338679.33798771084,819459.6128954404
2017-07-11 18:04:12.467736005,-0.8784,0.5862,-0.0406,-746882.2224722393,7933.460891692329,-338932.8710046751,820226.484023933
2017-07-11 18:04:12.667657971,-0.2952,-0.3312,0.1903,-747123.9503455253,7944.978985602982,-339017.18683385046,820481.5493597175
2017-07-11 18:04:12.669100280,-1.0256,-0.5921,-0.2068,-747125.6942595169,7945.0620800452525,-339017.7951190114,820483.3894976649
2017-07-11 18:04:12.867657005,-2.7409,-0.3421,0.446,-747365.8797577929,7956.487861616078,-339101.5176421739,820736.8050675304
2017-07-11 18:04:13.267139017,-3.3623,0.7284,-0.3011,-747849.6524771398,7979.591964041201,-339270.00945685804,821247.1710240152
2017-07-11 18:04:13.467586994,0.0314,-0.3803,0.1799,-748092.3937170664,7991.169622805612,-339354.54631913267,821503.2540633879
2017-07-11 18:04:13.668790996,-2.9786,-0.08,-0.4198,-748336.1710813288,8002.7877101138465,-339439.4190219206,821760.420527623
2017-07-11 18:04:13.680029980,0.0244,0.9941,-0.1157,-748349.7881528042,8003.436806360226,-339444.1599111659,821774.7855263372
2017-07-11 18:04:13.867866992,0.3289,0.7258,-0.0657,-748577.3585092897,8014.310752771937,-339523.396657377,822014.8585806404
2017-07-11 18:04:14.267014980,0.1194,-0.5865,0.1916,-749060.9196338246,8037.324120431109,-339691.74182887655,822524.9779601978
2017-07-11 18:04:14.467468976,-2.135,0.0526,-0.8273,-749303.852091978,8048.8836554201325,-339776.3188078145,822781.2553228014
2017-07-11 18:04:14.667773008,0.2432,0.4703,-0.0947,-749546.5930494699,8060.4534117072535,-339860.836312398,823037.3345846666
2017-07-11 18:04:14.676590200,-3.0605,0.2788,-0.4598,-749557.2785122928,8060.962722993156,-339864.5567278981,823048.607198036
2017-07-11 18:04:14.867766022,-2.4577,0.1348,-0.4182,-749789.0523172047,8072.010621617421,-339945.23867940606,823293.1103993313
2017-07-11 18:04:15.268817007,-2.9436,-0.2399,-0.696,-750275.7437030642,8095.148452932219,-340114.60621315404,823806.5114923466
2017-07-11 18:04:15.468780994,0.3206,0.5219,-0.2056,-750518.3951672644,8106.705842139838,-340199.06107210973,824062.486294821
2017-07-11 18:04:15.667419016,-3.4703,0.1682,-0.3804,-750759.5745328402,8118.193230757992,-340282.9709187569,824316.8954421344
2017-07-11 18:04:15.676469800,0.173,-0.6575,0.263,-750770.5636652635,8118.716590653403,-340286.7941828549,824328.4873887239
2017-07-11 18:04:15.867677986,0.331,-0.6489,0.2534,-751002.7095818907,8129.749444164443,-340367.5557546973,824573.3658297445
2017-07-11 18:04:16.267911016,0.1077,0.4799,-0.1917,-751488.615372944,8152.920058999017,-340536.6349183834,825085.9402887492
2017-07-11 18:04:16.468129992,-1.3885,-0.0452,-0.1044,-751731.7483236712,8164.509486210274,-340621.2219702097,825342.4122807409
2017-07-11 18:04:16.666770994,-0.1507,-0.6736,0.1299,-751972.9710313797,8175.980995277146,-340705.1372454698,825596.8667409354
2017-07-11 18:04:16.673210020,-2.371,0.1663,-0.7225,-751980.7904583777,8176.352855638408,-340707.8574219901,825605.1150965027
2017-07-11 18:04:16.867792010,-1.9435,0.4702,-0.4276,-752217.1605991806,8187.6079680857365,-340790.0750753081,825854.447765444
2017-07-11 18:04:17.268119990,-1.5965,-0.1835,-0.0075,-752703.7183045803,8210.734538694946,-340959.22876190883,826367.6538860422
2017-07-11 18:04:17.468015015,-0.1452,-0.6679,0.2343,-752946.6760597429,8222.255598182415,-341043.68259517715,826623.9144342591
2017-07-11 18:04:17.667725980,-1.4019,0.7107,-0.2211,-753189.4660175007,8233.794395163257,-341128.0674832227,826879.9946272179
2017-07-11 18:04:17.676490060,0.2483,0.313,-0.2391,-753200.1205491844,8234.300785691912,-341131.7706328085,826891.2324119842
2017-07-11 18:04:17.867794990,-0.2319,0.2312,-0.1934,-753432.6993045667,8245.362889263512,-341212.6111550542,827136.5451978238
2017-07-11 18:04:18.268474996,-0.5153,-0.6808,0.006,-753919.9083037504,8268.422694101793,-341381.92721324856,827650.4184608473
2017-07-11 18:04:18.468699991,-0.716,0.7909,-0.2967,-754163.4016632235,8279.977684837537,-341466.54853792937,827907.2400994643
2017-07-11 18:04:18.668989002,-2.0544,0.9712,-0.5862,-754407.0552861413,8291.575330294761,-341551.22043358366,828164.2297676443
2017-07-11 18:04:18.680040120,-0.6076,-0.0995,-0.0612,-754420.4991580087,8292.215228180256,-341555.8922855364,828178.4094856485
2017-07-11 18:04:18.867645978,-0.317,-0.3067,0.0873,-754648.736012883,8303.067460455643,-341635.199450504,828419.1361857116
2017-07-11 18:04:19.268064975,-0.1557,0.9802,-0.2115,-755135.9012694214,8326.387223941047,-341804.5036379064,828932.9748642769
2017-07-11 18:04:19.468254983,-3.1827,0.1584,-0.596,-755379.5877348039,8338.052318632754,-341889.1713760012,829189.9964344959
2017-07-11 18:04:19.668685972,0.1275,-0.4201,0.1694,-755623.5624185378,8349.714578813502,-341973.93422861386,829447.3205137417
2017-07-11 18:04:19.677549830,-1.3159,-0.5516,0.0346,-755634.3520558343,8350.23028714992,-341977.6827774192,829458.700521311
2017-07-11 18:04:19.867954015,-3.4739,-0.8273,-0.6951,-755866.2497720587,8361.278204906474,-342058.23040682584,829703.2791948849
2017-07-11 18:04:20.268184006,-2.9949,1.1016,-0.6967,-756354.178986781,8384.677409644291,-342227.65329079394,830217.8711416391
2017-07-11 18:04:20.467743992,-0.1028,-0.4101,0.2359,-756597.4710637388,8396.328231818432,-342312.1203950638,830474.4543435314
2017-07-11 18:04:20.668111026,-2.5642,-0.1841,-0.8935,-756841.8499920854,8408.018780464912,-342396.9649672062,830732.184460196
2017-07-11 18:04:20.677679770,0.0445,0.7946,-0.2062,-756853.5205675352,8408.577147989448,-342401.01683021634,830744.4926639551
2017-07-11 18:04:20.868238985,0.0149,0.4975,-0.1354,-757085.9367048092,8419.71496738346,-342481.71361567464,830989.6096326712
2017-07-11 18:04:21.267638981,0.0908,-0.6413,0.2855,-757573.0516635504,8442.9568281173,-342650.80340301007,831503.3284356438
2017-07-11 18:04:21.468584001,-2.5742,0.1712,-0.5628,-757818.2315360784,8454.657121598011,-342735.89811382943,831761.8944934942
2017-07-11 18:04:21.667877018,0.0911,0.3949,-0.1724,-758061.3921251182,8466.276909509217,-342820.3000939697,832018.3352738689
2017-07-11 18:04:21.676490060,-2.0097,0.1881,-0.3324,-758071.9011841408,8466.77910724686,-342823.947801878,832029.4182899144
2017-07-11 18:04:21.867917001,-1.6154,0.0002,-0.2372,-758305.5267570677,8477.94058072139,-342905.0276841424,832275.798877912
2017-07-11 18:04:22.468316018,-1.4778,0.5796,-0.503,-759038.8119454585,8513.15680049828,-343159.51114956214,833049.1233839032
2017-07-11 18:04:22.668381989,-0.7312,-0.2366,-0.0513,-759283.1877374537,8524.882138281619,-343244.3126115944,833306.8408074104
2017-07-11 18:04:22.677670240,-0.0739,-0.5422,0.1718,-759294.533119972,8525.426451347295,-343248.24958446046,833318.8055989434
2017-07-11 18:04:22.868399977,-0.5893,-0.5581,0.0817,-759527.526494113,8536.583354131259,-343329.09044395067,833564.5152612353
2017-07-11 18:04:23.268312990,-0.1228,0.4672,-0.1671,-760016.0755245661,8560.051335094302,-343498.62042565906,834079.7394547798
2017-07-11 18:04:23.468297004,-1.5046,-0.0125,-0.0933,-760260.443818386,8571.786439870506,-343583.4008088175,834337.4444845758
2017-07-11 18:04:23.668399989,-0.6119,-1.0585,0.0362,-760504.9819887402,8583.486142275397,-343668.23017855047,834595.324871944
2017-07-11 18:04:23.681369900,-1.6801,0.5934,-0.4005,-760520.8323013155,8584.244572107817,-343673.72856157995,834612.040005761
2017-07-11 18:04:23.868318021,-1.1462,0.9208,0.154,-760749.3385507335,8595.208751003156,-343752.9767976507,834853.0066880625
2017-07-11 18:04:24.268319010,-0.6896,-0.0882,-0.1082,-761238.3691570895,8618.653994278853,-343922.5565136548,835368.6974938111
2017-07-11 18:04:24.468326985,-0.8241,-0.6392,-0.0096,-761482.9265723574,8630.351484331884,-344007.3499270323,835626.5836076334
2017-07-11 18:04:24.668317019,-0.2898,0.9456,-0.2918,-761727.473641322,8642.085745333965,-344092.14740515675,835884.4630999626
2017-07-11 18:04:24.683180090,-0.5744,0.2521,-0.1283,-761745.6482760932,8642.957880253338,-344098.4495022216,835903.6286189444
2017-07-11 18:04:24.868322014,-1.1958,0.5778,-0.3909,-761972.0817011266,8653.841439133941,-344176.96500735584,836142.4074314594
2017-07-11 18:04:25.268540978,-2.9857,-0.4929,-0.3265,-762462.0382177175,8677.28934084882,-344346.7432825814,836659.0313160678
2017-07-11 18:04:25.468272984,0.0103,0.8148,-0.1275,-762706.5539510171,8689.023680976019,-344431.47737613204,836916.8591800916
2017-07-11 18:04:25.668475985,-3.1837,0.4203,0.0815,-762951.7738920327,8700.802538405227,-344516.4080174788,837175.4109164206
2017-07-11 18:04:25.680760140,-0.4303,-0.2298,0.1077,-762966.8202836909,8701.525236702635,-344521.6192176289,837191.2753389083
2017-07-11 18:04:25.868880987,0.0323,-0.5181,0.232,-763197.2411715159,8712.57437947768,-344601.4158767291,837434.2205262317
2017-07-11 18:04:26.268323004,-0.0888,0.6682,-0.1376,-763686.5141629403,8736.141933261324,-344770.87220807653,837950.0978061514
2017-07-11 18:04:26.468493998,-3.2168,0.8526,-0.1248,-763931.8307340244,8747.986422173226,-344855.7962728152,838208.738619467
2017-07-11 18:04:26.668326020,0.0139,-0.83,0.2311,-764176.7313279718,8759.777709228574,-344940.5672976294,838466.9375570087
2017-07-11 18:04:26.683280220,-2.9707,-0.1872,-0.4457,-764195.0588471559,8760.66005479819,-344946.9111396425,838486.2602546235
2017-07-11 18:04:26.868385970,-1.8342,0.362,-0.5388,-764421.982989876,8771.594288967211,-345025.4548070378,838725.505400514
2017-07-11 18:04:27.268320024,-1.8629,0.2859,-0.3297,-764912.5666023134,8795.264203512163,-345195.20668560715,839242.7074078553
2017-07-11 18:04:27.468088984,-0.0713,-0.6428,0.2211,-765157.61829283,8807.061785650289,-345279.98973183974,839501.0521006342
2017-07-11 18:04:27.667568981,-2.0146,0.3485,-0.3315,-765402.3956850172,8818.856170357065,-345364.6633317218,839759.1024947277
2017-07-11 18:04:27.684670200,-0.1318,0.4525,-0.2357,-765423.3802425768,8819.867423399668,-345371.9223829911,839781.2249948563
2017-07-11 18:04:27.867327988,0.2853,0.7569,-0.0761,-765647.506375598,8830.693850618525,-345449.4587076043,840017.5079689896
2017-07-11 18:04:28.268324971,0.2444,-0.5664,0.3253,-766139.5014108873,8854.370524361146,-345619.62543391844,840536.1747031402
2017-07-11 18:04:28.468396008,-2.1137,0.0749,-0.2231,-766385.0590800592,8866.186620516011,-345704.53633320105,840795.0371450161
2017-07-11 18:04:28.668322026,0.183,0.5383,-0.1218,-766630.4314452265,8878.015667993848,-345789.3905542718,841053.7082731341
2017-07-11 18:04:28.680829880,-3.1003,0.0048,-0.3822,-766645.7830173738,8878.755722492131,-345794.6992988434,841069.8918548204
2017-07-11 18:04:28.867866992,-1.3852,-0.1868,0.147,-766875.392335507,8889.815646898787,-345874.07885760564,841311.9365714305
2017-07-11 18:04:29.268391013,-2.0271,0.2621,-0.0336,-767367.4062908643,8913.541577547916,-346044.0688016786,841830.5559991536
2017-07-11 18:04:29.468481004,0.1211,0.5052,-0.1008,-767613.1971070278,8925.414579104514,-346128.99480102607,842089.6415704509
2017-07-11 18:04:29.668371021,-2.9383,0.2757,0.8975,-767858.8596776287,8937.286730416676,-346213.80006307835,842348.5613649775
2017-07-11 18:04:29.683130020,0.2002,-0.3999,0.1407,-767876.9982769005,8938.163230702516,-346220.0616796928,842367.6788399304
2017-07-11 18:04:29.868376016,0.245,-0.6859,0.1936,-768104.6545564871,8949.140992812409,-346298.6470467314,842607.6194897873
2017-07-11 18:04:30.268507003,0.3436,0.453,-0.1713,-768596.336660606,8972.9254648551,-346468.41871091863,843125.8549490377
2017-07-11 18:04:30.468318998,-2.622,-0.0909,-0.1292,-768841.9708958948,8984.799003323535,-346553.20214436663,843384.7430092202
2017-07-11 18:04:30.668381989,-0.1222,-0.6769,0.2565,-769087.9185783662,8996.66036380769,-346638.0818129782,843643.9569888983
2017-07-11 18:04:30.683199760,-2.8303,-0.2812,-0.3401,-769106.1354446915,8997.538819989037,-346644.3685450987,843663.1564359769
2017-07-11 18:04:30.868367016,-1.2986,0.7336,-0.1918,-769333.823327803,9008.541421542232,-346722.9359882744,843903.1223280596
2017-07-11 18:04:31.268374025,-2.2293,0.0901,-0.119,-769826.0420943967,9032.324175028753,-346892.68011224415,844421.8433236923
2017-07-11 18:04:31.468423008,-0.3407,-0.7772,0.1123,-770072.221074817,9044.18715250482,-346977.56697896065,844681.2741969544
2017-07-11 18:04:31.668325006,-1.1,0.677,-0.4883,-770318.2631333398,9056.068467184468,-347062.4109883349,844940.5635983419
2017-07-11 18:04:31.683079950,-0.1001,0.4859,-0.1397,-770336.4237379754,9056.94554335695,-347068.6734304284,844959.7020430893
2017-07-11 18:04:31.868825972,-0.1856,0.3916,-0.2297,-770565.0491093333,9068.00033024263,-347147.5175548117,845200.640370869
2017-07-11 18:04:32.466843008,-0.2606,-0.6622,0.105,-771301.2111892382,9103.354857111342,-347401.3219388578,845976.4228017861
2017-07-11 18:04:32.667234003,-3.2015,0.7548,-0.02,-771548.0221069455,9115.23220237776,-347486.3706753964,846236.501032898
2017-07-11 18:04:32.687379830,-0.7848,-0.0455,0.058,-771572.8349678093,9116.426244268025,-347494.92082215205,846262.6476956921
2017-07-11 18:04:32.867304027,-0.4297,-0.1395,0.0829,-771794.4547755163,9127.085824033937,-347571.280269889,846496.1777741973
2017-07-11 18:04:33.267349004,0.1065,0.9426,-0.0928,-772287.1890811699,9150.937273501166,-347741.0733613037,847015.4049215101
2017-07-11 18:04:33.467472970,-3.3552,0.6779,-0.0439,-772533.8155979802,9162.896198143168,-347826.0147357917,847275.2748877398
2017-07-11 18:04:33.667926013,-0.2026,-0.3176,0.0405,-772780.8557997495,9174.86202601176,-347911.09415762103,847535.5795609661
2017-07-11 18:04:33.685799710,-3.3306,-0.5666,-0.0827,-772802.8845748377,9175.928796035498,-347918.68041862233,847558.7910349909
2017-07-11 18:04:33.867862999,-3.433,-0.6447,0.2664,-773027.385704122,9186.773653708544,-347995.94601161726,847795.3257120696
2017-07-11 18:04:34.267935991,-3.2642,0.7439,-0.3498,-773521.235728792,9210.7236355599,-348165.7884360583,848315.5991673089
2017-07-11 18:04:34.467353999,-0.0974,-0.5105,0.4879,-773767.401153017,9222.641299970848,-348250.4276798546,848574.9280875812
2017-07-11 18:04:34.667500972,-2.9525,-0.2475,-0.5612,-774014.584699296,9234.592614398473,-348335.39880021603,848835.3227130002
2017-07-11 18:04:34.673609970,-0.2073,0.8543,-0.1619,-774022.1293816643,9234.957430992987,-348337.9923423809,848843.2706456467
2017-07-11 18:04:34.867349028,0.1491,0.6743,-0.0434,-774261.393736686,9246.55243240882,-348420.2448439427,849095.3253787667
2017-07-11 18:04:35.267346024,0.1996,-0.7536,0.2203,-774755.3511094988,9270.371097848816,-348590.0295278677,849615.6793158506
2017-07-11 18:04:35.467534005,-2.7023,-0.2952,-0.3372,-775002.6720842625,9282.279883526782,-348675.01581207913,849876.2081086496
2017-07-11 18:04:35.666059850,-3.3348,0.3515,0.0561,-775248.0710164616,9294.103645530602,-348759.29425466195,850134.6936258562
2017-07-11 18:04:35.667782008,0.0904,0.5056,-0.2644,-775250.1997855448,9294.206214966935,-348760.02534813643,850136.9359212234
2017-07-11 18:04:35.868121027,-1.771,-0.0941,0.0842,-775497.9110416685,9306.134363288345,-348845.0702334312,850397.8464183377
2017-07-11 18:04:36.267238020,-2.0317,0.4547,-0.1306,-775991.7270220286,9329.970146751062,-349014.51813669165,850917.9411786761
2017-07-11 18:04:36.467769980,0.1652,0.3921,-0.211,-776239.8328074104,9341.961942526314,-349099.66386399796,851179.2558561143
2017-07-11 18:04:36.667463004,-1.6662,0.0309,-0.1474,-776486.9670727556,9353.904802202016,-349184.4592575911,851439.5411043062
2017-07-11 18:04:36.672479860,0.1425,-0.9436,0.2667,-776493.1757839106,9354.204817011985,-349186.58955203084,851446.0802127873
2017-07-11 18:04:36.867237985,0.0359,-0.6854,0.2704,-776734.2012611622,9365.825619969424,-349269.2789287138,851699.9279686144
2017-07-11 18:04:37.267349004,-0.2044,0.4575,-0.0993,-777229.396633442,9389.772633848024,-349439.17184999795,852221.4721799211
2017-07-11 18:04:37.467351019,-1.0796,0.2164,0.1166,-777476.9712972557,9401.75159526653,-349524.09093200817,852482.2132880308
2017-07-11 18:04:37.668017983,-0.0693,-0.6871,0.2522,-777725.3718659212,9413.74271566183,-349609.2821900717,852743.8201414063
2017-07-11 18:04:37.673509830,-1.7738,0.6952,-0.1773,-777732.1701381729,9414.070909225638,-349611.61370702274,852750.9798515299
2017-07-11 18:04:37.867865979,-1.3411,0.8638,-0.1986,-777972.8112607128,9425.718289996175,-349694.1334596027,853004.4115960019
2017-07-11 18:04:38.267853021,-1.4627,0.229,0.0547,-778468.2872921894,9449.725362339323,-349863.95124523004,853526.1894107193
2017-07-11 18:04:38.466877996,-0.8282,-0.5001,-0.0019,-778714.8583465214,9461.650957311562,-349948.449009141,853785.8457554706
2017-07-11 18:04:38.667347013,-1.0485,0.5379,-0.185,-778963.2605542609,9473.684696446477,-350033.56728824374,854047.4285562756
2017-07-11 18:04:38.675070280,-0.4009,0.3661,-0.3431,-778972.8305187189,9474.148329976832,-350036.8465745326,854057.5063382828
2017-07-11 18:04:38.867496013,-0.7729,0.4206,-0.2236,-779211.2954656549,9485.715365378735,-350118.5584992607,854308.6250195871
2017-07-11 18:04:39.267367005,-0.3376,-0.5982,0.1514,-779706.892394229,9509.65663495404,-350288.33605226886,854830.5036617771
2017-07-11 18:04:39.468159973,-1.4059,0.4109,-0.1443,-779955.8102853135,9521.695175310899,-350373.59471279726,855092.6175267794
2017-07-11 18:04:39.667285978,-0.5967,0.4817,-0.1371,-780202.6853449836,9533.652872884622,-350458.1510006865,855352.5801442608
2017-07-11 18:04:39.674020050,-1.1488,-0.2212,0.0203,-780211.034253507,9534.057249997493,-350461.0105365236,855361.3716581166
2017-07-11 18:04:39.867844998,-0.567,-0.4508,0.1065,-780451.3598995175,9545.67938985923,-350543.31177147897,855614.4333703917
2017-07-11 18:04:40.267409980,-0.8198,0.6452,-0.193,-780946.9157181857,9569.741130064698,-350713.0043941562,856136.248833221
2017-07-11 18:04:40.467352986,-1.2132,0.5788,-0.2029,-781194.9412047263,9581.80480516205,-350797.9269865358,856397.4151789758
2017-07-11 18:04:40.667618989,-0.6069,-0.3553,0.0753,-781443.3917035046,9593.873718637797,-350882.9837467053,856659.0250111165
2017-07-11 18:04:40.676900140,-0.9349,-0.4182,0.0696,-781454.9060029287,9594.433005747862,-350886.9256211234,856671.1491772042
2017-07-11 18:04:40.867416024,-1.3043,-0.5711,0.0742,-781691.309474317,9605.892865725671,-350967.838505045,856920.0663716095
2017-07-11 18:04:41.267241001,-0.3472,0.4753,-0.1838,-782187.4916550593,9630.01901117503,-351137.67520875065,857442.5207084118
2017-07-11 18:04:41.467492997,-0.4744,-0.0608,0.0647,-782436.023097564,9642.100132249636,-351222.73518126685,857704.2089461274
2017-07-11 18:04:41.667338013,-1.6017,-0.7058,0.1843,-782684.1134085958,9654.128512125306,-351307.61492247967,857965.4211458929
2017-07-11 18:04:41.682200190,-1.4046,0.6238,-0.2988,-782702.5638267802,9655.023182657927,-351313.9273687577,857984.8474518261
2017-07-11 18:04:41.867581009,-0.6768,0.9029,-0.0758,-782932.7252164895,9666.213731399208,-351392.66719106596,858227.1811463858
2017-07-11 18:04:42.464214980,-0.6561,-0.3059,0.0653,-783673.7155786782,9702.120763778079,-351646.0620349336,859007.3204466201
2017-07-11 18:04:42.664224028,-0.0071,0.7468,-0.1603,-783922.1173686894,9714.187719357473,-351731.013763995,859268.8505853704
2017-07-11 18:04:42.684220190,-0.6953,0.5196,-0.192,-783946.9519353702,9715.394336532812,-351739.50699921756,859294.9977277446
2017-07-11 18:04:42.864637970,-3.4036,0.4632,-0.1446,-784171.1355934828,9726.296262749816,-351816.14294375834,859531.0169928634
2017-07-11 18:04:43.264376997,-2.8203,-0.4372,-0.7438,-784668.2942677946,9750.381035639999,-351986.05868629384,860054.40959801
2017-07-11 18:04:43.464168012,0.3171,0.7877,-0.1421,-784916.7633182224,9762.450134640372,-352070.988862592,860315.9954163755
2017-07-11 18:04:43.642200110,0.1979,-0.5527,0.3076,-785138.1657328482,9773.18728948398,-352146.65968094516,860549.0830885732
2017-07-11 18:04:43.664563000,-3.3134,0.3469,-0.0654,-785165.978093112,9774.536173764684,-352156.16484337853,860578.3631660293
2017-07-11 18:04:43.863750994,0.0467,-0.577,0.1665,-785413.703088137,9786.527897600625,-352240.8214556419,860839.1588599209
2017-07-11 18:04:44.264223992,-0.0008,0.9354,-0.0917,-785911.761203997,9810.787609823774,-352411.0406341915,861363.5060258631
2017-07-11 18:04:44.464259028,-2.7577,0.828,0.0412,-786160.6500541518,9822.938393385632,-352496.062943981,861625.5173816836
2017-07-11 18:04:44.642369980,-2.9545,0.1187,-0.599,-786382.3541097846,9833.761201825228,-352571.7857072687,861858.9059651431
2017-07-11 18:04:44.664476990,0.0272,-0.5458,0.1217,-786409.8718528106,9835.104254690928,-352581.18430557434,861887.8740007752
2017-07-11 18:04:44.864391982,-2.1984,-0.2242,-0.6785,-786658.8042831451,9847.24060039004,-352666.2034999118,862149.9252419331
2017-07-11 18:04:45.264221012,-2.5702,0.1686,-0.1396,-787157.0788364349,9871.54018681777,-352836.26379978296,862674.4131595416
2017-07-11 18:04:45.464294016,0.231,-0.5535,0.2578,-787406.4043783437,9883.677456025509,-352921.3510407191,862936.8532844642
2017-07-11 18:04:45.644789930,0.0497,0.7484,-0.2569,-787631.3318634089,9894.65147863844,-352998.1208873445,863173.6166095482
2017-07-11 18:04:45.664366006,-1.8833,0.4349,-0.333,-787655.7275835816,9895.841856736366,-353006.4472552517,863199.296040636
2017-07-11 18:04:45.864233016,-0.1082,0.6042,-0.1527,-787904.8063192957,9908.019465610623,-353091.46356135275,863461.4839763704
2017-07-11 18:04:46.264393985,-0.0584,-0.5238,0.1373,-788403.5052156337,9932.316821280374,-353261.6557967657,863986.4208481569
2017-07-11 18:04:46.464438021,-2.7582,-0.6887,-0.756,-788652.9196166048,9944.435725868063,-353346.7666658992,864248.9554144373
2017-07-11 18:04:46.642750260,-2.8213,0.429,-0.0108,-788875.3285716838,9955.251732623492,-353422.6318535587,864483.0523338432
2017-07-11 18:04:46.664937019,0.3721,1.1616,-0.0522,-788903.0019453822,9956.598101754142,-353432.07151528,864512.1800760112
2017-07-11 18:04:46.864391028,-1.9764,-0.2663,0.1678,-789151.8580202842,9968.691065667554,-353516.9252908294,864774.1013036361
2017-07-11 18:04:47.264221012,-1.8236,0.6275,-0.4423,-789651.0120226418,9993.033207274373,-353687.09578203905,865299.4529200844
2017-07-11 18:04:47.464222013,-0.402,0.5007,-0.124,-789900.7124789618,10005.229542612058,-353772.222593737,865562.2598472536
2017-07-11 18:04:47.642719860,-0.032,-0.4817,0.2364,-790123.5673523857,10016.099238452167,-353848.18944448134,865796.8093627696
2017-07-11 18:04:47.664461970,-0.8031,-0.1421,0.0166,-790150.7127942975,10017.423165526265,-353857.4426553872,865825.3792877778
2017-07-11 18:04:47.863875985,-0.2735,-0.7259,0.106,-790399.695897937,10029.53707735147,-353942.30692528776,866087.4248718382
2017-07-11 18:04:48.264258980,-0.4057,0.2901,-0.3567,-790899.668630055,10053.905866236031,-354112.7543901393,866613.6449907012
2017-07-11 18:04:48.464230000,-0.737,0.0449,-0.0783,-791149.40914934,10066.078637082337,-354197.88739394967,866876.494646622
2017-07-11 18:04:48.647490020,-1.2457,0.6189,-0.2977,-791378.3214113411,10077.254949945029,-354275.91607678856,867117.4219096315
2017-07-11 18:04:48.664206981,-0.2014,-0.7821,0.2599,-791399.2028216489,10078.274233541973,-354283.03377293184,867139.399322635
2017-07-11 18:04:48.864219009,-1.0793,0.8433,-0.1594,-791649.0840658906,10090.50330697752,-354368.2006546678,867402.3934683248
2017-07-11 18:04:49.264358997,-0.4659,-0.324,0.1353,-792149.0659880111,10114.916665835792,-354538.56211985066,867928.5951706202
2017-07-11 18:04:49.464477002,-1.8665,-0.4236,-0.3983,-792399.1916877851,10127.109310513542,-354623.7792441553,868191.8348705254
2017-07-11 18:04:49.642219780,-1.3793,0.69,-0.5367,-792621.3943675233,10137.960492409386,-354699.4851834902,868425.6893030603
2017-07-11 18:04:49.664376974,-0.1948,0.6606,-0.1673,-792649.0939733029,10139.313511586257,-354708.92267401714,868454.8414740665
2017-07-11 18:04:49.864723980,-2.8995,0.7795,-0.2334,-792899.6722641167,10151.578900509858,-354794.26653792086,868718.5484372359
2017-07-11 18:04:50.264217972,-3.4203,-0.359,-0.6055,-793399.8738193485,10175.978917496432,-354964.5397159762,869244.9222050493
2017-07-11 18:04:50.464214026,-0.1298,0.7859,-0.0954,-793650.2916312439,10188.225572541063,-355049.78627488326,869508.4450886695
2017-07-11 18:04:50.646039840,-0.1245,-0.4352,0.1725,-793877.9623515939,10199.345194341702,-355127.28222585266,869748.028069643
2017-07-11 18:04:50.664313971,-3.2343,0.113,0.2414,-793900.8451362902,10200.462793005509,-355135.0707596759,869772.1079873666
2017-07-11 18:04:50.864219009,0.0824,-0.5767,0.2048,-794151.1620334333,10212.665422827851,-355220.26318772265,870035.5177078956
2017-07-11 18:04:51.264398992,0.1229,0.6996,-0.1555,-794652.2393358091,10237.2052991402,-355390.83058743813,870562.8204324959
2017-07-11 18:04:51.464221000,-3.6707,0.485,-0.2409,-794902.5890036314,10249.478169470724,-355476.00968442525,870826.2577969179
2017-07-11 18:04:51.642089840,-2.5204,-0.1139,-0.6754,-795125.5140908394,10260.399094418624,-355551.85206580994,871060.835105807
2017-07-11 18:04:51.664318025,-0.0432,-0.4253,0.1938,-795153.3729551361,10261.763667118455,-355561.32995666715,871090.1501429365
2017-07-11 18:04:51.864372014,-2.9243,-0.2368,-0.6047,-795404.2201750403,10274.03536419254,-355646.65531359316,871354.1029401735
2017-07-11 18:04:52.468813002,-3.2242,0.2794,-0.6402,-796163.3052469332,10311.215017291028,-355904.6903330489,872152.7838503513
2017-07-11 18:04:52.642259710,-0.0435,0.6536,-0.4771,-796381.1289889088,10321.903527058432,-355978.74884509656,872381.9770784993
2017-07-11 18:04:52.668676972,-2.1121,0.2519,-0.6395,-796414.3066870274,10323.531644749697,-355990.02896996035,872416.886544175
2017-07-11 18:04:52.867712020,0.0884,0.4424,-0.1832,-796664.2732515155,10335.815864916976,-356075.0238462612,872679.9046454973
2017-07-11 18:04:53.268633008,0.086,-0.534,0.229,-797167.7729700829,10360.474425212664,-356246.194219815,873209.681914086
2017-07-11 18:04:53.468725025,-1.6852,0.6841,-0.4829,-797419.127544722,10372.808431446134,-356331.64142172714,873474.1546303723
2017-07-11 18:04:53.668640971,0.2475,0.5679,-0.0951,-797670.2510481855,10385.154281279298,-356417.01723516453,873738.388198397
2017-07-11 18:04:53.688440200,-1.9846,-0.0193,-0.3316,-797695.1225373431,10386.376979120148,-356425.472795125,873764.558106958
2017-07-11 18:04:53.868789970,-1.9726,0.0098,-0.1478,-797921.7393255419,10397.51476562102,-356502.49869728927,874002.9988386824
2017-07-11 18:04:54.268711984,-1.6495,0.6403,-0.1987,-798424.5213457017,10422.314992859114,-356673.33387699636,874531.9937171278
2017-07-11 18:04:54.468894004,-0.8709,0.4199,-0.2658,-798676.2251127979,10434.745638667822,-356758.85652860673,874796.8210896582
2017-07-11 18:04:54.668833017,-0.7798,-0.0422,0.0474,-798927.6545020692,10447.159507569455,-356844.2734668435,875061.3554351681
2017-07-11 18:04:54.686429730,-0.1148,-0.763,0.2256,-798949.7829393544,10448.251820908867,-356851.79097609816,875084.6372481942
2017-07-11 18:04:54.868659019,-0.3117,-0.7766,0.191,-799178.9525310223,10459.537887935321,-356929.6349891819,875325.7476133794
2017-07-11 18:04:55.268728017,-0.6775,0.2825,-0.1959,-799682.18343251,10484.360709541914,-357100.5662936453,875855.1996569504
2017-07-11 18:04:55.468648016,-0.7148,-0.1741,-0.0113,-799933.6834273826,10496.758057608138,-357185.98347686813,876119.8015133304
2017-07-11 18:04:55.668753027,-1.7336,-0.4476,-0.0416,-800185.4855847779,10509.14895574827,-357271.4813734778,876384.7128716476
2017-07-11 18:04:55.686460130,-1.1607,0.5635,-0.1967,-800207.7676832525,10510.245591275852,-357279.0470630884,876408.1550244221
2017-07-11 18:04:55.868695020,-0.7069,0.7388,-0.1275,-800437.1101936284,10521.556289722399,-357356.91454879165,876649.4367178461
2017-07-11 18:04:56.269020020,-0.6079,-0.1429,0.0188,-800941.016411451,10546.380196733746,-357527.9671510704,877179.5626897832
2017-07-11 18:04:56.468630015,-0.882,-0.6881,0.2432,-801192.3092012032,10558.730472984527,-357613.2476853798,877443.9230129994
2017-07-11 18:04:56.668964028,-0.79,0.8943,-0.26,-801444.5451765155,10571.161437283992,-357698.8479808592,877709.2766367226
2017-07-11 18:04:56.686969750,-0.9144,0.3648,-0.2588,-801467.2160658551,10572.278832066791,-357706.54169152456,877733.1265692126
2017-07-11 18:04:56.869185984,-2.6001,0.7652,-0.4003,-801696.7296904477,10583.61217021727,-357784.41461981443,877974.5705815013
2017-07-11 18:04:57.268643021,-2.8671,-0.3696,-0.2354,-802200.3302357325,10608.39830080669,-357955.1663299519,878504.3022359824
2017-07-11 18:04:57.468631029,-0.1842,1.0301,-0.0886,-802452.4650171902,10620.848666367847,-358040.6566498507,878769.5220322649
2017-07-11 18:04:57.668902993,-2.8275,0.8792,0.1554,-802705.0712038338,10633.351973478313,-358126.2621215574,879035.2206434633
2017-07-11 18:04:57.686979880,-0.2475,-0.3551,0.1297,-802727.8719473705,10634.480427138087,-358133.9889741815,879059.2031448556
2017-07-11 18:04:57.868686020,-0.1976,-0.4524,0.2042,-802957.0681045467,10645.808536076705,-358211.651388544,879300.2750192588
2017-07-11 18:04:58.268656015,-0.1349,0.7401,-0.194,-803461.5942983052,10670.86227042965,-358382.63226347044,879830.956446784
2017-07-11 18:04:58.468671977,-2.9209,0.8052,-0.1754,-803714.0133087678,10683.423290333756,-358468.1429548898,880096.4493938229
2017-07-11 18:04:58.668941974,-0.0208,-0.3317,0.1604,-803966.7537442086,10695.986959810692,-358553.7558178492,880362.2783116796
2017-07-11 18:04:58.687940120,-2.372,-0.34,-0.2405,-803990.7302320533,10697.178660286307,-358561.8773691474,880387.4964087392
2017-07-11 18:04:58.868902981,-2.7097,-0.7822,-0.2386,-804219.2019817521,10708.504338453487,-358639.2453187342,880627.7903769129
2017-07-11 18:04:59.268746972,-2.4712,0.1481,0.0807,-804724.413665466,10733.552511795784,-358810.179701608,881159.0867466849
2017-07-11 18:04:59.468640983,-0.0636,-0.4862,0.1606,-804976.9866895956,10746.055417988951,-358895.62851240276,881424.698412871
2017-07-11 18:04:59.668815016,-2.8812,-0.3443,-0.2374,-805230.0289799027,10758.562042929698,-358981.20653690037,881690.79210055
2017-07-11 18:04:59.686349860,0.2193,0.7823,-0.2145,-805252.194909829,10759.657838736728,-358988.7030662398,881714.1013804218
2017-07-11 18:04:59.868641018,0.2495,0.7775,-0.2455,-805482.6222609214,10771.075500817273,-359066.6446814139,881956.4196458594
2017-07-11 18:05:00.268566012,0.2112,-0.6241,0.2585,-805988.118524927,10796.024667025122,-359237.5979168191,882487.9903483156
2017-07-11 18:05:00.467997014,-2.6646,0.1203,-0.5794,-806240.3008375174,10808.47087767762,-359322.8703842613,882753.1766685798
2017-07-11 18:05:00.668927013,0.286,0.467,-0.235,-806494.3670987838,10821.029492769689,-359408.793278657,883020.3505737406
2017-07-11 18:05:00.688179730,-1.931,-0.0435,-0.1086,-806518.7119436007,10822.232818423816,-359417.02628152457,883045.9513634582
2017-07-11 18:05:00.868830978,-1.8908,0.1986,-0.2935,-806747.205127552,10833.53029210147,-359494.2874105275,883286.2282638111
2017-07-11 18:05:01.268639981,-2.8592,-0.0821,-0.3186,-807253.352729985,10858.520215881897,-359665.3291021027,883818.4383193215
2017-07-11 18:05:01.468640983,0.2762,0.485,-0.2547,-807506.5376501664,10871.040609696956,-359750.90141972696,884084.6672938081
2017-07-11 18:05:01.668641984,-2.7342,0.4462,-0.4939,-807759.8319381768,10883.578851628072,-359836.4934931211,884351.0052184236
2017-07-11 18:05:01.686479800,-0.0336,-0.7634,0.2422,-807782.4229203169,10884.696877389317,-359844.12725613,884374.7595481545
2017-07-11 18:05:01.868650019,0.0255,-0.7762,0.3227,-808013.1344081347,10896.089051975365,-359922.07700355636,884617.3475843896
2017-07-11 18:05:02.468056976,-0.0562,0.4606,-0.1017,-808772.2801675382,10933.738980670902,-360178.59685404715,885415.5913734784
2017-07-11 18:05:02.668165981,-0.5671,-0.741,0.1042,-809025.7398789459,10946.278548135104,-360264.2305464706,885682.1013275415
2017-07-11 18:05:02.687599770,-2.4184,0.3257,-0.1433,-809050.355789277,10947.49646395665,-360272.5470034928,885707.9846122919
2017-07-11 18:05:02.867635011,-1.323,0.5762,-0.3392,-809278.4412495219,10958.797951155131,-360349.60192092485,885947.8124180674
2017-07-11 18:05:03.268067002,-0.8264,0.0483,-0.0002,-809785.8784095009,10983.942313526306,-360520.9864765588,886481.3577003325
2017-07-11 18:05:03.468078017,-0.3722,-0.733,0.214,-810039.3521228544,10996.472300123058,-360606.5824619511,886747.868170851
2017-07-11 18:05:03.668121993,-1.0342,0.6894,-0.1945,-810292.9089938367,11009.031939738681,-360692.20033663465,887014.464669899
2017-07-11 18:05:03.681170220,-0.3183,0.2796,-0.1759,-810309.4477495495,11009.85121235484,-360697.78494596604,887031.8539944462
2017-07-11 18:05:03.868068993,-1.5275,0.825,-0.1745,-810546.3971349542,11021.615038438362,-360777.7832604502,887280.985258241
2017-07-11 18:05:04.268355011,-0.7005,-0.6603,0.0302,-811053.9901063289,11046.70413503685,-360949.1129158071,887814.6578280582
2017-07-11 18:05:04.468073010,-0.6498,0.7705,-0.126,-811307.2735659181,11059.2527777402,-361034.60085731593,888080.9547722363
2017-07-11 18:05:04.668573975,-1.0521,0.375,-0.2309,-811561.5922823646,11071.865690850756,-361120.4332244636,888348.3390933916
2017-07-11 18:05:04.681819910,-0.6357,-0.2382,-0.0094,-811578.3937553676,11072.69891101815,-361126.10367241787,888366.003753711
2017-07-11 18:05:04.868230998,-0.7457,-0.2739,0.1462,-811814.8681225192,11084.415366375566,-361205.8992534055,888614.6217704607
2017-07-11 18:05:05.268197000,-1.0268,0.5835,-0.0831,-812322.4147932633,11109.647686181701,-361377.1229608999,889148.2187165236
2017-07-11 18:05:05.468083977,-1.4278,0.7206,-0.1579,-812576.1233240933,11122.28657973065,-361462.7000160534,889414.9453197136
2017-07-11 18:05:05.668367981,-0.4267,-0.2902,0.0799,-812830.3529018945,11134.938936385654,-361548.44384418824,889682.216698687
2017-07-11 18:05:05.681880110,-0.2869,-0.65,0.0423,-812847.504512974,11135.792406972752,-361554.22853041766,889700.2481924606
2017-07-11 18:05:05.868303000,-1.7819,-0.3292,0.2233,-813084.2021995186,11147.55605007689,-361634.03039320034,889949.0770885418
2017-07-11 18:05:06.268073976,-3.0727,0.9647,0.0432,-813592.2750638715,11172.936543265629,-361805.15305679257,890483.1235531953
2017-07-11 18:05:06.468706011,-0.4839,-0.1858,0.1053,-813847.2797685012,11185.666707277876,-361891.0297106708,890751.1612741939
2017-07-11 18:05:06.668079972,-0.8444,-0.5966,-0.063,-814100.7190172523,11198.29333127399,-361976.3703746062,891017.5504374279
2017-07-11 18:05:06.685430160,-0.3845,0.8393,-0.1249,-814122.7742629175,11199.392394921017,-361983.79704182025,891040.7326740896
2017-07-11 18:05:06.868326008,-0.7387,0.6119,-0.1037,-814355.2928722214,11210.998569551099,-362062.0882270946,891285.1312847603
2017-07-11 18:05:07.268069982,-0.5523,-0.143,0.0951,-814863.5824555334,11236.342606162338,-362233.18915962597,891819.374501464
2017-07-11 18:05:07.468065023,-2.7245,-0.4206,0.2342,-815117.9926896007,11249.00560300855,-362318.782928704,892086.7573259439
2017-07-11 18:05:07.668070018,-0.3224,0.873,-0.0773,-815372.4284826234,11261.70415185202,-362404.384050044,892354.167743249
2017-07-11 18:05:07.686730140,-3.0023,0.9739,-0.2773,-815396.1679498525,11262.88924372816,-362412.3705839763,892379.117714953
2017-07-11 18:05:07.868188023,-2.7764,0.8575,-0.0795,-815627.1106706893,11274.441747465426,-362490.0371922842,892621.8257254286
2017-07-11 18:05:08.267920970,-3.0838,-0.3461,-0.5569,-816136.3463463272,11299.835416172618,-362661.2176819376,893156.9743995232
2017-07-11 18:05:08.467670977,0.0466,0.75,-0.1525,-816390.8139535036,11312.55477685627,-362746.7641362447,893424.3951754172
2017-07-11 18:05:08.668078005,-3.3105,0.6051,0.0643,-816646.2515192431,11325.340276887055,-362832.5893888733,893692.817121998
2017-07-11 18:05:08.681669710,-0.0622,-0.3889,0.28,-816663.5754343616,11326.207324058716,-362838.410048761,893711.0216509001
2017-07-11 18:05:08.868326008,-0.0813,-0.4717,0.2302,-816901.4893945244,11338.098138722211,-362918.3377559181,893961.025841683
2017-07-11 18:05:09.268069028,0.2456,0.67,-0.2286,-817410.9665486855,11363.670562841395,-363089.5474164249,894496.417368891
2017-07-11 18:05:09.468113005,-2.526,-0.0141,-0.3684,-817666.0260214137,11376.467243739313,-363175.2408566569,894764.443687773
2017-07-11 18:05:09.668070018,0.194,-0.5274,0.185,-817920.9668568985,11389.237274675232,-363260.88964703935,895032.3439390226
2017-07-11 18:05:09.685970180,-2.8453,-0.4085,-0.808,-817943.7900851702,11390.380317605932,-363268.5571900178,895056.3273591164
2017-07-11 18:05:09.868067026,-2.7778,-0.1985,-0.6269,-818176.060981047,11402.001815312351,-363346.5792488846,895300.401574647
2017-07-11 18:05:10.268069028,-3.1115,0.2261,-0.373,-818686.775369578,11427.566288572083,-363518.02564173116,895837.0278140885
2017-07-11 18:05:10.467886984,0.0395,-0.5764,0.2079,-818941.8972786001,11440.313812590943,-363603.6620816666,896105.0914806827
2017-07-11 18:05:10.667831003,-1.687,0.5956,-0.3188,-819197.2475835208,11453.093189550598,-363689.3652935735,896373.3921863518
2017-07-11 18:05:10.681769840,-0.0462,0.4061,-0.2018,-819215.0490065928,11453.984166080956,-363695.34002063214,896392.0964761316
2017-07-11 18:05:10.868059992,-0.0893,0.5226,-0.1783,-819452.9650542028,11465.910050033428,-363775.19740483427,896642.0820351486
2017-07-11 18:05:11.268163979,0.0434,-0.5957,0.2329,-819963.9414205143,11491.42846175233,-363946.67352389725,897178.9672785839
2017-07-11 18:05:11.468068003,-2.4389,0.4991,-0.3873,-820219.3380928953,11504.198175042593,-364032.36364396097,897447.3081676756
2017-07-11 18:05:11.668115973,0.4029,0.4052,-0.0174,-820474.902546444,11516.993299267086,-364118.1161637189,897715.8288466722
2017-07-11 18:05:11.683799980,-2.2874,-0.1483,-0.3467,-820494.9396767383,11517.996416270205,-364124.8393520675,897736.8817809307
2017-07-11 18:05:11.868188023,-2.8561,0.2542,-0.2369,-820730.602044681,11529.798140833087,-364203.8881478767,897984.4817811854
2017-07-11 18:05:12.468406975,-2.6927,-0.1249,-0.3374,-821498.6989792215,11568.170053446103,-364461.3289095619,898791.4080883634
2017-07-11 18:05:12.668159008,-2.5745,0.01,-0.2725,-821754.4232962845,11580.940571640538,-364547.0157102302,899060.0519735976
2017-07-11 18:05:12.680590270,0.1275,-1.0397,0.1259,-821770.3378879993,11581.73516462032,-364552.3482776472,899076.7706134593
2017-07-11 18:05:12.868151009,0.09,-0.7661,0.2941,-822010.4513394034,11593.696895925834,-364632.7947898161,899329.0115164508
2017-07-11 18:05:13.267961978,0.0865,0.5727,-0.2319,-822522.2716638483,11619.286482186106,-364804.3144310377,899866.7029226673
2017-07-11 18:05:13.468154013,-1.5211,-0.0397,0.0195,-822778.6096162486,11632.098024704384,-364890.1964008416,900135.9906013914
2017-07-11 18:05:13.668142974,0.2169,-0.7379,0.2446,-823034.6788654125,11644.86705850333,-364975.98146939866,900404.9936519975
2017-07-11 18:05:13.684990280,-2.5029,-0.0922,-0.4778,-823056.2511514473,11645.942710804795,-364983.20824038866,900427.6555273858
2017-07-11 18:05:13.868146002,-2.4266,0.0785,-0.15,-823290.8559625217,11657.639313155269,-365061.7792138373,900674.1012756111
2017-07-11 18:05:14.268284022,-1.9429,-0.1339,0.1915,-823803.7052438827,11683.17129554503,-365233.4015777864,901212.7822513125
2017-07-11 18:05:14.468127012,-0.0512,-0.7128,0.2161,-824059.8422438184,11695.894397618646,-365319.1071875606,901481.8176874027
2017-07-11 18:05:14.667728006,-1.1429,0.6911,-0.0842,-824315.714613385,11708.62962670692,-365404.71236836066,901750.5714926469
2017-07-11 18:05:14.681570170,0.1466,0.5319,-0.1988,-824333.4591226932,11709.51290623581,-365410.6490550032,901769.2093681647
2017-07-11 18:05:14.868131995,-0.4011,0.2661,-0.1838,-824572.6299114919,11721.426826832685,-365490.6688875823,902020.422656773
2017-07-11 18:05:15.268357992,-0.2776,-0.3306,-0.037,-825085.7609504722,11746.932480095365,-365662.3391795518,902559.388428359
2017-07-11 18:05:15.468150973,-1.6436,0.3514,-0.3912,-825341.9817824634,11759.678939527215,-365748.0526749692,902828.5080661204
2017-07-11 18:05:15.668205022,-0.1749,0.5207,-0.1837,-825598.544416089,11772.462893921502,-365833.8855235446,903097.9898227033
2017-07-11 18:05:15.682319990,-1.2139,-0.2287,0.0565,-825616.646632787,11773.364830136949,-365839.94151523843,903117.0035629186
2017-07-11 18:05:15.868152022,-1.4012,-0.1873,0.1034,-825855.0215772745,11785.232894036424,-365919.6687127038,903367.3739567875
2017-07-11 18:05:16.268225014,-1.6704,0.5392,-0.1391,-826368.4802128612,11810.869646403122,-366091.3336053366,903906.6468790083
2017-07-11 18:05:16.468222975,0.3962,0.4872,-0.1197,-826625.1442266812,11823.705040859086,-366177.1543048061,904176.2203262373
2017-07-11 18:05:16.668150007,-0.6436,-0.2035,-0.1271,-826881.7429401826,11836.527749198685,-366262.9496483743,904445.7244534242
2017-07-11 18:05:16.683670040,0.0265,-0.5721,0.2269,-826901.6623036888,11837.523018843496,-366269.6097564314,904466.6456553022
2017-07-11 18:05:16.868112027,-0.084,-0.6229,0.2469,-827138.3893347888,11849.329735757112,-366348.7509030392,904715.2751085572
2017-07-11 18:05:17.268592000,0.174,0.2255,-0.1432,-827652.3682252243,11875.001896389162,-366520.6135079417,905255.1123440837
2017-07-11 18:05:17.468268990,-1.8191,0.0855,-0.2378,-827908.7076458216,11887.805295631315,-366606.3126864904,905524.3434674223
2017-07-11 18:05:17.668138980,-0.0677,-0.4909,0.1999,-828165.2975385975,11900.601459660877,-366692.0867129189,905793.8346114806
2017-07-11 18:05:17.681440230,-1.898,0.4202,-0.2267,-828182.3738061637,11901.453112456591,-366697.7949725006,905811.7694681905
2017-07-11 18:05:17.868146002,-1.7564,0.5099,-0.1456,-828422.1296266197,11913.425289316649,-366777.9252250837,906063.5744745758
2017-07-11 18:05:18.267958998,-0.7802,-0.4121,0.0751,-828935.669068521,11938.996715010308,-366949.50468217797,906602.9020928255
2017-07-11 18:05:18.468280971,-0.4678,-0.6136,-0.0723,-829192.9912182565,11951.784377911908,-367035.4756128388,906873.1455907372
2017-07-11 18:05:18.668156981,-1.26,0.4489,-0.2156,-829449.7908469561,11964.561506264321,-367121.26376565325,907142.8380233109
2017-07-11 18:05:18.684139720,-0.7273,0.3418,-0.1726,-829470.325570334,11965.58329451806,-367128.12371081783,907164.4037354857
2017-07-11 18:05:18.868169009,-0.5141,0.279,-0.1913,-829706.7849667548,11977.35787108156,-367207.1173287973,907412.735825526
2017-07-11 18:05:19.269666016,-0.7079,-0.5801,0.1674,-830222.7829400047,12002.95297239369,-367379.43085214787,907954.6169307978
2017-07-11 18:05:19.468659996,-1.7311,0.404,-0.2335,-830478.5955883039,12015.654671467366,-367464.8438579059,908223.2573321499
2017-07-11 18:05:19.668137013,-0.0427,0.3316,-0.1514,-830735.0308940358,12028.4003973046,-367550.47021913994,908492.5548010526
2017-07-11 18:05:19.682629940,-0.7244,-0.0909,-0.0571,-830753.6622560535,12029.326414087223,-367556.69138192723,908512.1206816401
2017-07-11 18:05:19.868158996,-1.0094,0.0002,0.0601,-830992.2036188792,12041.18068750573,-367636.32860617974,908762.6217108299
2017-07-11 18:05:20.268191993,-1.5537,0.5335,-0.1503,-831506.7890266133,12066.825942209223,-367808.0644006494,909302.9862063694
2017-07-11 18:05:20.467867970,0.0314,0.2861,-0.1309,-831763.642446194,12079.638146409136,-367893.79132966563,909572.710810974
2017-07-11 18:05:20.668621003,-1.1031,-0.0212,0.1506,-832021.9257948761,12092.518605483308,-367979.9746019118,909843.9293184639
2017-07-11 18:05:20.682759880,-0.3459,-0.6063,0.1123,-832040.1165555599,12093.425644802897,-367986.0443990187,909863.0311063598
2017-07-11 18:05:20.868297994,-0.1253,-0.7105,0.1963,-832278.8300273444,12105.303854686765,-368065.68885479873,910113.6965265697
2017-07-11 18:05:21.269119977,-0.0058,0.438,-0.0904,-832794.5288126473,12131.034975599709,-368237.76101116865,910655.2244754197
2017-07-11 18:05:21.468331992,-1.7049,-0.3379,0.0901,-833050.903258163,12143.810156995944,-368323.2787952417,910924.4300417285
2017-07-11 18:05:21.668229997,-0.27,-0.5026,0.1226,-833308.1713224787,12156.609246448888,-368409.0861622757,911194.5710484163
2017-07-11 18:05:21.681390160,-1.2142,0.5097,-0.1435,-833325.1086185616,12157.45195495629,-368414.7352626996,911212.3558484376
2017-07-11 18:05:21.868254005,-1.325,0.3842,-0.2957,-833565.6510149097,12169.431160875274,-368494.95831984445,911464.932904077
2017-07-11 18:05:22.468236982,-1.645,0.027,0.1853,-834338.5774070938,12207.903749528683,-368752.4720408307,912276.4275699962
2017-07-11 18:05:22.668166995,-1.4092,0.584,-0.0918,-834596.1930157655,12220.747165492097,-368838.28601415,912546.8937471366
2017-07-11 18:05:22.681509970,-0.1194,0.365,-0.1823,-834613.3858465193,12221.604377311116,-368844.0131192122,912564.9442432204
2017-07-11 18:05:22.868162989,-0.5115,0.4665,-0.1028,-834853.9117818166,12233.612046620094,-368924.1323757987,912817.4684625312
2017-07-11 18:05:23.268159985,-0.1896,-0.8491,0.31,-835369.3886506906,12259.208600731432,-369095.7781615316,913358.6355571459
2017-07-11 18:05:23.468535006,-1.388,0.7104,-0.1233,-835627.6680394212,12272.059494862287,-369181.7675775903,913629.7830899344
2017-07-11 18:05:23.668464004,-0.3113,0.2418,-0.2484,-835885.3849565986,12284.891448793289,-369267.57551521785,913900.343401203
2017-07-11 18:05:23.681629770,-0.8085,-0.0107,0.0662,-835902.3563248266,12285.736459440359,-369273.2261459161,913918.1605471909
2017-07-11 18:05:23.868167996,-1.0498,0.119,0.2961,-836142.8504866743,12297.713073915918,-369353.2764047544,914170.6312050045
2017-07-11 18:05:24.268284022,-1.2065,0.6869,-0.1344,-836658.8926974917,12323.512335999754,-369525.0020921858,914712.3585353584
2017-07-11 18:05:24.468244016,-0.2334,0.2757,-0.1648,-836916.7967169816,12336.416670418848,-369610.82945651683,914983.1020597124
2017-07-11 18:05:24.668226003,-0.7761,-0.2925,0.1205,-837174.7601409694,12349.310726254407,-369696.6614416105,915253.9024629046
2017-07-11 18:05:24.682780140,-0.2489,-0.5823,0.1191,-837193.534059629,12350.248996701948,-369702.90803133394,915273.6106369267
2017-07-11 18:05:24.868167996,-0.2228,-0.625,0.2234,-837432.6803569966,12362.17902853946,-369782.46823679906,915524.6536361196
2017-07-11 18:05:25.268181979,-0.4065,0.2759,-0.1121,-837948.7547291976,12387.964773029287,-369954.15434781095,916066.4023653715
2017-07-11 18:05:25.468276023,-1.0813,0.3322,-0.1228,-838206.9475179682,12400.876557361344,-370040.03968289425,916337.4376152591
2017-07-11 18:05:25.668344974,-0.4083,-0.545,0.0617,-838465.1242710688,12413.764907443858,-370125.9117777365,916608.4533471077
2017-07-11 18:05:25.681689970,-1.1699,0.5709,-0.5852,-838482.3453811102,12414.62468763784,-370131.6397210639,916626.530897151
2017-07-11 18:05:25.868148982,-1.1525,0.6784,-0.239,-838723.0023197485,12426.661298166053,-370211.68002540304,916879.154828216
2017-07-11 18:05:26.268186986,-0.9979,0.2889,-0.0136,-839239.4788193164,12452.531445809222,-370383.4044652992,917421.296162037
2017-07-11 18:05:26.468171000,-0.2355,-0.6697,0.0792,-839497.6813156868,12465.437473266125,-370469.2484984439,917692.3276070342
2017-07-11 18:05:26.668164014,-1.5009,0.7223,-0.2128,-839755.9554639043,12478.372971522329,-370555.1049062843,917963.4308082315
2017-07-11 18:05:26.685870050,-0.8793,0.4175,-0.1461,-839778.8215951035,12479.518324401744,-370562.7061008356,917987.4327734798
2017-07-11 18:05:26.868166983,-0.2522,0.3419,-0.1889,-840014.2539631501,12491.321954220935,-370640.97238271195,918234.5617510995
2017-07-11 18:05:27.268319010,0.0171,-0.892,0.1938,-840531.0385222827,12517.088757435999,-370812.7402444218,918777.009158308
2017-07-11 18:05:27.468348979,-1.3806,0.4892,-0.1161,-840789.4265772846,12529.988767986248,-370898.60905576736,919048.2243398264
2017-07-11 18:05:27.669579029,-0.3352,0.3691,-0.2905,-841049.378406406,12542.981118390284,-370985.0048009335,919321.0848665916
2017-07-11 18:05:27.681650040,-1.3823,0.0921,0.1002,-841064.9721108221,12543.760492569814,-370990.18733233114,919337.4529170184
2017-07-11 18:05:27.868247985,-2.1201,0.1052,-0.0715,-841306.0989122844,12555.811996428065,-371070.30321989127,919590.5449783605
2017-07-11 18:05:28.268173992,-1.9237,0.2506,-0.1781,-841823.2015577493,12581.681460745149,-371242.04006478086,920133.2804006053
2017-07-11 18:05:28.468187987,-0.2009,0.5008,-0.2862,-842081.8268494016,12594.63952612439,-371327.9418336767,920404.7307794832
2017-07-11 18:05:28.668265998,-2.1341,0.0982,0.1628,-842340.6203466513,12607.60566989586,-371413.8645790058,920676.3444382726
2017-07-11 18:05:28.681579700,0.1035,-0.51,0.1515,-842357.8411087635,12608.468379827713,-371419.5820711365,920694.4183051181
2017-07-11 18:05:28.868337988,0.2159,-0.67,0.1922,-842599.3982499653,12620.546696286401,-371499.77763141075,920947.9403909346
2017-07-11 18:05:29.268155992,-0.5269,0.1594,-0.2452,-843116.6155859589,12646.42981601304,-371671.50199993706,921490.7840359025
2017-07-11 18:05:29.468252003,-0.8458,-0.0224,0.0145,-843375.5000392594,12659.38258546505,-371757.4439251948,921762.4917231719
2017-07-11 18:05:29.668892025,-0.2303,-0.6396,0.2087,-843635.0976056819,12672.344822251844,-371843.61110353447,922034.9436729385
2017-07-11 18:05:29.684909820,-2.0691,0.2041,-0.5903,-843655.8227186153,12673.379695335565,-371850.49028233526,922056.6950481618
2017-07-11 18:05:29.868393003,-1.2234,0.6998,-0.1176,-843893.2692220368,12685.257683472577,-371929.2949517258,922305.8961342712
2017-07-11 18:05:30.268167018,-1.0235,-0.131,0.0921,-844410.7823463053,12711.116563108355,-372100.98021363374,922849.0024391463
2017-07-11 18:05:30.468174993,-0.1493,-0.6089,0.2391,-844669.7014750579,12724.029469614494,-372186.86523001717,923120.7224224001
2017-07-11 18:05:30.668173015,-1.5551,0.6178,-0.1531,-844928.6699219833,12736.966445046663,-372272.752096382,923392.4894235216
2017-07-11 18:05:30.681620240,-0.5442,0.508,-0.1895,-844946.082227465,12737.83637760722,-372278.526887844,923410.7622986143
2017-07-11 18:05:30.868101000,-0.1492,0.381,-0.159,-845187.5543326562,12749.913505148534,-372358.6149248602,923664.1707904263
2017-07-11 18:05:31.268162012,-0.2024,-0.7965,0.2348,-845705.6218030369,12775.695336517301,-372530.39185933466,924207.8283586772
2017-07-11 18:05:31.468402028,-1.4491,0.5708,-0.337,-845964.9849508401,12788.622640854313,-372616.38379768794,924480.0020045815
2017-07-11 18:05:31.668990015,-0.0576,0.2444,-0.2623,-846224.8011295878,12801.58224343311,-372702.5357239944,924752.6559517637
2017-07-11 18:05:31.681750170,-0.9251,-0.049,0.0879,-846241.329162875,12802.406644434259,-372708.0161571891,924770.0006526305
2017-07-11 18:05:31.868350028,-0.7694,-0.1309,0.0804,-846483.0558903792,12814.457826459693,-372788.1572161334,925023.6669402041
2017-07-11 18:05:32.466794013,-1.1371,0.66,-0.0788,-847258.7043701465,12853.34351446906,-373045.20564712095,925837.5916038314
2017-07-11 18:05:32.666454017,-0.6214,-0.102,0.0386,-847517.510218058,12866.31295431813,-373130.9636648919,926109.1664489373
2017-07-11 18:05:32.681639900,-0.534,-0.6014,0.1252,-847537.1947809887,12867.29925453568,-373137.4862805055,926129.8222145035
2017-07-11 18:05:32.866122007,-0.7163,-0.5391,0.0812,-847776.3524151465,12879.26274185344,-373216.72196965624,926380.7752111872
2017-07-11 18:05:33.266328990,-0.0788,0.2715,-0.1581,-848295.1825886653,12905.25926499691,-373388.63754513895,926925.2058109376
2017-07-11 18:05:33.465184986,-1.0443,-0.0802,0.1279,-848553.021712014,12918.173320731114,-373474.0543927696,927195.7609712782
2017-07-11 18:05:33.661330220,-1.3752,0.6209,-0.2495,-848807.3989361111,12930.93522270239,-373558.31645537843,927462.6813879883
2017-07-11 18:05:33.668371975,-0.3845,-0.5533,0.0647,-848816.5312805114,12931.393356727478,-373561.3415208328,927472.2640532545
2017-07-11 18:05:33.865570008,-1.3968,0.6345,-0.1738,-849072.328712061,12944.24766304026,-373646.06252426136,927740.6711856328
2017-07-11 18:05:34.266246974,-0.7361,-0.2818,0.1426,-849592.1890833827,12970.320453876062,-373818.18006306945,928286.1351489831
2017-07-11 18:05:34.468137025,-0.5688,-0.3936,0.1227,-849854.155542908,12983.441769716139,-373904.90033343685,928560.9995832768
2017-07-11 18:05:34.663189880,-0.2698,0.3597,-0.1545,-850107.2605271994,12996.132404892409,-373988.68961853086,928826.568214503
2017-07-11 18:05:34.666730999,-0.9134,0.4871,-0.2021,-850111.8555745414,12996.36280521507,-373990.2107873635,928831.3895424354
2017-07-11 18:05:34.866810977,-0.5979,0.5782,-0.0722,-850371.5084493117,13009.404009423053,-374076.162618271,929103.8275748569
2017-07-11 18:05:35.266138017,-0.3651,-0.4477,-0.0182,-850889.7915055366,13035.360737235198,-374247.7113721047,929647.6253856316
2017-07-11 18:05:35.466736018,-0.6778,0.6031,-0.2622,-851150.1731626999,13048.424111984064,-374333.8977478574,929920.827624483
2017-07-11 18:05:35.665519830,-1.0232,-0.1707,0.113,-851408.2403849871,13061.362597618763,-374419.30019713356,930191.5949676591
2017-07-11 18:05:35.667479991,-0.6317,0.5721,-0.1118,-851410.7851283537,13061.490183218615,-374420.1423312796,930194.2649479526
2017-07-11 18:05:35.866804003,-0.5943,-0.0993,0.1561,-851669.5775131822,13074.460107841305,-374505.7707056743,930465.7882267595
2017-07-11 18:05:36.266309022,-0.9281,0.7034,-0.1882,-852188.4230912428,13100.567987006003,-374677.42565178714,931010.1538787703
2017-07-11 18:05:36.466123998,-1.4348,0.9644,-0.3308,-852447.9842926917,13113.664513467647,-374763.29317229486,931282.4813293699
2017-07-11 18:05:36.663110010,-1.1868,-0.5522,0.0166,-852703.9166999741,13126.554193097954,-374847.9443433699,931550.9955761471
2017-07-11 18:05:36.666311979,-0.6109,-0.0339,-0.1208,-852708.0768373345,13126.76371196537,-374849.32033279585,931555.360235308
2017-07-11 18:05:36.866268992,-1.7274,-0.1535,-0.1037,-852967.9387499301,13139.841638471338,-374935.2524613034,931827.9903028294
2017-07-11 18:05:37.266300976,-0.5024,0.6788,-0.082,-853487.8962688831,13166.113831741033,-375107.18053322245,932373.4941097895
2017-07-11 18:05:37.465740978,-0.7867,0.1483,0.0348,-853747.1576544212,13179.217998926551,-375192.89563263516,932645.4899495669
2017-07-11 18:05:37.665979980,-0.5897,0.876,0.2013,-854007.4813418344,13192.409788050589,-375278.94605411193,932918.5951707279
2017-07-11 18:05:37.668693006,-0.6588,-0.4584,0.1987,-854011.008456414,13192.588519421124,-375280.1119445508,932922.2954660794
2017-07-11 18:05:37.865444004,-0.9432,0.728,-0.0263,-854266.8343762764,13205.578454966702,-375364.6643482261,933190.6787247991
2017-07-11 18:05:38.266372025,-0.7829,-0.2209,0.0262,-854788.2677673271,13232.01310044364,-375536.9562278568,933737.6903479056
2017-07-11 18:05:38.466656982,-0.4196,-0.5423,0.049,-855048.7684238023,13245.196863675445,-375623.02325693966,934010.9674001168
2017-07-11 18:05:38.666006982,-0.4772,0.8238,-0.1363,-855308.0719924583,13258.351821495064,-375708.69393022486,934282.9895718076
2017-07-11 18:05:38.667650100,-1.8581,1.1435,-0.0787,-855310.2092754339,13258.460252713667,-375709.40006048675,934285.2316893756
2017-07-11 18:05:38.866563975,-1.3843,0.6618,-0.2767,-855569.0009360844,13271.612989971863,-375794.8942828659,934556.7150490095
2017-07-11 18:05:39.266220986,-2.7714,-0.1903,0.0008,-856089.4068331323,13298.00902449472,-375966.6688257755,935102.5856043122
2017-07-11 18:05:39.466341972,-0.2723,0.826,-0.249,-856350.0015348471,13311.259439119573,-376052.6917788371,935375.9360549625
2017-07-11 18:05:39.667460978,-2.1393,1.1938,-0.3241,-856611.982376246,13324.624222506704,-376139.1568449934,935650.7357306441
2017-07-11 18:05:39.668200250,-0.3955,-0.3559,0.1016,-856612.9453640208,13324.67334850042,-376139.474672694,935651.7458392931
2017-07-11 18:05:39.866264998,-0.4784,-0.3248,0.1069,-856870.9665053579,13337.822376081902,-376224.622443982,935922.3884909897
2017-07-11 18:05:40.266350984,-0.7321,0.7151,-0.2416,-857392.2801377499,13364.497558003271,-376396.65754895896,936469.206994451
2017-07-11 18:05:40.466817975,-0.5014,0.5583,-0.1978,-857653.5095747968,13377.885854856653,-376482.8653675982,936743.2189406597
2017-07-11 18:05:40.664749740,-0.9288,-0.6138,-0.077,-857911.47173503,13391.080788432391,-376567.9859670008,937013.8005571159
2017-07-11 18:05:40.666523993,-0.2385,-0.3143,0.1692,-857913.784099017,13391.199066338144,-376568.748984364,937016.2260447671
2017-07-11 18:05:40.866837978,-0.5905,-0.5081,0.1615,-858174.8747577711,13404.532308784017,-376654.88751757116,937290.0839349617
2017-07-11 18:05:41.266120016,-0.8667,0.5498,-0.3522,-858695.4399526726,13431.196858628125,-376826.6419594651,937836.1124071818
2017-07-11 18:05:41.466314017,-0.4838,-0.2346,0.1719,-858956.4628916814,13444.556660160282,-376912.7501608067,938109.8989355987
2017-07-11 18:05:41.665295004,-1.7664,-0.5144,0.2462,-859215.9741802823,13457.815145220455,-376998.3268680727,938382.0871779153
2017-07-11 18:05:41.666610000,-0.9777,0.65,-0.071,-859217.689201642,13457.902767051744,-376998.89241483103,938383.8859794568
2017-07-11 18:05:41.867707014,-0.5577,0.7952,-0.288,-859479.9830276287,13471.334576834473,-377085.390837474,938658.9956227472
2017-07-11 18:05:42.467756986,0.0525,-0.5866,0.3084,-860262.6182266398,13511.202315232944,-377343.38097237935,939479.8305817017
2017-07-11 18:05:42.662720200,-3.4925,1.0743,-0.0251,-860517.0382564266,13524.196641914714,-377427.2059214947,939746.6535157909
2017-07-11 18:05:42.666884005,0.2047,0.6683,-0.1018,-860522.471869663,13524.474171712465,-377428.99616222363,939752.352025958
2017-07-11 18:05:42.867856979,-3.5004,0.3183,-0.0347,-860784.8756319064,13537.882465197805,-377515.406510259,940027.5307302888
2017-07-11 18:05:43.266990005,-2.5193,-0.2733,-0.4034,-861306.411759773,13564.467844087007,-377687.0820267862,940574.4317470561
2017-07-11 18:05:43.466993987,-0.2141,0.7527,-0.2764,-861567.7600167362,13577.819781584885,-377773.11900611594,940848.4956324724
2017-07-11 18:05:43.666993021,-3.335,0.4605,-0.1625,-861829.2352067836,13591.189808584471,-377859.16035687044,941122.6785935623
2017-07-11 18:05:43.668230050,0.142,-0.5663,0.1928,-861830.8524763421,13591.272503672964,-377859.69253737625,941124.3744653562
2017-07-11 18:05:43.869619011,0.0528,-0.6518,0.198,-862094.1426554865,13604.708871462642,-377946.3237685827,941400.4581231953
2017-07-11 18:05:44.266991972,0.1899,0.6419,-0.1842,-862613.6267358328,13631.322355587488,-378117.29027200135,941945.2039169527
2017-07-11 18:05:44.466929018,-3.4594,0.4504,-0.283,-862875.1419241758,13644.730857140623,-378203.32288228004,942219.4238445887
2017-07-11 18:05:44.666994988,0.0213,-0.4757,0.2799,-863136.8248909572,13658.128964248723,-378289.3997649749,942493.8158652246
2017-07-11 18:05:44.684350130,-2.7856,-0.0012,-0.812,-863159.5259675466,13659.291210777106,-378296.86692919704,942517.6194816452
2017-07-11 18:05:44.866997003,-2.7312,-0.3927,-0.7912,-863398.5249871596,13671.509683799623,-378375.4783443514,942768.2248248261
2017-07-11 18:05:45.266884028,-2.8129,0.1128,-0.2729,-863922.2391998058,13698.278843849701,-378547.6337993528,943317.332228333
2017-07-11 18:05:45.466862022,0.1306,-0.5576,0.2693,-864184.136242162,13711.643433036606,-378633.71560186235,943591.9250866438
2017-07-11 18:05:45.667007982,-1.972,0.3702,-0.4018,-864446.3322528902,13725.034077063203,-378719.88580187474,943866.8284285002
2017-07-11 18:05:45.670400260,0.1328,0.4983,-0.2502,-864450.7762169504,13725.261041098933,-378721.34630524943,943871.4877778622
2017-07-11 18:05:45.867920994,0.3166,0.5179,-0.0507,-864709.5206776643,13738.496585434912,-378806.38839455287,944142.7759229791
2017-07-11 18:05:46.267050027,0.0524,-0.6128,0.0882,-865232.3558023496,13765.143953732308,-378978.21841408336,944690.9540943342
2017-07-11 18:05:46.466579973,-1.9893,0.6544,-0.1955,-865493.8072778162,13778.49138292654,-379064.12632410275,944965.072966665
2017-07-11 18:05:46.666787028,0.2664,0.3412,-0.1014,-865756.135316199,13791.897783171395,-379150.32982879475,945240.1149397893
2017-07-11 18:05:46.681499830,-2.2752,0.1112,0.0261,-865775.4137531687,13792.883015842317,-379156.66474024486,945260.3276866672
2017-07-11 18:05:46.866994976,-1.5336,0.0283,-0.1624,-866018.5239953373,13805.305544525963,-379236.53922903875,945515.2156632164
2017-07-11 18:05:47.266992986,-2.1218,0.4952,0.3099,-866543.101527019,13832.172467274433,-379408.72939010925,946065.1456092477
2017-07-11 18:05:47.466993987,0.4065,0.4533,-0.1419,-866805.376650352,13845.624194896782,-379494.8310059345,946340.1022145937
2017-07-11 18:05:47.667611002,-1.6009,0.0494,0.0733,-867068.5240271022,13859.119342785483,-379581.1948693175,946615.9643941749
2017-07-11 18:05:47.669810170,0.1231,-0.6845,0.3098,-867071.4086536668,13859.267273574178,-379582.1415903328,946618.9884046897
2017-07-11 18:05:47.867865025,0.0594,-0.6234,0.2207,-867331.1928865752,13872.565318085568,-379667.39367428067,946891.3221917156
2017-07-11 18:05:48.267319023,-0.3548,0.372,-0.1004,-867855.2045951374,13899.445311058314,-379839.3534005104,947440.6499166798
2017-07-11 18:05:48.467876017,-1.2849,0.0444,-0.0159,-868118.3509360577,13912.9429453382,-379925.69120517414,947716.504051222
2017-07-11 18:05:48.667195975,-0.0155,-0.6056,0.1389,-868379.8748055333,13926.333266632131,-380011.4909597791,947990.6555378071
2017-07-11 18:05:48.676919810,-1.8613,0.5259,-0.216,-868392.6334377319,13926.986563910696,-380015.676725901,948004.0302240886
2017-07-11 18:05:48.867334008,-1.7015,0.4825,-0.5133,-868642.5373699684,13939.79706396612,-380097.6618963098,948266.0007876287
2017-07-11 18:05:49.267584025,-0.9178,-0.1195,-0.0675,-869167.981644013,13966.705548977647,-380270.0052679673,948816.8032267974
2017-07-11 18:05:49.466937005,-0.5347,-0.63,0.1406,-869429.7115194753,13980.082851416897,-380355.83893891994,949091.1601128209
2017-07-11 18:05:49.666993021,-1.184,0.7196,-0.2119,-869692.4117951357,13993.536130227913,-380441.9837906896,949366.5325984813
2017-07-11 18:05:49.671349760,-1.0496,0.5163,-0.294,-869698.1327954076,13993.829120092405,-380443.859824009,949372.5295789061
2017-07-11 18:05:49.866886019,-0.8466,0.6019,-0.2385,-869954.9312897281,14007.00190941504,-380528.06782126304,949641.716110655
2017-07-11 18:05:50.266821980,-0.3552,-0.5655,0.1597,-870480.2254847459,14033.854145043417,-380700.2753276103,950192.3340338295
2017-07-11 18:05:50.468156993,-1.0782,0.5302,-0.4915,-870744.7118109912,14047.393539323572,-380786.98763150605,950469.5746637719
2017-07-11 18:05:50.667465984,-1.3748,0.5771,-0.3727,-871006.591240066,14060.819612264966,-380872.84215991985,950744.0825620653
2017-07-11 18:05:50.679540030,-0.8463,-0.1816,-0.0452,-871022.4558974863,14061.632931046777,-380878.0431939199,950760.7122644506
2017-07-11 18:05:50.866980016,-0.592,-0.2065,-0.036,-871268.762917934,14074.25180482241,-380958.7863856868,951018.8950409283
2017-07-11 18:05:51.266992986,-0.8115,0.5932,-0.2954,-871794.5330253177,14101.276479454626,-381131.14653345145,951570.0208965628
2017-07-11 18:05:51.467028975,-0.1691,0.3676,-0.1227,-872057.4636249897,14114.8055193384,-381217.3442299726,951845.6340923419
2017-07-11 18:05:51.666993021,-0.6917,-0.0614,-0.0642,-872320.3273196504,14128.327238382108,-381303.5134925446,952121.1753171842
2017-07-11 18:05:51.669919840,-0.2478,-0.5591,0.0363,-872324.1747857115,14128.525147292701,-381304.77472814056,952125.2083465116
2017-07-11 18:05:51.866993010,-0.7363,-0.5855,0.1459,-872583.2670047046,14141.828321089597,-381389.69255612127,952396.790604063
2017-07-11 18:05:52.469184994,-0.1559,0.3634,-0.1751,-873375.0257148916,14182.610307014524,-381649.2375207997,953226.7424269086
2017-07-11 18:05:52.668797016,-0.9366,-0.7151,0.095,-873637.5118228968,14196.100052067184,-381735.26658979413,953501.8851995898
2017-07-11 18:05:52.672000050,-1.5249,0.5164,-0.2747,-873641.7237688652,14196.316517834928,-381736.6470406947,953506.3002447234
2017-07-11 18:05:52.868722975,-0.6067,0.8449,-0.1504,-873900.4352079709,14209.644041166823,-381821.4369561727,953777.4868174098
2017-07-11 18:05:53.268849015,-0.0832,-0.4735,0.1813,-874426.656562489,14236.675847506584,-381993.86700201867,954329.0706425096
2017-07-11 18:05:53.469187021,-1.0315,-0.5499,0.1385,-874690.1702841364,14250.188257832793,-382080.1949684817,954605.2782402935
2017-07-11 18:05:53.668880999,-0.3645,0.7178,-0.2469,-874952.8514217816,14263.685853920468,-382166.2552616229,954880.6164154435
2017-07-11 18:05:53.688099860,-1.8889,1.1565,-0.5209,-874978.132963305,14264.985310864311,-382174.5380313368,954907.1161580774
2017-07-11 18:05:53.868152976,-1.785,1.0596,-0.2498,-875215.0425537464,14277.193706814072,-382252.1437820703,955155.4378207175
2017-07-11 18:05:54.268850028,-1.4095,-0.4087,-0.0074,-875742.4964729744,14304.297115355108,-382424.85175933014,955708.2715388769
2017-07-11 18:05:54.468807995,-0.6835,0.842,-0.0843,-876005.7366523112,14317.856067806271,-382511.04078025697,955984.1776770848
2017-07-11 18:05:54.668833971,-1.7758,0.8243,-0.5244,-876269.1374144236,14331.452612445986,-382597.28009693936,956260.2524713535
2017-07-11 18:05:54.687999720,-0.5056,-0.592,0.1222,-876294.3756866863,14332.755165594346,-382605.5431843238,956286.7051288163
2017-07-11 18:05:54.868728995,-0.2199,-0.2372,0.1432,-876532.3748542825,14345.03024005422,-382683.4578093828,956536.1534940653
2017-07-11 18:05:55.268710970,-0.5548,0.753,-0.1624,-877059.192762637,14372.317356800655,-382855.920965995,957088.3174160958
2017-07-11 18:05:55.468141973,-1.2066,1.0162,-0.5757,-877321.9121486905,14385.9631295894,-382941.93398884207,957363.6813032523
2017-07-11 18:05:55.668716013,-0.3357,-0.2565,0.0877,-877586.1508137351,14399.676794021125,-383028.43646638974,957640.6350681487
2017-07-11 18:05:55.687159890,-2.277,-0.3315,-0.1347,-877610.4497748459,14400.93772749764,-383036.3908868459,957666.1032453112
2017-07-11 18:05:55.868717014,-2.6767,-0.2663,-0.2739,-877849.7311816905,14413.341277704938,-383114.7013322476,957916.8906118376
2017-07-11 18:05:56.270079016,-2.461,1.0524,-0.5167,-878379.0986886449,14440.930906208205,-383287.9027386802,958471.6990523664
2017-07-11 18:05:56.468728005,-0.1786,-0.3631,0.0038,-878641.1094127917,14454.571711490344,-383373.6264093919,958746.3018024069
2017-07-11 18:05:56.668754994,-2.1789,-0.2892,-0.4282,-878905.0248478765,14468.295569991205,-383459.96186573146,959022.896824479
2017-07-11 18:05:56.687220090,-0.1495,0.5757,-0.1203,-878929.3877304313,14469.562657144701,-383467.9317937001,959048.4302546027
2017-07-11 18:05:56.868723988,0.0206,0.6852,-0.1814,-879168.8636377901,14482.04014819395,-383546.2787105072,959299.4152972758
2017-07-11 18:05:57.269016981,0.2199,-0.5851,0.1925,-879696.9742369144,14509.464549112337,-383719.0360102339,959852.9000006759
2017-07-11 18:05:57.468825995,-1.7864,0.2981,-0.5163,-879960.6556119911,14523.165529606653,-383805.28962294606,960129.2507285876
2017-07-11 18:05:57.668862998,0.2099,0.4812,-0.1158,-880224.6294575352,14536.901398516875,-383891.6462877295,960405.9120473117
2017-07-11 18:05:57.687280290,-2.3959,0.0141,-0.2357,-880248.9341905954,14538.166056862636,-383899.5971762166,960431.3849141111
2017-07-11 18:05:57.868972003,-2.5022,-0.0679,-0.465,-880488.7897510547,14550.64002202104,-383978.05025521276,960682.7640174056
2017-07-11 18:05:58.268719971,-3.2087,-0.3255,-0.6363,-881017.0193157652,14578.032529686345,-384150.760021449,961236.3464733993
2017-07-11 18:05:58.468954980,0.138,0.6473,-0.0826,-881281.6056259234,14591.77947544105,-384237.27419597446,961513.6355374363
2017-07-11 18:05:58.668946027,-3.4657,0.401,-0.1432,-881546.0081854382,14605.525710778631,-384323.6886909898,961790.7171614923
2017-07-11 18:05:58.687310090,0.3042,-0.6219,0.2255,-881570.2866959837,14606.787741212756,-384331.6235763039,961816.1599360625
2017-07-11 18:05:58.868773996,0.2495,-0.6693,0.2255,-881810.1858119674,14619.236415434603,-384410.02446830575,962067.5614460921
2017-07-11 18:05:59.268972992,0.0137,0.4784,-0.2143,-882339.2551421139,14646.767238682827,-384582.96346859046,962622.0155105366
2017-07-11 18:05:59.468730986,-2.2661,0.0143,0.3906,-882603.4287583283,14660.509727895393,-384669.26980753714,962898.8473020949
2017-07-11 18:05:59.668717026,0.2335,-0.7138,0.1649,-882867.8946194542,14674.239357675808,-384755.66807970364,963175.9843195702
2017-07-11 18:05:59.688430070,-1.9831,0.2479,-0.519,-882893.9643454924,14675.59281245501,-384764.18474054174,963203.3031303154
2017-07-11 18:05:59.868178009,-1.6102,0.5616,0.0913,-883131.7259558417,14687.95206040266,-384841.8386068072,963452.4493028913
2017-07-11 18:06:00.268721997,-1.8732,-0.1752,0.3436,-883661.846097285,14715.464865726908,-385014.82462673966,964007.893295815
2017-07-11 18:06:00.468720972,-0.4822,-0.5378,0.1413,-883926.5641150443,14729.181003316953,-385101.19407394354,964285.2530234158
2017-07-11 18:06:00.669184029,-0.9429,0.556,-0.1903,-884191.934281136,14742.951311236033,-385187.7715819922,964563.295298698
2017-07-11 18:06:00.687270160,-0.2742,0.502,0.0345,-884215.8765358307,14744.193856941745,-385195.58274637023,964588.3808847348
2017-07-11 18:06:00.868968009,-0.2814,0.3854,-0.2097,-884456.4157756199,14756.689509184009,-385274.06260350597,964840.4088795914
2017-07-11 18:06:01.268842995,-0.055,-0.4655,0.1766,-884985.7958624747,14784.115119309437,-385446.7503986578,965395.0623092517
2017-07-11 18:06:01.468797028,-1.5644,0.5735,-0.1169,-885250.5703498512,14797.851988232054,-385533.1061129573,965672.4727552852
2017-07-11 18:06:01.668816983,-0.1999,0.2236,-0.2135,-885515.4401272049,14811.602331789789,-385619.4988392115,965949.986361777
2017-07-11 18:06:01.687879920,-1.2751,-0.2039,-0.0829,-885540.6840512988,14812.912736605247,-385627.7325433114,965976.4353234918
2017-07-11 18:06:01.868975996,-0.8086,-0.1828,-0.0217,-885780.5254314634,14825.355461795269,-385705.95265545504,966227.7228024768
2017-07-11 18:06:02.468680977,-1.28,0.5419,-0.1961,-886575.227561636,14866.754804356027,-385965.05138355895,967060.3266673144
2017-07-11 18:06:02.669040977,-1.1003,-0.1991,-0.0717,-886840.7798134384,14880.57823300577,-386051.6185273363,967338.5407995651
2017-07-11 18:06:02.687010280,-0.3376,-0.6768,0.0567,-886864.5959978871,14881.817769799794,-386059.3822904035,967363.4925864615
2017-07-11 18:06:02.868956029,-0.0082,-0.3735,0.1997,-887105.7438262529,14894.35616764655,-386137.98661315895,967616.1363272329
2017-07-11 18:06:03.268800020,-0.0491,0.4008,-0.1158,-887635.6981609694,14921.974629637312,-386310.74599201174,968171.3641940996
2017-07-11 18:06:03.468791007,-0.6962,-0.1503,0.0865,-887900.7946153433,14935.78261463098,-386397.15203069785,968449.099219109
2017-07-11 18:06:03.668798983,-1.0015,-0.5975,-0.0171,-888165.9536525456,14949.56787069049,-386483.5660935303,968726.8952947618
2017-07-11 18:06:03.687869780,-1.1973,0.4743,-0.4149,-888191.2370505694,14950.882469871352,-386491.80584108346,968753.3837062715
2017-07-11 18:06:03.868113994,-1.3786,0.6911,-0.2154,-888430.2433357013,14963.329620455475,-386569.68933368236,969003.7787430984
2017-07-11 18:06:04.269034981,-0.9214,0.0775,0.108,-888962.0181340977,14991.028535826963,-386742.9098607203,969560.8691305291
2017-07-11 18:06:04.468847990,-0.4654,-0.664,0.1278,-889227.0653020411,15004.806749605916,-386829.235271893,969838.5304535549
2017-07-11 18:06:04.668833017,-1.06,0.7714,-0.1438,-889492.3830413908,15018.62767635892,-386915.6407513105,970116.4732772713
2017-07-11 18:06:04.687879920,-0.3726,0.377,-0.1924,-889517.6524745781,15019.944140931735,-386923.87022112997,970142.9452059005
2017-07-11 18:06:04.869166016,-1.2848,1.0054,-0.7557,-889758.2060772629,15032.507132035269,-387002.2221453811,970394.9512945574
2017-07-11 18:06:05.268791973,-0.766,-0.5233,0.0031,-890288.6032930141,15060.117341008425,-387174.94015107874,970950.5850293011
2017-07-11 18:06:05.468910992,-0.732,0.6428,-0.2934,-890554.2374031505,15073.969332483937,-387261.44317434897,971228.8606078504
2017-07-11 18:06:05.668869018,-2.002,0.7496,-0.1738,-890819.7378606874,15087.840151638551,-387347.8835562083,971506.989773156
2017-07-11 18:06:05.688779950,-0.4595,-0.3253,0.1152,-890846.1753990419,15089.221217231085,-387356.49085978844,971534.684831814
2017-07-11 18:06:05.868893980,-0.3634,-0.2781,0.0975,-891085.3408136955,15101.705296626642,-387434.3492521985,971785.2237487461
2017-07-11 18:06:06.268854022,-0.5254,0.7443,-0.1069,-891616.5140230826,15129.546426236688,-387607.2581919035,972341.6569584903
2017-07-11 18:06:06.468813002,-3.0782,0.8578,-0.4389,-891882.195761444,15143.49982430904,-387693.72111420403,972619.9659140058
2017-07-11 18:06:06.668793022,0.1078,-0.3558,0.2313,-892147.9011441196,15157.440461423408,-387780.18388411845,972898.2971155824
2017-07-11 18:06:06.690190190,-1.2462,-0.6346,-0.2504,-892176.3312683487,15158.93177066154,-387789.4352150258,972928.0782011929
2017-07-11 18:06:06.870265007,-3.19,-0.4877,-0.3313,-892415.697654703,15171.466553306525,-387867.30353810906,973178.8098658088
2017-07-11 18:06:07.268794000,-3.7191,0.5924,-0.1928,-892946.0372903417,15199.301745886367,-388039.6668872342,973734.269379507
2017-07-11 18:06:07.468796014,0.2529,-0.6593,0.3466,-893212.1784381483,15213.24448143477,-388126.1536730214,974013.0130973037
2017-07-11 18:06:07.669073998,-2.858,-0.0188,-0.7701,-893478.801455132,15227.205701581192,-388212.790686088,974292.2596918533
2017-07-11 18:06:07.689619770,0.1363,0.8242,-0.2618,-893506.1532592807,15228.638279045066,-388221.6785649005,974320.9066030453
2017-07-11 18:06:07.868786990,-0.0112,0.5702,-0.2052,-893744.6721184474,15241.149222415295,-388299.1909540994,974570.7225570339
2017-07-11 18:06:08.268706023,0.2331,-0.5309,0.1984,-894277.0326249867,15268.989981203858,-388472.1745755006,975128.2908187086
2017-07-11 18:06:08.469003975,-1.7684,0.4559,-0.5126,-894543.7343406004,15282.952211495003,-388558.8333404665,975407.6215835254
2017-07-11 18:06:08.668525993,0.2895,0.3857,-0.1008,-894809.3913560368,15296.875707863748,-388645.1604108958,975685.8623430975
2017-07-11 18:06:08.682880280,-2.202,0.0299,-0.4815,-894828.5040715503,15297.877417319834,-388651.3711707508,975705.8804093109
2017-07-11 18:06:08.868813991,-1.8059,-0.0111,-0.4448,-895076.137011814,15310.852359800241,-388731.8356590694,975965.2418518014
2017-07-11 18:06:09.268858015,-1.9161,0.2341,-0.548,-895609.2361078656,15338.805946265165,-388905.046013337,976523.5878278657
2017-07-11 18:06:09.468850016,0.3698,0.7484,-0.1417,-895875.7308723837,15352.810576046188,-388991.64386390767,976802.7093301169
2017-07-11 18:06:09.668105006,-2.8676,0.1611,-0.5541,-896141.3574007942,15366.769992013047,-389077.944583056,977080.9163140487
2017-07-11 18:06:09.688269730,0.2475,-0.5786,0.1926,-896168.2388634866,15368.18245797857,-389086.6781890657,977109.0709454839
2017-07-11 18:06:09.868875026,0.1972,-0.6177,0.1716,-896408.9961791058,15380.81305727363,-389164.89511038846,977361.2297545952
2017-07-11 18:06:10.268797993,0.244,0.4455,-0.1996,-896942.0776224878,15408.852851481026,-389338.12651349406,977919.5775282244
2017-07-11 18:06:10.468792021,-1.849,0.0336,-0.3992,-897208.7356802889,15422.8763742966,-389424.7722791316,978198.8722960852
2017-07-11 18:06:10.668847978,0.1278,-0.5336,0.2466,-897475.4711950289,15436.88288361043,-389511.435005478,978478.2454147503
2017-07-11 18:06:10.684310190,-1.8359,0.5319,-0.2797,-897496.087471338,15437.965565976327,-389518.13318555336,978499.8384708781
2017-07-11 18:06:10.868786990,-2.0882,0.5651,-0.3033,-897742.1275271283,15450.902080935282,-389598.0582586394,978757.5312154443
2017-07-11 18:06:11.268859982,-2.4555,0.1155,-0.5261,-898276.1051599297,15478.975858349333,-389771.4751723775,979316.7836062893
2017-07-11 18:06:11.468791007,0.3094,-0.8127,0.2659,-898542.9408366662,15492.97286040199,-389858.1272827858,979596.2475141983
2017-07-11 18:06:11.668801009,-2.5104,0.3416,-0.4942,-898809.9823452045,15506.98905693436,-389944.83339259477,979875.9228405284
2017-07-11 18:06:11.690490000,0.3388,0.521,-0.115,-898838.940042023,15508.50921181072,-389954.23581665615,979906.2506307388
2017-07-11 18:06:11.869035005,0.2267,0.6378,-0.2171,-899077.3142190846,15521.043545030105,-390031.6440260029,980155.9075360184
2017-07-11 18:06:12.468143999,0.2433,-0.5654,0.2338,-899877.0930839536,15562.899646558417,-390291.3038874073,980993.5210758366
2017-07-11 18:06:12.668277978,-0.3943,0.3692,-0.1162,-900144.2771689207,15576.896578215004,-390378.04862027,981273.3463574444
2017-07-11 18:06:12.680729740,-2.3718,0.2879,-0.2406,-900160.9009638899,15577.767471784102,-390383.445665987,981290.7566636789
2017-07-11 18:06:12.868044972,-1.0674,0.1403,-0.0865,-900411.0146709316,15590.873482588102,-390464.63792311546,981552.7006458269
2017-07-11 18:06:13.268339991,-1.6859,0.4336,-0.3395,-900945.7809670981,15618.95067174874,-390638.20120326494,982112.7512163883
2017-07-11 18:06:13.468364000,0.0726,0.6207,-0.1445,-901212.9962224081,15633.005437812111,-390724.93507634226,982392.6049750175
2017-07-11 18:06:13.668533027,-2.9454,-0.0453,-0.0769,-901480.5232247962,15647.068578558516,-390811.73491293634,982672.7719105753
2017-07-11 18:06:13.686730140,-0.2384,-0.6204,0.1962,-901504.8438450631,15648.346835455632,-390819.6257112973,982698.2416163738
2017-07-11 18:06:13.868273973,-0.1784,-0.2371,0.0663,-901747.4848408309,15661.091574552209,-390898.3462213525,982952.345378279
2017-07-11 18:06:14.268281996,-0.408,0.3667,-0.2925,-902282.1777305235,15689.231609783994,-391071.84334140585,983512.3115106829
2017-07-11 18:06:14.467978000,-0.8411,0.9369,-0.1835,-902549.1460018785,15703.317321640778,-391158.46562578017,983791.8989066433
2017-07-11 18:06:14.668274998,-0.9721,0.4678,-0.1355,-902816.9567256827,15717.464192688998,-391245.3540398787,984072.3667951771
2017-07-11 18:06:14.684549800,-1.8341,0.7657,-0.6701,-902838.717729844,15718.613876158191,-391252.4141920535,984095.1563062217
2017-07-11 18:06:14.867901027,-0.4659,0.2613,-0.2985,-903083.8919394836,15731.574945512271,-391331.96360098996,984351.9208426616
2017-07-11 18:06:15.268431007,-0.6585,0.4258,-0.1993,-903619.5796029925,15759.95665535665,-391505.77092095785,984912.9350049582
2017-07-11 18:06:15.468066990,-0.6183,0.6879,-0.2767,-903886.606813207,15774.13035452691,-391592.4126552864,985192.5897071713
2017-07-11 18:06:15.668434977,-1.0134,0.6793,-0.263,-904154.6538157138,15788.383296391956,-391679.3826370637,985473.3125999295
2017-07-11 18:06:15.683240290,-1.173,0.6203,-0.2798,-904174.4602296453,15789.436590944111,-391685.8089634941,985494.0556811171
2017-07-11 18:06:15.867985010,-0.6195,0.652,-0.457,-904421.6311903825,15802.60213983159,-391766.01400918886,985752.9198192161
2017-07-11 18:06:16.268799006,0.3038,0.0443,-0.9122,-904957.8335988249,15831.172650884035,-391940.1698853606,986314.5560059154
2017-07-11 18:06:16.468423008,0.6205,0.0891,-0.5023,-905224.8625970384,15845.40564411132,-392026.9276239221,986594.2634771932
2017-07-11 18:06:16.668718993,0.8766,0.0911,-0.5807,-905492.7553120215,15859.690203853277,-392114.0007069598,986874.8903717919
2017-07-11 18:06:16.686029790,-0.2722,0.3253,-0.944,-905515.9083110428,15860.924859849501,-392121.5263751596,986899.1440813837
2017-07-11 18:06:16.868313014,0.8051,0.1455,-0.7347,-905759.6833505358,15873.930659958063,-392200.79630441073,987154.5219871476
2017-07-11 18:06:17.268440008,0.7908,0.0466,-0.7852,-906294.6634383664,15902.486944813158,-392374.92617198074,987715.0341856497
2017-07-11 18:06:17.468397021,0.6635,-0.0191,-0.6659,-906561.9845818409,15916.756724013243,-392461.9713899173,987995.1285410458
2017-07-11 18:06:17.668283998,0.7632,0.0749,-0.5267,-906829.1816011668,15931.024497762577,-392549.0071640015,988275.1060157459
2017-07-11 18:06:17.690559740,0.6515,0.1053,-0.528,-906858.9581645806,15932.614574794978,-392558.70683952514,988306.3070354544
2017-07-11 18:06:17.867448985,0.7813,0.0795,-0.8877,-907095.3861700774,15945.243691146808,-392635.75868409366,988554.0599303843
2017-07-11 18:06:18.268324971,0.6821,0.0779,-0.698,-907631.0825047517,15973.876997171787,-392810.4899164851,989115.4774158057
2017-07-11 18:06:18.468484997,0.7491,0.0413,-0.7467,-907898.5292088272,15988.175450523757,-392897.7642900381,989395.7824237471
2017-07-11 18:06:18.668277025,0.6772,0.0939,-0.5276,-908165.4571753764,16002.451364090977,-392984.8992681342,989675.5564875825
2017-07-11 18:06:18.682650200,0.6486,0.0855,-0.6468,-908184.6600216724,16003.47840073015,-392991.16795161366,989695.6835854022
2017-07-11 18:06:18.869049012,0.7487,0.08,-0.6504,-908433.666510777,16016.80032581241,-393072.48609850864,989956.6877750525
2017-07-11 18:06:19.268445014,0.6763,0.0972,-0.548,-908967.1038550263,16045.360667404933,-393246.8135877201,990515.8786644646
2017-07-11 18:06:19.468380987,0.8355,0.0415,-0.9154,-909234.1069663581,16059.659514238276,-393334.11779438105,990795.7923587019
2017-07-11 18:06:19.668273985,0.6505,-0.0072,-0.5937,-909501.0266948581,16073.954999931071,-393421.42695813905,991075.6322189135
2017-07-11 18:06:19.683619970,0.6465,0.1886,-0.7608,-909521.5182366179,16075.05252305336,-393428.1299489651,991097.1157682788
2017-07-11 18:06:19.868321001,0.786,0.1284,-0.6301,-909768.1232869268,16088.266459612107,-393508.82722492417,991355.6715783834
2017-07-11 18:06:20.683199760,0.6152,0.2523,-0.9728,-910855.7066323876,16146.732294312942,-393865.4998774234,992496.2807296877
