datetime,accel_x,accel_y,accel_z,disp_x,disp_y,disp_z,total_displacement
2017-07-02 19:34:19.279332995,0.2705,-0.9325,-0.0228,0.0,-0.0,-0.0,0.0
2017-07-02 19:34:19.480033993,0.2881,-0.9492,0.0329,0.011604924581340268,-0.038234621355807644,0.0013252413006806484,0.039978954579448514
2017-07-02 19:34:19.679463028,0.5427,-1.093,-0.3246,0.04472053361068234,-0.11969765732879412,-0.010267887974585216,0.12819081410102762
2017-07-02 19:34:19.794739720,0.3253,-1.2473,-0.2801,0.06818528902422227,-0.18336104805254266,-0.020691276018108995,0.1967196901316723
2017-07-02 19:34:19.879589974,0.4341,-1.0032,-0.3582,0.08858202564625957,-0.2374435575923122,-0.030942371579003116,0.2553108863104379
2017-07-02 19:34:20.279039025,0.3748,-1.3465,0.0717,0.24440654213225982,-0.7068944020486289,-0.06776097565216241,0.7510165133378024
2017-07-02 19:34:20.479637026,0.2855,-0.9061,0.0958,0.3341479357574385,-0.9791074362526413,-0.0823958392973526,1.0378320138778203
2017-07-02 19:34:20.679467976,0.4045,-0.9233,-0.0762,0.4396988335592152,-1.2871491691747639,-0.10001759136620804,1.3638517392016323
2017-07-02 19:34:20.796579710,0.4146,-1.0851,-0.4229,0.5072436674216889,-1.4825605870373735,-0.11614503063997486,1.5712325418340747
2017-07-02 19:34:20.879468977,0.1892,-0.9028,-0.2415,0.5563504293537009,-1.6270715586993754,-0.12921895641673453,1.724408651123014
2017-07-02 19:34:21.279623985,0.2322,-1.1115,-0.2103,0.8305983119060165,-2.5026884629267547,-0.2260085320827871,2.646587038958293
2017-07-02 19:34:21.479462981,0.3572,-0.7431,-0.1521,0.9818237957501309,-2.9696511756302555,-0.28041983801112086,3.1402931959251092
2017-07-02 19:34:21.679457008,0.3168,-1.0878,0.0087,1.1458378403399576,-3.4804855495090035,-0.3345253759018726,3.6794879051055758
2017-07-02 19:34:21.795649880,0.4142,-1.0142,-0.3795,1.2467190251240634,-3.7909634727216552,-0.3710832512208534,4.00791905587585
2017-07-02 19:34:21.879472017,0.3884,-0.9716,-0.2858,1.3222241889259778,-4.0217704554544556,-0.3994643648398365,4.252350665329024
2017-07-02 19:34:22.279422998,0.278,-1.6003,-0.2433,1.7269604607842726,-5.379033748245633,-0.5738011594271701,5.678524832070179
2017-07-02 19:34:22.479838013,0.4482,-0.8475,-0.1721,1.9477758610753246,-6.093197789659614,-0.668073742705156,6.43173480754552
2017-07-02 19:34:22.678951025,0.2337,-1.0107,0.007,2.1764219947902532,-6.84279244360835,-0.7614563589805159,7.220833533072354
2017-07-02 19:34:22.792909860,0.24,-0.8008,-0.3247,2.3104003811126788,-7.282209459325305,-0.8191190133803423,7.683715278991912
2017-07-02 19:34:22.879472017,0.2849,-0.6833,-0.2217,2.414303975880854,-7.621106840235778,-0.864580272446796,8.040996965908322
2017-07-02 19:34:23.279325008,0.4699,-1.2238,-0.4049,2.9693902995294876,-9.38222559141227,-1.1393139754448254,9.906637781494538
2017-07-02 19:34:23.479552984,0.4214,-1.1276,-0.1694,3.264246433962448,-10.309319697317603,-1.2836794266670133,10.889683662695875
2017-07-02 19:34:23.679470002,0.3181,-0.8176,-0.0479,3.5713580945577985,-11.267650874968776,-1.4297350858878426,11.9062461462699
2017-07-02 19:34:23.794519780,0.1312,-0.6786,-0.1729,3.7498336896144866,-11.82814090318696,-1.5160768987088022,12.500586349776187
2017-07-02 19:34:23.879589974,0.4455,-1.3182,-0.1008,3.8850263051458254,-12.252118595977546,-1.5806493106906203,12.950146397819623
2017-07-02 19:34:24.279453992,0.4113,-1.0264,-0.3862,4.586249063428699,-14.409096093960725,-1.945915529411201,15.246059096186087
2017-07-02 19:34:24.480444014,0.3306,-1.0563,-0.3397,4.952071074848612,-15.535963398153873,-2.1432379654914513,16.446356302106953
2017-07-02 19:34:24.679466009,0.2721,-0.8109,-0.1709,5.325088893814884,-16.683916344920767,-2.345397593388035,17.66948007730888
2017-07-02 19:34:24.795140260,0.1741,-0.7998,-0.089,5.544221400463687,-17.361823733446005,-2.4640863460600997,18.39138482576688
2017-07-02 19:34:24.878702998,0.2646,-1.0059,-0.0389,5.704369708096502,-17.85856596224154,-2.550098379426453,18.92012721255157
2017-07-02 19:34:25.279510021,0.4571,-0.8119,-0.2862,6.54594931365022,-20.37160896161057,-3.0086303616777865,21.60795595966586
2017-07-02 19:34:25.479668021,0.3027,-1.5223,-0.3186,6.978350751003554,-21.687579361987353,-3.2503796257624953,23.01333190778996
2017-07-02 19:34:25.679611980,0.2901,-0.9168,-0.1516,7.421887293380455,-23.038793967510216,-3.497930974954372,24.45620493000851
2017-07-02 19:34:25.798389910,0.4275,-1.0693,-0.2592,7.691404139345209,-23.856577151136207,-3.6486472104325904,25.329954549289035
2017-07-02 19:34:25.879463970,0.2335,-0.8627,0.0081,7.876902614205873,-24.420440628935786,-3.751468106735862,25.9321620437039
2017-07-02 19:34:26.279335975,0.1457,-0.6735,-0.1363,8.815111903285949,-27.309208871780722,-4.280393508103686,29.014149231956065
2017-07-02 19:34:26.479614973,0.389,-1.2115,-0.3662,9.30062475161863,-28.804666169096965,-4.559998797676878,30.61052111477939
2017-07-02 19:34:26.679468989,0.4195,-1.0667,-0.2288,9.801862878835706,-30.33955591522873,-4.848149423253862,32.2501119666116
2017-07-02 19:34:26.797770020,0.3724,-0.8447,-0.1762,10.103776171206954,-31.259935976984742,-5.0211824466221815,33.23375036563435
2017-07-02 19:34:26.879462003,0.2586,-0.8902,-0.0439,10.313986156825075,-31.901439072650636,-5.140962209793555,33.91916298778237
2017-07-02 19:34:27.279237985,0.2178,-0.9108,-0.0638,11.377499547955178,-35.18632699856373,-5.737324895876936,37.422479882744604
2017-07-02 19:34:27.479574024,0.4547,-0.8475,-0.2676,11.928697343793473,-36.866466504929164,-6.0469146108415535,39.217283806884154
2017-07-02 19:34:27.679521977,0.329,-1.1818,-0.377,12.491980524455057,-38.59059868630767,-6.370976748631734,41.05938661405723
2017-07-02 19:34:27.793820020,0.3726,-1.0367,-0.1077,12.818842807032532,-39.58972333304192,-6.557630294457978,42.126849390584695
2017-07-02 19:34:27.879566013,0.2326,-0.8674,-0.1323,13.065763913290064,-40.345640606789026,-6.698629852438085,42.93432827598437
2017-07-02 19:34:28.279465973,0.4516,-0.9989,-0.3283,14.28956808922307,-44.03081224043686,-7.408721698534293,46.88062862137708
2017-07-02 19:34:28.479512989,0.4053,-0.8152,-0.254,14.917986757243378,-45.90691559946845,-7.774104703243709,48.89200274771943
2017-07-02 19:34:28.679525971,0.4093,-1.2392,-0.3509,15.562672637874046,-47.83227421215121,-8.153463367553059,50.95686608128574
2017-07-02 19:34:28.794699780,0.2737,-0.9284,-0.0388,15.937533815921801,-48.95327190497077,-8.37242478214761,52.158655188457175
2017-07-02 19:34:28.879535973,0.3881,-1.1131,-0.1983,16.21644706832633,-49.7870018618556,-8.535137373962556,53.052495510622826
2017-07-02 19:34:29.794680110,0.2927,-0.8087,-0.0526,19.47027029871426,-59.45788254273171,-10.334400935812406,63.41238888949378
2017-07-02 19:34:36.306770026,0.3425,-1.0846,-0.1084,57.14871244172198,-174.27004276495407,-27.73476443865281,185.48649626728385
2017-07-02 19:34:36.506793975,0.32,-1.1093,-0.1427,58.31883840783306,-177.84097093708095,-28.274939617298507,189.2827780529557
2017-07-02 19:34:36.706749975,0.2702,-0.8372,-0.0114,59.49937012209916,-181.44415931637465,-28.81538709548339,193.11262135970048
2017-07-02 19:34:36.906747996,0.4492,-1.1273,-0.1051,60.69811757097596,-185.0931960177837,-29.360152066175587,196.99180495159356
2017-07-02 19:34:37.106058001,0.1561,-0.8429,-0.0682,61.89894218295389,-188.7631633793887,-29.905752192649594,200.89142566712653
2017-07-02 19:34:37.307013988,0.4508,-0.9371,-0.3631,63.12788848200895,-192.50128200273602,-30.47052128329834,204.86660670829153
2017-07-02 19:34:37.506595015,0.3984,-1.0858,-0.3698,64.3642955158511,-196.2570742847293,-31.046156260474095,208.8623124515367
2017-07-02 19:34:37.706730008,0.2141,-0.9417,-0.036,65.61270994090312,-200.0610101776155,-31.62483094032147,212.90741046539682
2017-07-02 19:34:37.907069027,0.3268,-0.9084,-0.0516,66.87551340606814,-203.90528325253268,-32.20616654867387,216.99524417687522
2017-07-02 19:34:38.105967998,0.4691,-0.8583,-0.4277,68.14779774135235,-207.75587851419886,-32.800243638817065,221.09383387369394
2017-07-02 19:34:38.306739985,0.2226,-0.8303,-0.2282,69.44103594875509,-211.6762034163946,-33.40911370926636,225.2666008205696
2017-07-02 19:34:38.506874978,0.4171,-1.2557,-0.3179,70.74687759874743,-215.63438603883765,-34.02878517484162,229.48042912805033
2017-07-02 19:34:38.706741988,0.4823,-1.1254,-0.216,72.07023706422565,-219.63222476348682,-34.65625540685956,233.7380783352981
2017-07-02 19:34:38.906777024,0.2892,-0.8667,0.0033,73.40628111679041,-223.66810457458456,-35.28412109995794,238.0354433969468
2017-07-02 19:34:39.105969011,0.371,-1.0875,-0.0628,74.75141473583166,-227.73012436752452,-35.91183239259898,242.36015195417463
2017-07-02 19:34:39.306738018,0.2013,-1.023,-0.0806,76.11531193228463,-231.86553880126885,-36.547762169688646,246.76083099585279
2017-07-02 19:34:39.506745994,0.4702,-0.9115,-0.2092,77.49284866734013,-236.02174052351717,-37.1896500714736,251.18613350813854
2017-07-02 19:34:39.706924021,0.5658,-1.1534,-0.3392,78.8942289221873,-240.22769410722938,-37.84567588534595,255.6676349413858
2017-07-02 19:34:39.906814992,0.2508,-1.0343,-0.0737,80.30362065797563,-244.46894324341696,-38.50370574257791,260.1850707808657
2017-07-02 19:34:40.106027007,0.2701,-0.7913,0.0315,81.71894424298858,-248.72718949684642,-39.158250423817705,264.71979378097745
2017-07-02 19:34:40.307232975,0.456,-1.0684,-0.3575,83.16689471728611,-253.0713103271232,-39.833819547365046,269.3483871630482
2017-07-02 19:34:40.506716012,0.3997,-0.7645,-0.2471,84.61835181553224,-257.40865447500533,-40.51343672749789,273.9722968076934
2017-07-02 19:34:40.706728994,0.4069,-1.2027,-0.3278,86.08994295582009,-261.80563542136053,-41.20797307531256,278.66066471874785
2017-07-02 19:34:40.906821012,0.3922,-1.1659,-0.1138,87.57781804085396,-266.25103277725236,-41.90734006180961,283.40026785239036
2017-07-02 19:34:41.106099009,0.3019,-0.8584,-0.0248,89.07162907129481,-270.7124337603506,-42.60484671093884,288.15646767186945
2017-07-02 19:34:41.306722998,0.3656,-0.9903,-0.0917,90.59024520873375,-275.24382813730904,-43.310755483037795,292.98733589554774
2017-07-02 19:34:41.506731986,0.2599,-0.8882,-0.1156,92.11460305242629,-279.79686298551866,-44.01912474906411,297.84067548895473
2017-07-02 19:34:41.706111013,0.4077,-0.9366,-0.2617,93.65036657086286,-284.3727890260967,-44.73566598776103,302.7202571826115
2017-07-02 19:34:41.906710982,0.4463,-1.0405,-0.4121,95.21349394731045,-289.01860685338437,-45.47317817399194,307.67706198280246
2017-07-02 19:34:42.106181025,0.215,-0.8288,-0.0974,96.77637112919116,-293.67123257222147,-46.21041153146372,312.64014614781956
2017-07-02 19:34:42.306744992,0.3058,-0.9777,-0.0235,98.3601204485242,-298.3887028640578,-46.95263329736122,317.6713412712888
2017-07-02 19:34:42.506844997,0.4128,-1.0389,-0.3616,99.956734618238,-303.13685786207526,-47.70761655970098,322.7372306813088
2017-07-02 19:34:42.706744015,0.4348,-0.7496,-0.2415,101.56911953802141,-307.9101973868713,-48.47149173972139,327.83297761211395
2017-07-02 19:34:42.906746983,0.34,-1.2267,-0.2331,103.19594332186492,-312.73508856452025,-49.245088421167694,332.98305823443405
2017-07-02 19:34:43.106015026,0.3936,-1.1572,-0.1171,104.8324181986389,-317.5882001512564,-50.02049224496489,338.16290515832367
2017-07-02 19:34:43.306007981,0.3264,-0.8293,-0.0407,106.48790144477154,-322.4921364087313,-50.80034477535451,343.39703875961715
2017-07-02 19:34:43.506739020,0.416,-1.1924,-0.0607,108.16625620180507,-327.46221620176095,-51.58552117256596,348.7011729477385
2017-07-02 19:34:43.706860005,0.2265,-0.9258,-0.0562,109.84858113261518,-332.4542679374768,-52.37056201264402,354.02715547287124
2017-07-02 19:34:43.906737983,0.3936,-0.9176,-0.31,111.54458801023952,-337.4769170492845,-53.16703445117281,359.38781032165787
2017-07-02 19:34:44.105964004,0.5433,-1.1182,-0.4528,113.25662701930415,-342.52756589410006,-53.978881063950716,364.7820123882796
2017-07-02 19:34:44.306861996,0.2374,-0.9974,-0.082,114.9926154936495,-347.6608565302675,-54.800850483659254,370.26275264352734
2017-07-02 19:34:44.506748020,0.2844,-0.8105,0.0077,116.73122244458753,-352.8006726959275,-55.61837181099013,375.7497787504502
2017-07-02 19:34:44.706872999,0.465,-1.0266,-0.3688,118.49053107745743,-357.98774862444384,-56.451640891977505,381.28994463480507
2017-07-02 19:34:44.906741023,0.4191,-0.7982,-0.2478,120.26432268899957,-363.20005036593005,-57.293739001108186,386.85960816087413
2017-07-02 19:34:45.106230974,0.4962,-1.1745,-0.385,122.05450586740922,-368.4492331329689,-58.1495657389199,392.47103306414255
2017-07-02 19:34:45.306756019,0.3705,-1.1224,-0.2476,123.8688756874906,-373.770784381175,-59.01978917574682,398.1600596937762
2017-07-02 19:34:45.506742000,0.318,-0.8198,-0.0381,125.6910862216963,-379.1108173046756,-59.889197009720974,403.86876194065593
2017-07-02 19:34:45.706885993,0.3232,-0.9642,-0.0618,127.52768313459265,-384.49369302554743,-60.76176733698728,409.62263403285607
2017-07-02 19:34:45.906724989,0.3789,-1.0445,-0.2046,129.37661288781632,-389.9100786070928,-61.641178793666384,415.4128215219
2017-07-02 19:34:46.105944991,0.4227,-0.9359,-0.1973,131.2365920236857,-395.34683170123606,-62.52569686803382,421.22633249956016
2017-07-02 19:34:46.306743979,0.4785,-1.0396,-0.3745,133.1306062896592,-400.8685925491575,-63.432325419230885,427.13352330563555
2017-07-02 19:34:46.506727993,0.2674,-0.8851,-0.1146,135.02762769363832,-406.4033408103053,-64.33985754432865,433.05398385325293
2017-07-02 19:34:46.706745028,0.2918,-1.0039,-0.0111,136.93663631878292,-411.9791657999777,-65.24798359513407,439.01682744830975
2017-07-02 19:34:46.906729996,0.3717,-0.8087,-0.32,138.86020465422405,-417.5864400035217,-66.16876212992625,445.01561365106573
2017-07-02 19:34:55.123495995,0.2903,-0.7104,-0.2126,237.49337447162728,-695.9348848700054,-118.35445513024487,744.8061787781605
2017-07-02 19:34:55.323827981,1.9789,-1.1134,-0.3138,239.9775569561914,-702.7659488849263,-119.6393819556792,752.185341833733
2017-07-02 19:34:55.523783981,0.0748,-0.5903,0.2315,242.46006777441676,-709.6077938709028,-120.91264128561488,759.572229883484
2017-07-02 19:34:55.724134981,1.2339,-0.1666,-0.7008,244.99701202197414,-716.4698418853277,-122.21654633473936,767.0002962378002
2017-07-02 19:34:55.923012971,0.1578,0.4906,-0.169,247.52154565992245,-723.2620346797755,-123.51754924717123,774.3587484796909
2017-07-02 19:34:56.123865008,1.5025,-1.1122,-0.398,250.131750781566,-730.1665140975349,-124.84752174353594,781.8541646265624
2017-07-02 19:34:56.323864996,0.321,-0.7408,0.0762,252.7437229611255,-737.0713355186107,-126.16880426743664,789.3491688154953
2017-07-02 19:34:56.524105012,1.1549,0.0015,-0.7811,255.40513681748715,-743.9843835484679,-127.52299155103712,796.8730515275812
2017-07-02 19:34:56.723012983,0.2888,0.3388,-0.1851,258.06027249861756,-750.8380398991517,-128.87549382032446,804.3393309475133
2017-07-02 19:34:56.923032999,1.857,-0.9607,-0.5628,260.8045472516718,-757.768449030209,-130.25807409967683,811.9108325924436
2017-07-02 19:34:57.123889982,-0.1374,-0.4901,0.2932,263.5547619918298,-764.7476302405572,-131.63461094808244,819.5289630797505
2017-07-02 19:34:57.324732005,1.3964,-0.1135,-0.7886,266.3610992040585,-771.7308699438316,-133.04285543770013,827.1742090856521
2017-07-02 19:34:57.523747980,-0.0436,0.4807,-0.0934,269.1401944247469,-778.6315790413794,-134.4419955494855,834.7324303648386
2017-07-02 19:34:57.723774015,1.5529,-0.8752,-0.5803,271.9955264796781,-785.6023282223916,-135.87145472009735,842.3856817047373
2017-07-02 19:34:57.923500001,-0.0061,-0.597,0.2433,274.8463320626645,-792.5864355432516,-137.28906427963943,850.0482640569512
2017-07-02 19:34:58.123769998,1.0443,0.2509,-0.7055,277.74678749148063,-799.5795029681029,-138.73883134994014,857.740708403713
2017-07-02 19:34:58.323800027,0.2326,0.3277,-0.2986,280.6530743236883,-806.5510792063004,-140.19880886376978,865.4169500899583
2017-07-02 19:34:58.523828029,1.1311,-0.6431,-0.4726,283.60458837521264,-813.5483160019187,-141.6776808768173,873.135150063073
2017-07-02 19:34:58.723968029,0.4928,-0.7603,-0.3004,286.57749462017085,-820.5799252233361,-143.16941375575772,880.8947469121821
2017-07-02 19:34:58.923030018,0.8402,0.4809,-0.6122,289.56768143852764,-827.5546042089545,-144.67737057538326,888.6099294053216
2017-07-02 19:34:59.123914003,0.5661,0.3366,-0.6703,292.6080817725906,-834.5795385043791,-146.2261791223547,896.3953319097219
2017-07-02 19:34:59.323818981,0.0169,-0.4019,-0.0033,295.63434009009154,-841.5862975489056,-147.7675714339611,904.1584011831499
2017-07-02 19:34:59.523772001,2.2177,-0.8647,-1.1964,298.74999202051873,-848.629312239523,-149.35716769930332,911.9927800523113
2017-07-02 19:34:59.723933994,0.2322,1.0174,-0.2807,301.8782032034849,-855.6389257073505,-150.95967146432764,919.8028284168358
2017-07-02 19:34:59.923016011,3.2399,0.2202,-0.8526,305.11794515326756,-862.6019914072184,-152.58732055409934,927.6109348364382
2017-07-02 19:35:00.122842013,-0.489,-0.5602,0.301,308.3502682901987,-869.6134476533075,-154.20903323551047,935.4613098496058
2017-07-02 19:35:00.323768019,2.6694,-1.0336,-1.3344,311.7081517901842,-876.7052283619662,-155.89354454488807,943.4388303225752
2017-07-02 19:35:00.524037003,-0.0037,0.9238,-0.1944,315.0549067136952,-883.7367676990721,-157.58034448317974,951.3578894375221
2017-07-02 19:35:00.723771989,2.606,-0.6042,-1.5856,318.4967017692576,-890.773662106117,-159.3259027604185,959.3240377631848
2017-07-02 19:35:00.923097014,-0.2388,-0.4109,0.2637,321.92194482013883,-897.8124383616174,-161.05740131233352,967.2850663331341
2017-07-02 19:35:01.124064981,1.0627,-0.8702,-1.848,325.41834099018104,-904.9443776692661,-162.8778090413876,975.372033639544
2017-07-02 19:35:01.323758006,-0.0889,0.7511,-0.3775,328.88901090939487,-912.0011200675359,-164.70172177512973,983.382266291747
2017-07-02 19:35:01.523820996,1.9398,-0.3249,-2.1197,332.4437517127376,-919.0839404584389,-166.61385503112132,991.4606973298453
2017-07-02 19:35:01.723771989,-0.4764,-0.541,0.3963,335.9774558789239,-926.1844252211341,-168.50907362594094,999.5467714296063
2017-07-02 19:35:01.923196017,3.0712,-1.0882,-0.7772,339.6239885197947,-933.3094745156066,-170.4302066271832,1007.6991039639142
2017-07-02 19:35:02.123772978,0.045,0.8683,-0.2066,343.2934133125226,-940.4407832808572,-172.37075805109464,1015.8695352813686
2017-07-02 19:35:02.323877990,3.603,-0.8816,-0.9227,347.0984754888742,-947.5906134231182,-174.3436902086092,1024.109879187706
2017-07-02 19:35:02.523772001,-0.4614,-0.4265,0.3167,350.8810889684246,-954.7499463404027,-176.30188742827605,1032.35040279134
2017-07-02 19:35:02.723775982,1.5239,-0.4635,-1.0643,354.72674184748035,-961.9317586422426,-178.30373562839446,1040.642105531641
2017-07-02 19:35:02.923105001,-0.1956,0.7159,-0.1417,358.5516450465635,-969.0608899943509,-180.30445813825378,1048.8793964545064
2017-07-02 19:35:03.123767018,1.9969,-0.8901,-0.9034,362.48253266938883,-976.2735369771576,-182.35493595359284,1057.2402414583655
2017-07-02 19:35:03.323952972,0.0065,-0.6285,0.2742,366.4043548946072,-983.4942590000124,-184.3895606834209,1065.6043444265522
2017-07-02 19:35:03.523990988,1.0324,-0.2091,-0.96,370.3645905824179,-990.7180120683324,-186.46109641921018,1073.992481292008
2017-07-02 19:35:03.723785996,0.2148,0.477,-0.3276,374.3285897360338,-997.913948748197,-188.54319278617385,1082.359772786291
2017-07-02 19:35:03.923018991,1.5529,-0.8209,-0.513,378.34307884626696,-1005.122228260394,-190.6397952363647,1090.7601526374967
2017-07-02 19:35:04.123925983,0.0076,-0.5297,0.0992,382.39160529122705,-1012.4124538432571,-192.75000970470919,1099.2519650813877
2017-07-02 19:35:04.323578000,1.0422,0.1264,-0.6856,386.45638548387547,-1019.6521022669353,-194.8743712710255,1107.7070768560252
2017-07-02 19:35:04.523725986,0.3171,0.4085,-0.315,390.5439660478043,-1026.893370998197,-197.01662875988487,1116.1765706304266
2017-07-02 19:35:04.723623991,0.8565,-0.753,-0.4784,394.6606663673434,-1034.155684810484,-199.17532709739646,1124.6803247713156
2017-07-02 19:35:04.922942996,0.3322,-0.7488,0.0308,398.77864042199565,-1041.4267118725327,-201.32654919011566,1133.1930019494696
2017-07-02 19:35:05.123825013,0.7791,0.0163,-0.781,402.96034612287116,-1048.7540988275962,-203.5261568020371,1141.7903033647444
2017-07-02 19:35:05.323423027,0.6134,0.4043,-0.5149,407.13976055426104,-1056.0185433403753,-205.73221819389858,1150.331992994149
2017-07-02 19:35:05.523544013,0.7698,-0.7617,-0.3395,411.36095484447463,-1063.3325264882262,-207.95765618003526,1158.939292552585
2017-07-02 19:35:05.723567008,0.5866,-0.9214,-0.3524,415.6035515856537,-1070.679792755458,-210.1961037024604,1167.5889399601108
2017-07-02 19:35:12.607384026,0.7525,0.3783,-0.6749,597.2717322741726,-1305.6104251721829,-319.2140057835055,1470.7989957776117
2017-07-02 19:35:12.806968986,0.4858,-0.8205,-0.4289,602.5582540113716,-1312.4545366456643,-322.3918855390484,1479.7127721623683
2017-07-02 19:35:13.207113981,0.5895,0.1164,-0.536,613.2515132506837,-1326.15755908668,-328.84899280944353,1497.635786865011
2017-07-02 19:35:13.406364023,0.322,-0.6353,-0.3795,618.5889475992295,-1333.006126979243,-332.07934091688696,1506.5969299450726
2017-07-02 19:35:13.606967985,0.7347,-0.8226,-0.4197,623.9922160021767,-1339.9343344670833,-335.3485290447818,1515.6678205489327
2017-07-02 19:35:13.697398100,0.8412,0.4204,-0.7822,626.4348304610722,-1343.054058246228,-336.8286405206191,1519.759301093901
2017-07-02 19:35:13.807079970,0.6396,0.7461,-0.6265,629.4051499441942,-1346.8289673832958,-338.6313912314476,1524.7197543438513
2017-07-02 19:35:14.206951975,0.6552,-0.5928,-0.222,640.3389389071149,-1360.6861065319567,-345.2392558529831,1542.9487292103088
2017-07-02 19:35:14.406189978,0.452,-0.7118,-0.2565,645.8046903267544,-1367.6187431333121,-348.54183572542206,1552.0715627407205
2017-07-02 19:35:14.607002019,1.0635,0.1272,-0.5301,651.356508911127,-1374.6010201736651,-351.8918834712835,1561.288302657885
2017-07-02 19:35:14.700902900,0.8926,0.1544,-0.6194,653.9604420346859,-1377.8646122179607,-353.463846808617,1565.6027083361535
2017-07-02 19:35:14.807480990,0.6179,0.2844,-0.4712,656.9229411504941,-1381.565579228258,-355.25338738319505,1570.5018846105734
2017-07-02 19:35:15.206938982,0.1216,-0.604,0.0809,668.0458831710829,-1395.5332968267194,-361.94773210095605,1588.9633870378857
2017-07-02 19:35:15.406289994,1.0986,-0.1406,-0.9541,673.6404884559319,-1402.5095263425744,-365.32648671058945,1598.2139784963467
2017-07-02 19:35:15.607156991,0.3075,0.3286,-0.3179,679.2900453561587,-1409.5255490986103,-368.74376188881143,1607.5351321864239
2017-07-02 19:35:15.696098800,1.2427,-0.7617,-0.6149,681.801440723037,-1412.638196258608,-370.2617599134791,1611.6741758044675
2017-07-02 19:35:15.806955993,1.0756,-0.7695,-0.8744,684.9448657501858,-1416.5272605871946,-372.16454051711054,1616.8504551511603
2017-07-02 19:35:16.206986010,0.7866,-0.4608,-1.2336,696.4138419130741,-1430.6347526949617,-379.22816146418774,1635.7023058228567
2017-07-02 19:35:16.406379997,0.2551,0.4195,-0.3164,702.1406673848089,-1437.649919287495,-382.76158552863274,1645.0973340745886
2017-07-02 19:35:16.606952011,1.2912,-1.0427,-1.2034,707.9532710080789,-1444.7484786587322,-386.3642969306635,1654.6218209791884
2017-07-02 19:35:16.711101200,0.1791,-0.6933,-0.1454,710.9734710548146,-1448.442002700057,-388.2366209788174,1659.576809189178
2017-07-02 19:35:16.806411027,0.1772,-0.4318,-0.0501,713.738950012559,-1451.825971997551,-389.9504920306202,1664.1163805355043
2017-07-02 19:35:17.207010984,0.1441,0.6278,-0.3797,725.3857533562415,-1465.9484982407173,-397.21505578682957,1683.1426829624845
2017-07-02 19:35:17.406172990,1.9856,-0.7309,-1.1129,731.254830122829,-1472.9986354352532,-400.87084517272376,1692.6771815918057
2017-07-02 19:35:17.607313990,-0.1874,-0.2901,0.0788,737.1746438081876,-1480.1305638310669,-404.55977262341156,1702.3165249405608
2017-07-02 19:35:17.696200100,1.0331,-0.2904,-1.1013,739.7988277118271,-1483.284524807673,-406.19864563396754,1706.5850774961639
2017-07-02 19:35:17.806964993,1.49,-0.4706,-1.1152,743.0872193519533,-1487.220588093207,-408.2545996434742,1711.9215844607415
2017-07-02 19:35:18.207015991,3.0084,-1.3355,-1.4769,755.4454127555371,-1501.650253307212,-415.91647961479487,1731.6575218345463
2017-07-02 19:35:18.406409978,-0.0887,-0.32,0.1242,761.6014745447343,-1508.855030099352,-419.7303867807441,1741.5090885412983
2017-07-02 19:35:18.606957018,1.5788,-0.8246,-1.4768,767.8566334685398,-1516.1346352650942,-423.62574454972054,1751.4927385682663
2017-07-02 19:35:18.696098800,-0.0554,0.6862,-0.3008,770.6365684294894,-1519.3649170459778,-425.3595945604057,1755.927463318318
2017-07-02 19:35:18.807027995,-0.1188,0.5924,-0.3115,774.094493848243,-1523.37743213169,-427.521053201708,1761.441266992745
2017-07-02 19:35:19.207098007,-0.2399,-0.4127,0.2764,786.5272250774011,-1537.9147628989963,-435.2721897207512,1781.3671078345783
2017-07-02 19:35:19.406183004,1.9614,-0.2695,-1.4348,792.7918076103489,-1545.159589425411,-439.1862201409611,1791.3462934254487
2017-07-02 19:35:19.606728971,-0.1241,0.4755,-0.0624,799.0973711635361,-1552.4384575716547,-443.1314830195202,1801.3848240703628
2017-07-02 19:35:19.706201700,3.0047,-0.8421,-1.5617,802.2547223261953,-1556.0571786302403,-445.10382410934386,1806.3897688201585
2017-07-02 19:35:19.807339012,2.7875,-0.6866,-1.3094,805.4934214618689,-1559.7434786619194,-447.12256401387737,1811.5015756264409
2017-07-02 19:35:20.206951022,2.222,-0.623,-1.502,818.6449445010353,-1574.4082107493134,-455.338828467318,1832.0137029896766
2017-07-02 19:35:20.406292974,-0.148,0.7665,-0.1077,825.1995525898983,-1581.6930886680752,-459.4416991818112,1842.2252857025912
2017-07-02 19:35:20.606956005,2.9563,-0.6243,-1.9196,831.9166367250417,-1589.0513827769041,-463.64905438702533,1852.603582313032
2017-07-02 19:35:20.695902100,-0.0882,-0.4122,0.1492,834.8933603434532,-1592.3162886354269,-465.5128304641574,1857.2076570825445
2017-07-02 19:35:20.806945979,-0.3004,-0.3995,0.297,838.6059175631666,-1596.3972544304067,-467.83598117778115,1862.958556761121
2017-07-02 19:35:21.206951022,-0.0741,0.8544,-0.1884,851.9675278945683,-1610.96110421359,-476.23463764213255,1883.5720793125981
2017-07-02 19:35:21.406189978,2.317,0.1473,-1.3621,858.7148032265496,-1618.209381077974,-480.4720039073257,1893.8970565550528
2017-07-02 19:35:21.607086002,0.1435,-0.2605,-0.0053,865.5239871132782,-1625.5284553486804,-484.74482620059257,1904.324572635919
2017-07-02 19:35:21.709998600,2.2307,-1.0877,-1.6719,869.0357392568889,-1629.2893024869786,-486.95136329214887,1909.6932679140793
2017-07-02 19:35:21.806960999,1.6863,-0.7895,-1.0835,872.3603030675669,-1632.8401276711165,-489.04050960560085,1914.768915805892
2017-07-02 19:35:22.207217991,2.9748,-0.4036,-1.5149,886.5605522893229,-1647.562454203985,-497.9071194591057,1936.0689948930724
2017-07-02 19:35:22.406179010,-0.1562,-0.4767,0.1576,893.6130740974494,-1654.8995455176807,-502.30832342141935,1946.676779470839
2017-07-02 19:35:22.606992006,2.1621,-0.8596,-1.6758,900.8184310146942,-1662.3395963500507,-506.81807292349214,1957.4757567568768
2017-07-02 19:35:22.709801900,0.4241,0.6014,-0.3883,904.5118282390277,-1666.142310019834,-509.13102612238833,1963.0043928689954
2017-07-02 19:35:22.806945979,0.4953,0.5997,-0.5249,908.0063578490148,-1669.729798202209,-511.3214667978531,1968.228337187261
2017-07-02 19:35:23.207033991,0.2668,-0.469,-0.0252,922.4412892467257,-1684.5799458360411,-520.34683325957,1989.8412883703522
2017-07-02 19:35:23.714200700,1.8672,0.5301,-0.9644,941.2198322900651,-1703.2682038170108,-532.0357905413549,2017.4437858951928
2017-07-02 19:35:30.457792997,1.7364,-0.5427,-0.9715,1269.8751775324508,-1976.4383193515678,-731.6391369036799,2460.525802214536
2017-07-02 19:35:30.657604992,1.679,-0.3996,-1.3605,1279.680237784177,-1984.5482777202542,-737.6076827079313,2473.879235364483
2017-07-02 19:35:30.858152985,-0.2287,0.6348,-0.1724,1289.5122163108902,-1992.662577398662,-743.6051472087388,2487.266475135994
2017-07-02 19:35:31.257529020,-0.243,-0.4617,0.1997,1309.0530930001555,-2008.8952281533143,-755.516788024197,2513.9780537977713
2017-07-02 19:35:31.458144009,2.4525,-0.8701,-1.5322,1318.9675909163623,-2017.0842486845277,-761.5619214324565,2527.5048827558835
2017-07-02 19:35:31.581650130,2.5827,-0.4404,-1.3728,1325.110724047443,-2022.1324350057218,-765.3044729381637,2535.86848081419
2017-07-02 19:35:31.658159017,0.3116,0.7329,-0.463,1328.9180620808393,-2025.2553673653454,-767.625598213936,2541.049306448054
2017-07-02 19:35:31.857747018,2.7193,0.0045,-1.7605,1338.9585526781,-2033.4019518529253,-773.7508256668953,2554.6474989339176
2017-07-02 19:35:32.257498025,2.2056,-1.3225,-1.9949,1359.420916915603,-2049.929927457595,-786.3377138574135,2582.3564697904244
2017-07-02 19:35:32.458176970,0.0625,0.6983,-0.3908,1369.6957424187842,-2058.199012127041,-792.6721940837701,2596.2624689338422
2017-07-02 19:35:32.585749740,-0.0492,-0.3714,0.1141,1376.2267079015635,-2063.4617617070435,-796.697202970546,2605.1105210316514
2017-07-02 19:35:32.658523023,2.2859,0.0434,-1.7856,1379.9643722718595,-2066.4636424585124,-799.0027066941469,2610.1683814741036
2017-07-02 19:35:32.858110010,0.0882,-0.494,0.0598,1390.21875168381,-2074.7162370487026,-805.3233667943997,2624.0619975358595
2017-07-02 19:35:33.257184028,0.0104,0.7416,-0.2025,1410.7240312734943,-2091.099185943132,-817.993771683034,2651.782779259418
2017-07-02 19:35:33.458032011,2.6389,-0.5581,-2.2002,1421.1504847207432,-2099.366992733222,-824.4593527856555,2665.847650334782
2017-07-02 19:35:33.580139750,1.4304,-0.9131,-1.7446,1427.5106893953184,-2104.407111346431,-828.4161863963632,2674.432544766613
2017-07-02 19:35:33.658129990,-0.205,-0.3057,0.1337,1431.5717066246643,-2107.6280956366786,-830.9426036744588,2679.9177881656437
2017-07-02 19:35:33.858174979,0.9993,-1.0542,-0.8435,1442.0282070214198,-2115.932108280675,-837.4566199317901,2694.0578366037525
2017-07-02 19:35:34.257408976,3.1786,-0.5601,-2.0499,1463.4030950626297,-2132.593874274287,-850.7835083647783,2722.744539859841
2017-07-02 19:35:34.458007991,-0.2102,-0.6075,0.4925,1474.1346575596756,-2140.9901868568304,-857.4599152349838,2737.1791090592906
2017-07-02 19:35:34.580989710,0.3787,0.8635,-0.5908,1480.7196099546986,-2146.1246743308466,-861.5619715560117,2746.0281702683897
2017-07-02 19:35:34.658089995,1.7524,-0.8488,-1.8994,1484.8582967334087,-2149.348657324569,-864.1449431374641,2751.590502758544
2017-07-02 19:35:34.858223021,-0.0916,0.7766,-0.308,1495.5976219814,-2157.686204221616,-870.8620267147934,2766.0120520956707
2017-07-02 19:35:35.257395029,-0.2867,-0.2881,0.2015,1516.9718827653849,-2174.361625477069,-884.2273677019356,2794.8005669888385
2017-07-02 19:35:35.458285987,2.6073,-1.476,-1.7648,1527.8341121340736,-2182.8134177861293,-891.0249538737675,2809.4264467135326
2017-07-02 19:35:35.582299820,3.3381,-0.9172,-1.7695,1534.5909122812543,-2188.0449769417874,-895.2484478117696,2818.5066741957135
2017-07-02 19:35:35.658029019,-0.2323,0.9005,-0.2021,1538.7156283461582,-2191.2344706593512,-897.8286885831135,2824.0486264165766
2017-07-02 19:35:35.858008980,2.8412,-0.3886,-1.9246,1549.7214928772087,-2199.6725861614477,-904.7193625129581,2838.787296840256
2017-07-02 19:35:36.257390022,2.037,-1.1008,-1.9594,1572.0262754993785,-2216.699974779349,-918.7932985291185,2868.6593583883796
2017-07-02 19:35:36.458158016,-0.0263,0.8168,-0.4598,1583.2377818329455,-2225.226683149679,-925.8867695267712,2883.668145818681
2017-07-02 19:35:36.581020110,-0.1292,-0.2892,-0.0513,1590.096831238976,-2230.4490578785417,-930.2284683878142,2892.859473930015
2017-07-02 19:35:36.658006012,1.4125,0.3586,-1.3565,1594.403111932495,-2233.7192943665395,-932.9570347980035,2898.6258810243967
2017-07-02 19:35:36.857999026,0.3466,-0.5889,-0.1481,1605.6037771271388,-2242.2382281961063,-940.0511941013037,2913.638963330947
2017-07-02 19:35:37.257400989,0.2409,0.7723,-0.6446,1628.0108256237231,-2259.1280181457514,-954.3216225682779,2943.6046626577654
2017-07-02 19:35:37.458003997,1.5833,0.2014,-1.628,1639.3286693827988,-2267.6029530940446,-961.5545790194114,2958.7174328709402
2017-07-02 19:35:37.587919950,1.6282,-0.6858,-1.4492,1646.6858932160462,-2273.103126042497,-966.2632977651683,2968.541226452636
2017-07-02 19:35:37.658182024,0.1365,-0.4659,-0.1981,1650.6655534472948,-2276.08006891333,-968.8108786547883,2973.8580611794227
2017-07-02 19:35:37.857978999,0.8093,-0.5793,-0.7761,1662.014406942319,-2284.568417681979,-976.0861513000765,2989.0280893149143
2017-07-02 19:35:38.257542014,1.1414,0.2919,-1.0312,1684.8925819629226,-2301.4971989387814,-990.8002018461407,3019.5094650381693
2017-07-02 19:35:38.458002984,0.2179,-0.575,-0.155,1696.3793303545378,-2310.013483341959,-998.1884771811667,3034.838605536218
2017-07-02 19:35:38.580049750,0.5484,0.4978,-0.7261,1703.3809825338137,-2315.191042666117,-1002.6975006010126,3044.177822238839
2017-07-02 19:35:38.658060014,0.3597,-0.821,-0.2182,1707.8585112066132,-2318.5054487963507,-1005.5809212940646,3050.154291125263
2017-07-02 19:35:38.857997000,0.7019,0.4165,-0.9615,1719.3622849127858,-2326.983481121605,-1013.0094415615641,3065.4929321213926
2017-07-02 19:35:39.257445991,0.502,-0.5526,-0.6157,1742.425479061929,-2344.0096976587733,-1027.9489330037286,3096.3053824947683
2017-07-02 19:35:39.458110988,0.6967,-0.759,-0.8608,1754.039431990226,-2352.5934563339406,-1035.4885150668579,3111.8461987375335
2017-07-02 19:35:39.580000280,0.4569,0.3899,-0.6351,1761.100846126515,-2357.801668439992,-1040.0776947653326,3121.2924420941895
2017-07-02 19:35:39.658003985,0.9254,0.8342,-1.0215,1765.625466577702,-2361.129615906609,-1043.0207802798584,3127.340515427545
2017-07-02 19:35:39.858060002,0.519,0.3771,-0.5266,1777.2505273367924,-2369.6497066879087,-1050.5899842849246,3142.8646939384453
2017-07-02 19:35:40.257389008,0.5311,-0.8615,-0.39,1800.5398390059277,-2386.7939181813736,-1065.7609569250046,3174.0471541898664
2017-07-02 19:35:40.458298981,0.6706,0.7053,-0.7443,1812.2842006822607,-2395.391025822357,-1073.4238036300683,3189.750907646625
2017-07-02 19:35:40.580130210,0.6158,-0.8742,-0.5105,1819.4150880046686,-2400.6172627539377,-1078.078109076861,3199.294752591887
2017-07-02 19:35:40.658001005,0.6755,0.3837,-0.607,1823.9770291992972,-2403.955386836977,-1081.0566795158882,3205.3981420839336
2017-07-02 19:35:40.858053028,0.8245,-0.5533,-0.4745,1835.729767563263,-2412.5532547407524,-1088.7276914614838,3221.1247992949793
2017-07-02 19:35:41.581409930,0.3316,-0.7723,-0.3205,1878.3993438742211,-2444.0459058701513,-1116.6325738742173,3278.5077078001073
2017-07-02 19:35:48.540188014,0.6812,0.3364,-0.8131,2321.8724958696894,-2730.7188638353623,-1424.4548457378241,3857.0700029852196
2017-07-02 19:35:48.740337014,2.3087,-0.4362,-0.8028,2334.7201961314704,-2738.9816511966023,-1433.3406174216605,3873.939107080356
2017-07-02 19:35:48.940306007,-0.2831,-0.3929,0.2086,2347.5450211326115,-2747.2527184236274,-1442.210056140709,3890.801327639836
2017-07-02 19:35:49.140461981,1.8936,-0.4167,-1.0983,2360.4577001729413,-2755.548213519661,-1451.1317887773425,3907.760225466406
2017-07-02 19:35:49.339564979,0.0213,0.6209,-0.2465,2373.3032928594635,-2763.7754541434197,-1460.0163579195842,3924.6236821147586
2017-07-02 19:35:49.540423989,3.1469,-0.2477,-1.2982,2386.3891383511436,-2772.0852491642527,-1469.0316605752266,3941.7462840785124
2017-07-02 19:35:49.740446984,-0.0357,-0.566,0.0632,2399.4190896325285,-2780.3831023779835,-1478.0069111734795,3958.8188381332357
2017-07-02 19:35:49.940321981,1.5656,-0.7162,-1.1469,2412.501945731315,-2788.7034281695496,-1487.0213396111167,3975.9608791964765
2017-07-02 19:35:50.140489995,0.1395,0.8241,-0.3967,2425.6095706929136,-2797.0029321619177,-1496.0648778839768,3993.1212491981037
2017-07-02 19:35:50.339646995,2.3842,-0.5434,-1.5871,2438.745557051171,-2805.2820699475214,-1505.1256887677398,4010.2980840573987
2017-07-02 19:35:50.540325999,0.1327,-0.4636,-0.0268,2451.9872757675444,-2813.643148953151,-1514.2568237617352,4027.629960471285
2017-07-02 19:35:50.740472018,1.6249,-1.178,-1.1413,2465.2589166365624,-2822.0292105302706,-1523.409425984912,4045.0125673873818
2017-07-02 19:35:50.940371990,0.6854,0.3713,-0.6984,2478.541630763395,-2830.3901256601375,-1532.5786846344226,4062.3976052889575
2017-07-02 19:35:51.140335023,1.8614,0.6293,-1.3297,2491.902963570487,-2838.7285156519706,-1541.8040041835256,4079.843079426385
2017-07-02 19:35:51.339793980,0.2559,-0.5139,-0.2048,2505.240795209759,-2847.0663307808754,-1551.014215861001,4097.275098361375
2017-07-02 19:35:51.540314972,0.4586,-0.7902,-0.2205,2518.6680848842866,-2855.480314155854,-1560.2823340507148,4114.843582482455
2017-07-02 19:35:51.740315020,0.7535,0.3087,-0.7874,2532.090631113338,-2863.8600903962847,-1569.5578701253016,4132.395127430197
2017-07-02 19:35:51.940743982,0.5806,0.3724,-0.4924,2545.5652866544174,-2872.2428776824304,-1578.8730788104751,4150.0026477111915
2017-07-02 19:35:52.140325009,0.4571,-0.7164,-0.3398,2559.0011437772914,-2880.618736803776,-1588.162413675777,4167.578555095385
2017-07-02 19:35:52.339550971,0.5369,-0.8923,-0.3707,2572.434407902653,-2889.015111102224,-1597.4499357802279,4185.173042116983
2017-07-02 19:35:52.540436983,0.557,0.1635,-0.7683,2586.002082519927,-2897.4748501021404,-1606.8458510396429,4202.941929978944
2017-07-02 19:35:52.740323007,1.2334,0.1662,-0.5302,2599.5514985619857,-2905.885837046656,-1616.2161783233005,4220.662889487644
2017-07-02 19:35:52.940326988,0.5639,-0.3653,-0.3225,2613.131467300994,-2914.316400075417,-1625.6049357502147,4238.4298451528775
2017-07-02 19:35:53.140318989,0.5802,-0.8566,-0.2562,2626.733828759695,-2922.7807193827816,-1635.003377982032,4256.24409388829
2017-07-02 19:35:53.339718997,0.7539,0.3734,-0.6356,2640.3259014320065,-2931.205137079554,-1644.3992717279646,4274.030110595124
2017-07-02 19:35:53.540481984,1.1392,0.1712,-0.944,2654.0567977115948,-2939.6802386998665,-1653.8974388281804,4291.982540673254
2017-07-02 19:35:53.740315973,0.3551,-0.592,-0.3943,2667.738336936231,-2948.1397638736976,-1663.3674005358573,4309.889442997112
2017-07-02 19:35:53.940321028,0.6552,-0.7874,-0.2687,2681.457797438208,-2956.638028336345,-1672.856217458183,4327.86001094482
2017-07-02 19:35:54.139705002,0.6565,0.2282,-1.0465,2695.1607530164524,-2965.1008310572975,-1682.3571710343945,4345.807183236244
2017-07-02 19:35:54.339541971,0.3293,0.2913,-0.4501,2708.9079918737175,-2973.57122802593,-1691.8976851802024,4363.808672902498
2017-07-02 19:35:54.540378987,0.5388,-0.4361,-1.0395,2722.7457590060385,-2982.1016038377707,-1701.5278718168238,4381.948372855009
2017-07-02 19:35:54.740319013,0.4754,-0.8286,-0.1264,2736.540727692393,-2990.6270049125983,-1711.120100520122,4400.049662814694
2017-07-02 19:35:54.940367996,0.8663,0.2273,-1.0423,2750.3778829007174,-2999.1479554371376,-1720.7592689177288,4418.198662228587
2017-07-02 19:35:55.140322029,0.1307,0.3679,-0.244,2764.213696125227,-3007.650152394659,-1730.4036177547798,4436.342353491752
2017-07-02 19:35:55.339564979,1.3756,-0.5601,-0.9495,2778.054914212404,-3016.1443482758677,-1740.051362063126,4454.491506180463
2017-07-02 19:35:55.540324985,0.3691,-0.6908,0.0747,2792.016397156373,-3024.731062228652,-1749.7695545216022,4472.811985175729
2017-07-02 19:35:55.740383028,1.2221,-0.3243,-1.3318,2805.9779757609303,-3033.3007320253437,-1759.507069972333,4491.134696337165
2017-07-02 19:35:55.940365016,0.0116,0.5011,-0.1511,2819.934710582986,-3041.8471035465036,-1769.2469264751148,4509.445671049452
2017-07-02 19:35:56.140330970,2.4162,-0.3056,-1.5591,2833.9869414908553,-3050.4050096819183,-1779.0483448326313,4527.854427969716
2017-07-02 19:35:56.340730011,-0.1033,-0.4744,0.2436,2848.065458267381,-3059.000502359536,-1788.861208216798,4546.315579705674
2017-07-02 19:35:56.540376007,0.9433,0.0816,-1.4803,2862.1286703587907,-3067.560443061864,-1798.6962001064135,4564.758002107552
2017-07-02 19:35:56.740329027,0.2336,0.4528,-0.2205,2876.22284905927,-3076.115444108635,-1808.5551325165864,4583.232022305479
2017-07-02 19:35:56.940483987,1.5085,-0.529,-1.3803,2890.3916955346926,-3084.7002779717413,-1818.47931941935,4601.804753973241
2017-07-02 19:35:57.140448987,-0.0275,-0.5708,0.1944,2904.545995243552,-3093.299788281875,-1828.3863143483604,4620.377423237894
2017-07-02 19:35:57.339572012,0.8342,-0.2481,-1.4444,2918.6737727027817,-3101.8729265517427,-1838.308865196845,4638.927864043488
2017-07-02 19:35:57.540365993,0.0512,0.3988,-0.1636,2932.9221687734466,-3110.501928055807,-1848.3212779462576,4657.633115545977
2017-07-02 19:35:57.740332007,1.2024,-0.3763,-1.4113,2947.1598917337456,-3119.110395057021,-1858.3488376756354,4676.329916343287
2017-07-02 19:35:57.940451979,0.1026,-0.6265,0.216,2961.412685538689,-3127.7505799703167,-1868.3754674634597,4695.062903944251
2017-07-02 19:35:58.140350997,0.7985,-0.2198,-1.5125,2975.681650478881,-3136.390008312911,-1878.4514656935444,4713.831082909951
2017-07-02 19:35:58.339577972,-0.0399,0.5193,-0.1073,2989.9010607216387,-3144.9797799161215,-1888.497848185486,4732.528953063768
2017-07-02 19:35:58.540328979,2.4209,-0.3156,-1.9614,3004.326810183565,-3153.6479799135172,-1898.7001290786561,4751.477385378538
2017-07-02 19:35:58.740639984,-0.0955,-0.4555,0.1869,3018.7171096897346,-3162.31545783451,-1908.8725495499393,4770.396886383555
2017-07-02 19:35:58.940308988,1.7588,-1.0891,-1.7915,3033.1314073125636,-3170.9985762300007,-1919.0837902033918,4789.363287358769
2017-07-02 19:35:59.140321016,0.2066,0.5293,-0.4986,3047.5787331622105,-3179.6754373566655,-1929.3325197913957,4808.367289806021
2017-07-02 19:36:05.823832988,1.8366,0.0938,-1.7643,3612.383771717186,-3465.4275429688096,-2350.609561267158,5530.268517825613
2017-07-02 19:36:06.223177015,0.6601,-1.0496,-0.771,3646.2364964527756,-3482.6687959236665,-2375.904084118522,5573.952165842086
2017-07-02 19:36:06.239719740,0.0563,-0.1943,-0.0883,3647.638852393253,-3483.3830636254825,-2376.9519274744416,5575.762479783916
2017-07-02 19:36:06.423786997,0.539,0.1622,-0.8033,3663.2608197552827,-3491.325067544341,-2388.6382660846407,5595.929174589461
2017-07-02 19:36:06.623227000,0.6111,0.1554,-0.9137,3680.2117943476,-3499.92418260388,-2401.3369563123356,5617.815172554364
2017-07-02 19:36:06.824301004,0.2897,-0.3564,-0.4053,3697.3133601342893,-3508.6081592623245,-2414.1560727972414,5639.911953399048
2017-07-02 19:36:07.223776996,0.5731,0.0959,-0.8992,3731.3806897103173,-3525.8454098264524,-2439.767451422775,5683.946949309017
2017-07-02 19:36:07.240319960,0.5834,-1.1736,-0.4789,3732.791634042214,-3526.5595541666344,-2440.828192189583,5685.771533929848
2017-07-02 19:36:07.423089027,0.4762,0.1051,-0.7116,3748.395859016432,-3534.446013657857,-2452.571180781684,5705.951764268107
2017-07-02 19:36:07.623158991,0.4757,-0.5401,-0.8907,3765.496219288179,-3543.10062353482,-2465.4614121348545,5728.090762260353
2017-07-02 19:36:07.823765993,0.1965,-0.7242,0.1177,3782.6503890017634,-3551.8076086601313,-2478.3815074833437,5750.317917383925
2017-07-02 19:36:08.223787009,0.2094,0.312,-0.4196,3816.8902219699826,-3569.1198741724475,-2504.212006834784,5794.682512265733
2017-07-02 19:36:08.238839980,0.5304,-0.2078,-1.2732,3818.178802490428,-3569.7713896068576,-2505.1843086561885,5796.352781032233
2017-07-02 19:36:08.423780024,0.8387,-0.7304,-1.4031,3834.0389238076896,-3577.8008571789924,-2517.17794986877,5816.932032799482
2017-07-02 19:36:08.623115003,0.0628,-0.5507,0.2084,3851.136023853566,-3586.477185612136,-2530.0968437041997,5839.131554919872
2017-07-02 19:36:08.823783993,0.598,0.1505,-1.1581,3868.371623242495,-3595.2055183636603,-2543.1488291725905,5861.5192315731765
2017-07-02 19:36:09.223801970,0.5586,-0.8088,-1.2548,3902.818830076571,-3612.7341884222838,-2569.3677300403515,5906.394303529708
2017-07-02 19:36:09.239059920,0.1934,0.3064,-0.371,3904.1328004487605,-3613.4027159706175,-2570.367888161534,5908.106565712546
2017-07-02 19:36:09.423918008,0.2723,-0.5788,0.0328,3920.0615476651064,-3621.5220578298818,-2582.4842088977944,5928.8725101858445
2017-07-02 19:36:09.623039007,0.6212,-0.5377,-1.5728,3937.24392339869,-3630.2891750054664,-2595.5977367186297,5951.303791385603
2017-07-02 19:36:09.823765993,-0.0903,0.6169,-0.232,3954.5612432565777,-3639.10214661648,-2608.8263777428147,5973.909451053169
2017-07-02 19:36:10.223775982,-0.084,-0.3509,0.281,3989.0578655514464,-3656.720838185678,-2635.14353379544,6018.984248761841
2017-07-02 19:36:10.238490100,1.536,-0.851,-1.9803,3990.3271348426365,-3657.3691150140567,-2636.112022714897,6020.643327985987
2017-07-02 19:36:10.423767983,0.823,-0.7614,-1.6817,4006.337828000178,-3665.558253164557,-2648.3648136229003,6041.5971634530415
2017-07-02 19:36:10.623035013,0.0107,0.76,-0.2283,4023.557810983825,-3674.335523133515,-2661.551799531301,6064.125409032872
2017-07-02 19:36:10.823898017,1.558,-0.8712,-1.9609,4040.978571628801,-3683.2182415999528,-2674.9235173115067,6086.938496081914
2017-07-02 19:36:11.223775029,1.3317,-0.9142,-1.902,4075.872671296547,-3701.0480928729544,-2701.8479956350634,6132.738182076404
2017-07-02 19:36:11.238299960,-0.1833,-0.4429,0.3482,4077.1401083107844,-3701.6958288425208,-2702.8259133516476,6134.402284652659
2017-07-02 19:36:11.423853993,0.0173,0.6658,-0.3687,4093.3320407375722,-3709.947644731388,-2715.331374636359,6155.656195440204
2017-07-02 19:36:11.623278021,1.7972,-0.614,-2.156,4110.805779910238,-3718.840695088757,-2728.8573517615328,6178.605240817268
2017-07-02 19:36:11.823776006,-0.1173,-0.4299,0.2443,4128.368904909204,-3727.7989188760116,-2742.44634952503,6201.687397363523
2017-07-02 19:36:12.223771989,-0.0979,0.6336,-0.1818,4163.391894846758,-3745.569313198074,-2769.5856571178015,6247.697676917427
2017-07-02 19:36:12.237699740,1.4861,-1.093,-2.0421,4164.611674078329,-3746.1882855027948,-2770.531036535106,6249.300704135797
2017-07-02 19:36:12.423108994,2.3004,-0.4325,-2.1221,4180.928720719957,-3754.4430474767228,-2783.1890837539718,6270.73751965545
2017-07-02 19:36:12.623117029,-0.0247,-0.3302,0.0921,4198.529553290769,-3763.3609831693866,-2796.840117852878,6293.874080749387
2017-07-02 19:36:12.823951005,1.5391,-1.1136,-1.8714,4216.265147687254,-3772.3606620869427,-2810.6230060134567,6317.214452778644
2017-07-02 19:36:13.223954021,2.1359,-0.6298,-2.2824,4251.931055583448,-3790.3861811023726,-2838.439710165674,6364.171987900091
2017-07-02 19:36:13.239520070,0.1393,0.7672,-0.4882,4253.319022045942,-3791.0874551999723,-2839.522310745166,6365.999823240024
2017-07-02 19:36:13.423924028,-0.035,-0.5309,0.1744,4269.760444209711,-3799.413186128523,-2852.3414608238436,6387.663627571501
2017-07-02 19:36:13.623090982,1.5843,-1.1898,-1.8401,4287.580977497847,-3808.4526540606485,-2866.259877424205,6411.1705594029245
2017-07-02 19:36:13.823754012,0.0176,0.6723,-0.3173,4305.5360813879615,-3817.5329528756106,-2880.295620837963,6434.850554429615
2017-07-02 19:36:14.224117994,0.0541,-0.5804,-0.1342,4341.36887526319,-3835.7430481344877,-2908.321324451333,6482.186465126901
2017-07-02 19:36:14.238209960,1.9081,-0.1714,-1.6294,4342.630492792433,-3836.3840390379078,-2909.308093558365,6483.853458797451
2017-07-02 19:36:14.423922002,1.2313,-0.8755,-0.8801,4359.299281282615,-3844.861581327803,-2922.3426587612703,6505.8848297966015
2017-07-02 19:36:14.623122990,0.4881,0.3603,-0.5964,4377.19815326246,-3853.940581496804,-2936.347637957793,6529.53743611081
2017-07-02 19:36:14.824190974,1.877,-0.0548,-1.7291,4395.340665032047,-3863.1068893720953,-2950.5537823816144,6553.501508592559
2017-07-02 19:36:15.223873972,0.6344,-0.8036,-0.7694,4431.505698466665,-3881.4560511612594,-2978.915669420686,6601.354588124999
2017-07-02 19:36:15.237770080,0.0192,-0.3583,-0.2526,4432.763081679843,-3882.0940807712936,-2979.9017992858444,6603.018834112947
2017-07-02 19:36:15.423789978,0.3636,0.441,-0.8411,4449.607592032958,-3890.6197878955622,-2993.131706686406,6625.312631915065
2017-07-02 19:36:15.623043000,0.6588,0.292,-1.0409,4467.676546354533,-3899.740405713364,-3007.344091688784,6649.227582254591
2017-07-02 19:36:15.823769986,0.2108,-0.3892,-0.2906,4485.8876582488565,-3908.9441742160693,-3021.6733207379484,6673.345659924013
2017-07-02 19:36:16.223771989,0.3504,0.1945,-0.9614,4522.234215582381,-3927.254014975926,-3050.38195315988,6721.514446826102
2017-07-02 19:36:16.237630000,0.4732,-0.7184,-0.5683,4523.493527630624,-3927.888494700852,-3051.3766686780054,6723.183865957554
2017-07-02 19:36:16.423848986,0.5151,0.1842,-0.8487,4540.433574064422,-3936.408018290286,-3064.772730172013,6745.641334562451
2017-07-02 19:36:23.673372983,0.5634,-0.4683,-0.7358,5229.5211225063185,-4292.6857216514945,-3624.953170876008,7675.63204997832
2017-07-02 19:36:23.873372972,2.1931,-0.43,-1.8665,5248.619405281694,-4302.5319168750375,-3640.48209821351,7701.486639905375
2017-07-02 19:36:24.273518979,1.6307,-1.1143,-1.7599,5287.091017858543,-4322.409914652964,-3671.8330808614824,7753.638956974941
2017-07-02 19:36:24.472627997,0.2915,0.5965,-0.524,5306.245699128478,-4332.27737788251,-3687.4538186886457,7779.600655778772
2017-07-02 19:36:24.673376977,1.6283,-0.1761,-1.6141,5325.623768724923,-4342.233211358293,-3703.268265244806,7805.860210905656
2017-07-02 19:36:24.733759990,-0.0161,-0.3722,0.0773,5331.452413253635,-4345.229170067123,-3708.0247892981743,7813.760248000958
2017-07-02 19:36:24.873435020,0.244,-0.4442,-0.1579,5344.939708696542,-4352.167941052466,-3719.0304284017307,7832.045301458866
2017-07-02 19:36:25.273450016,0.4929,0.3877,-0.7776,5383.644812895595,-4371.9778346091225,-3750.673878154572,7884.502279662438
2017-07-02 19:36:25.472630023,0.678,0.1147,-0.8667,5402.944195757177,-4381.837251196364,-3766.464528117946,7910.661079834543
2017-07-02 19:36:25.673426985,0.6579,-0.4553,-0.6139,5422.426778289182,-4391.795064538672,-3782.408119597437,7937.076743865493
2017-07-02 19:36:25.734990230,0.8287,-0.827,-0.9753,5428.403171820679,-4394.851209740216,-3787.30003354084,7945.1821688144
2017-07-02 19:36:25.873593986,0.3462,-0.9417,-0.4324,5441.865100908754,-4401.749919261928,-3798.3220165831617,7963.450776508348
2017-07-02 19:36:26.273379981,0.5543,0.2118,-0.7936,5480.783022117576,-4421.614571925723,-3830.2404516164956,8016.258471094698
2017-07-02 19:36:26.473091006,0.3252,-0.5694,-0.6114,5500.237238703277,-4431.560566599432,-3846.2095260460337,8042.677816231643
2017-07-02 19:36:26.673343002,0.1799,-0.7938,-0.118,5519.75136640958,-4441.565334737697,-3862.2265889083724,8069.1977292538095
2017-07-02 19:36:26.734639760,0.5405,0.2423,-0.8684,5525.726634884187,-4444.62686498884,-3867.132644451174,8077.318719861744
2017-07-02 19:36:26.873355984,0.9238,-0.0882,-1.1194,5539.266605259493,-4451.556888051094,-3878.256720767313,8095.721613536066
2017-07-02 19:36:27.273362994,0.6706,-0.87,-0.6202,5578.418242511119,-4471.679752551363,-3910.4337361756975,8148.99760110283
2017-07-02 19:36:27.472626984,0.3277,-0.8094,-0.2106,5597.934691049196,-4481.736120700977,-3926.4711185711344,8175.573796732628
2017-07-02 19:36:27.673416972,0.6296,0.0069,-0.91,5617.625983259435,-4491.8692240675055,-3942.668006130269,8202.392444919931
2017-07-02 19:36:27.734149810,0.3714,0.2885,-0.3768,5623.583367559579,-4494.933114182344,-3947.568459681996,8210.506095043216
2017-07-02 19:36:27.873996973,0.299,0.2893,-0.3994,5637.307054164112,-4501.982557839073,-3958.860356174152,8229.195166825431
2017-07-02 19:36:28.273365020,-0.109,-0.6229,0.2509,5676.481039286299,-4522.213331259355,-3991.067132864161,8282.600271764011
2017-07-02 19:36:28.472604990,1.2115,-0.3082,-1.2891,5696.0725670584425,-4532.318458048153,-4007.1858836459232,8309.313569751168
2017-07-02 19:36:28.673409998,0.2806,0.4191,-0.3418,5715.829301607329,-4542.486061792298,-4023.445030147363,8336.245805955325
2017-07-02 19:36:28.733919730,1.3458,-0.7211,-1.2756,5721.787640003629,-4545.552564765995,-4028.3491631188913,8344.36929290343
2017-07-02 19:36:28.873525023,2.5167,-0.5518,-1.223,5735.5834960823995,-4552.638214904232,-4039.6875907937856,8363.163790549153
2017-07-02 19:36:29.273351013,0.9956,-0.4748,-1.651,5775.253632621499,-4573.007237666673,-4072.424487993774,8417.279306716093
2017-07-02 19:36:29.472608983,0.0524,0.4665,-0.0802,5795.025790766449,-4583.139857189183,-4088.7424887871025,8444.247154472525
2017-07-02 19:36:29.673409998,1.642,-0.4525,-1.6739,5815.01727079903,-4593.369188547915,-4105.254348866106,8471.515781185584
2017-07-02 19:36:29.733590120,0.0034,-0.5984,0.2427,5821.008735433333,-4596.437089294454,-4110.202079111298,8479.689719852
2017-07-02 19:36:29.873368978,-0.1258,-0.5375,0.2159,5834.92250197256,-4603.573327055302,-4121.689829611948,8498.678428622141
2017-07-02 19:36:30.273356020,0.1084,0.5489,-0.16,5874.755067270438,-4623.906355458569,-4154.588434699399,8553.003106874674
2017-07-02 19:36:30.472917020,2.3694,-0.5514,-2.0033,5894.722637861601,-4634.07284207392,-4171.081943353359,8580.227890978975
2017-07-02 19:36:30.673368990,-0.1023,-0.4811,0.2716,5914.7752461494265,-4644.304049568172,-4187.638176591687,8607.580369380554
2017-07-02 19:36:30.733619920,1.1931,-0.6127,-1.4413,5920.8068979614645,-4647.381523006912,-4192.619805102549,8615.809316220517
2017-07-02 19:36:30.873466014,1.2413,-0.847,-1.5184,5934.831006782617,-4654.54109182294,-4204.212164838437,8634.950595198108
2017-07-02 19:36:31.273355007,1.8321,-0.6631,-2.1748,5975.225827741419,-4675.119869242146,-4237.7082167308035,8690.123153007591
2017-07-02 19:36:31.473083019,-0.0981,-0.5615,0.2286,5995.39745668602,-4685.4205163472325,-4254.428990058187,8717.690182043194
2017-07-02 19:36:31.673355996,1.3294,-0.7133,-1.6203,6015.67744589652,-4695.7778790740595,-4271.260375654195,8745.419956714655
2017-07-02 19:36:31.734789960,0.017,0.6122,-0.1439,6021.89841986567,-4698.952701374031,-4276.423965470635,8753.925919345134
2017-07-02 19:36:31.873429000,0.1649,0.6045,-0.4028,6035.940563952908,-4706.105756268043,-4288.084465921763,8773.12249245563
2017-07-02 19:36:32.273359000,0.0757,-0.4543,0.0124,6076.459838272712,-4726.812731096505,-4321.719356799733,8828.554862486539
2017-07-02 19:36:32.472723007,0.655,-0.8758,-0.7522,6096.684618911031,-4737.16991075108,-4338.516154505147,8856.24438058785
2017-07-02 19:36:32.673362016,0.3006,0.4623,-0.579,6117.050844996305,-4747.5747178089605,-4355.443681790941,8884.124402928039
2017-07-02 19:36:32.734900230,1.8413,-0.4354,-1.8466,6123.304365805045,-4750.767636613402,-4360.642535530379,8892.685354607866
2017-07-02 19:36:32.873365998,1.5965,0.0741,-1.6456,6137.4058833549825,-4757.950531569438,-4372.371911524348,8911.985209289192
2017-07-02 19:36:33.273521006,0.9332,-0.8234,-0.9742,6178.307570301222,-4778.840370304025,-4406.424863960734,8968.019837166969
2017-07-02 19:36:33.472606003,0.6613,0.2395,-0.8125,6198.683175578299,-4789.223983928808,-4423.399081729661,8995.932353885459
2017-07-02 19:36:33.673354029,0.6757,0.244,-0.8067,6219.256216211789,-4799.68450249066,-4440.547601104538,9024.111158668939
2017-07-02 19:36:33.733609790,0.451,-0.5081,-0.3248,6225.432979008866,-4802.8261365899525,-4445.6960144744335,9032.57259741413
2017-07-02 19:36:33.873562991,0.8814,-0.5566,-1.0156,6239.796717178859,-4810.133963321272,-4457.673882717556,9052.254319310472
2017-07-02 19:36:34.273359000,0.721,-0.1467,-1.2175,6280.943998497387,-4831.033246600259,-4492.084949911789,9108.675366881915
2017-07-02 19:36:34.736500020,0.2783,-0.6969,-0.232,6328.670487329748,-4855.39336669159,-4531.997985090501,9174.198636359233
2017-07-02 19:36:40.889988005,0.0507,0.5477,-0.2445,6964.704632711186,-5158.313364589356,-5071.557589269838,10041.713188967822
2017-07-02 19:36:41.289945006,0.922,-0.6697,-0.9794,7006.192302360708,-5178.109322750394,-5106.783904906513,10098.454762359695
2017-07-02 19:36:41.490032017,0.1043,-0.7256,0.0152,7026.951568645775,-5188.041721841118,-5124.40601128588,10126.863395156484
2017-07-02 19:36:41.689175009,0.7519,0.1189,-0.9603,7047.6427106309975,-5197.922544123849,-5141.983059331702,10155.178793791638
2017-07-02 19:36:41.889939010,0.5803,0.2372,-0.6649,7068.525666636786,-5207.8742349310805,-5159.729982810455,10183.752876139286
2017-07-02 19:36:41.899850130,0.6797,0.1373,-0.853,7069.556662663635,-5208.365506740737,-5160.606179287202,10185.163660742803
2017-07-02 19:36:42.290098011,0.0984,-0.8106,0.1259,7110.166860056523,-5227.832660900265,-5195.087023546052,10240.78299205867
2017-07-02 19:36:42.489717006,0.8355,-0.152,-1.1206,7130.973018465468,-5237.796526468134,-5212.769265272341,10269.28683286878
2017-07-02 19:36:42.689182996,0.1177,0.4338,-0.2205,7151.767912154851,-5247.735495418485,-5230.446726785711,10297.770878250603
2017-07-02 19:36:42.889936983,0.9932,-1.0016,-1.1657,7172.737111283443,-5257.779009185471,-5248.285315896995,10326.514248964852
2017-07-02 19:36:42.899320240,0.6065,-0.6116,-0.869,7173.717266684745,-5258.248497650409,-5249.119169454021,10327.857896994095
2017-07-02 19:36:43.289925992,0.6487,-0.6805,-1.4592,7214.618100603623,-5277.896165759539,-5284.053417831491,10384.032106874156
2017-07-02 19:36:43.490194022,0.0705,0.4951,-0.2389,7235.59125282915,-5287.949892470896,-5301.974187574588,10412.83463467119
2017-07-02 19:36:43.689405024,1.4269,-1.1163,-1.5109,7256.5103339202105,-5297.994855334631,-5319.860330403205,10441.580610637488
2017-07-02 19:36:43.890030026,-0.2723,-0.3236,0.2736,7277.566938499593,-5308.12414238696,-5337.862416594161,10470.527094364546
2017-07-02 19:36:43.900350210,0.0711,-0.6466,0.2163,7278.650101369421,-5308.645263491259,-5338.788423912122,10472.016217856584
2017-07-02 19:36:44.290033996,0.1149,0.4739,-0.3101,7319.567111584044,-5328.250511794979,-5373.800979160295,10528.250243086473
2017-07-02 19:36:44.490101993,0.9427,-0.6792,-1.6772,7340.612094108366,-5338.34325116271,-5391.843948707246,10557.200185210822
2017-07-02 19:36:44.689184010,0.0227,-0.2943,0.2097,7361.554261918525,-5348.397915428288,-5409.789687273729,10586.012746707878
2017-07-02 19:36:44.889980018,1.496,-1.3851,-1.8917,7382.737048009789,-5358.594990939663,-5427.966200691285,10615.18552229903
2017-07-02 19:36:44.899209970,0.896,-0.9962,-1.5034,7383.710829450794,-5359.06380284315,-5428.801845112348,10616.52673567904
2017-07-02 19:36:45.290005981,1.9758,-0.6474,-2.1204,7425.242466316463,-5379.012162792105,-5464.506846430667,10673.745013149903
2017-07-02 19:36:45.489923000,-0.0561,-0.4322,0.1164,7446.48629835157,-5389.234291521232,-5482.767573739592,10703.0250260427
2017-07-02 19:36:45.689172029,1.4147,-1.2048,-1.5732,7467.71531143712,-5399.470095451705,-5501.029742133003,10732.305321233716
2017-07-02 19:36:45.890007972,0.3506,0.4156,-0.6312,7489.127543953873,-5409.770658933712,-5519.462818618228,10761.8362632953
2017-07-02 19:36:45.899279710,0.2164,0.4532,-0.3784,7490.116073910445,-5410.246153011039,-5520.313827586968,10763.199663291129
2017-07-02 19:36:46.289936006,0.0583,-0.3071,0.0817,7531.775786981462,-5430.327533209872,-5556.157852470969,10820.674364607423
2017-07-02 19:36:46.489929974,0.7883,-1.095,-0.8943,7553.134738160681,-5440.651863481363,-5574.543739383003,10850.164744127487
2017-07-02 19:36:46.689170002,0.4951,0.2516,-0.7634,7574.432823854272,-5450.927285289447,-5592.890619302572,10879.571055518536
2017-07-02 19:36:46.890070974,0.6042,0.2272,-0.7426,7595.932845085943,-5461.27919702976,-5611.420418326997,10909.253199288327
2017-07-02 19:36:46.899760120,1.7361,-0.6439,-1.9285,7596.969921145577,-5461.778514317794,-5612.314263183849,10910.685033992642
2017-07-02 19:36:47.289999008,1.0918,-0.743,-1.3119,7638.905339039749,-5482.002106610013,-5648.514436482264,10968.634245649508
2017-07-02 19:36:47.490095019,0.4144,0.3051,-0.7012,7660.424426220286,-5492.359590758994,-5667.104245005349,10998.372006246758
2017-07-02 19:36:47.689297020,0.6916,0.1595,-0.819,7681.874811842143,-5502.664469461871,-5685.6434951240835,11028.012461089245
2017-07-02 19:36:47.889923989,0.5209,-0.6205,-0.743,7703.499607105527,-5513.06803875576,-5704.34527020739,11057.910307031916
2017-07-02 19:36:47.899839990,0.303,-0.5743,-0.1671,7704.568443811905,-5513.582292314434,-5705.269623088483,11059.388141829622
2017-07-02 19:36:48.289919972,0.6895,-0.0607,-1.0084,7746.719725366217,-5533.821459862589,-5741.785661351249,11117.686316581907
2017-07-02 19:36:48.489930987,0.2665,0.2556,-0.4913,7768.343186469332,-5544.188738404495,-5760.528680501967,11147.59504595953
2017-07-02 19:36:48.689284026,0.7653,-0.6892,-0.9392,7789.925927170597,-5554.549301656679,-5779.247366107506,11177.462324427666
2017-07-02 19:36:48.889926016,0.0937,-0.7207,-0.1695,7811.651986855269,-5565.005866263668,-5798.093904157197,11207.54611753678
2017-07-02 19:36:48.900430080,0.3342,-0.8168,-0.226,7812.789432311645,-5565.553381298252,-5799.080588175928,11209.121233258198
2017-07-02 19:36:49.290102005,0.2629,0.3078,-0.4962,7855.025454593135,-5585.817947684312,-5835.759200440837,11267.602783312346
2017-07-02 19:36:49.489979982,1.1815,-0.9359,-1.3801,7876.737165336868,-5596.249827007468,-5854.628232452104,11297.684375052502
2017-07-02 19:36:49.689238011,-0.1314,-0.4935,0.2122,7898.37631726179,-5606.6689442828265,-5873.430314524905,11327.67711225243
2017-07-02 19:36:49.889931023,0.8378,-0.6358,-1.4575,7920.205051040443,-5617.188704758841,-5892.426506999808,11357.955235683525
2017-07-02 19:36:49.899289840,0.5392,-0.2679,-1.1612,7921.223026708357,-5617.679290960098,-5893.312448663109,11359.36734472938
2017-07-02 19:36:50.290075004,1.9244,-1.0672,-2.1027,7964.023325792107,-5638.327099939969,-5930.626787139771,11418.788644511205
2017-07-02 19:36:50.489925980,0.1276,-0.4124,0.0248,7985.916872245113,-5648.903042802176,-5949.708678083723,11449.192427042773
2017-07-02 19:36:50.689369022,0.8248,-0.7248,-1.9128,8007.798538293898,-5659.486228897284,-5968.827705698561,11479.613494595304
2017-07-02 19:36:50.889925003,0.2642,0.3891,-0.558,8029.812936014397,-5670.112821002384,-5988.075866243738,11510.218406710208
2017-07-02 19:36:50.899260040,0.2033,0.5078,-0.2927,8030.837631310492,-5670.607399898277,-5988.971812629893,11511.643006831353
2017-07-02 19:36:51.289921998,0.0537,-0.418,-0.0251,8073.728299682887,-5691.368825633661,-6026.470103105385,11571.30544364455
2017-07-02 19:36:51.490116000,1.3575,-1.0327,-1.7055,8095.761949214076,-5702.04936825138,-6045.75438551737,11601.977186080007
2017-07-02 19:36:51.899249910,1.7687,-0.2328,-1.9095,8141.0878993721635,-5723.916024508054,-6085.485058005323,11665.0613042594
2017-07-02 19:36:59.990252017,0.3242,0.321,-0.5623,9058.674086334915,-6135.335364915302,-6908.006498793705,12939.18351480464
2017-07-02 19:37:00.190208017,1.6102,-0.7902,-1.3554,9081.41512102516,-6145.534521017397,-6928.387974884521,12970.823222907842
2017-07-02 19:37:00.390199005,0.0233,-0.3413,0.1333,9104.161066823446,-6155.7491125221895,-6948.767685775864,13002.475464997595
2017-07-02 19:37:00.590206980,1.676,-1.3129,-1.5246,9126.975989982242,-6166.01709183064,-6969.210116559523,13034.237497729413
2017-07-02 19:37:00.789505004,0.2218,0.4864,-0.4121,9149.71873881271,-6176.229304118307,-6989.596353105081,13065.895246624703
2017-07-02 19:37:00.990406990,1.8051,-0.4742,-1.8935,9172.717379336966,-6186.542844354384,-7010.223083963694,13097.911443171399
2017-07-02 19:37:01.190199017,0.0808,-0.4724,0.1364,9195.592180455687,-6196.818260258844,-7030.730409988043,13129.761696156784
2017-07-02 19:37:01.390241980,1.2737,-0.9293,-1.6613,9218.546681896787,-6207.143769914321,-7051.329973480762,13161.743467398406
2017-07-02 19:37:01.590322971,0.1727,0.4351,-0.4105,9241.512460565407,-6217.453824342022,-7071.949886234692,13193.739417239747
2017-07-02 19:37:01.789573013,1.673,0.06,-1.4695,9264.449279972929,-6227.718678427374,-7092.542503189041,13225.681818279434
2017-07-02 19:37:01.990402996,0.2014,-0.5215,-0.1748,9287.576098486774,-6238.085960537968,-7113.305458190647,13257.899561309421
2017-07-02 19:37:02.190742015,1.3724,-0.8135,-0.4341,9310.70146171563,-6248.460548425448,-7134.035077436387,13290.104492460381
2017-07-02 19:37:02.390578985,0.6413,0.5507,-0.387,9333.79448304796,-6258.787145523412,-7154.72820308972,13322.247244546736
2017-07-02 19:37:02.590196013,2.1597,0.3647,-0.8874,9356.948145510572,-6269.087844909138,-7175.43391393121,13354.429709207181
2017-07-02 19:37:02.789898991,0.5914,-0.4264,-0.1938,9380.135363138239,-6279.409984890793,-7196.156269115534,13386.657321328335
2017-07-02 19:37:02.990181982,0.5323,-0.7078,-0.1748,9403.411277515188,-6289.7904964491345,-7216.945821659751,13419.013195317075
2017-07-02 19:37:03.190203011,0.7526,0.4234,-0.597,9426.686858274446,-6300.140491159223,-7237.732067337439,13451.35535218934
2017-07-02 19:37:03.390182971,0.2863,0.3218,-0.3015,9449.969109717198,-6310.47549135251,-7258.526102695553,13483.701950320716
2017-07-02 19:37:03.590359985,1.3298,-0.4164,-0.5474,9473.327588961532,-6320.837360828353,-7279.362562622099,13516.139976632656
2017-07-02 19:37:03.789505004,0.1107,-0.5881,0.1146,9496.570035841709,-6331.169133901093,-7300.087057119588,13548.424856389523
2017-07-02 19:37:03.989988029,1.1166,0.2851,-0.6103,9520.013522957768,-6341.558864444416,-7320.975324414938,13580.968522502537
2017-07-02 19:37:04.190307021,0.3775,0.349,-0.305,9543.452977077424,-6351.926089657997,-7341.858740108415,13613.498798393903
2017-07-02 19:37:04.390260994,1.2943,-0.2316,-0.8642,9566.901468262717,-6362.283683567681,-7362.738654369393,13646.031579407403
2017-07-02 19:37:04.590261995,0.1692,-0.7448,0.0502,9590.362242463156,-6372.673505820834,-7383.6214714434645,13678.59209081895
2017-07-02 19:37:04.789440989,0.9953,0.0383,-1.0611,9613.766078355082,-6383.019106306604,-7404.460556085484,13711.070973758095
2017-07-02 19:37:04.990248978,0.0034,0.4103,-0.1386,9637.361460747663,-6393.432773909439,-7425.475663070788,13743.813422135076
2017-07-02 19:37:05.190222024,2.3481,-0.124,-1.3531,9660.95263417837,-6403.8081010073565,-7446.457500392794,13776.519636668816
2017-07-02 19:37:05.390397012,-0.0005,-0.4817,0.231,9684.567611028475,-6414.2132073202865,-7467.4512699653615,13809.265344356703
2017-07-02 19:37:05.590265989,2.2947,-1.0487,-1.4887,9708.23815502706,-6424.644300221957,-7488.47241599973,13842.079380797039
2017-07-02 19:37:05.789668023,0.3928,0.5383,-0.3892,9731.869017011555,-6435.029620091239,-7509.459926523889,13874.828617456476
2017-07-02 19:37:05.990190029,1.9465,0.2716,-1.4455,9755.710872308335,-6445.46234991209,-7530.623438826332,13907.845588214224
2017-07-02 19:37:06.190182983,0.3452,-0.5245,-0.0979,9779.503630906687,-6455.888532814056,-7551.735029597217,13940.799473928417
2017-07-02 19:37:06.390175998,0.9869,-0.682,-1.0272,9803.335870004737,-6466.341996990645,-7572.887711937418,13973.818422313181
2017-07-02 19:37:06.590236008,0.4227,0.4829,-0.557,9827.193010733916,-6476.779635345426,-7594.069773517094,14006.865910691396
2017-07-02 19:37:06.789251983,1.7373,0.4897,-1.3492,9850.994460233624,-6487.143408021756,-7615.194732444086,14039.811689080372
2017-07-02 19:37:06.990292012,0.2918,-0.455,-0.3832,9875.049771541788,-6497.630973248039,-7636.550026565182,14073.120214194592
2017-07-02 19:37:07.190302014,0.5953,-0.7466,-0.7084,9899.00565003428,-6508.094672503827,-7657.824245839831,14106.306437400815
2017-07-02 19:37:07.390196025,0.8763,0.0579,-1.1976,9922.982650748612,-6518.5499900424375,-7679.13398088212,14139.52535823175
2017-07-02 19:37:07.590193986,0.3218,0.5691,-0.426,9946.984991854308,-6528.987981077823,-7700.471837184397,14172.771817838018
2017-07-02 19:37:07.790135979,1.0479,-0.548,-0.8955,9971.022507765701,-6539.444958402727,-7721.839521464995,14206.07038591629
2017-07-02 19:37:07.990520000,0.4047,-0.8567,-0.2615,9995.129415590463,-6549.959453539206,-7743.264945227533,14239.477971098482
2017-07-02 19:37:08.190289974,0.9177,0.1776,-0.8767,10019.199074995746,-6560.434640902345,-7764.65970134955,14272.827087150912
2017-07-02 19:37:08.390677988,0.028,0.5199,-0.114,10043.34432445774,-6570.921359192872,-7786.125225384875,14306.275502509005
2017-07-02 19:37:08.590462028,1.002,-0.7627,-0.8195,10067.456793082492,-6581.406912428121,-7807.558761092487,14339.685388300943
2017-07-02 19:37:08.789351999,0.0777,-0.5573,0.2533,10091.464427731133,-6591.867586192613,-7828.886358083748,14372.954956370297
2017-07-02 19:37:08.990247011,1.0516,-0.096,-1.1904,10115.756528431271,-6602.437590095782,-7850.477005048684,14406.62005747385
2017-07-02 19:37:09.190195977,-0.0725,0.6329,-0.1108,10139.931335313533,-6612.932515117198,-7871.970408022131,14440.117798658835
2017-07-02 19:37:09.390196979,0.6802,-0.8153,-1.3383,10164.139641875052,-6623.462783731916,-7893.522937112869,14473.689863533233
2017-07-02 19:37:09.590502977,0.0056,-0.5068,0.3727,10188.385090120917,-6634.029444794583,-7915.093379561677,14507.316796230129
2017-07-02 19:37:09.789732992,1.3469,-0.1129,-0.966,10212.553761142162,-6644.543826256913,-7936.586295193851,14540.825939551256
2017-07-02 19:37:09.989555001,-0.0773,0.5134,-0.102,10236.791160688057,-6655.068950790324,-7958.147147825311,14574.42767431211
2017-07-02 19:37:10.190217971,2.6969,-0.6029,-1.2896,10261.239156922886,-6665.662646987854,-7979.850666945441,14608.288887674908
2017-07-02 19:37:10.390272974,-0.0486,-0.4488,0.2053,10285.611135752359,-6676.24220836812,-8001.480212406122,14642.052180286604
2017-07-02 19:37:10.590196013,2.1689,-1.0687,-1.2849,10310.053727128654,-6686.857506168482,-8023.146846636678,14675.903941044902
2017-07-02 19:37:18.356804013,-0.2127,0.5721,-0.0641,11246.76913910831,-7064.7312909708035,-8868.718537542496,15970.423062028474
2017-07-02 19:37:18.557025015,0.0803,-0.3707,0.1227,11270.920621954192,-7074.48763321697,-8890.512222561067,16003.850615350038
2017-07-02 19:37:18.756798028,1.7929,-1.5179,-1.6382,11295.089619826049,-7084.282724175752,-8912.322524151563,16037.319102969064
2017-07-02 19:37:18.956800997,0.502,0.6483,-0.3988,11319.306518899037,-7094.063157360678,-8934.1738837574,16070.839901343836
2017-07-02 19:37:19.156130015,2.9428,-0.5296,-1.841,11343.558737665264,-7103.831675468834,-8956.024757445728,16104.38228446646
2017-07-02 19:37:19.356966018,0.1517,-0.6118,0.1665,11368.00042905111,-7113.698723412105,-8978.03411426183,16138.191963142292
2017-07-02 19:37:19.556798994,1.3064,-1.1011,-1.2269,11392.372221058047,-7123.560463229811,-8999.982544716799,16171.91838656234
2017-07-02 19:37:19.756789028,0.3293,0.6154,-0.433,11416.776338673499,-7133.405340299195,-9021.965543734712,16205.681595929265
2017-07-02 19:37:19.956782996,1.5757,0.2638,-1.2609,11441.243960540074,-7143.2398596634475,-9043.99940813751,16239.515520842087
2017-07-02 19:37:20.156080007,0.8624,-0.6123,-0.5202,11465.660569356438,-7153.064426935016,-9065.977148923419,16273.280082773103
2017-07-02 19:37:20.356922984,1.3989,-1.0433,-1.1517,11490.323008835929,-7163.007288848301,-9088.171830310357,16307.392908884147
2017-07-02 19:37:20.556854009,0.6078,0.6861,-0.5904,11514.897760738737,-7172.87757891225,-9110.28933375679,16341.37126887125
2017-07-02 19:37:20.756793022,1.6089,0.1223,-1.1022,11539.537811252943,-7182.743374314617,-9132.451781997219,16375.420935936305
2017-07-02 19:37:20.956784009,0.1387,-0.409,-0.0482,11564.189814430205,-7192.6280928487795,-9154.621919176072,16409.493820019794
2017-07-02 19:37:21.156069993,0.7836,-1.1075,-0.5931,11588.78603560854,-7202.521950287069,-9176.737457676043,16443.503111885773
2017-07-02 19:37:21.356911003,0.425,0.3227,-0.6768,11613.591324060386,-7212.479992583371,-9199.052863598741,16477.80157281275
2017-07-02 19:37:21.557070016,0.6375,0.2918,-0.6734,11638.337921612641,-7222.39252972945,-9221.319471814948,16512.0136940475
2017-07-02 19:37:21.757212996,0.8311,-0.4142,-0.6766,11663.11582847917,-7232.32086456567,-9243.61139915651,16546.27110907982
2017-07-02 19:37:21.956978976,0.3086,-0.8337,-0.1333,11687.859377487248,-7242.263767865124,-9265.86665576323,16580.49233869831
2017-07-02 19:37:22.156171023,0.553,0.1954,-0.8587,11712.553779259453,-7252.17035195969,-9288.092043467717,16614.648496246205
2017-07-02 19:37:22.356984972,0.5276,0.2415,-0.7078,11737.470528937856,-7262.147860670763,-9310.526942158702,16649.111625206693
2017-07-02 19:37:22.556836009,0.6715,-0.5665,-0.6472,11762.29462167407,-7272.100153032263,-9332.880113943007,16683.45487673424
2017-07-02 19:37:22.756803989,0.246,-0.6733,-0.1406,11787.143077098213,-7282.0851923629525,-9355.251987903655,16717.84215818511
2017-07-02 19:37:22.956835985,0.6616,0.0204,-0.9646,11812.025959757626,-7292.072611955687,-9377.669620146671,16752.282464089607
2017-07-02 19:37:23.156123995,0.5876,0.2002,-0.6927,11836.839631592882,-7302.014933904034,-9400.031384778858,16786.625169873572
2017-07-02 19:37:23.356859028,0.5934,-0.5341,-0.7115,11861.857385385825,-7312.050968011829,-9422.58418694638,16821.26162777712
2017-07-02 19:37:23.557000994,0.3358,-0.6129,-0.0109,11886.814675880983,-7322.081901706324,-9445.070794002084,16855.818248241347
2017-07-02 19:37:23.756796002,0.59,-0.1368,-1.2803,11911.752253075603,-7332.100906969331,-9467.569526260533,16890.364655128356
2017-07-02 19:37:23.956839025,0.1972,0.3005,-0.331,11936.728677859142,-7342.120324125864,-9490.109432957088,16924.963794119856
2017-07-02 19:37:24.156023979,0.637,-0.3746,-0.8934,11961.623240959156,-7352.111625893557,-9512.588101804295,16959.4607317816
2017-07-02 19:37:24.356917977,0.1414,-0.8183,-0.0963,11986.737110724278,-7362.221680168558,-9535.263528330235,16994.27624773304
2017-07-02 19:37:24.556900978,0.723,0.0423,-1.1247,12011.766011334836,-7372.284196517714,-9557.881108615142,17028.980834791782
2017-07-02 19:37:24.756789028,0.254,0.2065,-0.2895,12036.7931769687,-7382.333684475328,-9580.499517217802,17063.68106867536
2017-07-02 19:37:24.956790983,1.4909,-0.9838,-1.432,12061.89424134788,-7392.4282518423925,-9603.188095904048,17098.494370950088
2017-07-02 19:37:25.156027972,-0.3734,-0.2867,0.3705,12086.884477107387,-7402.495590247575,-9625.775188344674,17133.162734974714
2017-07-02 19:37:25.356791019,1.0289,-0.6372,-1.4728,12112.10759650271,-7412.665722403041,-9648.594649262413,17168.172361877165
2017-07-02 19:37:25.556792020,0.0871,0.5289,-0.2248,12137.238459319633,-7422.77609508461,-9671.336485339534,17203.04949097127
2017-07-02 19:37:25.756944000,1.7166,-1.1105,-1.3304,12162.457061599489,-7432.93858753293,-9694.148785937483,17238.05263088556
2017-07-02 19:37:25.956790983,-0.1377,-0.3313,0.102,12187.631735516135,-7443.09882583037,-9716.922250775555,17273.003950652434
2017-07-02 19:37:26.156009018,0.8565,-0.9379,-1.3381,12212.761173634768,-7453.26431156735,-9739.677150432313,17307.917129943096
2017-07-02 19:37:26.357006013,0.0538,0.6058,-0.2267,12238.11718394798,-7463.496097986751,-9762.644403459248,17343.140198969173
2017-07-02 19:37:26.556769013,1.8203,-0.8016,-1.5138,12263.390163860016,-7473.697055732896,-9785.53106058975,17378.24801669305
2017-07-02 19:37:26.756864011,-0.2699,-0.3365,0.2297,12288.694340180718,-7483.928439846647,-9808.446557685218,17413.409124984748
2017-07-02 19:37:26.956782996,1.6705,-1.1024,-1.6266,12314.043023630911,-7494.194884235114,-9831.406908527446,17448.643911541378
2017-07-02 19:37:27.156027019,0.1876,0.4494,-0.2078,12339.313572802419,-7504.4088269215445,-9854.297990429304,17483.763901794806
2017-07-02 19:37:27.356983006,0.9964,-1.0755,-1.3364,12364.841491989253,-7514.753963094769,-9877.439727579831,17519.265047936227
2017-07-02 19:37:27.556773006,-0.0267,-0.4476,0.2931,12390.220227303125,-7525.056941131361,-9900.435492330704,17554.56243220384
2017-07-02 19:37:27.756806015,1.0725,-0.5682,-1.4028,12415.67274549663,-7535.395186411133,-9923.515357862867,17589.97633302547
2017-07-02 19:37:27.956803023,-0.1369,0.6132,-0.1389,12441.11520702948,-7545.707043796024,-9946.596625423166,17625.374515574204
2017-07-02 19:37:28.156024992,1.8181,-0.6693,-1.2579,12466.531231872903,-7556.005504235608,-9969.638372520083,17660.727884606746
2017-07-02 19:37:28.356857001,-0.2217,-0.6013,0.4219,12492.14371791352,-7566.411445643995,-9992.849317993101,17696.363307919903
2017-07-02 19:37:28.556945979,1.2065,-0.3416,-1.4381,12517.70974675538,-7576.792563687545,-10016.031963645013,17731.941212228405
2017-07-02 19:37:28.758095979,-0.0666,0.497,-0.2363,12543.408651154568,-7587.208620936438,-10039.34710210158,17767.70456429155
2017-07-02 19:37:28.956906020,2.2413,-0.3241,-1.5394,12568.897190971575,-7597.516319365274,-10062.451863199602,17803.156133659108
2017-07-02 19:37:35.857257008,-0.1993,-0.4879,0.2692,13444.070470158977,-7978.509899150697,-10851.56004851889,19030.39690873676
2017-07-02 19:37:36.256801009,0.6989,-0.4859,-0.4865,13494.856307096132,-8000.647749521596,-10897.328639350573,19101.65654164862
2017-07-02 19:37:36.457360029,0.5792,-0.7919,-0.376,13520.372560912123,-8011.792135041402,-10920.318213670349,19137.466846184136
2017-07-02 19:37:36.573760270,0.6583,0.1159,-0.6953,13535.19057778883,-8018.258531896864,-10933.670300172416,19158.261927802134
2017-07-02 19:37:36.656862974,0.4842,0.1299,-0.8181,13545.77308597078,-8022.874249500965,-10943.208529014571,19173.113795870853
2017-07-02 19:37:36.857605993,0.4432,0.2794,-0.4677,13571.354068902401,-8034.0127248173385,-10966.26793646946,19209.009453391365
2017-07-02 19:37:37.257409989,0.0994,-0.7119,0.1476,13622.317578057267,-8056.310137663255,-11012.169941876724,19280.548645213315
2017-07-02 19:37:37.457449018,0.7135,-0.2957,-1.1332,13647.845351285476,-8067.478319039785,-11035.182022976587,19316.395404966403
2017-07-02 19:37:37.573719730,0.9076,-0.8121,-1.1416,13662.695387348756,-8073.980692959637,-11048.573001227913,19337.253549592515
2017-07-02 19:37:37.656669020,0.0878,0.5285,-0.2043,13673.29023249638,-8078.615948779054,-11058.127733983782,19352.134001475122
2017-07-02 19:37:37.857370972,1.091,-0.9877,-1.0074,13698.969192061706,-8089.87107942561,-11081.286697051748,19388.20997072805
2017-07-02 19:37:38.257414996,1.3368,-0.7633,-1.2662,13750.36705542444,-8112.4272351236805,-11127.650343469806,19460.43863767212
2017-07-02 19:37:38.457369029,0.1853,0.6232,-0.2168,13776.064661722003,-8123.676563489636,-11150.832956174345,19496.542105938694
2017-07-02 19:37:38.574719900,0.0114,-0.5161,0.1894,13791.146467412887,-8130.285780625308,-11164.435973917687,19517.732921012634
2017-07-02 19:37:38.656850993,1.9548,-0.9665,-1.6949,13801.71505186162,-8134.917934579382,-11173.967836574493,19532.582660465723
2017-07-02 19:37:38.857437014,-0.1396,-0.3657,0.1973,13827.520735351103,-8146.245603076213,-11197.239247566595,19568.848046817904
2017-07-02 19:37:39.257366001,0.0989,0.5885,-0.2214,13878.987999877407,-8168.736614615114,-11243.67326532214,19641.14951516368
2017-07-02 19:37:39.457530975,1.4926,-0.8383,-1.2548,13904.80723471492,-8180.026982251154,-11266.963825957966,19677.42309146151
2017-07-02 19:37:39.573750130,1.2662,-0.8328,-1.4831,13919.815419725075,-8186.593608387982,-11280.506749784612,19698.512856559784
2017-07-02 19:37:39.656751990,-0.1932,-0.5266,0.2257,13930.532694185487,-8191.28701556269,-11290.177334261944,19713.574722869995
2017-07-02 19:37:39.857412993,0.9359,-0.5696,-1.3316,13956.479906371944,-8202.65648880729,-11313.61005568765,19750.05512251783
2017-07-02 19:37:40.257479012,1.7634,-1.0406,-1.3712,14008.494157848516,-8225.49082190682,-11360.548291748388,19823.185044812966
2017-07-02 19:37:40.457345008,-0.0219,-0.5009,0.1719,14034.478694638672,-8236.918465085131,-11383.99094792618,19859.724769824792
2017-07-02 19:37:40.576069950,0.0113,0.5692,-0.2074,14049.914259065783,-8243.698721513705,-11397.919341674873,19881.429139212123
2017-07-02 19:37:40.656652987,1.0836,-0.773,-1.5318,14060.397987637038,-8248.305753481267,-11407.383007853887,19896.173663836307
2017-07-02 19:37:40.857357978,0.0306,0.5816,-0.188,14086.51062941748,-8259.756877942707,-11430.961360943129,19932.89349368998
2017-07-02 19:37:41.257623016,-0.1896,-0.2939,0.1691,14138.556574287459,-8282.640888985665,-11477.956469911182,20006.10923756542
2017-07-02 19:37:41.457354009,1.0716,-0.8246,-1.6239,14164.570085586707,-8294.0928337346,-11501.471662618047,20042.726163127394
2017-07-02 19:37:41.574529760,1.978,-1.087,-1.7488,14179.858534419667,-8300.826246147832,-11515.291281317433,20064.247748631802
2017-07-02 19:37:41.656668007,0.1215,0.4737,-0.2639,14190.576301768566,-8305.543060030695,-11524.98038397116,20079.33450464083
2017-07-02 19:37:41.857761979,2.1637,-0.3495,-1.8045,14216.90344374231,-8317.105076053995,-11548.774584406767,20116.380757389106
2017-07-02 19:37:42.256421983,1.8533,-1.0707,-1.9002,14269.39039579934,-8340.196433253888,-11596.247544458327,20190.278252796496
2017-07-02 19:37:42.457994997,-0.1413,0.5573,-0.2228,14295.923442020143,-8351.849388529909,-11620.260178055201,20227.63609210142
2017-07-02 19:37:42.574160210,-0.1909,-0.4331,0.227,14311.211687395295,-8358.570755042932,-11634.0954389309,20249.164469445433
2017-07-02 19:37:42.657405972,2.0468,-0.8714,-1.8022,14322.181661055907,-8363.393427397454,-11644.022486712647,20264.611933732926
2017-07-02 19:37:42.857420027,0.1969,-0.4081,0.033,14348.547023065303,-8374.997157427382,-11667.872820152508,20301.739708884223
2017-07-02 19:37:43.257362008,0.2823,0.5359,-0.3767,14401.311548668564,-8398.11390162217,-11715.623471243794,20376.01346550381
2017-07-02 19:37:43.457369029,1.8489,-0.059,-1.7206,14427.772526182822,-8409.676716456963,-11739.57192744521,20413.251372141916
2017-07-02 19:37:43.575259920,1.2757,-0.9734,-1.3858,14443.387249742862,-8416.50575848348,-11753.70721631205,20435.23030835244
2017-07-02 19:37:43.656760990,0.2899,-0.367,-0.1979,14454.184043985224,-8421.229292408461,-11763.48062738248,20450.428250858666
2017-07-02 19:37:43.857599020,1.0335,-1.138,-1.323,14480.83160130811,-8432.915106254712,-11787.618002298614,20487.95937185685
2017-07-02 19:37:44.257492005,1.0582,0.1666,-1.2435,14534.059355717629,-8456.156343518216,-11835.877309869327,20562.91451024942
2017-07-02 19:37:44.457374989,0.1477,-0.5368,-0.0342,14560.67068071243,-8467.794718003863,-11860.000665813315,20600.39547803646
2017-07-02 19:37:44.573650000,0.2709,0.325,-0.5708,14576.154560945675,-8474.560545771485,-11874.041310733885,20622.204423328243
2017-07-02 19:37:44.657029986,0.3253,-0.9241,-0.4581,14587.260203238293,-8479.41869744244,-11884.112942471389,20637.84974538123
2017-07-02 19:37:44.857372999,0.4152,0.4143,-0.4995,14613.961183579566,-8491.075094536534,-11908.332815805288,20675.459080470595
2017-07-02 19:37:45.256464004,0.6695,-0.5499,-0.5251,14667.25719942176,-8514.382671464435,-11956.663371731385,20750.540836687276
2017-07-02 19:37:45.457369029,0.2598,-0.9287,-0.2745,14694.097249020002,-8526.153343257682,-11981.004369629673,20788.36815388564
2017-07-02 19:37:45.573670260,0.6624,0.226,-0.6698,14709.643554237551,-8532.964170804564,-11995.104107345953,20810.276633889913
2017-07-02 19:37:45.656841993,0.7109,0.177,-0.8681,14720.766266073675,-8537.833645750505,-12005.193407457153,20825.950916424794
2017-07-02 19:37:45.857195973,0.5628,0.1363,-0.5827,14747.582571325682,-8549.558345860944,-12029.521106239832,20863.736905281832
2017-07-02 19:37:46.257355988,0.229,-0.8299,-0.0578,14801.178511651977,-8573.108570639302,-12078.119225758765,20939.294160248115
2017-07-02 19:37:46.457370996,0.8931,-0.0474,-1.0779,14828.003505386117,-8584.88175396124,-12102.453514013534,20977.112855302516
2017-07-02 19:37:46.573660130,0.685,-0.1358,-0.7221,14843.608874875248,-8591.728543226129,-12116.611283961292,20999.11409553698
2017-07-02 19:37:54.206149995,0.6701,-0.6808,-0.8734,15906.884124486438,-9080.768812427576,-13096.718394595033,22516.95710974109
2017-07-02 19:37:54.406975984,0.3988,-0.7807,-0.2397,15934.877095140417,-9093.667921060105,-13122.516629420636,22556.94010687552
2017-07-02 19:37:54.607159018,0.6729,-0.0211,-0.8558,15962.807410109823,-9106.526578061264,-13148.266564521118,22596.83518506291
2017-07-02 19:37:54.709998600,0.31,0.2889,-0.2712,15977.15926685811,-9113.12937174125,-13161.49788925154,22617.33343861331
2017-07-02 19:37:54.806241989,0.4747,0.1788,-0.5016,15990.594983879106,-9119.307002053549,-13173.885195025181,22636.522243221596
2017-07-02 19:37:55.207058012,0.387,-0.9505,-0.3685,16046.611656286146,-9145.187114070926,-13225.53267309105,22716.577811942232
2017-07-02 19:37:55.407005012,0.5904,-0.2954,-1.0978,16074.579166589068,-9158.10921297089,-13251.340896837979,22756.561587899265
2017-07-02 19:37:55.606958985,0.2883,0.4119,-0.3528,16102.55917893048,-9171.015294101791,-13277.164126132559,22796.557215243458
2017-07-02 19:37:55.711500600,0.547,-0.7256,-0.7662,16117.19390204141,-9177.770889845151,-13290.673617448028,22817.48064506726
2017-07-02 19:37:55.806209981,1.0446,-0.8196,-0.7977,16130.461586052377,-9183.898467365652,-13302.919684077478,22836.450121658763
2017-07-02 19:37:56.206957995,0.8962,0.1052,-0.8565,16186.745656002107,-9209.809463509422,-13354.874563207073,22916.89332970868
2017-07-02 19:37:56.406956017,-0.0067,0.5298,-0.1501,16214.834616816552,-9222.719460096143,-13380.80926216893,22957.035357399574
2017-07-02 19:37:56.607050001,0.9616,-0.4485,-0.6776,16242.975555287076,-9235.653607954278,-13406.783534461174,22997.24760043409
2017-07-02 19:37:56.696700800,0.2447,-0.7197,0.113,16255.585885176448,-9241.454452609072,-13418.420228830155,23015.26785217748
2017-07-02 19:37:56.806216001,0.2969,-0.7009,-0.062,16270.993913491671,-9248.549027413965,-13432.636070758124,23037.287467381986
2017-07-02 19:37:57.207019984,0.2522,0.6226,-0.0767,16327.424765121112,-9274.413751654656,-13484.67556292919,23117.87241367663
2017-07-02 19:37:57.406970977,1.9375,-0.7192,-1.4272,16355.654155014636,-9287.345763796373,-13510.693812405108,23158.174830226057
2017-07-02 19:37:57.606966972,-0.1213,-0.7535,0.1415,16383.885046554318,-9300.310825276232,-13536.7122579089,23198.492395388057
2017-07-02 19:37:57.696200100,0.7103,-0.177,-1.3267,16396.48660837898,-9306.096915438817,-13548.331590681088,23216.492021606926
2017-07-02 19:37:57.806302011,1.8226,-0.4352,-1.4408,16412.057367993748,-9313.24146325424,-13562.685780847158,23238.729293857476
2017-07-02 19:37:58.207023978,2.2835,-0.3551,-1.6102,16469.09468497547,-9339.301459669567,-13615.187209108031,23320.09764637216
2017-07-02 19:37:58.406958997,-0.2399,-0.6293,0.3189,16497.543123452964,-9352.328911938586,-13641.369366894478,23360.69227123459
2017-07-02 19:37:58.607065975,1.4142,-0.3816,-1.7765,16526.072658236822,-9365.382849119842,-13667.645179324583,23401.410174684457
2017-07-02 19:37:58.658899500,0.0388,0.6033,-0.109,16533.462741427786,-9368.762577471363,-13674.451671510937,23411.957008582107
2017-07-02 19:37:58.806388020,0.1784,0.7201,-0.2226,16554.4945655886,-9378.363684090029,-13693.823891451597,23441.966821989397
2017-07-02 19:37:59.206386029,-0.3123,-0.4671,0.3356,16611.484208965336,-9404.477215664981,-13746.308857342116,23523.320482578747
2017-07-02 19:37:59.406961977,2.0291,-1.1242,-1.9281,16640.142862709155,-9417.616874085908,-13772.704611647698,23564.236766722148
2017-07-02 19:37:59.607456028,0.1355,0.7229,-0.1548,16668.795261672327,-9430.722108427499,-13799.095810954019,23605.132919808388
2017-07-02 19:37:59.732898700,2.2059,-0.3923,-1.4469,16686.7568568669,-9438.927804758843,-13815.630702810957,23630.760974206838
2017-07-02 19:37:59.806267976,2.2803,-0.4837,-1.7649,16697.27456204078,-9443.72978015226,-13825.311179149754,23645.765776583172
2017-07-02 19:38:00.206947982,1.8946,-0.9825,-1.6137,16755.017406946645,-9470.111782718599,-13878.436701887105,23728.140061381924
2017-07-02 19:38:00.407023012,0.284,0.584,-0.2905,16783.862012103946,-9483.261959835101,-13904.975959628578,23769.279288149442
2017-07-02 19:38:00.607007980,1.9299,0.1808,-1.3562,16812.770817514433,-9496.398986603097,-13931.557510804341,23810.484055387664
2017-07-02 19:38:00.676202700,0.0553,-0.4971,0.0948,16822.773517548416,-9500.946772749738,-13940.754263126424,23824.741925700466
2017-07-02 19:38:00.806210994,0.1678,-0.5178,0.0224,16841.57018607488,-9509.500250619249,-13958.033441104726,23851.536195641816
2017-07-02 19:38:01.207050025,-0.0828,0.634,-0.0884,16899.510403452052,-9535.770300402752,-14011.322468317927,23934.107971880174
2017-07-02 19:38:01.407420992,2.5804,-0.4542,-1.6752,16928.577093836302,-9548.92037899949,-14038.027784515007,23975.504726809115
2017-07-02 19:38:01.606970012,-0.0668,-0.4126,0.1534,16957.52188902403,-9562.032943968032,-14064.617443774898,24016.73346810503
2017-07-02 19:38:01.695902100,1.9151,-1.0495,-1.5142,16970.43672827095,-9567.885060505094,-14076.479509810617,24035.128929743696
2017-07-02 19:38:01.806315004,1.7805,-1.1026,-1.6941,16986.492747039407,-9575.164149570903,-14091.227413335495,24058.00063078368
2017-07-02 19:38:02.206390023,2.3834,-0.486,-1.312,17045.052325431494,-9601.617313274297,-14144.875620563647,24141.300091927154
2017-07-02 19:38:02.407166004,-0.075,-0.5149,0.0901,17074.437182479953,-9614.913479368195,-14171.79511776527,24183.108633385113
2017-07-02 19:38:02.607158005,2.4706,-1.4479,-1.5173,17103.806115104806,-9628.215638625712,-14198.670188207123,24224.882974339733
2017-07-02 19:38:02.649398500,0.0214,0.5219,-0.2526,17110.009192636993,-9631.024268747158,-14204.346947328126,24233.706180388275
2017-07-02 19:38:02.806465029,-0.0561,0.5211,-0.1429,17133.073254671603,-9641.454988427306,-14225.458862865615,24266.51053000606
2017-07-02 19:38:03.206955015,-0.136,-0.4986,0.1994,17191.860443731166,-9668.131325273433,-14279.25827816471,24350.154944352966
2017-07-02 19:38:03.406970977,2.2013,-1.0764,-1.5651,17221.30848527677,-9681.497300986663,-14306.189833160859,24392.046315889795
2017-07-02 19:38:03.606956005,-0.0399,0.6658,-0.1771,17250.750376696218,-9694.834581536603,-14333.124305925243,24433.92433669933
2017-07-02 19:38:03.767600500,2.459,-0.4128,-1.4541,17274.463994603386,-9705.558840036882,-14354.7978249276,24467.635752005404
2017-07-02 19:38:03.806195974,2.6525,-0.4981,-1.5201,17280.16523609722,-9708.136127446098,-14360.007237772066,24475.739529679446
2017-07-02 19:38:04.206943988,1.7631,-0.9236,-1.5878,17339.64603411488,-9735.045180225034,-14414.353083105247,24560.293240387917
2017-07-02 19:38:04.406962990,-0.0025,0.5215,-0.2494,17369.333641687754,-9748.455005106833,-14441.487841078837,24602.493719273385
2017-07-02 19:38:04.607091009,2.2918,-0.2024,-1.629,17399.129219388007,-9761.880245156353,-14468.702631840719,24644.82419012905
2017-07-02 19:38:04.718700800,-0.2709,-0.4407,0.2229,17415.742599553316,-9769.372883537888,-14483.877325754376,24668.43001123102
2017-07-02 19:38:13.106815993,0.1343,-0.5753,-0.0132,18673.782707067567,-10372.965964478504,-15625.27126568996,26466.16114243623
2017-07-02 19:38:13.306828975,0.6071,0.2938,-0.5936,18703.80471690165,-10387.346771051918,-15652.511330182377,26509.062502690715
2017-07-02 19:38:13.506784021,1.1598,0.2854,-0.9561,18733.86440167168,-10401.712001195043,-15679.781731094801,26552.002619591625
2017-07-02 19:38:13.707063972,0.5274,-0.383,-0.3403,18763.994085229504,-10416.11593617874,-15707.110093548743,26595.041882225065
2017-07-02 19:38:13.905991017,0.8341,-1.0602,-0.8034,18793.953247508245,-10430.46452570958,-15734.285642997043,26637.849267293233
2017-07-02 19:38:14.106760025,0.5732,0.4274,-0.6037,18824.21292101007,-10444.928748140495,-15761.737158232967,26681.077318850454
2017-07-02 19:38:14.306753993,0.6815,0.2289,-0.5817,18854.383039732016,-10459.327978064654,-15789.105967422594,26724.168252953357
2017-07-02 19:38:14.505991995,0.6233,-0.3188,-0.6061,18884.4638594752,-10473.685434721134,-15816.395383659185,26767.13329397734
2017-07-02 19:38:14.706757009,0.4211,-0.866,-0.2618,18914.79219957008,-10488.187836176907,-15843.904505363198,26810.459862055977
2017-07-02 19:38:14.905973017,0.6739,0.3024,-0.8285,18944.913285904353,-10502.566342744736,-15871.234260648687,26853.486107963312
2017-07-02 19:38:15.106755971,0.5046,0.1863,-0.6119,18975.291633872275,-10517.050433897442,-15898.803647848634,26896.87713940952
2017-07-02 19:38:15.306864976,0.4765,-0.5314,-0.4521,19005.587094517716,-10531.507186858638,-15926.298599232736,26940.15537271595
2017-07-02 19:38:15.506762027,0.5976,-0.9171,-0.4336,19035.874345829394,-10545.985273576345,-15953.781754313795,26983.429540460023
2017-07-02 19:38:15.706754028,0.6611,0.0735,-0.9681,19066.202425303683,-10560.467297540794,-15981.316684644918,27026.76501988343
2017-07-02 19:38:15.906060993,0.6165,0.258,-0.7989,19096.45111088558,-10574.889467379722,-16008.789034028652,27069.984459060513
2017-07-02 19:38:16.106890976,0.5098,-0.5787,-0.5389,19126.95150549818,-10589.445185753131,-16036.493050558469,27113.57100413664
2017-07-02 19:38:16.306758999,0.4369,-0.8375,-0.3854,19157.32325853591,-10603.964639169824,-16064.07976266479,27156.983616043617
2017-07-02 19:38:16.506761014,0.6533,0.1746,-0.8259,19187.741505395985,-10618.486842322038,-16091.718005634479,27200.460938581957
2017-07-02 19:38:16.707027971,0.5769,0.208,-0.6407,19218.223184849994,-10633.019940762526,-16119.418557353541,27244.024483737954
2017-07-02 19:38:16.905978977,0.6004,-0.4937,-0.5989,19248.528334405753,-10647.477083831454,-16146.960794548362,27287.340548170298
2017-07-02 19:38:17.106769025,0.014,-0.755,-0.1585,19279.114179890057,-10662.098303356754,-16174.764013913342,27331.073427464697
2017-07-02 19:38:17.306765973,0.7933,0.0555,-0.8543,19309.610945467837,-10676.659550639268,-16202.491584383779,27374.675661414058
2017-07-02 19:38:17.506834983,0.3229,0.2852,-0.368,19340.131624417776,-10691.214628690834,-16230.243875687614,27418.307346567417
2017-07-02 19:38:17.706969976,0.6313,-0.5429,-0.7085,19370.687655224257,-10705.796252349612,-16258.03369800041,27461.996893132105
2017-07-02 19:38:17.906036019,0.2519,-0.7251,-0.4848,19401.09046395642,-10720.328727190943,-16285.694302155034,27505.483055436438
2017-07-02 19:38:18.106891989,0.5354,0.1918,-0.8354,19431.788243018564,-10734.984134770573,-16313.637322703484,27549.3927590427
2017-07-02 19:38:18.306994020,0.3076,0.2362,-0.4176,19462.383110532566,-10749.575073729913,-16341.492176538577,27593.15290362394
2017-07-02 19:38:18.506794989,0.6853,-0.7015,-0.783,19492.959304238408,-10764.172064181892,-16369.33637925814,27636.896283072605
2017-07-02 19:38:18.706891000,0.3191,-0.7496,-0.1402,19523.59342544123,-10778.820622505646,-16397.22731232734,27680.728635392148
2017-07-02 19:38:18.905982971,0.5767,-0.1118,-0.9944,19554.096690032115,-10793.400108907705,-16425.017710160748,27724.38259101883
2017-07-02 19:38:19.106818974,0.067,0.5112,-0.2587,19584.869863578733,-10808.086691306717,-16453.061984662,27768.41936753415
2017-07-02 19:38:19.306954979,1.6222,-0.8858,-1.3869,19615.6007559444,-10822.757564990332,-16481.064064538892,27812.39556432702
2017-07-02 19:38:19.506888985,-0.1889,-0.5103,0.3216,19646.293080340423,-10837.434029765838,-16509.02502616256,27856.3227196739
2017-07-02 19:38:19.706816971,0.518,-0.1459,-0.9924,19677.005185673926,-10852.115884431958,-16537.024813301945,27900.289280255558
2017-07-02 19:38:19.906011998,0.2109,0.3863,-0.2181,19707.61306512474,-10866.728585863719,-16564.93060391556,27944.1000713217
2017-07-02 19:38:20.106171011,2.7284,-1.1682,-2.0917,19738.478378200536,-10881.458806452294,-16593.055243130388,27988.268198386
2017-07-02 19:38:20.306748986,0.226,-0.4978,0.2852,19769.4173892016,-10896.239886793093,-16621.227277285372,28032.536520660822
2017-07-02 19:38:20.506783008,0.5352,-0.367,-1.3496,19800.29391112059,-10910.99556690506,-16649.376913283846,28076.73796630175
2017-07-02 19:38:20.706789016,0.1211,0.5182,-0.1372,19831.170953191762,-10925.728451295085,-16677.528095363148,28120.932184722875
2017-07-02 19:38:20.906032025,2.1026,-0.6953,-1.9854,19862.013671585453,-10940.432733357295,-16705.6507000154,28165.074485864374
2017-07-02 19:38:21.106754004,-0.1743,-0.472,0.3626,19893.078311370078,-10955.265181059753,-16733.967448324882,28209.53857210783
2017-07-02 19:38:21.306748986,1.185,-0.4443,-1.6348,19924.07783543789,-10970.06167807555,-16762.247024631117,28253.92107527951
2017-07-02 19:38:21.506883025,0.0999,0.4857,-0.2241,19955.102914908577,-10984.849009082078,-16790.555239815185,28298.335381400255
2017-07-02 19:38:21.706740021,2.1043,-0.5284,-1.8372,19986.169098430793,-10999.6369759602,-16818.89765124448,28342.799562446504
2017-07-02 19:38:21.905970990,-0.2323,-0.4052,0.211,20017.128750346368,-11014.394704979946,-16847.142908402406,28387.119584437707
2017-07-02 19:38:22.106884002,1.7066,-0.8816,-1.6744,20048.41867332778,-11029.312615459272,-16875.694220077723,28431.916633954377
2017-07-02 19:38:22.306743025,-0.0926,0.5476,-0.2111,20079.540750696113,-11044.130393498017,-16904.104183766016,28476.47294106256
2017-07-02 19:38:22.506944000,1.7722,-0.4457,-1.3782,20110.787107420478,-11058.991388099515,-16932.617994786382,28521.195640425256
2017-07-02 19:38:22.706762015,-0.2411,-0.3936,0.2378,20141.96406722548,-11073.839670795718,-16961.067767673278,28565.826810360253
2017-07-02 19:38:22.906096994,1.2729,-0.5468,-1.517,20173.116238443643,-11088.67378634416,-16989.509043794755,28610.43031236857
2017-07-02 19:38:23.106989026,-0.0211,0.4675,0.0027,20204.5108951457,-11103.604907520461,-17018.17237253282,28655.374598068214
2017-07-02 19:38:23.306738018,2.1974,-0.244,-1.8176,20235.814597336714,-11118.460808784814,-17046.745133640303,28700.17217414486
2017-07-02 19:38:23.506743013,-0.0237,-0.5641,0.2348,20267.157471040387,-11133.35831484826,-17075.345121800423,28745.030011313997
2017-07-02 19:38:23.706942021,1.7356,-0.816,-1.8396,20298.600310837555,-11148.302977088535,-17104.046583626074,28790.03722441057
2017-07-02 19:38:32.522939026,-0.0423,0.6353,-0.2197,21679.93483153806,-11757.031961833258,-18385.02443783948,30761.28245751891
2017-07-02 19:38:32.722949981,0.697,-0.2561,-1.1905,21711.301431756558,-11770.852609285048,-18414.13396085533,30806.06937826429
2017-07-02 19:38:32.922896027,0.0373,0.3358,-0.1621,21742.659343854473,-11784.65534680661,-18443.240517540584,30850.842091809594
2017-07-02 19:38:33.123094022,1.4095,-0.6963,-1.4061,21774.113261269795,-11798.503384122623,-18472.4401063748,30895.755920568805
2017-07-02 19:38:33.322256028,-0.1063,-0.3712,0.2749,21805.4001938164,-11812.294484145026,-18501.47768848548,30940.43398613176
2017-07-02 19:38:33.522942006,0.9659,-0.706,-1.6735,21836.9654329982,-11826.219546632135,-18530.80486387098,30985.533027365636
2017-07-02 19:38:33.722905993,0.1646,0.574,-0.1714,21868.42369421303,-11840.071560365408,-18560.033384884737,31030.47032631358
2017-07-02 19:38:33.923018991,1.9469,-0.593,-1.8166,21899.983361806997,-11853.957643280168,-18589.356432808232,31075.54916074843
2017-07-02 19:38:34.123145997,-0.0195,-0.5665,0.172,21931.54445760095,-11867.867387015684,-18618.674644617506,31120.635664035533
2017-07-02 19:38:34.322166025,1.3169,-0.878,-1.6625,21962.98313811724,-11881.734967385946,-18647.896536247485,31165.562715712596
2017-07-02 19:38:34.522903025,0.2812,0.4504,-0.4339,21994.704375322504,-11895.704036176383,-18677.388013135584,31210.88941487177
2017-07-02 19:38:34.723034024,1.3951,0.1884,-1.4568,22026.385727032317,-11909.623388143167,-18706.84880714212,31256.151230384945
2017-07-02 19:38:34.922891974,0.3909,-0.4813,-0.3303,22058.03946804389,-11923.542973885456,-18736.2825995134,31301.378050697767
2017-07-02 19:38:35.123093008,1.3248,-1.0831,-1.8437,22089.800645694955,-11937.529865674622,-18765.840815420805,31346.781228223932
2017-07-02 19:38:35.322194993,0.2283,0.625,-0.576,22121.396513332347,-11951.415197247537,-18795.259598357334,31391.94629656969
2017-07-02 19:38:35.522365987,2.1163,-0.7865,-2.0271,22153.24682082579,-11965.406595106433,-18824.917557945602,31437.47478335518
2017-07-02 19:38:35.722934007,0.0997,-0.548,0.1103,22185.164311993936,-11979.447788669468,-18854.62990504928,31483.102669972122
2017-07-02 19:38:35.922887027,0.9801,-0.7239,-1.3531,22217.02312041671,-11993.474870239143,-18884.30524401333,31528.66220354517
2017-07-02 19:38:36.122887015,0.2674,0.4376,-0.7365,22248.90010831864,-12007.487742704723,-18914.017013567835,31574.251495651944
2017-07-02 19:38:36.322232007,0.3326,0.3398,-0.6754,22280.685916716902,-12021.441220173385,-18943.658316998255,31619.71227510851
2017-07-02 19:38:36.522880971,0.7711,-0.6028,-0.5871,22312.710689573323,-12035.510240018562,-18973.517149231782,31665.516229273508
2017-07-02 19:38:36.722377002,0.4022,-0.9599,-0.2747,22344.56745446167,-12049.536621731397,-19003.21534470584,31711.08987346063
2017-07-02 19:38:36.922878026,0.5692,0.4517,-0.5985,22376.607585088223,-12063.615504935584,-19033.087209660567,31756.917274800064
2017-07-02 19:38:37.122964024,0.7743,0.2248,-0.8313,22408.612393062333,-12077.656245897744,-19062.93052211372,31802.68872072791
2017-07-02 19:38:37.322320997,0.2217,-0.6846,-0.0497,22440.50940072054,-12091.673036798102,-19092.667073955065,31848.311650534084
2017-07-02 19:38:37.522964000,1.1405,-1.2133,-1.3011,22472.658086291423,-12105.82909304535,-19122.64783221813,31894.311712410712
2017-07-02 19:38:37.722874999,0.3034,0.3864,-0.5097,22504.701609313262,-12119.918061637307,-19152.539581818433,31940.159373086273
2017-07-02 19:38:37.922936975,0.3526,0.1683,-0.5227,22536.783445021523,-12134.01093434243,-19182.47482725802,31986.062119318867
2017-07-02 19:38:38.123432993,0.9416,-0.6555,-0.6459,22568.97273453384,-12148.160732283433,-19212.500982651378,32032.11721815942
2017-07-02 19:38:38.322103023,0.5233,-0.7885,-0.3298,22600.889519361823,-12162.212784942665,-19242.266696383704,32077.787556304116
2017-07-02 19:38:38.522889971,0.6648,0.0506,-0.9908,22633.173193479855,-12176.412528546842,-19272.389521601664,32123.987124012943
2017-07-02 19:38:38.723366975,0.2547,0.2136,-0.4827,22665.41726968363,-12190.581767967597,-19302.4852480461,32170.131498043556
2017-07-02 19:38:38.922886013,0.9529,-0.5421,-0.8247,22697.545202615576,-12204.704880455889,-19332.469993598905,32216.110496104324
2017-07-02 19:38:39.122942984,0.372,-0.9203,-0.2415,22729.77464571144,-12218.902903931068,-19362.545247989394,32262.244219845565
2017-07-02 19:38:39.322296023,0.7028,0.0192,-0.9744,22761.918614849907,-12233.050206382348,-19392.553402102985,32308.2587558404
2017-07-02 19:38:39.523127019,0.2353,0.3305,-0.3453,22794.31038226477,-12247.289063553066,-19422.797956697617,32354.624950321202
2017-07-02 19:38:39.722972989,1.3651,-0.5,-1.2475,22826.597796056456,-12261.478051882717,-19452.94399245577,32400.840126968193
2017-07-02 19:38:39.922960996,0.2086,-0.685,0.1024,22858.916500557614,-12275.704521499696,-19483.1073584686,32447.102450299724
2017-07-02 19:38:40.122952997,0.8502,-0.3274,-1.4149,22891.26985578176,-12289.944370188783,-19513.327918352945,32493.42910007699
2017-07-02 19:38:40.322116971,0.1959,0.3757,-0.211,22923.497029016067,-12304.110358999318,-19543.431725622213,32539.56931767536
2017-07-02 19:38:40.522832989,1.0817,-0.5269,-1.3978,22956.018920362694,-12318.407967633235,-19573.826438743723,32586.142161709824
2017-07-02 19:38:40.723123013,0.3151,-0.6611,0.1631,22988.484428748034,-12332.701752176503,-19604.150100050836,32632.631674203836
2017-07-02 19:38:40.923005998,0.9458,-0.0524,-1.6196,23020.921746912834,-12346.968581752852,-19634.47684437319,32679.093503163505
2017-07-02 19:38:41.122884988,0.0974,0.4084,-0.2021,23053.362308049767,-12361.218809944661,-19664.8110567847,32725.556344737382
2017-07-02 19:38:41.322108983,1.6913,-0.3779,-1.3102,23085.76369087491,-12375.43733966779,-19695.097867364853,32771.95164380726
2017-07-02 19:38:41.523138999,-0.2731,-0.5062,0.2816,23118.447764450688,-12389.805221417504,-19725.64785599825,32818.761155795444
2017-07-02 19:38:41.722885012,0.872,-0.371,-1.5507,23150.957872365343,-12404.096136102864,-19756.06458872027,32865.339483951844
2017-07-02 19:38:41.922873973,-0.0816,0.5804,-0.0511,23183.504258183977,-12418.381219170453,-19786.520360620325,32911.96514605475
2017-07-02 19:38:42.122878015,1.4511,-0.8721,-1.7625,23216.111144644463,-12432.702264874213,-19817.048932014262,32958.691276525846
2017-07-02 19:38:42.322230994,-0.1385,-0.4892,0.3775,23248.606383350492,-12446.996133600967,-19847.46312284238,33005.26024636726
2017-07-02 19:38:42.522893011,1.0569,-0.8297,-1.8928,23281.357556205083,-12461.417270134296,-19878.153240475738,33052.22392354416
2017-07-02 19:38:42.722880005,0.0348,0.4518,-0.2496,23313.999946590127,-12475.771824603977,-19908.75009987053,33099.03029800543
2017-07-02 19:38:42.922928988,2.2257,-0.7864,-1.958,23346.74152659276,-12490.162299895366,-19939.434801593834,33145.97342656072
2017-07-02 19:38:43.123713016,-0.189,-0.4314,0.193,23379.595790416,-12504.623042028412,-19970.224468241347,33193.086058069544
2017-07-02 19:38:50.206059992,2.2079,-0.4989,-1.9717,24649.226751319704,-13039.728065852356,-21155.18224075002,35002.29454062544
2017-07-02 19:38:50.406570971,0.0338,-0.5258,0.0781,24685.173108103096,-13054.89876429261,-21188.726884268992,35053.534773244886
2017-07-02 19:38:50.599402100,1.5238,-1.0072,-1.987,24719.79933005586,-13069.525855403244,-21221.060605479943,35102.91153486754
2017-07-02 19:38:50.605897009,1.6969,-1.0227,-1.534,24720.965676822358,-13070.018566021074,-21222.149729710512,35104.57475117761
2017-07-02 19:38:50.805124998,-0.0239,0.5383,-0.2061,24756.741814636694,-13085.11084440859,-21255.5662351133,35155.589698685595
2017-07-02 19:38:51.205896019,-0.1117,-0.5852,0.0278,24828.691870494276,-13115.564767810525,-21322.783082856895,35258.23389758979
2017-07-02 19:38:51.405094027,1.8128,-1.029,-1.7725,24864.5256388079,-13130.742323733277,-21356.262672723526,35309.361146324634
2017-07-02 19:38:51.589400500,1.5609,0.3098,-1.5198,24897.733588019193,-13144.774720729612,-21387.29103974311,35356.73144250451
2017-07-02 19:38:51.605943024,-0.0833,0.5749,-0.1912,24900.71416209521,-13146.034048546055,-21390.076059396455,35360.983170928186
2017-07-02 19:38:51.805787026,1.9728,0.1188,-1.522,24936.800143874847,-13161.242769003475,-21423.7816179664,35412.43752489396
2017-07-02 19:38:52.205968976,1.0597,-1.0243,-1.0964,25009.231005919937,-13191.86183780292,-21491.45162734362,35515.76195586403
2017-07-02 19:38:52.405891001,0.1804,0.6303,-0.3767,25045.423068241205,-13207.133253008786,-21525.273119160418,35567.386300997285
2017-07-02 19:38:52.590401800,-0.0355,-0.4521,0.1272,25078.824014017566,-13221.242844491137,-21556.483110809997,35615.03390965266
2017-07-02 19:38:52.605885028,2.2852,0.2108,-1.2497,25081.627402992934,-13222.42680065419,-21559.102397577957,35619.03283176672
2017-07-02 19:38:52.805132985,0.2398,-0.6324,-0.1124,25117.712702928053,-13237.687802459457,-21592.813496282568,35670.51253440942
2017-07-02 19:38:53.205923974,0.0521,0.5681,-0.2692,25190.307327101353,-13268.294336940304,-21660.667243827043,35774.06495344498
2017-07-02 19:38:53.405896008,1.1243,0.5077,-0.9348,25226.572897895945,-13283.54496416059,-21694.559807456648,35825.779436420475
2017-07-02 19:38:53.605987012,0.3016,-0.3826,-0.1586,25262.87211926346,-13298.81998241559,-21728.47888467184,35877.54332839116
2017-07-02 19:38:53.619000100,1.2415,-0.7383,-0.9664,25265.233080120826,-13299.813531195745,-21730.685004251794,35880.91015165896
2017-07-02 19:38:53.805091023,1.0563,-1.5285,-1.4725,25299.03208288263,-13314.074497876642,-21762.284144887948,35929.133238481765
2017-07-02 19:38:54.206287980,1.3346,0.4366,-1.2755,25372.114811065425,-13344.749712232564,-21830.61463583542,36033.34969505844
2017-07-02 19:38:54.406082987,0.3417,-0.5936,-0.3247,25408.523453401453,-13360.049581941814,-21864.65599818566,36085.276371852706
2017-07-02 19:38:54.593602600,0.4218,0.4373,-0.4464,25442.70998280751,-13374.394051471523,-21896.621558179886,36134.027497297306
2017-07-02 19:38:54.605908989,0.565,-0.987,-0.5811,25444.953634915775,-13375.335588462442,-21898.71945670071,36137.22708551786
2017-07-02 19:38:54.805028975,0.6389,0.231,-0.7168,25481.281733831707,-13390.56069794723,-21932.69232027537,36189.02909750662
2017-07-02 19:38:55.205922007,0.1909,-0.4018,-0.1265,25554.452645108897,-13421.278350528737,-22001.111029827756,36293.38299332666
2017-07-02 19:38:55.405888020,0.9042,-1.2109,-1.1785,25590.986555150346,-13436.648778746665,-22035.285503179475,36345.507706949305
2017-07-02 19:38:55.596398100,1.1865,0.2348,-1.269,25625.83592352188,-13451.283852900842,-22067.890001460077,36395.22321936104
2017-07-02 19:38:55.605884015,0.6918,0.0564,-0.9805,25627.57121230775,-13452.01256028789,-22069.513539215222,36397.69877370892
2017-07-02 19:38:55.805015027,0.2778,0.2895,-0.3903,25664.009901199817,-13467.2983123763,-22103.610779827588,36449.679526019514
2017-07-02 19:38:56.206117987,0.1454,-0.7695,0.0032,25737.430530127203,-13498.211693218767,-22172.29120023009,36554.44632703213
2017-07-02 19:38:56.405855000,0.6319,0.4186,-0.7638,25774.016968552216,-13513.588911910987,-22206.52242184428,36606.64794879769
2017-07-02 19:38:56.590699900,0.7163,-0.445,-0.8833,25807.90004745505,-13527.834831231547,-22238.231591610907,36654.999173409255
2017-07-02 19:38:56.605903983,0.8072,0.0999,-0.8794,25810.687225436137,-13529.006580471492,-22240.839975317063,36658.976484776475
2017-07-02 19:38:56.805016994,0.2368,-0.5181,-0.3199,25847.197558781074,-13544.372375311443,-22275.01210942069,36711.08564396586
2017-07-02 19:38:57.206171989,0.4064,0.4536,-0.551,25920.820696307386,-13575.257001694104,-22343.947723114266,36816.14520947875
2017-07-02 19:38:57.405878007,1.3714,0.7551,-1.1795,25957.527019111694,-13590.602105052314,-22378.312813849847,36868.50361650554
2017-07-02 19:38:57.588101100,1.1084,-0.6828,-1.3298,25991.056753779994,-13604.62651988354,-22409.71362728791,36916.33999709051
2017-07-02 19:38:57.605885982,0.3009,-0.4064,-0.1326,25994.329334153223,-13605.99542424511,-22412.778372788838,36921.00897056781
2017-07-02 19:38:57.805078983,1.3417,-1.0851,-1.4298,26031.035897486512,-13621.370386302278,-22447.160654029085,36973.390195177606
2017-07-02 19:38:58.205886006,1.3835,0.4483,-1.5516,26105.11741523096,-13652.235162241679,-22516.592362559335,37079.07242380543
2017-07-02 19:38:58.405939996,0.3052,-0.6114,-0.2688,26142.10578632616,-13667.665103963473,-22551.258427101086,37131.8464526539
2017-07-02 19:38:58.588601800,0.2347,0.6137,-0.54,26175.88631318726,-13681.73312941914,-22582.928729281368,37180.04190015594
2017-07-02 19:38:58.605876028,1.154,-0.4029,-1.4037,26179.081263692555,-13683.063655201833,-22585.924191490267,37184.60028542823
2017-07-02 19:38:58.805081009,0.3104,0.4088,-0.5147,26215.937488455576,-13698.39094718254,-22620.48804073525,37237.182655801305
2017-07-02 19:38:59.205986976,0.4861,-0.55,-0.4091,26290.18986900756,-13729.325978618586,-22690.114571299648,37343.13557314575
2017-07-02 19:38:59.406256973,0.6633,-0.9875,-0.764,26327.308771770193,-13744.818981304663,-22724.926699339434,37396.116502697325
2017-07-02 19:38:59.588399100,1.047,0.6457,-1.3808,26361.102512139696,-13758.888179908427,-22756.633541733907,37444.34669954238
2017-07-02 19:38:59.605885982,0.5448,0.4263,-0.6552,26364.34710746684,-13760.23878822763,-22759.677814432565,37448.97734423216
2017-07-02 19:38:59.805019974,0.6174,0.2035,-0.6528,26401.319813301187,-13775.610934791379,-22794.370725776076,37501.73971024639
2017-07-02 19:39:00.205874025,0.8174,-0.839,-0.7892,26475.876716581777,-13806.689673186635,-22864.333902082322,37608.17055413925
2017-07-02 19:39:00.406050980,0.4674,0.5074,-0.5647,26513.12738542384,-13822.189322160939,-22899.294472097565,37661.33997527451
2017-07-02 19:39:00.586497700,0.7447,-0.4682,-0.6982,26546.730728722418,-13836.176509297702,-22930.831923709582,37709.30582088664
2017-07-02 19:39:00.606141984,0.4626,0.2638,-0.454,26550.389126236096,-13837.699118891403,-22934.2654151576,37714.527834674234
2017-07-02 19:39:33.890287995,0.8217,-0.5338,-0.8386,33659.27516130462,-17008.88331210349,-29680.80593705862,47991.657160203424
2017-07-02 19:39:34.290247976,0.6099,-0.3404,-0.7334,33744.796877042936,-17047.04439919467,-29761.9932726574,48115.37470063707
2017-07-02 19:39:34.489849984,0.1165,-0.8298,-0.1783,33787.481554018246,-17066.121938604312,-29802.517317943788,48177.13634363062
2017-07-02 19:39:34.689503014,0.7416,0.3588,-0.677,33830.20670315805,-17085.19005234316,-29843.0787080548,48238.94641758088
2017-07-02 19:39:34.890313029,0.7003,0.2415,-0.6508,33873.20768297593,-17104.3589269837,-29883.901393836233,48301.147559386554
2017-07-02 19:39:34.902429810,0.5532,0.1056,-0.7403,33875.80242290856,-17105.515552278088,-29886.36472400987,48304.90087477363
2017-07-02 19:39:35.290232002,0.3517,-0.7024,-0.3999,33958.90095531576,-17142.63941977657,-29965.264685841878,48425.13942222558
2017-07-02 19:39:35.490325987,0.7255,0.1176,-0.9345,34001.80628550584,-17161.78948339966,-30006.012050809226,48487.221080846655
2017-07-02 19:39:35.689486026,0.2243,0.208,-0.5698,34044.52025029353,-17180.841913137756,-30046.591826917018,48549.03056014851
2017-07-02 19:39:35.890244007,0.7947,-0.4508,-0.9835,34087.60895599794,-17200.06537720723,-30087.536829828874,48611.38967159386
2017-07-02 19:39:35.903189770,0.602,-0.4979,-0.5311,34090.3876073068,-17201.305074681677,-30090.177233813127,48615.41102830431
2017-07-02 19:39:36.289964973,0.7166,-0.1006,-1.1949,34173.51142221772,-17238.35805228734,-30169.242241942302,48735.74713407296
2017-07-02 19:39:36.490299999,0.1926,0.3159,-0.3454,34216.574165639635,-17257.537424428043,-30210.208808413696,48798.08666163263
2017-07-02 19:39:36.690015971,0.9772,-0.5639,-1.1824,34259.54281820774,-17276.680022492023,-30251.09594611798,48860.298327511475
2017-07-02 19:39:36.889807999,-0.06,-0.4076,0.1544,34302.52543912203,-17295.846180565746,-30291.992491333203,48922.53423217558
2017-07-02 19:39:36.903729790,0.0538,-0.6936,0.0436,34305.52053934843,-17297.181839990604,-30294.84221197765,48926.87097832826
2017-07-02 19:39:37.290284991,0.0579,0.4359,-0.252,34388.69173601648,-17334.202889293545,-30374.00577381194,49047.29284955003
2017-07-02 19:39:37.490360021,1.3358,-0.7822,-1.3057,34431.793341020915,-17353.395726813487,-30415.03188372733,49109.702711565165
2017-07-02 19:39:37.689480006,0.0078,-0.3166,0.1763,34474.689512608355,-17372.509501385615,-30455.85516812679,49171.81527448826
2017-07-02 19:39:37.890232026,0.726,-0.4469,-1.2659,34517.96653027035,-17391.797947707433,-30497.064067433428,49234.495691251715
2017-07-02 19:39:37.902360080,0.8465,-0.2624,-1.2825,34520.58115403894,-17392.963261345918,-30499.553813870058,49238.28263727598
2017-07-02 19:39:38.290216982,1.2749,-0.6315,-1.2425,34604.388983216835,-17430.32515664296,-30579.3631740781,49359.674068010645
2017-07-02 19:39:38.490222990,0.0008,-0.4955,0.1538,34647.60616377685,-17449.611370905906,-30620.5122814291,49422.27556732881
2017-07-02 19:39:38.689481019,0.9224,-0.2503,-1.1858,34690.69834422471,-17468.835396770894,-30661.554580783202,49484.70158584184
2017-07-02 19:39:38.890222012,0.1357,0.3631,-0.2825,34734.11670351924,-17488.187864287993,-30702.913718478456,49547.59821378486
2017-07-02 19:39:38.906059740,0.1396,0.4479,-0.2859,34737.54228781898,-17489.714590638992,-30706.176874444503,49552.560568599205
2017-07-02 19:39:39.290225028,0.0158,-0.4908,0.2467,34820.63675122084,-17526.81981519514,-30785.29268070833,49672.93430059937
2017-07-02 19:39:39.490265011,0.8457,-0.6528,-1.3273,34863.93898675804,-17546.167122348637,-30826.54244817641,49735.68077011711
2017-07-02 19:39:39.689486980,0.0121,0.5411,-0.2702,34907.06462876209,-17565.41383754753,-30867.634259003833,49798.170338161086
2017-07-02 19:39:39.890236020,1.8377,-0.8425,-1.4533,34950.59489593901,-17584.842035061018,-30909.09961394679,49861.23937411677
2017-07-02 19:39:39.902299880,1.3897,-0.6933,-1.2328,34953.21101629981,-17586.009658630002,-30911.591622151693,49865.029757116245
2017-07-02 19:39:40.290427982,0.6374,-0.0043,-1.0285,35037.4749420669,-17623.576020826466,-30991.921429537764,49987.14110621309
2017-07-02 19:39:40.490239024,0.1967,0.3593,-0.3504,35080.86244930487,-17642.901100083353,-31033.28976170373,50050.014414066216
2017-07-02 19:39:40.689557015,1.3127,-0.4199,-1.1231,35124.19504462347,-17662.195174683515,-31074.600632074555,50112.802958568325
2017-07-02 19:39:40.889757990,0.0743,-0.6572,0.0394,35167.722582467526,-17681.601063406037,-31116.09293153062,50175.88033235179
2017-07-02 19:39:40.902630090,-0.2221,-0.4,0.2768,35170.52118748178,-17682.848848582016,-31118.76067001671,50179.93592700854
2017-07-02 19:39:41.290279984,0.0635,0.4302,-0.0958,35254.81215527756,-17720.361891980614,-31199.115378990948,50302.0656247659
2017-07-02 19:39:41.490563988,1.5824,-0.4239,-1.7371,35298.42557866603,-17739.760463534236,-31240.70129226083,50365.25952348964
2017-07-02 19:39:41.689624011,-0.266,-0.4412,0.2688,35341.76193030526,-17759.05796851755,-31282.022413406226,50428.05967455412
2017-07-02 19:39:41.889971971,1.0271,-0.1114,-1.3539,35385.4198992803,-17778.4848016848,-31323.66523068221,50491.33061007572
2017-07-02 19:39:41.904009930,0.955,-0.3657,-1.6923,35388.479109283035,-17779.846070977786,-31326.583388551087,50495.764245881765
2017-07-02 19:39:42.290518999,1.2928,-0.4371,-1.09,35472.90189233669,-17817.391384963877,-31407.092267529515,50618.09606385291
2017-07-02 19:39:42.490393996,-0.1447,-0.458,0.3423,35516.553569732845,-17836.825447759373,-31448.712058022214,50681.351695016296
2017-07-02 19:39:42.689558029,0.9343,-0.4173,-1.3846,35560.08703646185,-17856.206935505863,-31490.238727097585,50744.448477187594
2017-07-02 19:39:42.890230000,-0.1154,0.3996,-0.2128,35603.94546266531,-17875.71907543818,-31532.088377870743,50808.01966660658
2017-07-02 19:39:42.902900090,0.0827,0.4003,-0.2499,35606.714623044776,-17876.950974803574,-31534.73073439631,50812.0334654436
2017-07-02 19:39:43.290368974,-0.1248,-0.4573,0.0303,35691.38064268848,-17914.69281742143,-31615.533104214115,50934.78972556486
2017-07-02 19:39:43.490319013,0.9887,-0.624,-1.4276,35735.11135396355,-17934.194123481095,-31657.287558918953,50998.2093600056
2017-07-02 19:39:43.689481973,0.2214,0.4115,-0.3364,35778.678706641396,-17953.60234251071,-31698.89099589683,51061.38832264385
2017-07-02 19:39:43.890224993,1.8176,-0.1248,-1.5009,35822.664946264114,-17973.169565870463,-31740.884976787278,51125.15943452374
2017-07-02 19:39:43.902259940,1.7479,-0.5528,-1.5039,35825.30226278872,-17974.342740255648,-31743.40281806088,51128.98299041387
2017-07-02 19:39:44.290216028,0.7995,-1.0493,-1.874,35910.43859111676,-18012.31887965921,-31824.849489569267,51252.553851126606
2017-07-02 19:39:44.490243971,0.2516,0.6597,-0.186,35954.34446252348,-18031.872764845037,-31866.850370261505,51316.2690933196
2017-07-02 19:39:44.900639890,-0.0737,-0.4464,0.1316,36044.41341612411,-18072.06651791889,-31953.001116060776,51446.998037432015
2017-07-02 19:39:52.557018995,1.9659,-0.9229,-2.2315,37839.98835706192,-18876.024919722182,-33691.0471681684,54067.14062090118
2017-07-02 19:39:52.757071971,0.9228,-0.7223,-0.9324,37886.94173641234,-18897.060397976336,-33736.49776354595,54135.66779095654
2017-07-02 19:39:52.957084000,0.2934,-0.4552,-0.2385,37933.89724272001,-18918.10978086261,-33781.9485972076,54204.20176265293
2017-07-02 19:39:53.157334029,0.8324,-0.3252,-1.3298,37980.942002021366,-18939.197251552156,-33827.50683918703,54272.87874112959
2017-07-02 19:39:53.356275975,0.1536,0.4344,-0.2367,38027.68553241807,-18960.12978099898,-33872.776851486036,54341.1115077284
2017-07-02 19:39:53.557120025,1.8652,-0.2625,-1.5993,38074.951221478506,-18981.273037282204,-33918.544208031104,54410.09352892149
2017-07-02 19:39:53.757277011,-0.1777,-0.4164,0.1436,38122.04810098293,-19002.360647116904,-33964.14924678255,54478.83713548292
2017-07-02 19:39:53.957081973,1.5933,-0.8247,-1.7985,38169.125757103444,-19023.444093031198,-34009.745877908455,54547.56090699356
2017-07-02 19:39:54.157119989,0.2686,0.6259,-0.3556,38216.2690730385,-19044.527085315687,-34055.40992269337,54616.37280860826
2017-07-02 19:39:54.356442987,2.1736,-0.6241,-1.9408,38263.3302357901,-19065.559513608845,-34100.987852752995,54685.056211306
2017-07-02 19:39:54.556270003,-0.1032,-0.431,0.1739,38310.50627886523,-19086.662335731828,-34146.67408945042,54753.91238836144
2017-07-02 19:39:54.757299005,1.8541,-0.9065,-1.8706,38358.04102120765,-19107.92872820426,-34192.71073084109,54823.29539885174
2017-07-02 19:39:54.957063972,-0.1113,0.6801,-0.1554,38405.27243190995,-19129.03426124277,-34238.4641033283,54892.23375389202
2017-07-02 19:39:55.157063007,2.1456,-0.8029,-1.6721,38452.64500762905,-19150.196639682392,-34284.33796917263,54961.36615301419
2017-07-02 19:39:55.356383979,-0.1409,-0.3837,0.2211,38499.85137682422,-19171.30251460647,-34330.04752336235,55030.26039462677
2017-07-02 19:39:55.557119011,1.7837,-1.1672,-1.6627,38547.464519638976,-19192.605154565656,-34376.14835654667,55099.75217134095
2017-07-02 19:39:55.757050991,0.2726,0.6039,-0.4047,38594.89807993147,-19213.79843252091,-34422.080937696504,55168.975557709695
2017-07-02 19:39:55.957249999,1.2881,0.3716,-1.4016,38642.44661880155,-19235.00512250077,-34468.1310417643,55238.35768975933
2017-07-02 19:39:56.157114028,-0.019,-0.2717,0.0916,38689.91483905968,-19256.18718203698,-34514.10043439357,55307.625006311224
2017-07-02 19:39:56.356521010,0.8042,-1.2607,-1.6396,38737.306487002126,-19277.370932054164,-34560.02990034161,55376.814738954155
2017-07-02 19:39:56.557105004,-0.0578,0.5673,-0.2618,38784.97554154548,-19298.656895747907,-34606.24100103801,55446.410181002735
2017-07-02 19:39:56.757269978,1.7848,-0.6841,-1.9015,38832.61652525202,-19319.925802221722,-34652.43175226762,55515.96766288231
2017-07-02 19:39:56.957310974,-0.3144,-0.3885,0.4431,38880.21541997311,-19341.19708155097,-34698.576162644764,55585.467915326306
2017-07-02 19:39:57.157069981,1.5509,-0.991,-1.7939,38927.809103212,-19362.47792022058,-34744.72710845195,55654.97223634147
2017-07-02 19:39:57.356326997,0.0049,0.5077,-0.2664,38975.283378877764,-19383.68512310811,-34790.77265468896,55724.301927667795
2017-07-02 19:39:57.557044029,2.1091,-0.6888,-1.7514,39023.19048282073,-19405.075467451243,-34837.22614969671,55794.25306571548
2017-07-02 19:39:57.757323980,-0.1764,-0.4918,0.318,39070.98618858458,-19426.438959334617,-34883.565732033676,55864.04613497339
2017-07-02 19:39:57.957044005,1.7618,-1.2538,-1.8618,39118.718545930635,-19447.79273663257,-34929.85002567024,55933.75730110191
2017-07-02 19:39:58.157168984,-0.0055,0.5392,-0.1961,39166.547465530275,-19469.16821606482,-34976.2360195357,56003.60736139531
2017-07-02 19:39:58.356351017,2.0132,-0.4343,-2.0072,39214.23089616842,-19490.46020901362,-35022.48308515551,56073.240189837044
2017-07-02 19:39:58.557105004,-0.4672,-0.4949,0.4473,39262.27181751972,-19511.940184915748,-35069.07710764105,56143.40537618116
2017-07-02 19:39:58.756819009,1.147,-0.2859,-1.51,39310.10961750764,-19533.3202896908,-35115.489982752806,56213.280961076496
2017-07-02 19:39:58.957122027,-0.1958,0.5704,-0.1039,39358.08064892676,-19554.740565243617,-35162.043911143235,56283.35209411903
2017-07-02 19:39:59.157132983,1.9179,-0.2543,-1.1637,39406.05845814963,-19576.139780989004,-35208.57651231123,56353.40763392397
2017-07-02 19:39:59.356374979,-0.0189,-0.643,0.3533,39453.85106211569,-19597.482250947327,-35254.91618965245,56423.1937216179
2017-07-02 19:39:59.557110011,1.6105,-0.5665,-2.1107,39502.066698199946,-19619.007479293523,-35301.688166824235,56493.60950876931
2017-07-02 19:39:59.757260024,0.2306,0.6303,-0.197,39550.151053239955,-19640.444725019468,-35348.331724311516,56563.82300572169
2017-07-02 19:39:59.957112014,2.5055,-0.3428,-1.589,39598.26388248331,-19661.86374243847,-35394.96929558743,56634.04664835964
2017-07-02 19:40:00.157067000,0.0486,-0.487,0.1559,39646.4034503464,-19683.313269624385,-35441.6246688738,56704.31100883895
2017-07-02 19:40:00.356455981,2.3217,-0.928,-2.051,39694.49905278504,-19704.738973982905,-35488.229516049134,56774.50508166614
2017-07-02 19:40:00.557099997,0.0697,0.5257,-0.2795,39742.900194408474,-19726.27837676046,-35535.13896512471,56845.142938784884
2017-07-02 19:40:00.757095992,2.2318,-0.5355,-1.4733,39791.23428304308,-19747.76963276134,-35581.955840153576,56915.659643434454
2017-07-02 19:40:00.957072019,-0.184,-0.4519,0.2472,39839.55618766994,-19769.276814699155,-35628.758155262345,56986.16455502936
2017-07-02 19:40:01.157047986,1.449,-0.7842,-2.017,39887.93602386981,-19790.815350645822,-35675.641116940074,57056.77156650554
2017-07-02 19:40:01.356297016,-0.0333,0.4734,-0.2338,39936.13867145586,-19812.25679732732,-35722.36293524222,57127.12057391097
2017-07-02 19:40:01.557303011,1.894,-0.3842,-1.916,39984.84289091487,-19833.902836282596,-35769.57415643594,57198.19750711568
2017-07-02 19:40:01.757067024,-0.2503,-0.3834,0.1503,40033.23618686365,-19855.430427859603,-35816.48766966894,57268.830143982595
2017-07-02 19:40:01.957054972,1.6658,-1.3614,-1.5583,40081.75035555585,-19877.03660125451,-35863.51609733055,57339.64668949574
2017-07-02 19:40:02.156121015,0.321,0.6425,-0.3509,40130.05360385794,-19898.5177139176,-35910.34163843114,57410.145845908155
2017-07-02 19:40:02.356407999,1.9249,-0.8132,-1.7373,40178.73032983928,-19920.163199103037,-35957.524068370105,57481.18657373264
2017-07-02 19:40:02.557278990,0.0019,-0.2167,0.1268,40227.549066563515,-19941.880542959712,-36004.83895897112,57552.43463098581
2017-07-02 19:40:02.757053971,1.6607,-1.1105,-1.5242,40276.16771280345,-19963.52371083409,-36051.95651678468,57623.3939756332
2017-07-02 19:40:02.957060992,0.2925,0.4794,-0.5066,40324.854530753335,-19985.17284004888,-36099.149067385064,57694.4502509759
2017-07-02 19:40:03.157284021,2.3229,-0.4692,-1.7121,40373.68705391336,-20006.864160249814,-36146.461222862905,57765.69811566334
2017-07-02 19:40:09.723407983,-0.3014,-0.4702,0.4308,41962.10869014224,-20738.482587971634,-37679.44489626122,60088.63281407973
2017-07-02 19:40:09.923807978,0.8493,-0.7123,-0.5866,42010.62188412143,-20760.84039924322,-37726.25555756982,60159.581145221906
2017-07-02 19:40:10.123848974,0.617,0.456,-0.7086,42059.07286109093,-20783.13991098004,-37773.0107173088,60230.43128804452
2017-07-02 19:40:10.323926985,1.0575,0.1965,-0.9971,42107.575136292384,-20805.435682820338,-37819.81444360557,60301.34660485817
2017-07-02 19:40:10.523286998,0.6031,-0.2756,-0.5908,42155.92732655839,-20827.662397831853,-37866.47369150664,60372.04286380987
2017-07-02 19:40:10.723959982,0.4599,-0.6628,-0.2588,42204.61648095334,-20850.06218714419,-37913.45065571158,60443.233584374146
2017-07-02 19:40:10.922843992,0.6962,0.2635,-0.7105,42252.89911584704,-20872.251862495385,-37960.0369300063,60513.8230921897
2017-07-02 19:40:11.123777985,0.4445,0.3736,-0.4188,42301.69736706912,-20894.655172468912,-38007.1202978875,60585.15831661725
2017-07-02 19:40:11.323319971,0.978,-0.4151,-0.968,42350.19650050767,-20916.919807452057,-38053.91602998323,60656.056606739665
2017-07-02 19:40:11.523018002,0.5509,-0.7608,-0.1484,42398.755530546645,-20939.23219390729,-38100.75427517281,60727.04003775025
2017-07-02 19:40:11.723787009,0.9007,0.2719,-0.8991,42447.61128715019,-20961.6532813858,-38147.87995390383,60798.4486418156
2017-07-02 19:40:11.924427986,0.489,0.4119,-0.3445,42496.45557411006,-20984.04348920442,-38194.989449150584,60869.828622560264
2017-07-02 19:40:12.123896002,0.6544,-0.4309,-0.8486,42545.040350930154,-21006.319946751926,-38241.85730270009,60940.8367691785
2017-07-02 19:40:12.323714971,0.3198,-0.7668,-0.0596,42593.72337884506,-21028.6662150002,-38288.809997345554,61011.99099413403
2017-07-02 19:40:12.523200988,0.9772,0.0315,-0.754,42642.364175129645,-21050.973994839474,-38335.714461389485,61083.072383770734
2017-07-02 19:40:12.723838984,0.4228,0.3023,-0.3444,42691.30287922113,-21073.398426939166,-38382.903650341286,61154.58082120504
2017-07-02 19:40:12.924054026,0.5307,-0.481,-0.4044,42740.159691977344,-21095.79486871475,-38430.009573145355,61225.97036740749
2017-07-02 19:40:13.123803019,0.5143,-0.9939,-0.643,42788.923299064554,-21118.178833620223,-38477.0315009871,61297.238008493885
2017-07-02 19:40:13.323831975,0.5717,0.2785,-0.8089,42837.77812657894,-21140.58302808354,-38524.15169891117,61368.6381607904
2017-07-02 19:40:13.523021996,0.6875,0.291,-0.7708,42886.455331342026,-21162.881711927297,-38571.104854304176,61439.77329810023
2017-07-02 19:40:13.723576009,0.7312,-0.3986,-0.7039,42935.49527289409,-21185.349122753905,-38618.40784266813,61511.43955464164
2017-07-02 19:40:13.924027979,-0.0372,-0.8482,0.0525,42984.50876791756,-21207.839183554268,-38665.68465350577,61583.078898176514
2017-07-02 19:40:14.123787999,0.7794,0.1259,-0.9368,43033.384172079095,-21230.246585887344,-38712.83564932683,61654.51457445042
2017-07-02 19:40:14.323777019,0.3099,0.3027,-0.3387,43082.328000447225,-21252.667568847704,-38760.05424440847,61726.045311193855
2017-07-02 19:40:14.523128986,1.1532,-0.5011,-1.084,43131.16175075218,-21275.03704543348,-38807.165506962345,61797.41426579985
2017-07-02 19:40:14.723797976,0.2797,-0.8276,0.1135,43180.3293852365,-21297.587632273815,-38854.58344064898,61869.27136404837
2017-07-02 19:40:14.923802971,0.6424,0.2734,-0.7724,43229.36002588073,-21320.052664776125,-38901.87537035226,61940.924445849705
2017-07-02 19:40:15.123784005,0.6871,0.1498,-0.5807,43278.41227134338,-21342.509015058822,-38949.18485798219,62012.600823441535
2017-07-02 19:40:15.323769986,0.7034,-0.4157,-0.5709,43327.49386228415,-21364.982546521023,-38996.51834872201,62084.318848817464
2017-07-02 19:40:15.523129999,0.0143,-0.4575,0.1591,43376.42239327489,-21387.403917564552,-39043.69735948774,62155.81525064348
2017-07-02 19:40:15.723890006,0.5163,-0.2674,-1.3612,43425.71533126,-21409.993518816154,-39091.26254468466,62227.8666020686
2017-07-02 19:40:15.923775970,0.0447,0.3177,-0.1787,43474.79544997714,-21432.472078865747,-39138.62778657005,62299.6058080979
2017-07-02 19:40:16.123881995,1.009,-0.518,-1.3959,43523.97000540639,-21454.99612827202,-39186.10106961629,62371.494618406134
2017-07-02 19:40:16.324234008,-0.0382,-0.6383,0.266,43573.20347715895,-21477.573488184284,-39233.62203352792,62443.47301417484
2017-07-02 19:40:16.523254990,0.8648,0.0442,-1.0367,43622.14412237609,-21499.99910552889,-39280.868356732506,62515.02250043619
2017-07-02 19:40:16.723773002,0.2605,0.3147,-0.341,43671.46337174051,-21522.580754418825,-39328.48377614538,62587.12193007666
2017-07-02 19:40:16.923937022,0.9961,-0.6777,-1.0208,43720.73546289552,-21545.14969042794,-39376.05603489021,62659.15713973697
2017-07-02 19:40:17.123767971,-0.0336,-0.5921,0.1235,43769.92422403685,-21567.704715923952,-39423.544202202596,62731.07675430287
2017-07-02 19:40:17.324164986,0.7977,0.0514,-1.2144,43819.28435818609,-21590.32156941972,-39471.215659449445,62803.25256520788
2017-07-02 19:40:17.523104012,0.3009,0.2645,-0.4056,43868.29728119177,-21612.7634058928,-39518.55633521017,62874.918236203666
2017-07-02 19:40:17.723783016,0.9039,-0.5689,-0.9931,43917.77528725131,-21635.42443590558,-39566.351060336856,62947.26930481657
2017-07-02 19:40:17.924053013,0.0683,-0.5585,0.0262,43967.15519079827,-21658.061680478597,-39614.04732345925,63019.48204065488
2017-07-02 19:40:18.123784005,0.6339,-0.3388,-1.4054,44016.42748152078,-21680.65151492888,-39661.67128213295,63091.55812975089
2017-07-02 19:40:18.323786020,0.1251,0.6339,-0.234,44065.77163589313,-21703.246645921332,-39709.369223856345,63163.73286148412
2017-07-02 19:40:18.523037016,0.9906,-0.4986,-1.335,44114.9698279153,-21725.776725803553,-39756.94105786259,63235.704309635905
2017-07-02 19:40:18.723783016,0.0146,-0.6618,0.4859,44164.5377482079,-21748.502521413113,-39804.85024775325,63308.21320873663
2017-07-02 19:40:18.923786997,0.9989,-0.6294,-1.8459,44213.96240780214,-21771.16949249,-39852.656189472415,63380.53721944586
2017-07-02 19:40:19.123903989,0.1218,0.7616,-0.2175,44263.41987219304,-21793.818771746424,-39900.49785382157,63452.90067775153
2017-07-02 19:40:19.323791980,1.2534,-0.4073,-1.9721,44312.87082050517,-21816.45840638267,-39948.36356691816,63525.27158089825
2017-07-02 19:40:19.523028016,0.0538,-0.4261,0.1523,44362.162615113906,-21839.04111358804,-39996.06711557804,63597.410115228915
2017-07-02 19:40:19.723785996,0.9914,-0.6796,-1.8611,44411.87090192817,-21861.8237182576,-40044.21007617845,63670.184340260996
2017-07-02 19:40:19.923789024,-0.0169,0.6509,-0.3772,44461.39158430922,-21884.494611970516,-40092.187083244826,63742.68515800501
2017-07-02 19:40:20.123655021,2.1138,-0.6063,-2.2209,44510.962776596556,-21907.174192354894,-40140.21993611957,63815.259498914485
2017-07-02 19:40:20.323786973,-0.1221,-0.5617,0.1736,44560.59504116547,-21929.90644935539,-40188.30975153996,63887.9305345379
2017-07-02 19:40:26.906350016,1.8688,-1.0938,-1.7385,46274.03092003005,-22724.990230946165,-41845.36684137153,66398.38736500648
2017-07-02 19:40:27.106694996,-0.2746,0.5055,-0.1238,46326.16953566083,-22749.168880553363,-41895.80551955115,66474.78611274187
2017-07-02 19:40:27.306698024,2.1997,-0.4469,-1.6312,46378.30715093706,-22773.324138197942,-41946.22335816794,66551.1631791917
2017-07-02 19:40:27.506478011,-0.2986,-0.4148,0.4048,46430.37470522823,-22797.46901370178,-41996.56881501518,66627.44240125756
2017-07-02 19:40:27.705941021,1.9412,-0.9909,-1.7503,46482.43687915285,-22821.615003656596,-42046.90402877753,66703.71195072116
2017-07-02 19:40:27.906776010,-0.1085,0.7362,-0.2776,46534.8527792973,-22845.897384095944,-42097.5966633256,66780.50011270924
2017-07-02 19:40:28.106678009,2.0068,-0.5837,-1.511,46587.10537184335,-22870.09028452423,-42148.1141832313,66857.03362962067
2017-07-02 19:40:28.306716024,-0.4062,-0.3996,0.2901,46639.3772635766,-22894.31563620319,-42198.6544675231,66933.60619938037
2017-07-02 19:40:28.507089018,1.7582,-1.1523,-1.9136,46691.8072791659,-22918.62781917245,-42249.35621516838,67010.42059787942
2017-07-02 19:40:28.705901980,0.1163,0.5923,-0.3162,46743.83369047071,-22942.727304635588,-42299.67571556735,67086.64017447448
2017-07-02 19:40:28.906832993,2.4576,-0.488,-1.4187,46796.51358574514,-22967.103235773437,-42350.58857159315,67163.78389566702
2017-07-02 19:40:29.106877982,-0.1895,-0.6427,0.3351,46848.95360070853,-22991.397398541638,-42401.26351261148,67240.58265128973
2017-07-02 19:40:29.306680023,1.6217,-0.9831,-1.9835,46901.394668665656,-23015.70130304857,-42451.956093612804,67317.39674490629
2017-07-02 19:40:29.506767988,0.215,0.6285,-0.3707,46953.91938926825,-23040.01482520904,-42502.73605859073,67394.32766654759
2017-07-02 19:40:29.706187009,2.3007,-0.467,-1.7725,47006.360000735265,-23064.265632828115,-42553.416742157504,67471.11608779056
2017-07-02 19:40:29.906759023,-0.0715,-0.3261,0.1523,47059.10093487038,-23088.669771526722,-42604.38432239699,67548.34724926611
2017-07-02 19:40:30.106675982,1.9277,-1.4708,-1.7945,47111.74666456702,-23113.052991069602,-42655.25716627864,67625.44533144087
2017-07-02 19:40:30.306676983,0.0357,0.4909,-0.2907,47164.41595372912,-23137.426824744598,-42706.16302443406,67702.57759196711
2017-07-02 19:40:30.506676018,2.1683,-0.2884,-1.804,47217.17145631774,-23161.811954714685,-42757.14054149106,67779.81912520636
2017-07-02 19:40:30.705914020,-0.2563,-0.4903,0.2623,47269.71604051697,-23186.12375763562,-42807.91366754495,67856.75988450587
2017-07-02 19:40:30.905876994,1.9981,-1.1956,-1.8006,47322.53171433962,-23210.5718307795,-42858.94354030064,67934.09816842446
2017-07-02 19:40:31.106673002,-0.0004,0.5313,-0.1939,47375.56739902838,-23235.100331655278,-42910.193818369,68011.75639058265
2017-07-02 19:40:31.306679010,2.5634,-0.496,-1.694,47428.49696540013,-23259.552170232357,-42961.310224429726,68089.23018918939
2017-07-02 19:40:31.506721019,-0.2225,-0.4729,0.229,47481.42715533308,-23284.027334077677,-43012.426667574306,68166.71256144553
2017-07-02 19:40:31.705902993,2.0696,-1.182,-1.5903,47534.2118921749,-23308.444166565638,-43063.38643992968,68243.97498205105
2017-07-02 19:40:31.906728982,0.1406,0.6649,-0.3663,47587.43797603536,-23333.03571540832,-43114.781599073576,68321.87937370682
2017-07-02 19:40:32.106669008,2.4607,-0.6408,-1.7217,47640.527616929205,-23357.544392918157,-43166.01885027548,68399.5609274568
2017-07-02 19:40:32.306668996,-0.2928,-0.4554,0.2284,47693.6214674041,-23382.0786365765,-43217.26233152658,68477.25822106973
2017-07-02 19:40:32.506753981,2.208,-1.3908,-2.0334,47746.82627704508,-23406.67898620991,-43268.608995627954,68555.12063376696
2017-07-02 19:40:32.705976009,-0.1738,0.846,-0.2052,47799.794718858386,-23431.13965846202,-43319.74234828359,68632.63624530991
2017-07-02 19:40:32.906804025,1.8199,-0.5675,-1.8492,47853.263555039885,-23455.820403814465,-43371.36248383255,68710.88288901624
2017-07-02 19:40:33.106793999,-0.0067,-0.5061,0.1738,47906.50900133875,-23480.41840002277,-43422.76026067421,68788.80549618133
2017-07-02 19:40:33.306779980,1.5699,-1.0665,-1.7633,47959.816171735925,-23505.058559127163,-43474.22753342027,68866.8294952098
2017-07-02 19:40:33.506729006,0.1871,0.645,-0.5775,48013.12097179581,-23529.66837817662,-43525.70838386088,68944.8502047554
2017-07-02 19:40:33.705929994,1.1024,-0.3124,-2.004,48066.270095320615,-23554.198524716274,-43577.07615784359,69022.66407119157
2017-07-02 19:40:33.906691014,0.2155,-0.3475,-0.3021,48119.8441391195,-23578.93478378397,-43628.858391967566,69101.10599764269
2017-07-02 19:40:34.106792986,0.1811,-0.8763,-0.4179,48173.24956417846,-23603.624927678924,-43680.48737107395,69179.3181541544
2017-07-02 19:40:34.305848002,0.6127,0.9785,-0.7916,48226.3998430036,-23628.147118959896,-43731.877587048024,69257.14472443276
2017-07-02 19:40:34.506685972,1.1421,0.5312,-1.3918,48280.07226136179,-23652.867531328087,-43783.78424938286,69335.72876384424
2017-07-02 19:40:34.707078993,0.5149,-0.582,-0.1834,48333.64644751359,-23677.556548133784,-43835.58327931184,69414.16587729625
2017-07-02 19:40:34.906666994,0.4082,-0.8599,-0.3095,48387.02167593381,-23702.180638513528,-43887.18655092603,69492.31883484531
2017-07-02 19:40:35.106678009,0.9238,0.2745,-0.9112,48440.5469858065,-23726.84593686809,-43938.93564438808,69570.68258941892
2017-07-02 19:40:35.306797981,0.6792,0.2817,-0.6589,48494.128654463006,-23751.513390244698,-43990.73931605672,69649.1209410129
2017-07-02 19:40:35.506672978,0.7057,-0.6198,-0.5688,48547.67292434402,-23776.175408206927,-44042.502296311344,69727.50584906575
2017-07-02 19:40:35.705950021,0.5977,-1.0494,-0.6718,48601.08074452297,-23800.80531937424,-44094.137098451174,69805.70399217676
2017-07-02 19:40:35.906726002,0.7131,0.6224,-0.7176,48654.91903768546,-23825.59540421424,-44146.18921854512,69884.52021333932
2017-07-02 19:40:36.106670975,0.6021,0.293,-0.656,48708.55856591672,-23850.271169808748,-44198.05212145827,69963.0396979283
2017-07-02 19:40:36.306939005,0.5235,-0.5809,-0.478,48762.305757281545,-23875.010103087923,-44250.017992077555,70041.72087040945
2017-07-02 19:40:36.506907999,1.0397,-1.0316,-1.0192,48816.01426957964,-23899.753347920192,-44301.94702371492,70120.35345997101
2017-07-02 19:40:36.706202983,0.5205,0.7376,-0.5339,48869.56242691541,-23924.38389749218,-44353.72223048638,70198.73896568161
2017-07-02 19:40:36.906674027,1.3009,0.2703,-1.3765,48923.478858782924,-23949.14893145671,-44405.858287688876,70277.65483034548
2017-07-02 19:40:37.106827020,0.336,-0.4254,-0.2696,48977.32321180934,-23973.891717282426,-44457.92243058238,70356.46764804001
2017-07-02 19:40:37.306819021,1.3027,-0.9835,-1.2114,49031.17635924749,-23998.653938232645,-44509.993148082336,70435.29751524456
2017-07-02 19:40:37.506668984,0.4335,0.5732,-0.5389,49085.0085731825,-24023.37567898537,-44562.04840767051,70514.08940013786
2017-07-02 19:40:44.205950021,0.5029,0.2872,-0.5755,50912.1182978052,-24839.197169543855,-46332.85017837677,73183.07530603709
2017-07-02 19:40:44.405914008,1.768,-0.929,-1.5045,50966.725612493436,-24863.58542444296,-46385.766244720915,73262.84399289764
2017-07-02 19:40:44.606040000,0.4167,0.7494,-0.5709,51021.393857445015,-24887.963424216825,-46438.74804690187,73342.69339699297
2017-07-02 19:40:44.805912017,0.602,0.2958,-0.4603,51076.01677345604,-24912.29866960573,-46491.68099961729,73422.46602107679
2017-07-02 19:40:45.205673992,0.616,-0.9298,-0.5318,51185.365951300504,-24961.119935774717,-46597.63664320391,73582.19170933102
2017-07-02 19:40:45.405003011,0.6693,0.6721,-0.7416,51239.91614979048,-24985.43645532758,-46650.49763279099,73661.86239356028
2017-07-02 19:40:45.522297600,0.6749,-0.9008,-0.1882,51272.02534277818,-24999.757834675955,-46681.606119620505,73708.75676912697
2017-07-02 19:40:45.606463015,1.7248,0.3207,-1.3293,51295.07769925205,-25010.031951998713,-46703.93761191673,73742.41983329617
2017-07-02 19:40:45.805912017,0.3529,-0.5753,-0.3385,51349.71951423253,-25034.401683958997,-46756.870603227355,73822.21827113508
2017-07-02 19:40:46.205534994,0.3701,0.7674,-0.5358,51459.26086500595,-25083.107176260728,-46863.014557339084,73982.15952369795
2017-07-02 19:40:46.406019985,1.7141,0.3622,-1.5159,51514.28505226927,-25107.527449608322,-46916.32635399011,74062.48157895733
2017-07-02 19:40:46.530600500,0.9004,-0.8468,-1.0545,51548.49082112253,-25122.715245501386,-46949.47044232771,74112.41800168784
2017-07-02 19:40:46.606163024,0.0271,-0.3522,-0.1355,51569.23799419848,-25131.929196153582,-46969.5742872499,74142.7075385587
2017-07-02 19:40:46.805893003,2.0653,-0.9824,-2.146,51624.16016659266,-25156.323080387505,-47022.799207432225,74222.89504683402
2017-07-02 19:40:47.205897986,2.7221,-0.507,-2.1992,51734.58993036062,-25205.258537131675,-47129.74616921456,74384.04282613855
2017-07-02 19:40:47.405893981,-0.0143,-0.6093,0.0781,51789.80244677245,-25229.749841764584,-47183.21478930014,74464.62027303281
2017-07-02 19:40:47.524097600,0.1404,0.8528,-0.2448,51822.43665818535,-25244.213020433468,-47214.81976447552,74512.24354161242
2017-07-02 19:40:47.605938017,1.6791,-1.0914,-1.3459,51845.04279202721,-25254.234174238565,-47236.71105623773,74545.23242464876
2017-07-02 19:40:47.806046009,0.1885,0.6958,-0.4721,51900.324594822734,-25278.709033921747,-47290.25635501956,74625.90146586577
2017-07-02 19:40:48.205900013,-0.064,-0.4658,0.1761,52010.77796734882,-25327.688953751272,-47397.22193781129,74787.09447444105
2017-07-02 19:40:48.405987024,1.756,-0.9673,-1.5198,52066.11915470844,-25352.23723956352,-47450.80837837736,74867.85633798323
2017-07-02 19:40:48.533199300,2.3653,0.3513,-1.8078,52101.34251682705,-25367.838980950015,-47484.90707719228,74919.24683783682
2017-07-02 19:40:48.605931997,0.2256,0.7019,-0.3789,52121.48241231775,-25376.755450451987,-47504.40476555254,74948.62986191972
2017-07-02 19:40:48.806075990,2.8367,-0.5795,-2.0116,52177.0164979513,-25401.31477872795,-47558.138590333605,75029.62341164243
2017-07-02 19:40:49.206030011,1.396,-0.2719,-1.4539,52288.21531238336,-25450.43594900312,-47665.749148888906,75191.79338513795
2017-07-02 19:40:49.405912995,0.198,0.6622,-0.2502,52343.79648824116,-25474.958529070125,-47719.53912594056,75272.8434247865
2017-07-02 19:40:49.521302200,-0.5034,-0.4983,0.3795,52375.87589705502,-25489.121651539772,-47750.58615442039,75319.62676913253
2017-07-02 19:40:49.606056988,2.6083,-0.0453,-1.9176,52399.457353144135,-25499.52496431734,-47773.40435292051,75354.01162365185
2017-07-02 19:40:49.805912971,-0.3043,-0.806,0.5281,52455.05143872167,-25524.08868409378,-47827.18970023191,75435.0820190075
2017-07-02 19:40:50.205897986,0.3034,0.4379,-0.2702,52566.36410448052,-25573.179624557513,-47934.87710670618,75597.3716111197
2017-07-02 19:40:50.406033992,1.0311,-0.7776,-1.3362,52622.1016719708,-25597.773852957656,-47988.81296456109,75678.64811391666
2017-07-02 19:40:50.516098700,2.0823,-0.6256,-1.7491,52652.77974804689,-25611.307016659313,-48018.49615475517,75723.37971367994
2017-07-02 19:40:50.605907022,0.1765,-0.9015,0.3056,52677.81323306785,-25622.35679850803,-48042.713964994844,75759.88080805262
2017-07-02 19:40:50.806012988,0.9402,-0.1944,-1.3687,52733.629116074786,-25646.98509921993,-48096.72956446202,75841.27424581113
2017-07-02 19:40:51.206035017,0.8521,-0.7995,-0.9231,52845.34426315272,-25696.346262176405,-48204.85721420271,76004.21620251382
2017-07-02 19:40:51.406063973,0.0021,-0.6482,0.2589,52901.20693128335,-25721.054993074235,-48258.91552973765,76085.69703202807
2017-07-02 19:40:51.516200000,0.2511,0.3737,-0.2054,52931.96798559556,-25734.655097701063,-48288.68255241606,76130.56265701546
2017-07-02 19:40:51.605892002,0.9365,-0.2086,-1.135,52957.02654604149,-25745.732357935965,-48312.9331954398,76167.11172935234
2017-07-02 19:40:51.805975019,0.286,0.3907,-0.3319,53012.93810105613,-25770.427634303975,-48367.044302917704,76248.65586462301
2017-07-02 19:40:52.205954015,0.146,-0.7193,-0.2575,53124.73230239999,-25819.91017776058,-48475.25713037651,76411.74973553089
2017-07-02 19:40:52.405924975,0.6401,0.5428,-0.7501,53180.649818262726,-25844.627450404685,-48529.388524006536,76493.31888248069
2017-07-02 19:40:52.562298200,0.9773,-0.6042,-0.8232,53224.400076289305,-25863.970629324016,-48571.738302618345,76557.13880451307
2017-07-02 19:40:52.606076002,0.6077,0.256,-0.5576,53236.64943837882,-25869.385399892864,-48583.59549446947,76575.00699029198
2017-07-02 19:40:52.806119978,0.4868,-0.6866,-0.7008,53292.6427454919,-25894.155832087294,-48637.80533170988,76656.69693210344
2017-07-02 19:40:53.205902993,0.1476,0.7265,-0.5644,53404.567596715475,-25943.542823749623,-48746.232577488256,76819.9872750475
2017-07-02 19:40:53.405903995,1.7014,0.3738,-1.2969,53460.62873352716,-25968.2348937784,-48800.527773474176,76901.75263966424
2017-07-02 19:40:53.515002000,1.4142,-0.7956,-1.4462,53491.2262035774,-25981.713573724264,-48830.16232612133,76946.38051126702
2017-07-02 19:40:53.605913996,0.0611,-0.4867,-0.0324,53516.723756610765,-25992.949457935058,-48854.85723733081,76983.5710969823
2017-07-02 19:40:53.805974006,1.9397,-0.7508,-1.363,53572.91104600133,-26017.705080012856,-48909.25515947516,77065.51119552732
2017-07-02 19:40:54.205896019,2.9382,-0.6462,-1.6946,53685.69994279015,-26067.29517427562,-49018.26819435648,77229.8444438675
2017-07-02 19:40:54.405912995,-0.2884,-0.3655,0.2071,53742.098638149066,-26092.111784074063,-49072.781682877954,77312.0260081222
2017-07-02 19:40:54.521302200,0.2695,0.747,-0.4271,53774.638467878605,-26106.4184671983,-49104.236040721065,77359.4391440267
2017-07-02 19:40:54.606207013,2.2379,-1.2777,-1.5747,53798.59781217007,-26116.95471339924,-49127.3919003961,77394.34788789476
2017-07-02 19:40:54.805918991,-0.0357,0.7018,-0.2093,53854.95324098323,-26141.709941132736,-49181.86715511732,77476.45477239143
2017-07-02 19:41:01.589586019,3.3742,-0.1386,-1.6637,55924.466679614634,-26988.955106889385,-51108.80222145019,80424.24594407044
2017-07-02 19:41:01.790241003,-0.1832,0.7655,-0.0931,55985.67371518407,-27013.98506279084,-51165.80303700017,80511.43055949779
2017-07-02 19:41:01.990243017,3.1441,-0.9232,-1.9875,56046.80733779324,-27038.97049513428,-51222.69786250893,80598.48208564683
2017-07-02 19:41:02.190240979,-0.128,-0.4178,0.194,56107.93460195202,-27063.972132937364,-51279.583775498286,80685.52921743577
2017-07-02 19:41:02.389469981,1.3584,-0.3865,-1.4487,56168.88075948869,-27088.892984497346,-51336.30847338389,80772.32110428445
2017-07-02 19:41:02.590220987,-0.1083,0.6559,-0.072,56230.28814877773,-27113.97778475334,-51393.46941957142,80859.76623505099
2017-07-02 19:41:02.789888978,0.7138,-0.674,-0.7855,56291.392713704205,-27138.954127659636,-51450.35330866697,80946.78857359533
2017-07-02 19:41:02.990261018,0.2086,-0.9146,0.0542,56352.721114416214,-27164.05525984445,-51507.43559988419,81034.13476575949
2017-07-02 19:41:03.190370976,0.68,0.107,-0.8384,56413.99652891349,-27189.11927562067,-51564.47680166868,81121.40580129279
2017-07-02 19:41:03.389468014,0.428,0.2863,-0.4178,56474.97874423396,-27214.04507310793,-51621.24583276228,81208.25385839363
2017-07-02 19:41:03.590224981,0.6239,-0.7544,-0.4896,56536.494531006705,-27239.209088958814,-51678.507896043964,81295.86646323443
2017-07-02 19:41:03.790430009,0.3585,-0.8117,-0.2142,56597.855562495446,-27264.336456250443,-51735.621114918235,81383.26479577419
2017-07-02 19:41:03.990233004,0.658,0.353,-0.7003,56659.11964267736,-27289.399272918155,-51792.647601213735,81470.51918886662
2017-07-02 19:41:04.190213978,0.7097,0.232,-0.5059,56720.4666778122,-27314.47513661758,-51849.745117281265,81557.88104692726
2017-07-02 19:41:04.390155971,0.8152,-0.5924,-0.7209,56781.83434405341,-27339.569794697465,-51906.86032297419,81645.27504163
2017-07-02 19:41:04.590686023,0.1902,-0.6204,0.0757,56843.39015006545,-27364.763207593678,-51964.14046887092,81732.9380594432
2017-07-02 19:41:04.790238976,0.4916,0.7852,-0.6294,56904.66559659344,-27389.8025957866,-52021.16657617183,81820.19325840108
2017-07-02 19:41:04.990220010,1.1602,0.2187,-0.9371,56966.118890409605,-27414.8869521348,-52078.35249277073,81907.68905539878
2017-07-02 19:41:05.190319001,0.095,-0.4962,-0.1047,57027.61223565662,-27440.005971915783,-52135.5763321109,81995.24867039887
2017-07-02 19:41:05.389604985,1.0661,-1.121,-1.0873,57088.898072025455,-27465.067452923628,-52192.61085163374,82082.52457607424
2017-07-02 19:41:05.589699983,0.3852,0.6644,-0.6356,57150.44812474663,-27490.204071338943,-52249.90235453777,82170.17303621763
2017-07-02 19:41:05.790593028,1.4415,0.2988,-1.1497,57212.301836120045,-27515.428884174442,-52307.468755078065,82258.23725093332
2017-07-02 19:41:05.990396022,0.0099,-0.4173,-0.0662,57273.820322832304,-27540.533485637214,-52364.72544158531,82345.83140401337
2017-07-02 19:41:06.190221011,2.4372,-1.5263,-2.0485,57335.44289917085,-27565.701795899793,-52422.070227764045,82433.5755315101
2017-07-02 19:41:06.389464974,-0.0033,0.7428,-0.1956,57396.88616611934,-27590.767437120696,-52479.25603893693,82521.0597589248
2017-07-02 19:41:06.590583980,3.1027,-0.8217,-2.153,57459.033163381915,-27616.10220263925,-52537.06710012651,82609.52131818967
2017-07-02 19:41:06.790291011,-0.4451,-0.2158,0.4136,57520.726099895415,-27641.267709770193,-52594.45579772752,82697.34211159078
2017-07-02 19:41:06.990503013,1.3276,-1.1569,-1.5223,57582.62824727671,-27666.543223527387,-52652.050627193974,82785.47653454666
2017-07-02 19:41:07.190226972,0.2837,0.8004,-0.526,57644.3908167557,-27691.725197222815,-52709.52604367475,82873.40690946765
2017-07-02 19:41:07.389566004,2.2492,-0.2074,-1.6412,57706.12372586244,-27716.866879081383,-52766.955902873866,82961.27446172158
2017-07-02 19:41:07.590273976,-0.4225,-0.2528,0.2669,57768.26355942122,-27742.191402533263,-52824.76940392101,83049.7304093335
2017-07-02 19:41:07.790220975,1.8498,-1.0396,-1.7613,57830.2417460808,-27767.461471440198,-52882.434122991595,83137.96133987536
2017-07-02 19:41:07.990221023,-0.0855,0.7011,-0.1747,57892.232956500535,-27792.710200869835,-52940.12112939834,83226.20862561642
2017-07-02 19:41:08.190280020,1.9017,-0.4686,-1.6904,57954.31855139966,-27817.985127294472,-52997.89279465501,83314.58441337405
2017-07-02 19:41:08.389523029,-0.4806,-0.4804,0.4556,58016.131836744564,-27843.176034757624,-53055.41073818561,83402.58157634335
2017-07-02 19:41:08.590241014,2.0167,-1.2866,-2.1803,58078.483967861175,-27868.605262147663,-53113.44232057281,83491.36011829802
2017-07-02 19:41:08.790287017,-0.1071,0.6096,-0.0208,58140.623064848165,-27893.924960029355,-53171.28045191176,83579.8310894462
2017-07-02 19:41:08.990225017,1.8697,-0.7031,-1.5735,58202.803355145945,-27919.259094604495,-53229.15025795798,83668.35592966861
2017-07-02 19:41:09.190223991,-0.3406,-0.4898,0.2807,58264.98898436707,-27944.620546991293,-53287.026484358124,83756.89792732554
2017-07-02 19:41:09.389696002,2.5135,-1.152,-1.9078,58327.11077497955,-27969.961013323933,-53344.82612643939,83845.3400309382
2017-07-02 19:41:09.590273022,-0.129,0.601,0.0088,58389.571509958776,-27995.417678547357,-53402.94560539648,83934.26041519546
2017-07-02 19:41:09.790389001,1.7699,-0.4935,-1.2573,58451.95955248722,-28020.8355926585,-53460.98184281112,84023.06458606338
2017-07-02 19:41:09.990343987,0.0233,-0.6488,0.1683,58514.298335511085,-28046.25899841577,-53518.96466119124,84111.80257198897
2017-07-02 19:41:10.190227985,0.8398,-0.0428,-1.0347,58576.64854007007,-28071.675088372587,-53576.96823451974,84200.5595091671
2017-07-02 19:41:10.389473021,0.0156,0.6239,-0.1975,58638.80005126661,-28096.985163680358,-53634.79423037829,84289.03012181075
2017-07-02 19:41:10.590215981,2.0154,-0.6345,-1.4805,58701.50003352509,-28122.51108902483,-53693.11462281941,84378.26908652189
2017-07-02 19:41:10.790229976,-0.0686,-0.6577,0.2674,58763.969586739666,-28147.97063285707,-53751.212536862884,84467.18428787864
2017-07-02 19:41:10.989588022,0.821,-0.0257,-1.1692,58826.26689960586,-28173.347703131585,-53809.166386148594,84555.86073902529
2017-07-02 19:41:11.190221011,-0.3995,0.577,0.0388,58888.94653756805,-28198.863839593225,-53867.48930250066,84645.08461749855
2017-07-02 19:41:11.389470994,2.2623,-0.199,-1.1828,58951.28392597974,-28224.21198829273,-53925.457144363914,84733.78869795799
2017-07-02 19:41:11.590215981,-0.0949,-0.6254,0.4437,59014.08521730109,-28249.775530856758,-53983.8420476068,84823.15293479504
2017-07-02 19:41:11.790235996,0.7203,0.0952,-1.1127,59076.688525319834,-28275.242944283076,-54042.06061606688,84912.24179296254
2017-07-02 19:41:11.990245997,-0.007,0.8112,-0.0673,59139.2884190766,-28300.676631438397,-54100.278962084165,85001.31714442605
2017-07-02 19:41:12.190231978,0.6898,-0.5009,-1.6881,59201.908383094065,-28326.12729735188,-54158.55783096185,85090.45087549886
2017-07-02 19:41:19.256729006,0.57,-0.6705,-0.5912,61443.04559533653,-29258.90728131371,-56247.36124170534,88289.84740037787
2017-07-02 19:41:19.457108974,-0.0764,-0.5959,0.284,61506.59296877286,-29285.38143112711,-56306.58065101494,88380.57234936958
2017-07-02 19:41:19.571590060,0.2513,-0.5791,0.1029,61542.90214853259,-29300.5142323906,-56340.41253613533,88432.40935250094
2017-07-02 19:41:19.656781017,0.7198,0.0514,-0.9824,61569.92680319776,-29311.774914493348,-56365.595620911525,88470.99188371956
2017-07-02 19:41:19.856288015,0.274,0.3928,-0.3268,61633.22620737834,-29338.13044601102,-56424.58439100932,88561.35835958683
2017-07-02 19:41:20.257089972,0.2697,-1.0287,0.1332,61760.43562363068,-29391.242957223287,-56543.06918489514,88742.9729265309
2017-07-02 19:41:20.457292973,0.7782,0.2938,-0.8923,61824.00868745203,-29417.761201853733,-56602.288820360016,88833.73134130349
2017-07-02 19:41:20.571389790,0.7742,-0.3457,-0.6869,61860.24941290945,-29432.87859906318,-56636.04736601755,88885.46934848429
2017-07-02 19:41:20.657214999,0.4151,0.3331,-0.3864,61887.513247101866,-29444.247661415677,-56661.44385871755,88924.3905596861
2017-07-02 19:41:20.856351971,0.5998,-0.3377,-0.5799,61950.79627123264,-29470.640256562743,-56720.3933721774,89014.73372462591
2017-07-02 19:41:21.257297992,0.7393,0.2538,-0.8586,62078.33031743696,-29523.738789960342,-56839.22142714592,89196.78996232289
2017-07-02 19:41:21.456471979,0.5226,0.2481,-0.4811,62141.70487515103,-29550.10618072547,-56898.26954943374,89287.25182131286
2017-07-02 19:41:21.567229980,0.4718,-1.1078,-0.219,62176.95241022016,-29564.78232524686,-56931.10811021198,89337.5667657154
2017-07-02 19:41:21.656221985,0.4106,-0.5611,-0.7154,62205.27640441697,-29576.57877956484,-56957.49895201436,89378.00127392891
2017-07-02 19:41:21.856557011,0.5504,-1.0329,-0.5717,62269.0602682743,-29603.175911573617,-57016.93184007585,89469.06955591639
2017-07-02 19:41:22.257408022,2.2136,0.2106,-1.7275,62397.04129543925,-29656.360360767867,-57136.12887819831,89651.70213363806
2017-07-02 19:41:22.457084000,-0.2684,-0.3765,0.1502,62460.781803658305,-29682.86815016374,-57195.49852924822,89742.67088266012
2017-07-02 19:41:22.573109980,0.3567,0.9104,-0.4062,62497.824385500426,-29698.258809962506,-57230.00199780587,89795.53306224776
2017-07-02 19:41:22.657200992,2.1774,-1.4063,-2.3568,62524.68677141971,-29709.423291940846,-57255.02540407447,89833.87012828221
2017-07-02 19:41:22.856459021,0.2954,0.5756,-0.5416,62588.35032125566,-29735.85525949867,-57314.34117099453,89924.72623152788
2017-07-02 19:41:23.257098019,-0.0703,-0.4134,0.231,62716.34442278612,-29789.067162258798,-57433.56759021782,90107.3974005199
2017-07-02 19:41:23.456816971,1.4053,-1.1631,-1.5009,62780.20566799031,-29815.639743775857,-57493.06195004686,90198.55192539244
2017-07-02 19:41:23.574129810,1.6931,-0.2548,-1.7338,62817.74040139439,-29831.251708927328,-57528.032180442584,90252.1278098882
2017-07-02 19:41:23.657087981,0.0591,0.6449,-0.3743,62844.2836218409,-29842.287324664412,-57552.764073135055,90290.01467032859
2017-07-02 19:41:23.856496989,2.1946,-0.4809,-1.8264,62908.17361145547,-29868.83308292565,-57612.285479594386,90381.19790668288
2017-07-02 19:41:24.257286012,1.8657,-0.7247,-1.7487,63036.884785663606,-29922.303394056362,-57732.19751343118,90564.89227960697
2017-07-02 19:41:24.456284999,-0.1474,0.6561,-0.1039,63100.786370678274,-29948.82638709901,-57791.74011799466,90656.09007909181
2017-07-02 19:41:24.569720260,-0.5429,-0.3624,0.5182,63137.20516314093,-29963.949934491753,-57825.67448154117,90708.06800243538
2017-07-02 19:41:24.657114982,1.9781,-0.5571,-1.4485,63165.27865669822,-29975.60592998974,-57851.82983414281,90748.13272903739
2017-07-02 19:41:24.856330990,-0.3521,-0.3542,0.3941,63229.25812768755,-30002.18979408587,-57911.435241693005,90839.44521831303
2017-07-02 19:41:25.257107019,0.272,0.371,-0.2765,63358.013553176854,-30055.610722471658,-58031.391797047756,91023.1841412272
2017-07-02 19:41:25.457204997,0.5541,-0.7056,-0.743,63422.32027298361,-30082.310778280185,-58091.31301282235,91114.96462230364
2017-07-02 19:41:25.570960040,0.798,-0.1979,-1.1452,63458.888758178604,-30097.492233142333,-58125.39284622603,91167.15907976433
2017-07-02 19:41:25.657226979,-0.0287,-0.4206,-0.106,63486.62051320306,-30109.0083265875,-58151.238317051226,91206.74253806271
2017-07-02 19:41:25.856714010,0.9999,-0.3523,-1.2389,63550.78829514211,-30135.65260958179,-58211.05369293485,91298.34074714124
2017-07-02 19:41:26.256919026,1.0276,-0.6953,-0.9343,63679.684397101555,-30189.216948760386,-58331.20318253501,91482.3496069923
2017-07-02 19:41:26.455940008,0.141,-0.7393,0.2642,63743.78970032032,-30215.883647671497,-58390.94276697173,91573.86388694131
2017-07-02 19:41:26.563300250,0.1939,0.4047,-0.2467,63778.373017097845,-30230.26411577135,-58423.17164102091,91623.23241303788
2017-07-02 19:41:26.657351016,0.623,0.0056,-0.9672,63808.6745422373,-30242.861784116154,-58451.4136489219,91666.49002382327
2017-07-02 19:41:26.856414973,0.4241,0.2992,-0.4373,63872.8263012478,-30269.51363107254,-58511.20684209217,91758.06624645679
2017-07-02 19:41:27.257075011,0.3599,-0.9098,-0.0973,64002.003613656845,-30323.302389356104,-58631.569426421,91942.4823885243
2017-07-02 19:41:27.457087993,0.5099,0.5138,-0.6689,64066.51045220689,-30350.133651495235,-58691.68223673461,92034.56925505865
2017-07-02 19:41:27.571579930,0.4736,-0.3039,-0.5462,64103.44182801092,-30365.496454070482,-58726.099323452916,92087.29212463251
2017-07-02 19:41:27.656661987,0.7113,0.2413,-0.4905,64130.89168195313,-30376.911221683593,-58751.679142767105,92126.47722227909
2017-07-02 19:41:27.856552004,0.3536,-0.4707,-0.4084,64195.39592693863,-30403.747646851876,-58811.792156840325,92218.56443194747
2017-07-02 19:41:28.257098972,0.5504,0.4554,-0.7318,64324.74021050607,-30457.45039923757,-58932.36623382694,92403.20491135045
2017-07-02 19:41:28.457328975,1.0321,0.2833,-1.0132,64389.439690451574,-30484.28458769963,-58992.680804783755,92495.5563203404
2017-07-02 19:41:28.574830170,1.3524,-0.9341,-1.041,64427.426030063914,-30500.0446209925,-59028.08964403147,92549.77749171364
2017-07-02 19:41:28.657296001,0.3029,-0.7078,-0.2517,64454.08803213265,-30511.11029424834,-59052.94233154492,92587.83566675734
2017-07-02 19:41:28.856420993,0.749,-0.8131,-0.7535,64518.49676953582,-30537.862111007656,-59112.98241070831,92679.78278567678
2017-07-02 19:41:29.257269978,2.6533,-0.3855,-1.897,64648.58124617285,-30591.77685424595,-59234.15102844944,92865.38922711814
2017-07-02 19:41:29.457159996,-0.1169,-0.4946,0.1552,64713.44536468258,-30618.6821005523,-59294.56757521188,92957.94451510752
2017-07-02 19:41:29.570240020,0.5482,0.5115,-0.7531,64750.14673355036,-30633.896159404918,-59328.755522958934,93010.31301863538
2017-07-02 19:41:29.657097995,1.545,-1.1173,-1.3853,64778.349103186585,-30645.590669868066,-59355.026102143675,93050.55541814663
2017-07-02 19:42:04.557781994,0.2879,0.735,-0.5907,76461.1133313186,-34449.32731985938,-70630.39924263349,109643.56479898561
2017-07-02 19:42:04.757777988,0.2996,0.3672,-0.3845,76528.07260001321,-34471.109686403826,-70695.02738029505,109738.73607430352
2017-07-02 19:42:04.958024024,0.7368,-1.2306,-0.6265,76595.14512808829,-34492.96863120948,-70759.76144001358,109834.07932529021
2017-07-02 19:42:05.157940983,-0.2848,-0.3737,0.2412,76662.09604908584,-34514.8065894156,-70824.37947815988,109929.25712934854
2017-07-02 19:42:05.357361018,1.7885,-0.8592,-2.0279,76728.95167908364,-34536.624435022655,-70888.91754458456,110024.31133063213
2017-07-02 19:42:05.557933986,0.1237,0.5729,-0.2409,76796.1988066265,-34558.54537149037,-70953.83842462164,110119.91825518024
2017-07-02 19:42:05.757934987,2.6961,-1.1762,-1.5282,76863.36201293969,-34580.45084525221,-71018.63530064102,110215.38259498344
2017-07-02 19:42:05.958091974,-0.0057,-0.7122,0.2161,76930.57737323212,-34602.40193640471,-71083.4740558597,110310.92529118518
2017-07-02 19:42:06.157932996,1.0114,-0.5868,-1.1124,76997.72702001312,-34624.34181057346,-71148.25488282206,110406.38199368231
2017-07-02 19:42:06.357478022,0.1435,0.5509,-0.2589,77064.78292151494,-34646.2272524802,-71212.95006812245,110501.70173791725
2017-07-02 19:42:06.558118999,1.646,-1.4574,-1.0724,77132.27337343051,-34668.291564949446,-71278.04374689359,110597.63811298159
2017-07-02 19:42:06.758054018,-0.0065,-0.8409,0.2363,77199.52609944418,-34690.31185798242,-71342.89894681373,110693.24187554592
2017-07-02 19:42:06.958055019,1.8019,-0.789,-1.5268,77266.8730967373,-34712.3709784073,-71407.83662267827,110788.97737690782
2017-07-02 19:42:07.158097982,0.229,0.4194,-0.298,77334.24338796902,-34734.417943824825,-71472.79984817012,110884.7424509906
2017-07-02 19:42:07.357603013,1.5667,-1.726,-0.6763,77401.49487313669,-34756.47432183315,-71537.61530046593,110980.33302688322
2017-07-02 19:42:07.557932019,-0.1132,-0.6936,0.0906,77469.01957050803,-34778.64963016225,-71602.6948108916,111076.3222630954
2017-07-02 19:42:07.757490992,1.0204,-0.625,-1.2609,77536.32534981632,-34800.76458997985,-71667.57437978592,111172.01168586414
2017-07-02 19:42:07.958068013,0.0554,0.7449,-0.1755,77603.97671765447,-34822.96240085497,-71732.79199168326,111268.18664689253
2017-07-02 19:42:08.157917976,1.3304,-1.2815,-0.6947,77671.4359968373,-34845.13093151525,-71797.80094701877,111364.08460663144
2017-07-02 19:42:08.357267975,-0.1716,-0.3041,0.0593,77738.71969390521,-34867.2560882971,-71862.6449130559,111459.74080659983
2017-07-02 19:42:08.557972013,1.1479,-0.6301,-0.9233,77806.50663983928,-34889.5569068737,-71927.96650928544,111556.11154398588
2017-07-02 19:42:08.757984995,1.0358,-0.0618,-0.5182,77874.10162189047,-34911.78341249757,-71993.08392353628,111652.19414449052
2017-07-02 19:42:08.957983970,0.3255,-0.3156,-0.3694,77941.70489010091,-34934.020985459756,-72058.21155343356,111748.29321142899
2017-07-02 19:42:09.158065974,0.3939,-0.8952,-0.3776,78009.35199253717,-34956.303627656496,-72123.38133726775,111844.464758545
2017-07-02 19:42:09.357402026,0.5713,0.63,-0.7492,78076.76959145178,-34978.4781620452,-72188.33792242907,111940.30559352665
2017-07-02 19:42:09.557994008,0.4835,0.1491,-0.5368,78144.63141407298,-35000.78640919864,-72253.72537015654,112036.77654221255
2017-07-02 19:42:09.758037984,0.3468,-0.3416,-0.3959,78212.32172011693,-35023.04738148652,-72318.9500260234,112133.0087423119
2017-07-02 19:42:09.957989990,0.1523,-0.5658,0.3667,78279.98699469298,-35045.32074045594,-72384.13003396473,112229.1991883781
2017-07-02 19:42:10.158079981,0.7182,0.142,-0.9944,78347.72771829746,-35067.60378494841,-72449.39483381978,112325.50060260277
2017-07-02 19:42:10.357272982,0.0453,0.4043,-0.1496,78415.16656219134,-35089.7708942926,-72514.37299176413,112421.37100560039
2017-07-02 19:42:10.557985007,1.8658,-0.9221,-1.0611,78483.19485166388,-35112.14419467457,-72579.88941277115,112518.06473292167
2017-07-02 19:42:10.757929980,-0.2185,-0.6915,0.3217,78550.95442533112,-35134.45963681559,-72645.14259173733,112614.38379388007
2017-07-02 19:42:10.958146989,1.437,-0.2408,-1.2901,78618.86379438457,-35156.81509324183,-72710.53626724516,112710.91107825704
2017-07-02 19:42:11.157988011,0.1637,0.5355,-0.2166,78686.65217420491,-35179.10718245419,-72775.81579037162,112807.26118691567
2017-07-02 19:42:11.357227027,0.9398,-1.1103,-0.9296,78754.27365312107,-35201.376193104574,-72840.93556543428,112903.38523962379
2017-07-02 19:42:11.558005988,0.1972,-0.6709,0.0739,78822.42573705527,-35223.8443693655,-72906.5556808763,113000.26492216552
2017-07-02 19:42:11.758002996,0.7148,0.0202,-0.7768,78890.3409872796,-35246.22423317432,-72971.95130352941,113096.80765091967
2017-07-02 19:42:11.958055973,0.2126,0.7397,-0.3491,78958.28375203723,-35268.580756292904,-73037.379198493,113193.38373692536
2017-07-02 19:42:12.157931983,1.689,-1.0823,-1.0182,79026.2338908371,-35290.96074115477,-73102.78989341305,113289.96179363603
2017-07-02 19:42:12.357363998,-0.0324,-0.7176,0.2231,79094.03179980224,-35313.31955338674,-73168.0464147618,113386.32818986807
2017-07-02 19:42:12.558427989,1.0354,-0.2486,-1.0551,79162.42636498925,-35335.87138053457,-73233.87959226058,113483.54362790998
2017-07-02 19:42:12.757918000,0.105,0.6696,-0.1602,79230.28969875275,-35358.220018671695,-73299.20378628315,113579.99737779601
2017-07-02 19:42:12.958104014,1.3111,-1.1111,-1.1116,79298.44234328259,-35380.69115594066,-73364.80043738733,113676.8675147263
2017-07-02 19:42:13.157944023,-0.2454,-0.7112,0.4436,79366.46739129075,-35403.1518562078,-73430.26599447247,113773.56139079723
2017-07-02 19:42:13.357286989,0.9546,-0.6419,-1.4661,79434.36118061328,-35425.5821996938,-73495.62698464139,113870.08736373628
2017-07-02 19:42:13.558207988,0.0202,0.5806,-0.0362,79502.79324423854,-35448.166667228405,-73561.50684494985,113967.37227383698
2017-07-02 19:42:13.757933974,1.5352,-1.0842,-1.3442,79570.87953597133,-35470.6600589149,-73627.04849396454,114064.16994427201
2017-07-02 19:42:13.958042025,-0.1369,-0.8533,0.2951,79639.0905911762,-35493.230648132056,-73692.70370384822,114161.15254855408
2017-07-02 19:42:14.158165991,0.9839,-0.3868,-1.1728,79707.3464761481,-35515.81852362,-73758.41110559714,114258.20607944843
2017-07-02 19:42:14.357400000,0.0228,0.5249,-0.1504,79775.29973027507,-35538.28511469917,-73823.8322746576,114354.82660415192
2017-07-02 19:42:14.558013975,0.1341,-0.5436,-0.4563,79843.72904992697,-35560.9291951307,-73889.7249383668,114452.13936526811
2017-07-02 19:42:14.757986009,0.5805,-0.8365,-0.3677,79911.96261735362,-35583.53426782545,-73955.42145723013,114549.17740107681
2017-07-02 19:42:14.958073973,1.1019,0.7945,-0.722,79980.27985667843,-35606.12063742194,-74021.18496781582,114646.31183269198
2017-07-02 19:42:15.157926976,0.9816,0.0357,-0.6731,80048.5560781574,-35628.67905820214,-74086.89813750277,114743.37705186733
2017-07-02 19:42:23.223601996,-0.0056,-0.549,-0.1109,82803.6860867267,-36574.80791075319,-76746.16732607124,118676.62449909416
2017-07-02 19:42:23.423695027,2.6681,-1.2152,-1.9472,82872.1420950513,-36598.32810100425,-76812.21635913235,118774.34966024142
2017-07-02 19:42:23.623456001,-0.057,0.9617,-0.0046,82940.48222518196,-36621.770883085774,-76878.15596652034,118871.89978784548
2017-07-02 19:42:23.823682010,2.7967,-0.9919,-1.7644,83009.09356918599,-36645.3080046829,-76944.31981409111,118969.8136738437
2017-07-02 19:42:24.223690986,1.324,-1.0172,-1.7574,83146.3762897262,-36692.49292636807,-77076.78230447571,119165.80590788556
2017-07-02 19:42:24.229380130,-0.3412,-0.5296,0.305,83148.32878778316,-36693.16403298528,-77078.66624778406,119168.59341911417
2017-07-02 19:42:24.423848986,0.1891,0.7086,-0.2649,83215.07709805216,-36716.07730057259,-77143.0740556941,119263.88080026027
2017-07-02 19:42:24.623686015,2.9753,-0.863,-1.6397,83283.78676557635,-36739.657536208615,-77209.32527600405,119361.93481787936
2017-07-02 19:42:24.823840022,-0.3182,-0.4467,0.3502,83352.5926715638,-36763.29306993052,-77275.66755325922,119460.13233802763
2017-07-02 19:42:25.223810970,0.0896,0.7735,-0.1441,83490.10294602385,-36810.40059232673,-77408.26343782076,119656.35014559104
2017-07-02 19:42:25.229020110,2.0307,-0.8618,-2.0251,83491.89390687841,-36811.014134469704,-77409.99039451226,119658.90573895472
2017-07-02 19:42:25.423931002,2.9058,-0.8887,-2.5038,83559.01685337779,-36834.00486173744,-77474.7032190086,119754.6777814171
2017-07-02 19:42:25.623736023,-0.2922,-0.4439,0.4719,83627.81356308692,-36857.59059771425,-77541.02211559194,119852.8401696925
2017-07-02 19:42:25.823727011,1.6962,-1.1749,-2.0594,83696.7421466948,-36881.24527769982,-77607.4851065591,119951.20943020527
2017-07-02 19:42:26.223834991,1.0826,-1.1578,-0.7915,83834.81605178562,-36928.75488929289,-77740.57967177605,120148.27109789789
2017-07-02 19:42:26.232859840,0.4779,0.5115,-0.4122,83837.9304903381,-36929.82647602289,-77743.58179082042,120152.71608298295
2017-07-02 19:42:26.423673987,0.5588,-1.1114,-0.0352,83903.80001953672,-36952.52370989552,-77807.05746240114,120246.72493338931
2017-07-02 19:42:26.623924970,0.5807,0.4275,-0.6747,83972.9504548758,-36976.32630707896,-77873.69941980163,120345.41194657242
2017-07-02 19:42:26.823679983,0.6745,0.2157,-0.419,84041.9565363773,-37000.061344497175,-77940.1930412393,120443.88190881483
2017-07-02 19:42:27.223689019,0.1845,-0.8578,-0.0772,84180.17060549784,-37047.7279662694,-78073.35874505484,120641.1398170933
2017-07-02 19:42:27.229430190,0.5306,-1.0974,-0.6652,84182.15435468804,-37048.41214255259,-78075.27004149718,120643.97103102031
2017-07-02 19:42:27.423686027,0.7189,0.5544,-0.7437,84249.30278232042,-37071.54072182119,-78139.96792439203,120739.79765604116
2017-07-02 19:42:27.623944997,1.1633,0.3036,-0.7108,84318.57296590379,-37095.37187344749,-78206.69368658391,120838.63330418366
2017-07-02 19:42:27.823839008,0.4586,-0.5334,-0.1752,84387.73523362745,-37119.18090773592,-78273.30484597097,120937.31310324509
2017-07-02 19:42:28.223703026,0.568,0.8552,-0.5085,84526.17688150804,-37166.67128908419,-78406.63379376585,121134.78549031456
2017-07-02 19:42:28.234940050,0.8837,-0.9534,-0.8205,84530.06749598896,-37168.005989555306,-78410.3807225886,121140.33508777067
2017-07-02 19:42:28.423770010,1.4562,-0.043,-1.1957,84595.49834680009,-37190.4361868773,-78473.3877525437,121233.6565054223
2017-07-02 19:42:28.623889029,-0.0862,-0.6393,0.0359,84664.83748035606,-37214.23295934202,-78540.16017330822,121332.56199543548
2017-07-02 19:42:28.823863029,2.2885,-1.2343,-1.4743,84734.2178825562,-37238.06184631234,-78606.94316318777,121431.51338799547
2017-07-02 19:42:29.223684012,3.0749,-0.3335,-1.6779,84873.42616250594,-37285.75779716565,-78740.73494831302,121629.88754114562
2017-07-02 19:42:29.230519770,0.0799,1.1999,-0.2836,84875.80621669654,-37286.573200994215,-78743.02240595731,121633.27916171798
2017-07-02 19:42:29.423689007,-0.6226,-0.6076,0.2474,84943.04008370217,-37309.63807793886,-78807.65362067115,121729.10671389937
2017-07-02 19:42:29.624383985,2.5497,-0.8645,-1.3929,85012.9960340837,-37333.63636741254,-78874.85892707351,121828.78670442001
2017-07-02 19:42:29.823918998,0.2268,0.8681,-0.1779,85082.55668705353,-37357.46139026216,-78941.68288715863,121927.89127589848
2017-07-02 19:42:30.223691999,-0.8473,-0.4673,0.4188,85221.78764558294,-37405.27005624972,-79075.49930057606,122126.33584581669
2017-07-02 19:42:30.229799740,3.6045,-0.9672,-1.6812,85223.91495379749,-37406.00051421674,-79077.54381349952,122129.36784450179
2017-07-02 19:42:30.424059987,2.7872,-1.6027,-2.2153,85291.6804067864,-37429.29363492315,-79142.65433239161,122225.94856821164
2017-07-02 19:42:30.623892009,-0.09,1.0457,-0.0941,85361.38591544803,-37453.21309146121,-79209.63610973649,122325.28695620265
2017-07-02 19:42:30.823844015,3.6779,-0.8908,-2.17,85431.28032239185,-37477.182524722826,-79276.74486291369,122424.85508904635
2017-07-02 19:42:31.223927021,1.3684,-0.6278,-1.4903,85571.35073956917,-37525.24333801205,-79411.26099097841,122624.4197831275
2017-07-02 19:42:31.230429760,-0.6353,-0.5382,0.4041,85573.62734368135,-37526.02451598111,-79413.44732836969,122627.66339331843
2017-07-02 19:42:31.423685014,0.1236,0.7593,-0.153,85641.29048126965,-37549.212028501446,-79478.42892238915,122724.05886064
2017-07-02 19:42:31.623778998,3.0935,-0.8956,-2.2744,85711.47187284604,-37573.25593596318,-79545.8010837265,122824.02225253354
2017-07-02 19:42:31.823754012,-0.1141,-0.7253,0.6234,85781.60697377067,-37597.31455237595,-79613.10825778762,122923.9161555593
2017-07-02 19:42:32.223671019,0.0928,0.9124,-0.1863,85921.8804363565,-37645.281889079306,-79747.7412874024,123123.67370522312
2017-07-02 19:42:32.229240050,1.4762,-0.2364,-1.6935,85923.83385558438,-37645.94986396534,-79749.61616770762,123126.45550205266
2017-07-02 19:42:32.423678994,3.7117,-1.1351,-1.6514,85992.1764907595,-37669.314668678155,-79815.13877687513,123223.73173702239
2017-07-02 19:42:32.623966991,-0.3554,-0.6489,0.3225,86062.56073126699,-37693.408357125256,-79882.61948000565,123323.92423284055
2017-07-02 19:42:32.823662996,1.4146,0.0821,-1.2014,86132.79334892337,-37717.427557740724,-79949.94864018662,123423.89039092162
2017-07-02 19:42:33.223766982,1.9619,-0.8362,-0.9994,86273.82305175859,-37765.68545617908,-80085.00699629686,123624.54403369148
2017-07-02 19:42:33.229210250,0.207,0.6006,-0.2792,86275.74171527929,-37766.34196939451,-80086.84442397446,123627.27386811019
2017-07-02 19:42:33.423690974,-0.1386,-0.8301,0.237,86344.28776808007,-37789.8297098332,-80152.48430641723,123724.80753739596
2017-07-02 19:42:33.623687982,1.2176,-0.0947,-1.0492,86414.8267752063,-37813.98744838295,-80220.02797628165,123825.17038894308
2017-07-02 19:42:33.823759973,0.5317,0.5034,-0.3539,86485.41351217382,-37838.13409366803,-80287.61113585277,123925.589141081
2017-07-02 19:42:44.107779026,1.2012,-0.8124,-1.2918,90240.72440801689,-39165.230402337686,-83898.11531974636,129291.1341444467
2017-07-02 19:42:44.308045029,1.8974,-1.1125,-1.7328,90313.9296104518,-39191.11825113996,-83968.49402492648,129395.74034824558
2017-07-02 19:42:44.507983982,-0.0296,0.7448,-0.1817,90387.01407980514,-39216.93404925071,-84038.76505975657,129500.1709004862
2017-07-02 19:42:44.707692980,2.9952,-0.7694,-1.5563,90460.13395241577,-39242.750842445705,-84109.01734501554,129604.61460579018
2017-07-02 19:42:44.907725989,-0.5957,-0.4953,0.4221,90533.34861998461,-39268.6293397498,-84179.36671910653,129709.20647278723
2017-07-02 19:42:45.108273029,2.6505,-0.9962,-1.8406,90606.85803031045,-39294.61440411013,-84249.97089945996,129814.20199597726
2017-07-02 19:42:45.308070003,-0.1363,0.8911,-0.2537,90680.08706714834,-39320.46671005907,-84320.3211405203,129918.79713899348
2017-07-02 19:42:45.508081018,2.7207,-0.6312,-1.682,90753.50339369201,-39346.37196217065,-84390.81403467745,130023.63192223891
2017-07-02 19:42:45.708522975,-0.702,-0.359,0.4098,90827.0496981781,-39372.34745304913,-84461.44234768795,130128.66688124779
2017-07-02 19:42:45.907576978,1.5286,-0.9215,-1.7504,90900.1473005494,-39398.179589591666,-84531.65095239309,130233.07316873281
2017-07-02 19:42:46.108080029,0.0149,0.7776,-0.1155,90973.77762854622,-39424.16851496872,-84602.3752960344,130338.23377979263
2017-07-02 19:42:46.308076024,1.456,-1.0982,-0.8964,91047.279989066,-39450.135642696085,-84672.95663809456,130443.20596133452
2017-07-02 19:42:46.508083999,-0.1947,-0.378,0.1413,91120.77896384423,-39476.11944709139,-84743.53655561102,130548.1801999973
2017-07-02 19:42:46.708239018,0.6785,-0.116,-1.0099,91194.35915647249,-39502.1270017333,-84814.20882147108,130653.27855676974
2017-07-02 19:42:46.907481014,0.0847,0.4632,-0.2428,91267.60706958151,-39527.99753302804,-84884.56834870526,130757.90084321715
2017-07-02 19:42:47.108067989,1.6176,-1.1851,-1.4049,91341.41452557653,-39554.09038547065,-84955.4593628228,130863.32621977566
2017-07-02 19:42:47.308125019,-0.5103,-0.3238,0.4109,91415.00656075991,-39580.127260737594,-85026.14663955182,130968.45234960414
2017-07-02 19:42:47.508112013,1.0147,-0.1551,-1.5885,91488.61341555204,-39606.16122420383,-85096.87270180292,131073.6134210269
2017-07-02 19:42:47.708132982,-0.1821,0.5234,-0.0778,91562.22548959436,-39632.17867008693,-85167.61389207779,131178.78326473018
2017-07-02 19:42:47.907473981,1.8633,-0.5825,-1.3606,91635.66136150614,-39658.13081653551,-85238.16866406666,131283.68965803005
2017-07-02 19:42:48.108099997,-0.1846,-0.5127,0.1776,91709.56319466713,-39684.27089555636,-85309.17110655193,131389.26901674847
2017-07-02 19:42:48.308076024,0.8937,-0.0118,-1.0474,91783.26133979273,-39710.32675772747,-85379.98540098598,131494.55890053685
2017-07-02 19:42:48.508513987,0.3955,0.4967,-0.426,91857.14561381753,-39736.42285270698,-85450.9803880975,131600.1084753893
2017-07-02 19:42:48.708105981,0.3983,-0.6288,-0.6807,91930.73391874156,-39762.43385592159,-85521.70285059891,131705.24911122996
2017-07-02 19:42:48.907465994,0.3012,-1.0153,-0.5036,92004.24866475689,-39788.45497967373,-85592.36312936127,131810.30137324013
2017-07-02 19:42:49.108106970,0.7039,0.7902,-0.5482,92078.26410740349,-39814.611487999966,-85663.49949574619,131916.05343865787
2017-07-02 19:42:49.308062970,1.0494,0.2855,-0.9629,92152.06882339597,-39840.66728463348,-85734.4315059892,132021.49561254002
2017-07-02 19:42:49.508139014,0.2593,-0.4817,-0.2343,92225.9282280918,-39866.758006573575,-85805.4154795401,132127.0205412365
2017-07-02 19:42:49.708064019,0.6463,-0.6896,-0.8333,92299.75770835039,-39892.85659573702,-85876.37917373107,132232.5140817441
2017-07-02 19:42:49.907579004,0.1828,0.8291,-0.5161,92373.4430505935,-39918.86865676771,-85947.21787467465,132337.8000280128
2017-07-02 19:42:50.108703970,1.2096,0.2054,-1.1558,92447.77192463027,-39945.08231276349,-86018.67496023636,132443.99788860462
2017-07-02 19:42:50.308058023,-0.2139,-0.4598,0.122,92521.43782927294,-39971.08342990727,-86089.4980149044,132549.2573989566
2017-07-02 19:42:50.508065998,1.2411,-0.8373,-1.5508,92595.39502108388,-39997.20333069549,-86160.61542060028,132654.94752569217
2017-07-02 19:42:50.708378016,0.1444,0.7119,-0.4313,92669.4704332804,-40023.33437284585,-86231.85824160354,132760.80528719784
2017-07-02 19:42:50.907653987,2.5342,0.2031,-2.1395,92743.26335054656,-40049.32219562326,-86302.81754441095,132866.23883192285
2017-07-02 19:42:51.108075976,-0.4946,-0.5439,0.503,92817.4607765996,-40075.4813199126,-86374.16472272662,132972.25860903086
2017-07-02 19:42:51.308045983,2.7978,-0.688,-1.9033,92891.6027546339,-40101.60896315347,-86445.42711149543,133078.17541673486
2017-07-02 19:42:51.508117020,-0.2055,0.6944,-0.2374,92965.77396526559,-40127.72201101817,-86516.73500660608,133184.13809068143
2017-07-02 19:42:51.708060979,2.4216,0.0479,-1.5914,93039.99487470888,-40153.81655787811,-86588.06122981191,133290.1420885552
2017-07-02 19:42:51.907368004,-0.5629,-0.4619,0.4401,93113.95698855807,-40179.84632711299,-86659.14275664793,133395.7872657699
2017-07-02 19:42:52.108080029,0.8073,-0.3561,-1.36,93188.47301514602,-40206.07393686506,-86730.7801554342,133502.24009611792
2017-07-02 19:42:52.308138012,-0.0764,0.638,-0.1053,93262.74316537098,-40232.19054629398,-86802.1883303946,133608.3392525652
2017-07-02 19:42:52.508072018,1.674,-0.7083,-0.9135,93337.03420580509,-40258.319284426296,-86873.58876921756,133714.45191745568
2017-07-02 19:42:52.707535982,0.0314,-0.8959,0.4302,93411.15183833784,-40284.422238431034,-86944.80423074342,133820.31589251125
2017-07-02 19:42:52.907434999,0.7108,-0.074,-1.085,93485.45953293287,-40310.585082881524,-87016.21837726382,133926.45994906133
2017-07-02 19:42:53.108070015,0.1268,0.4281,-0.2337,93560.04592187137,-40336.82702219334,-87087.90486770244,134032.9995984833
2017-07-02 19:42:53.308118999,0.4112,-0.6077,-1.5737,93634.43090853197,-40363.01663170172,-87159.44494891631,134139.28808137774
2017-07-02 19:42:53.508149981,0.3196,-0.7116,0.3283,93708.8219894004,-40389.232357279965,-87230.96545631533,134245.57625297143
2017-07-02 19:42:53.708094000,0.6121,0.3757,-1.0862,93783.20519921652,-40415.421666044684,-87302.49829402239,134351.8592884383
2017-07-02 19:42:53.907473981,0.39,0.3611,-0.3112,93857.39407894167,-40441.522740720204,-87373.84170999275,134457.8573384271
2017-07-02 19:42:54.108071982,0.6094,-0.8374,-1.3441,93932.0607033834,-40467.816964474296,-87445.67505163504,134564.56562962793
2017-07-02 19:42:54.308071017,0.7534,-0.8748,-0.0311,94006.53451630077,-40494.0676679118,-87517.29514993698,134670.98796110114
2017-07-02 19:42:54.508181989,0.6097,0.5107,-0.7006,94081.07442636661,-40520.31261286949,-87588.98338823445,134777.49927361248
2017-07-02 19:42:54.708101987,0.7709,0.3122,-0.7066,94155.57401131482,-40546.520033202614,-87660.63145293733,134883.9453416558
2017-07-02 19:43:01.440595984,0.3907,-0.4296,-0.3322,96682.12667000554,-41448.551820029556,-90088.50488613494,138496.76811403155
2017-07-02 19:43:01.640667021,1.4999,0.2785,-1.2712,96757.2688417446,-41475.346553423675,-90160.70543065571,138604.2071843193
2017-07-02 19:43:01.840608000,0.0168,-0.3535,-0.0008,96832.36283823391,-41502.138000312945,-90232.85907253598,138711.58137602115
2017-07-02 19:43:02.239850997,0.6064,1.0108,-0.4557,96982.40750682753,-41555.47415894015,-90377.00840772205,138926.05388163935
2017-07-02 19:43:02.407180190,1.178,-0.88,-1.4036,97045.32663549566,-41577.85284426395,-90437.46302346059,139015.9990326621
2017-07-02 19:43:02.440809011,1.5296,0.3374,-1.4069,97057.97347569768,-41582.349997107034,-90449.61442182449,139034.0778210431
2017-07-02 19:43:02.640588998,0.0131,-0.6718,-0.0511,97133.105552255,-41609.093213085376,-90521.80472529469,139141.48900656885
2017-07-02 19:43:02.840602993,1.5042,-0.6514,-1.2936,97208.38580957848,-41635.893813802446,-90594.13133856929,139249.1097219944
2017-07-02 19:43:03.239974975,2.9951,-0.421,-1.7981,97359.17713164732,-41689.474262994656,-90738.83414085105,139464.53906752513
2017-07-02 19:43:03.408149950,-0.198,1.1277,-0.1952,97422.66954343229,-41712.005019592114,-90799.77380639763,139555.24650480275
2017-07-02 19:43:03.440653026,-0.7086,-0.5079,0.4496,97434.93993496831,-41716.36006190342,-90811.55110382814,139572.7768256706
2017-07-02 19:43:03.641008019,1.407,-0.5119,-1.5776,97510.63338573521,-41743.22589975435,-90884.21187925713,139680.92389699776
2017-07-02 19:43:03.840579986,-0.2785,0.9976,-0.1652,97586.01991951243,-41769.94700734283,-90956.59526209121,139788.63322316154
2017-07-02 19:43:04.239991009,-0.4043,-0.4851,0.3273,97736.82937991722,-41823.50237122208,-91101.40668521095,140004.14089539947
2017-07-02 19:43:04.405799740,2.597,-0.9111,-1.9532,97799.50677489315,-41845.76002320895,-91161.57639675798,140093.6978185468
2017-07-02 19:43:04.440576970,2.0446,-0.4886,-1.4243,97812.65539612906,-41850.42900210265,-91174.19829858192,140112.4848066405
2017-07-02 19:43:04.640757977,-0.237,0.6494,0.019,97888.33059954512,-41877.27806073577,-91246.85039131076,140220.60972509094
2017-07-02 19:43:04.841066002,2.3911,-0.2065,-1.4031,97964.14975890325,-41904.152440981685,-91319.60487994512,140328.9095846296
2017-07-02 19:43:05.239844977,0.8364,0.5572,-0.501,98115.22572937926,-41957.5661212636,-91464.52627896075,140544.63505300356
2017-07-02 19:43:05.405960080,-0.2709,-0.7729,0.7643,98178.15035927847,-41979.83741576073,-91524.87354969866,140634.4852293033
2017-07-02 19:43:05.440576970,0.6909,0.4012,-0.3627,98191.26411283315,-41984.478071996964,-91537.44981154644,140653.2099351292
2017-07-02 19:43:05.640733003,0.5862,-0.6076,-0.5312,98267.11176561443,-42011.334845812235,-91610.18746560004,140761.5144766676
2017-07-02 19:43:05.840588986,0.9416,-0.9786,-0.7752,98342.88332643773,-42038.19044680868,-91682.84704341632,140869.71498156007
2017-07-02 19:43:06.239853978,1.193,0.4641,-1.0102,98494.44716562227,-42091.76760341785,-91828.16473586483,141086.0902470503
2017-07-02 19:43:06.406910180,0.5162,0.9207,-0.4895,98557.87729761715,-42114.15909149414,-91888.98067658544,141176.63525944273
2017-07-02 19:43:06.440674006,-0.0893,-0.4613,0.1429,98570.69709662849,-42118.685174032675,-91901.27205877643,141194.9353657057
2017-07-02 19:43:06.640581011,0.3617,-0.7106,-0.1643,98646.6143124654,-42145.51135230357,-91974.0527646914,141303.30861102187
2017-07-02 19:43:06.840592980,0.651,0.5756,-0.7235,98722.59743282692,-42172.3285892829,-92046.90062860918,141411.76916317645
2017-07-02 19:43:07.239874005,-0.0277,-0.4925,-0.1144,98874.27703011854,-42225.94197181119,-92192.34401277063,141628.32036074012
2017-07-02 19:43:07.406270020,0.5546,0.3104,-0.5235,98937.50320454179,-42248.2761703517,-92252.97045226129,141718.58359785008
2017-07-02 19:43:07.440629005,0.8015,-1.1705,-0.5965,98950.55967481226,-42252.88932363123,-92265.48986325685,141737.22353658677
2017-07-02 19:43:07.640600025,0.6825,0.6511,-0.6796,99026.57628025228,-42279.7120711782,-92338.38064075138,141845.73804653648
2017-07-02 19:43:07.840629994,3.0908,-0.6232,-2.2436,99102.73896350774,-42306.56766121285,-92411.38267644902,141954.43700538226
2017-07-02 19:43:08.239962995,2.6985,-1.4631,-2.2666,99255.21786541435,-42360.41456023824,-92557.48289574645,142172.04589940494
2017-07-02 19:43:08.406460160,-0.2057,-0.3663,0.2563,99318.78643530603,-42382.87554132956,-92618.39054677633,142262.7700616326
2017-07-02 19:43:08.440626978,-0.1695,0.8127,-0.2103,99331.83111875938,-42387.483801736846,-92630.88962748021,142281.38729161542
2017-07-02 19:43:08.641058027,2.2559,-0.4906,-1.7961,99408.44510046848,-42414.5367116797,-92704.2844964483,142390.71685246096
2017-07-02 19:43:08.840202987,-0.2955,-0.2846,0.3435,99484.55576055543,-42441.427320368326,-92777.19479598501,142499.331444317
2017-07-02 19:43:09.239850997,-0.0819,0.7032,-0.2047,99637.28304443305,-42495.27960700815,-92923.54530889801,142717.28078312412
2017-07-02 19:43:09.405889740,1.7978,-1.1474,-1.845,99700.78505990077,-42517.68484268773,-92984.39931670211,142807.90798212317
2017-07-02 19:43:09.440771996,2.5816,-0.4855,-2.0222,99714.12902459192,-42522.392438269155,-92997.18629393463,142826.9513936215
2017-07-02 19:43:09.640626013,-0.3183,-0.6289,0.333,99790.56907690545,-42549.38920432865,-93070.43456123685,142936.04859436807
2017-07-02 19:43:09.840843021,1.6842,-0.6114,-1.7676,99867.21548008629,-42576.45951319439,-93143.8867254721,143045.44476058034
2017-07-02 19:43:10.239856004,1.3142,-0.6773,-1.0235,100020.17352693326,-42630.51583423865,-93290.43268268114,143263.74566781707
2017-07-02 19:43:10.405849810,0.0352,0.7694,-0.209,100083.80673296524,-42652.98266056637,-93351.40317751019,143354.55965965704
2017-07-02 19:43:10.440681993,-0.0304,-0.7259,0.2675,100097.15950442293,-42657.697985909595,-93364.1969172944,143373.61613742705
2017-07-02 19:43:10.640574991,0.6175,-0.3806,-1.0475,100173.81232152761,-42684.77324091997,-93437.658776068,143483.0255438263
2017-07-02 19:43:10.840574979,0.1169,0.5007,-0.3487,100250.5108420063,-42711.842959593596,-93511.17390229758,143592.50014424135
2017-07-02 19:43:11.239929020,-0.1147,-0.5815,0.2391,100403.64187888002,-42765.987710284455,-93657.92859223648,143811.08648350814
2017-07-02 19:43:11.405920140,1.77,-0.8953,-1.4366,100467.33941481024,-42788.51759166751,-93718.96661955709,143902.00912781162
2017-07-02 19:43:11.440599024,0.5874,0.0552,-1.0231,100480.64781781021,-42793.22447070846,-93731.71992169427,143921.0059927535
2017-07-02 19:43:11.640640974,0.3489,0.4108,-0.4368,100557.43007726975,-42820.35923027197,-93805.30365040158,144030.6040440662
2017-07-02 19:43:11.840636014,1.019,-0.7523,-1.0272,100634.23508920531,-42847.517717219744,-93878.9112096267,144140.24079493512
2017-07-02 19:43:12.407270190,0.0659,-0.6552,0.0706,100851.86336791143,-42924.67462773371,-94087.43650711591,144450.9319636161
2017-07-02 19:43:18.507030010,0.5916,-0.5125,-1.3339,103216.62156610537,-43774.329619673015,-96381.82083753328,147848.971214313
2017-07-02 19:43:18.707084000,0.7931,0.6051,-1.1042,103294.21034667542,-43802.17156066166,-96457.11401515245,147960.46420819644
2017-07-02 19:43:18.907023012,0.5159,-0.6708,-0.7299,103371.77515768571,-43830.02431555472,-96532.3930973551,148071.9347069374
2017-07-02 19:43:19.107164025,0.7091,-1.0679,-0.2213,103449.44673745052,-43857.947986706844,-96607.7570994864,148183.55632013513
2017-07-02 19:43:19.306345999,0.8034,0.1641,-1.0588,103526.77800291787,-43885.73134233739,-96682.8019774101,148294.69099506008
2017-07-02 19:43:19.506663978,0.3067,0.5255,-0.3788,103604.56262288848,-43913.6520693451,-96758.29006294085,148406.4719958389
2017-07-02 19:43:19.707010984,0.7864,-0.6173,-0.6483,103682.39007945855,-43941.60161995212,-96833.81510910738,148518.31575297497
2017-07-02 19:43:19.907019019,0.3601,-1.0228,-0.2643,103760.10026339702,-43969.54479745766,-96909.2229458274,148629.99955705417
2017-07-02 19:43:20.107017993,1.0111,0.769,-0.8155,103837.84737040209,-43997.455949364,-96984.65998599792,148741.71892624735
2017-07-02 19:43:20.306246995,0.8511,0.4348,-0.8859,103915.32894242165,-44025.24238852532,-97059.84176595087,148853.04981830745
2017-07-02 19:43:20.507050991,0.2581,-0.794,-0.1786,103993.43344795071,-44053.28050772704,-97135.62509291421,148965.28248547384
2017-07-02 19:43:20.707705020,1.0569,-0.9121,-1.088,104071.52217542673,-44081.33441014926,-97211.39562750609,149077.50068718372
2017-07-02 19:43:20.907007992,0.5618,0.8708,-0.5389,104149.10742634688,-44109.164828543035,-97286.67738492566,149188.98282438595
2017-07-02 19:43:21.107096016,1.3896,0.395,-1.2386,104227.05391757154,-44137.08905670794,-97362.30526389883,149300.9708107645
2017-07-02 19:43:21.306330978,0.1989,-0.5507,-0.0701,104304.67598435825,-44164.9160915806,-97437.61349102276,149412.4953556571
2017-07-02 19:43:21.507058978,2.06,-1.1252,-2.2268,104382.9627406547,-44192.99699448396,-97513.57578873707,149524.985728062
2017-07-02 19:43:21.707005977,-0.1893,0.7386,-0.208,104460.93732753825,-44220.939110678075,-97589.25084471855,149637.0300547681
2017-07-02 19:43:21.907280981,3.0757,-0.5118,-1.8239,104539.1631951561,-44248.947593126104,-97665.1231993518,149749.398309934
2017-07-02 19:43:22.107091009,-0.5177,-0.5211,0.4442,104617.18677806522,-44276.91185304785,-97740.8016678158,149861.48605718033
2017-07-02 19:43:22.306257009,2.1093,-1.1938,-2.119,104695.0425450425,-44304.833333101225,-97816.32026389538,149973.33996464533
2017-07-02 19:43:22.506492018,-0.1018,0.8079,-0.2317,104773.3121156037,-44332.87228767517,-97892.25349033292,150085.7881025536
2017-07-02 19:43:22.707970976,2.4518,-0.3584,-2.1114,104852.16745938135,-44361.099981522355,-97968.74415745786,150199.06472508478
2017-07-02 19:43:22.907011985,-0.2325,-0.3987,0.3474,104930.05942149032,-44389.001908190134,-98044.29550410033,150310.96015094224
2017-07-02 19:43:23.107025027,1.5304,-1.4551,-1.5731,105008.3929993327,-44417.09830778351,-98120.27874411245,150423.50322741436
2017-07-02 19:43:23.306263029,0.11,0.8827,-0.3023,105086.42740522393,-44445.05079584246,-98195.97955310746,150535.6109544606
2017-07-02 19:43:23.507080018,2.7193,-0.9098,-2.0564,105165.18990637049,-44473.26150091962,-98272.36323022454,150648.7488544971
2017-07-02 19:43:23.707069993,-0.3737,-0.422,0.4227,105243.61309756678,-44501.37290564779,-98348.4154341732,150761.40456605784
2017-07-02 19:43:23.907240986,1.054,-0.507,-1.477,105322.1495044887,-44529.530069694876,-98424.59565672747,150874.23655039328
2017-07-02 19:43:24.107007980,-0.028,0.6776,-0.1876,105400.52628638795,-44557.60336411512,-98500.62961359126,150986.83715236656
2017-07-02 19:43:24.306280016,1.5348,-0.8738,-1.1063,105478.76982187292,-44585.64180001669,-98576.51911334942,151099.24042945943
2017-07-02 19:43:24.507021009,-0.0717,-0.4555,0.2798,105557.58724939283,-44613.905279769984,-98652.95676629973,151212.4685631409
2017-07-02 19:43:24.707026004,0.807,-0.3449,-1.3288,105636.1479818286,-44642.078930818,-98729.16732242845,151325.34305886852
2017-07-02 19:43:24.907217025,0.1134,0.574,-0.2505,105714.78632880237,-44670.25578249025,-98805.45880166086,151438.3256947334
2017-07-02 19:43:25.107204973,1.43,-0.6477,-1.0641,105793.40209844656,-44698.42995655043,-98881.71544998117,151551.26927371902
2017-07-02 19:43:25.306227028,0.0456,-0.7419,0.0388,105871.63997930828,-44726.497442717824,-98957.60226043419,151663.6765034265
2017-07-02 19:43:25.507004976,0.8274,0.3491,-0.7967,105950.60147606811,-44754.798484388244,-99034.19070664773,151777.11576334384
2017-07-02 19:43:25.706592023,0.9442,0.3447,-0.9227,106029.1322301762,-44782.91792919779,-99110.3616293482,151889.9285734167
2017-07-02 19:43:25.907180011,0.4571,-0.575,-0.1611,106108.07521238747,-44811.20153014402,-99186.92103573584,152003.33125429243
2017-07-02 19:43:26.107079982,1.1166,-0.5874,-1.2122,106186.79203942482,-44839.4115908137,-99263.26628279286,152116.41485573835
2017-07-02 19:43:26.306336998,0.3064,0.5303,-0.5259,106265.26784805508,-44867.50986241428,-99339.38685424105,152229.15086358885
2017-07-02 19:43:26.507242977,1.4615,0.519,-1.317,106344.45207862901,-44895.81971438496,-99416.19052424673,152342.88973917917
2017-07-02 19:43:26.707107007,0.5284,-0.4329,-0.5285,106423.24674711385,-44924.00003679767,-99492.61698234448,152456.07256353804
2017-07-02 19:43:26.907157003,0.5038,-0.7499,-0.4435,106502.13489316528,-44952.236590944405,-99569.13230127163,152569.39541912838
2017-07-02 19:43:27.107007026,0.57,0.427,-0.7528,106580.9669472515,-44980.427865011254,-99645.60120118521,152682.63570254555
2017-07-02 19:43:27.306263983,0.6659,0.3088,-0.8518,106659.59150130652,-45008.5232195228,-99721.87699470832,152795.57707268768
2017-07-02 19:43:27.507173001,0.5202,-0.5255,-0.4761,106738.88893762862,-45036.87272716973,-99798.80441659916,152909.48852071055
2017-07-02 19:43:27.707091987,1.2117,-0.8676,-1.2621,106817.84404373007,-45065.11721105597,-99875.40320150557,153022.9158004126
2017-07-02 19:43:27.907011985,0.3897,0.6938,-0.5873,106896.81512503805,-45093.33410811493,-99952.0258473686,153136.361899634
2017-07-02 19:43:28.107199013,0.9913,0.3722,-1.0275,106975.93141297347,-45121.573778182166,-100028.79201380018,153250.009962914
2017-07-02 19:43:28.306369006,-0.0415,-0.4117,0.1199,107054.64411036311,-45149.686310347315,-100105.16341927489,153363.08142026555
2017-07-02 19:43:28.507157027,1.7792,-1.0493,-1.8735,107134.06798815992,-45178.069528026965,-100182.23078662515,153477.18350085636
2017-07-02 19:43:28.707076013,0.0118,0.7141,-0.2637,107213.14858136179,-45206.30135882111,-100258.97513648325,153590.79076133334
2017-07-02 19:43:28.906500995,1.6692,0.2396,-1.367,107292.1001493861,-45234.453899200795,-100335.58421547824,153704.19653960704
2017-07-02 19:43:29.107016026,0.0356,-0.5902,0.0125,107371.4846948767,-45262.784049988746,-100412.61153406595,153818.23006597522
2017-07-02 19:43:41.340278983,1.8785,-1.3265,-1.9358,112495.79547262524,-47189.698409525816,-105401.68486964592,161219.37479211634
2017-07-02 19:43:41.540269970,-0.0294,0.4171,-0.1808,112579.5672012898,-47221.183175660415,-105483.25412611409,161340.37310225042
2017-07-02 19:43:41.740251004,0.4437,-0.3251,-0.7185,112663.35250550047,-47252.6793764188,-105564.84805765469,161461.40050013506
2017-07-02 19:43:41.940249979,0.5295,-0.7746,-0.3875,112747.16650616757,-47284.209386494236,-105646.46480911422,161582.47287109675
2017-07-02 19:43:42.139474987,0.4897,0.7092,-0.8019,112830.67559530781,-47315.58923143157,-105727.79754348885,161703.10297891044
2017-07-02 19:43:42.340238988,0.5685,0.4963,-0.7673,112914.85269776561,-47347.191478532266,-105809.78949193041,161824.6954361093
2017-07-02 19:43:42.540576994,0.4445,-0.5732,-0.4613,112998.86902754974,-47378.74967535385,-105891.62597858315,161946.06131268933
2017-07-02 19:43:42.740027010,0.7826,-0.9738,-0.7952,113082.54409046554,-47410.20672982634,-105973.1313616648,162066.94311528682
2017-07-02 19:43:42.939844012,0.478,0.3371,-0.8468,113166.3921996725,-47441.708205623145,-106054.82052386526,162188.07896176237
2017-07-02 19:43:43.139643013,0.3494,0.4351,-0.5625,113250.24670314135,-47473.18947449727,-106136.52478169707,162309.22336681825
2017-07-02 19:43:43.339343011,0.4373,-0.635,-0.5646,113334.07709517764,-47504.68046785043,-106218.2110703063,162430.3421788687
2017-07-02 19:43:43.540350019,0.4872,-1.0451,-0.2851,113418.47583075086,-47536.41979160775,-106300.44350396843,162552.2874508844
2017-07-02 19:43:43.740346014,0.7199,0.4753,-0.8371,113502.47885746969,-47567.98046357838,-106382.29581252392,162673.6559327203
2017-07-02 19:43:43.940216004,0.2597,0.2963,-0.2779,113586.43933362073,-47599.50941454225,-106464.10765259882,162794.95912115814
2017-07-02 19:43:44.139703989,0.5495,-0.7529,-0.9855,113670.26120645234,-47631.00806724832,-106545.8023467913,162916.08026823777
2017-07-02 19:43:44.340377986,0.4108,-0.7296,0.0966,113754.59796675635,-47662.72336930652,-106627.97884875785,163037.9392378613
2017-07-02 19:43:44.540278017,0.8115,0.0677,-1.039,113838.64188185774,-47694.31364546246,-106709.8799281815,163159.37733977937
2017-07-02 19:43:44.740252017,0.2743,0.4659,-0.2704,113922.72786487293,-47725.896979811994,-106791.82212664612,163280.86979138353
2017-07-02 19:43:44.940232992,0.4085,-0.5835,-0.8346,114006.83311765951,-47757.5047513333,-106873.80056086546,163402.40666500336
2017-07-02 19:43:45.139476001,0.4373,-0.7948,0.0319,114090.64536667558,-47789.02743624865,-106955.47521346303,163523.51568390636
2017-07-02 19:43:45.340346992,0.4602,-0.1616,-1.2822,114175.16100053505,-47820.814208283984,-107037.86895195911,163645.6630981038
2017-07-02 19:43:45.540153980,0.0554,0.4813,-0.1899,114259.23117128333,-47852.4133926122,-107119.83383653233,163767.16452487206
2017-07-02 19:43:45.740243971,0.5793,-0.4503,-1.2678,114343.44361035665,-47884.075361665775,-107201.96557233046,163888.89282830496
2017-07-02 19:43:45.940217971,0.3075,-0.6276,0.2272,114427.61952877275,-47915.74407393406,-107284.04061120343,164010.56066926505
2017-07-02 19:43:46.139487981,0.5857,-0.3932,-1.8279,114511.52237093149,-47947.31691282202,-107365.899295716,164131.86858871972
2017-07-02 19:43:46.340231001,0.1783,0.6491,-0.2342,114596.05261055265,-47979.09698182326,-107448.37251986002,164254.07690002208
2017-07-02 19:43:46.540238976,1.2423,-0.7523,-1.476,114680.32302837634,-48010.79077863382,-107530.60280296461,164375.9199525631
2017-07-02 19:43:46.740397989,0.1129,-0.3394,0.1543,114764.6616070232,-48042.52210692461,-107612.8890012624,164497.85823337306
2017-07-02 19:43:46.940288007,1.1048,-0.4361,-1.7096,114848.93098591555,-48074.22821609685,-107695.13292341346,164619.71334737723
2017-07-02 19:43:47.139663994,-0.2483,0.8032,0.1469,114932.97379015469,-48105.8208629876,-107777.15951024285,164741.23520614556
2017-07-02 19:43:47.340255975,2.0732,-0.5499,-1.765,115017.61259104042,-48137.62831981366,-107859.7573957229,164863.60948330408
2017-07-02 19:43:47.540251970,-0.2422,-0.6164,0.508,115101.9902309495,-48169.3659273811,-107942.08955248876,164985.6074508593
2017-07-02 19:43:47.740338027,1.0103,-0.4885,-1.5167,115186.44631449932,-48201.137383815956,-108024.51950521088,165107.7341434623
2017-07-02 19:43:47.940639972,-0.0618,0.7018,-0.0642,115270.99104464408,-48232.91496405532,-108107.04097361144,165229.9844774377
2017-07-02 19:43:48.139482021,3.2974,-0.8295,-2.7433,115355.04994564828,-48264.493731055,-108189.06945127223,165351.51542036215
2017-07-02 19:43:48.340254008,-0.3292,-0.3402,0.2782,115439.91144280173,-48296.392711180706,-108271.88287380635,165474.21347108355
2017-07-02 19:43:48.540422976,0.8244,-0.5354,-1.6135,115524.55109004845,-48328.21733486753,-108354.51221518486,165596.61473808592
2017-07-02 19:43:48.740229010,-0.1619,0.7173,-0.0661,115609.03081047365,-48359.95561973955,-108436.99437702307,165718.78306939968
2017-07-02 19:43:48.940478980,1.0736,-0.7919,-1.7241,115693.74128229594,-48391.79617706744,-108519.72893709605,165841.30751329256
2017-07-02 19:43:49.139595985,-0.1861,-0.5372,0.3522,115777.96510472159,-48423.47788704655,-108601.98144153098,165963.13080770095
2017-07-02 19:43:49.340228974,2.0,-0.5297,-2.136,115862.91067523841,-48455.42212911779,-108684.94615985049,166086.00039021613
2017-07-02 19:43:49.540239989,-0.1652,0.9073,-0.3925,115947.58630079066,-48487.23104617266,-108767.66938442038,166208.48428050478
2017-07-02 19:43:49.740384995,3.4573,-1.4753,-2.3863,116032.45714468184,-48519.12037019891,-108850.54361723737,166331.22676845253
2017-07-02 19:43:49.940225005,-0.4716,-0.5885,0.4548,116117.17982217195,-48550.9846012303,-108933.27339716456,166453.7641767975
2017-07-02 19:43:50.139604985,2.1445,-0.9124,-2.4313,116201.79271775171,-48582.81175114166,-109015.90938379618,166576.15293685428
2017-07-02 19:43:50.340538978,-0.0206,0.8087,-0.2356,116287.06427380764,-48614.854318278856,-109099.1989663642,166699.49187958092
2017-07-02 19:43:50.540237009,3.113,-0.6135,-2.3048,116371.9354615761,-48646.724254825946,-109182.06814147829,166822.22617939347
2017-07-02 19:43:50.740216970,-0.5814,-0.4321,0.3966,116456.90321758341,-48678.656465298765,-109265.03844894546,166945.1123260148
2017-07-02 19:43:50.940782010,2.7545,-0.9187,-2.2964,116542.23036618721,-48710.71905539524,-109348.34387741343,167068.50666224366
2017-07-02 19:43:51.139568984,0.1704,0.9116,-0.4257,116626.80779897365,-48742.46137850758,-109430.92760168824,167190.8124101919
2017-07-02 19:43:51.340233981,3.2791,0.0556,-2.3891,116712.316307537,-48774.501345698925,-109514.38772921616,167314.42818566857
2017-07-02 19:43:51.540075004,-0.1666,-0.3993,0.0671,116797.46704620823,-48806.425696454105,-109597.502471624,167437.5347575663
2017-07-02 19:43:51.740251004,1.5178,-0.5628,-2.1992,116882.82133492938,-48838.42611100006,-109680.84465530106,167560.95449869256
2017-07-02 19:43:51.940280973,0.0998,0.9077,-0.346,116968.11734978133,-48870.36686194473,-109764.13988391732,167684.28560252584
2017-07-02 19:44:15.923462986,0.2069,-0.502,-0.4157,127313.94159403337,-52988.74412444469,-119990.174274678,182795.75665360072
2017-07-02 19:44:16.123663008,1.4466,-1.0686,-0.6649,127400.36151863917,-53023.165178613664,-120075.56292085904,182921.9750915665
2017-07-02 19:44:16.323422014,-0.2005,-0.4242,0.3103,127486.58307010708,-53057.52733457097,-120160.75108425968,183047.90676455025
2017-07-02 19:44:16.523486971,0.7942,0.5426,-0.642,127572.96846718804,-53091.9204015241,-120246.09541858043,183174.06409987816
2017-07-02 19:44:16.722676992,0.1686,0.4092,-0.2067,127658.98276798488,-53126.146822974835,-120331.07472113572,183299.6751256163
2017-07-02 19:44:16.923448979,1.2148,-0.5034,-0.9089,127745.72916171135,-53160.66536221499,-120416.76556602793,183426.34786255338
2017-07-02 19:44:17.123410999,0.1649,-0.7475,-0.0965,127832.13219116569,-53195.07453323429,-120502.11457004865,183552.52542797974
2017-07-02 19:44:17.323404014,0.6842,0.1769,-0.8528,127918.5759795612,-53229.48196232197,-120587.51091316088,183678.76202448562
2017-07-02 19:44:17.523531019,0.1233,0.4229,-0.1892,128005.0826212613,-53263.895505980865,-120672.97204716613,183805.08677412636
2017-07-02 19:44:17.722661972,0.7815,-0.445,-0.8414,128091.18969973152,-53298.155415657384,-120758.04119676011,183930.8314641202
2017-07-02 19:44:17.923413991,0.588,-0.8959,0.1161,128178.02144758431,-53332.73033109279,-120843.79819006885,184057.62376980894
2017-07-02 19:44:18.123879015,0.5635,0.2082,-0.8769,128264.75170574599,-53367.24745147174,-120929.46782451829,184184.271367032
2017-07-02 19:44:18.323625028,0.2014,0.2664,-0.3294,128351.178922702,-53401.63013980919,-121014.84332892165,184310.47593221578
2017-07-02 19:44:18.523393988,0.6193,-0.5838,-0.9077,128437.64078329357,-53436.04007613922,-121100.2648655015,184436.74281306242
2017-07-02 19:44:18.723249971,0.6212,-1.0508,-0.4168,128524.16512047501,-53470.50697355325,-121185.74026125771,184563.1051391175
2017-07-02 19:44:18.923636019,0.5652,0.3564,-0.6225,128610.94163587951,-53505.05097418513,-121271.46735405477,184689.83074989085
2017-07-02 19:44:19.123414993,0.3934,0.3874,-0.3964,128697.4709611345,-53539.47486122819,-121356.9505556864,184816.18935684033
2017-07-02 19:44:19.323410987,0.4616,-0.4573,-0.639,128784.1127464994,-53573.95443422431,-121442.55217673907,184942.7202374384
2017-07-02 19:44:19.523207008,0.4151,-0.554,-0.1892,128870.68447018895,-53608.42164643293,-121528.07575858325,185069.14757684676
2017-07-02 19:44:19.722727000,0.6455,0.486,-0.7151,128957.16228657453,-53642.82189352685,-121613.50965184068,185195.43130310994
2017-07-02 19:44:19.923399984,0.2221,0.4739,-0.2181,129044.14878739826,-53677.401849995316,-121699.44603580398,185322.4513410386
2017-07-02 19:44:20.123404979,0.8547,-0.7207,-0.8048,129130.87992213329,-53711.895528079665,-121785.12855314913,185449.10193201478
2017-07-02 19:44:20.323652029,0.0089,-0.6184,0.0643,129217.71637965094,-53746.45574910569,-121870.91218895509,185575.91160959034
2017-07-02 19:44:20.523638010,0.7896,0.1002,-0.5579,129304.47120505008,-53780.96690533896,-121956.60629854182,185702.5915132805
2017-07-02 19:44:20.723580002,0.3167,0.4189,-0.3276,129391.21960847417,-53815.453724202285,-122042.29465521613,185829.25618970965
2017-07-02 19:44:20.923403978,0.2981,-0.6953,-0.836,129477.92871156949,-53849.94795024526,-122127.96581539886,185955.88442393971
2017-07-02 19:44:21.123385012,0.3577,-0.6307,-0.1465,129564.72027172458,-53884.494511336154,-122213.71017043934,186082.63336877144
2017-07-02 19:44:21.323409974,0.614,0.5821,-0.6461,129651.5554627169,-53919.02537114084,-122299.49921060764,186209.43756437564
2017-07-02 19:44:21.523473978,0.5705,0.5005,-0.7119,129738.43043729951,-53953.5429380578,-122385.33348979325,186336.29539440447
2017-07-02 19:44:21.722663998,0.1875,-0.5541,-0.6761,129824.93333602017,-53987.93169906436,-122470.8196254357,186462.6282786203
2017-07-02 19:44:21.923646986,0.6714,-0.5465,-0.8348,129912.24199343365,-54022.65207884003,-122557.10896799322,186590.1458169333
2017-07-02 19:44:22.123382985,0.6763,0.4581,-0.7527,129999.03592923374,-54057.138762081726,-122642.89296116336,186716.9054680281
2017-07-02 19:44:22.323532998,0.4643,0.324,-0.414,130086.02837190552,-54091.68395008233,-122728.87135277054,186843.94802523497
2017-07-02 19:44:22.523406028,0.3165,-0.4125,-0.5345,130172.91307166721,-54126.19781084833,-122814.7521137213,186970.84244281973
2017-07-02 19:44:22.722649991,0.0927,-0.6147,-0.1108,130259.52799635794,-54160.627447455445,-122900.3669778676,187097.3500684351
2017-07-02 19:44:22.923399984,0.6688,0.5162,-0.7659,130346.82457231867,-54195.296525012585,-122986.65984728723,187224.84702066975
2017-07-02 19:44:23.123534023,0.1178,0.1398,-0.1511,130433.85801764589,-54229.85362918511,-123072.6939994961,187351.95849070768
2017-07-02 19:44:23.323478996,0.2796,-0.2417,-0.6243,130520.82042059646,-54264.38775005026,-123158.67183377131,187478.97692544613
2017-07-02 19:44:23.522584021,0.6036,-0.8009,-0.4732,130607.44143195324,-54298.80854659895,-123244.30724310061,187605.50001216136
2017-07-02 19:44:23.722729027,0.6334,0.5382,-0.5991,130694.54026172993,-54333.38757332663,-123330.41394878573,187732.71122581998
2017-07-02 19:44:23.923663973,0.6259,0.3773,-0.5975,130782.00812713483,-54368.0878444538,-123416.88462769976,187860.45362671505
2017-07-02 19:44:24.123413026,0.1893,-0.3619,-0.461,130868.96732111328,-54402.59775860269,-123502.86336120187,187987.46370169113
2017-07-02 19:44:24.323590993,0.4399,-0.7709,-0.4093,130956.13086678895,-54437.21266555874,-123589.0431149142,188114.77855940757
2017-07-02 19:44:24.523410975,0.4595,0.6612,-0.5285,131043.15688188798,-54471.73926910065,-123675.0898524319,188241.88480404433
2017-07-02 19:44:24.722831010,0.8872,0.3742,-0.7838,131130.04399371627,-54506.18188506647,-123760.99553469136,188368.77744790883
2017-07-02 19:44:24.923709988,-0.0862,-0.5905,0.023,131217.5632871916,-54540.90030886766,-123847.52876879729,188496.60236637702
2017-07-02 19:44:25.123459994,1.8086,-1.0196,-1.4396,131304.66287149055,-54575.46429167779,-123933.63311241435,188623.8087063521
2017-07-02 19:44:25.323419988,0.2713,0.9182,-0.3967,131391.86486723804,-54610.027896706284,-124019.84383522264,188751.15619535313
2017-07-02 19:44:25.523397028,1.4825,0.5889,-1.3517,131479.1335830841,-54644.57089758836,-124106.1159628276,188878.58458734502
2017-07-02 19:44:25.722788989,0.0383,-0.2819,-0.1147,131566.14849685287,-54679.024042488025,-124192.14024155083,189005.64753020465
2017-07-02 19:44:25.923402011,1.8402,-0.7157,-1.136,131653.7703431712,-54713.716979556295,-124278.73704531032,189133.57859689757
2017-07-02 19:44:26.123408019,0.4063,0.7911,-0.4812,131741.1433166686,-54748.2732969869,-124365.09107399813,189261.13745095278
2017-07-02 19:44:26.323476016,1.1955,0.4392,-0.8325,131828.5912226905,-54782.82274470584,-124451.50518952822,189388.78603438026
2017-07-02 19:44:26.523404002,-0.0765,-0.632,-0.1157,131915.97487337803,-54817.373275929545,-124537.86345565274,189516.35357869545
2017-07-02 19:44:38.272894978,2.1232,-0.6143,-1.2507,137344.49996139415,-56932.66461310273,-129785.67901777041,197355.4216323868
2017-07-02 19:44:38.472863018,0.4811,-1.0583,-0.2855,137436.9088631164,-56968.7076965087,-129875.0045494627,197488.87153756732
2017-07-02 19:44:38.672865986,0.7889,0.5144,-0.7367,137529.36546264516,-57004.736498874096,-129964.3751523337,197622.38020173833
2017-07-02 19:44:38.873239994,0.6295,0.3509,-0.5937,137622.0188593752,-57040.81805233689,-130053.93538998917,197756.16579372057
2017-07-02 19:44:39.272913992,0.6473,-0.6447,-0.8195,137806.9324237229,-57112.89074366761,-130232.70672283418,198023.2077648738
2017-07-02 19:44:39.472873985,0.6588,0.6082,-0.7218,137899.47245187996,-57148.92495041267,-130322.17626404726,198156.8412941933
2017-07-02 19:44:39.672905981,0.4389,0.3538,-0.6327,137992.0633641186,-57184.957976079786,-130411.70333817991,198290.54777719078
2017-07-02 19:44:39.723680250,0.3814,-0.407,-0.4632,138015.5667668856,-57194.105314803666,-130434.42925554448,198324.4883718729
2017-07-02 19:44:39.872968971,0.5224,-0.3793,-0.9966,138084.68413994947,-57221.00917272434,-130501.27120065974,198424.30715454888
2017-07-02 19:44:40.273023009,-0.0365,0.8385,-0.2591,138269.89446209054,-57292.97015504296,-130680.43129030007,198691.7795631292
2017-07-02 19:44:40.472855985,2.0385,0.9295,-1.6412,138362.49119224647,-57328.878624179,-130769.98997335469,198825.47515562893
2017-07-02 19:44:40.671922028,0.1946,-0.4198,-0.4747,138454.74025965255,-57364.66591681178,-130859.22375289335,198958.68022613408
2017-07-02 19:44:40.722240200,0.3601,-0.4362,-0.5174,138478.0590832342,-57373.71301983372,-130881.78079667031,198992.3524602129
2017-07-02 19:44:40.872842013,0.9308,-0.5518,-0.8411,138547.87321310453,-57400.80342895522,-130949.31289231112,199093.1640040221
2017-07-02 19:44:41.272849977,2.1417,0.5663,-1.5329,138733.646654141,-57472.66666159884,-131128.92769386637,199361.29966795095
2017-07-02 19:44:41.473128974,-0.2293,-0.1901,-0.1623,138826.651900716,-57508.65531083399,-131218.86509422207,199495.5520061501
2017-07-02 19:44:41.672825992,1.6789,-0.1069,-0.7682,138919.45384147912,-57544.543645816746,-131308.57178572708,199629.48225006144
2017-07-02 19:44:41.720340010,0.1918,0.9184,-0.4052,138941.53468974447,-57553.08050313681,-131329.9166614536,199661.34865728611
2017-07-02 19:44:41.872850000,0.0157,0.8098,-0.4178,139012.40992700352,-57580.46318165473,-131398.43893444273,199763.6343490367
2017-07-02 19:44:42.272895991,0.6627,-0.0786,-0.0892,139198.4274409036,-57652.30273243199,-131578.19265239025,200032.0249211161
2017-07-02 19:44:42.472842991,0.0779,1.1976,-0.6989,139291.40397503038,-57688.16098206904,-131668.06330529126,200166.17604728928
2017-07-02 19:44:42.672921001,0.4999,1.0164,-0.36,139384.4614411817,-57724.0020391568,-131758.00725480373,200300.4268053909
2017-07-02 19:44:42.720260140,-0.3572,1.0598,-0.4366,139406.47835431504,-57732.479780398855,-131779.28927819105,200332.19040237
2017-07-02 19:44:42.872852981,3.1543,0.3671,-1.1404,139477.5210536935,-57759.79835874124,-131847.9162433243,200434.643221756
2017-07-02 19:44:43.272991001,2.9598,-0.3901,-1.2661,139664.2873386769,-57831.497218163546,-132028.0766672998,200703.78236789998
2017-07-02 19:44:43.473096013,-0.0096,0.9494,-0.0421,139757.68690086645,-57867.315083014786,-132118.17477480223,200838.3661271489
2017-07-02 19:44:43.672828018,2.6039,-0.3379,-2.51,139851.01623807172,-57903.079661152944,-132208.20506547677,200972.84110969416
2017-07-02 19:44:43.720869890,-0.5108,-0.5629,0.3874,139873.46372013818,-57911.68347391659,-132229.85930719346,201005.1855755271
2017-07-02 19:44:43.873000025,-0.1335,-0.7363,0.4334,139944.54317440596,-57938.94548111656,-132298.4199335405,201107.60424376896
2017-07-02 19:44:44.272850990,-0.2358,0.669,0.0558,140131.32702949885,-58010.49256815011,-132478.61221036952,201376.7334034228
2017-07-02 19:44:44.473088979,0.4227,-0.6766,-1.6725,140224.88188762162,-58046.34915827334,-132568.91623870953,201511.5721334822
2017-07-02 19:44:44.672847986,-0.1746,-0.6479,0.5988,140318.20598939675,-58082.145830735266,-132658.98035976043,201646.07525681445
2017-07-02 19:44:44.722039930,2.1087,0.0883,-1.6271,140341.19275416914,-58090.960778559485,-132681.1631678528,201679.20360665195
2017-07-02 19:44:44.872846007,1.0786,-0.194,-1.8797,140411.68703059308,-58117.988877655174,-132749.21100050112,201780.81055248054
2017-07-02 19:44:45.272843003,2.5347,-0.8017,-2.4783,140599.07110790905,-58189.80629090455,-132930.09712339632,202050.8922866104
2017-07-02 19:44:45.473019003,-0.3591,-0.4187,0.435,140692.831910521,-58225.76364459424,-133020.60302393074,202186.0364413142
2017-07-02 19:44:45.672837018,1.5511,-0.8266,-2.1261,140786.4869670249,-58261.68969776134,-133111.03195742783,202321.04741654012
2017-07-02 19:44:45.720279810,-0.0736,0.764,-0.0735,140808.72332175777,-58270.21790106506,-133132.50266485932,202353.10257950015
2017-07-02 19:44:45.872850000,-0.0985,1.0177,-0.1059,140880.23041365296,-58297.6198653922,-133201.55228705902,202456.18127154288
2017-07-02 19:44:46.272834002,-0.1252,-0.1841,0.3449,141067.67618366898,-58369.48738487468,-133382.5203088208,202726.37481434556
2017-07-02 19:44:46.472860991,1.4605,-0.3357,-1.2318,141161.47390098232,-58405.440862743606,-133473.0694349066,202861.57226208356
2017-07-02 19:44:46.672851026,0.3701,0.5542,-0.2076,141255.26909215466,-58441.36553259375,-133563.6101356603,202996.75417129684
2017-07-02 19:44:46.720379940,1.4254,-0.6781,-1.4909,141277.56334065465,-58449.9047925313,-133585.13108161135,203028.88592468793
2017-07-02 19:44:46.872852981,1.283,-0.6818,-1.1003,141349.1132506944,-58477.31464010087,-133654.1959850242,203132.00695281444
2017-07-02 19:44:47.272976994,1.5776,-0.6005,-1.3756,141537.12909565898,-58549.340467277456,-133835.6582661448,203402.96852633863
2017-07-02 19:44:47.472854018,0.2838,0.4094,-0.2069,141631.0614340314,-58585.303726527774,-133926.31378017404,203538.3327494001
2017-07-02 19:44:47.672951996,1.1254,-0.5185,-0.8603,141725.14266999747,-58621.32750167854,-134017.10395504022,203673.90666304372
2017-07-02 19:44:47.720310210,-0.2124,-0.4306,0.3293,141747.40888193005,-58629.85439892321,-134038.5909924915,203705.99310484808
2017-07-02 19:44:47.872741997,0.2877,-0.8858,0.2114,141819.0837777915,-58657.32048768873,-134107.74636422313,203809.2770343354
2017-07-02 19:44:48.273441970,0.3625,0.3195,-0.3439,142007.55497146476,-58729.46975284104,-134289.591456499,204080.84344194795
2017-07-02 19:44:48.472850024,2.3867,-0.2387,-1.2848,142101.44242945669,-58765.3842744306,-134380.13762440576,204216.09074068555
2017-07-02 19:44:48.672851026,-0.1232,-0.6121,0.2831,142195.6041375935,-58801.43007356356,-134470.9417109307,204351.73642368664
2017-07-02 19:44:48.720319740,1.0826,0.3294,-0.9162,142217.95514099332,-58809.98452712171,-134492.49543347734,204383.9337435548
2017-07-02 19:44:48.873377025,1.076,-0.2118,-1.2628,142290.04852946923,-58837.572318180595,-134562.02245969503,204487.78867027562
2017-07-02 19:44:55.473895013,0.2368,0.6414,-0.3942,145409.3560645275,-59999.33808195538,-137577.51434087756,208976.96967270746
2017-07-02 19:44:55.673869013,0.1354,-0.7375,0.3208,145503.8662446772,-60034.565258356655,-137668.86100468744,209112.98240003354
2017-07-02 19:44:55.873880028,0.894,-0.0282,-1.3315,145598.42968251175,-60069.800083399525,-137760.2778425459,209249.0806654317
2017-07-02 19:44:56.273162007,1.6893,-0.3384,-1.2155,145787.47598712597,-60140.193312619704,-137942.9670537035,209521.10434501636
2017-07-02 19:44:56.473891019,0.0695,-0.7156,0.2054,145882.51708102462,-60175.610578148735,-138034.80120181854,209657.86234046653
2017-07-02 19:44:56.673969984,0.976,0.1948,-1.0264,145977.2894617586,-60210.90534916269,-138126.37903983291,209794.22953986004
2017-07-02 19:44:56.739579790,-0.1174,0.5495,-0.0042,146008.36667370392,-60222.47682951091,-138156.40922218293,209838.9460118665
2017-07-02 19:44:56.873858988,0.2937,0.4021,-0.305,146071.97561875067,-60246.152153515126,-138217.87548559468,209930.46947554027
2017-07-02 19:44:57.273445010,0.577,-0.895,-0.2108,146261.35429171516,-60316.74773108697,-138400.81952792563,210202.95112605733
2017-07-02 19:44:57.473857998,0.4395,0.6119,-0.4712,146356.35511102751,-60352.130475131635,-138492.59432152333,210339.6325378994
2017-07-02 19:44:57.673916995,0.5966,0.3456,-0.5271,146451.21200774418,-60387.43689020678,-138584.22810903896,210476.09914972316
2017-07-02 19:44:57.738530150,1.1391,-0.5923,-0.7616,146481.85274302438,-60398.84229363147,-138613.82629910792,210520.17997028053
2017-07-02 19:44:57.873845994,0.3284,-0.4917,-0.9646,146546.02799468007,-60422.737017802545,-138675.82985364558,210612.51447940443
2017-07-02 19:44:58.273241996,0.4394,0.6248,-0.7133,146735.51669546744,-60493.16462323402,-138858.9523009718,210885.1428150951
2017-07-02 19:44:58.473843991,0.6397,0.2439,-0.5942,146830.7156773735,-60528.528017164914,-138950.95191577906,211022.10502351538
2017-07-02 19:44:58.673887014,0.3871,-0.4303,-0.324,146925.66488056953,-60563.81009136689,-139042.70814173965,211158.70993347533
2017-07-02 19:44:58.739529720,0.4087,-0.8723,-0.08,146956.82355247624,-60575.391413688885,-139072.81764434735,211203.5384199165
2017-07-02 19:44:58.873851001,0.5847,-0.8099,-0.3969,147020.59248375605,-60599.10428814489,-139134.43632631926,211295.28491341852
2017-07-02 19:44:59.273108005,0.6285,0.2755,-0.6772,147210.2396452222,-60669.54459540338,-139317.6998429652,211568.1209146405
2017-07-02 19:44:59.474077999,0.2093,-0.6067,-0.2028,147305.70888834426,-60705.02593039916,-139409.95555228685,211705.47407046103
2017-07-02 19:44:59.673848986,1.3518,-1.0589,-1.3188,147400.66250069247,-60740.33783927136,-139501.71348611862,211842.09216308972
2017-07-02 19:44:59.734599820,0.5819,0.3865,-0.7543,147429.5402684591,-60751.074848607335,-139529.62007669074,211883.6409866886
2017-07-02 19:44:59.874011993,0.2907,0.7712,-0.3147,147495.81517089662,-60775.699353642136,-139593.6667696302,211978.99171154236
2017-07-02 19:45:00.273123979,-0.2878,-0.3717,0.3098,147685.50245705718,-60846.254092482384,-139776.97158822542,212251.91650361122
2017-07-02 19:45:00.473846018,2.2133,-1.0418,-1.8401,147780.9894631026,-60881.77956813328,-139869.23367748363,212389.29930578644
2017-07-02 19:45:00.673849999,-0.2005,0.7686,-0.0357,147876.1268560025,-60917.147210612544,-139961.1671387091,212526.17727009923
2017-07-02 19:45:00.738520020,2.4259,-0.3132,-1.7036,147906.89907529418,-60928.58442375884,-139990.900366167,212570.4480384855
2017-07-02 19:45:00.873840987,3.1496,-0.295,-2.0085,147971.34711834387,-60952.52200819664,-140053.15344015104,212663.14983021293
2017-07-02 19:45:01.273217976,1.9694,-0.817,-1.8473,148161.86876038223,-61023.300060600915,-140237.17752635857,212937.1937107613
2017-07-02 19:45:01.473901987,-0.0877,0.718,-0.071,148257.60095764362,-61058.83659660594,-140329.65114091354,213074.8900212726
2017-07-02 19:45:01.673720002,2.5731,-0.5578,-1.6892,148353.02278602854,-61094.242055993476,-140421.79315641223,213212.11451371718
2017-07-02 19:45:01.740259880,-0.503,-0.2276,0.3245,148384.7962565662,-61106.03316655532,-140452.47523171498,213257.80841078324
2017-07-02 19:45:01.873869001,-0.202,-0.5194,0.4112,148448.59236884693,-61129.718465115315,-140514.07613630407,213349.55506950416
2017-07-02 19:45:02.273379027,-0.1101,0.6628,-0.1061,148639.3341265173,-61200.435044070706,-140698.2884221493,213623.8593043396
2017-07-02 19:45:02.474152982,2.0306,-0.4032,-1.0043,148735.27334208603,-61235.989947775066,-140790.9048781848,213761.7994344339
2017-07-02 19:45:02.673852026,0.3675,-0.73,0.2788,148830.7135705393,-61271.38360851253,-140883.0143623619,213899.01235639886
2017-07-02 19:45:02.738379950,1.2705,-0.3527,-1.4981,148861.55806597465,-61282.82168393144,-140912.78355590376,213943.35762731
2017-07-02 19:45:02.873852014,1.0807,0.1893,-0.9161,148926.33385652737,-61306.83168469799,-140975.29880114298,214036.48146807423
2017-07-02 19:45:03.273132026,0.3671,-0.4635,-0.5131,149117.30759777853,-61377.670819973995,-141159.63325981333,214311.06355608566
2017-07-02 19:45:03.473976016,0.7202,-0.6176,-0.6897,149213.39937990645,-61413.32890800184,-141252.384150322,214449.22837403734
2017-07-02 19:45:03.673973977,0.6125,0.5865,-0.5346,149309.11088748934,-61448.81333148294,-141344.7657234175,214586.83568958234
2017-07-02 19:45:03.738469950,0.0205,0.5023,-0.164,149339.97632148032,-61460.25437080678,-141374.557906558,214631.21165920698
2017-07-02 19:45:03.874031007,0.7893,0.4118,-0.6753,149404.8654325929,-61484.294186538624,-141437.1891071512,214724.49955484836
2017-07-02 19:45:04.273137986,1.6731,-0.6214,-1.0528,149596.17276656305,-61555.16908493496,-141621.75009358567,214999.47406225983
2017-07-02 19:45:04.473906993,0.2072,0.6228,-0.3633,149692.41742972078,-61590.79728629817,-141714.6073284545,215137.8071761765
2017-07-02 19:45:04.673901975,2.1001,0.5667,-0.9844,149788.3750404948,-61626.265463350246,-141807.1459447355,215275.68495587877
2017-07-02 19:45:04.738549820,0.3566,-0.3134,-0.2279,149819.39457283096,-61637.73176687578,-141837.0597583309,215320.25563895117
2017-07-02 19:45:04.873257994,-0.261,-0.3802,0.1214,149884.02593641874,-61661.63126159486,-141899.38964404023,215413.12583522178
2017-07-02 19:45:05.273127019,0.4344,0.7418,-0.5644,150075.94774933526,-61732.45613875593,-142084.50051451233,215688.87667249577
2017-07-02 19:45:05.473890006,1.506,0.2675,-1.2272,150172.36699231452,-61768.004535100896,-142177.48893766786,215827.3952790593
2017-07-02 19:45:05.673936009,0.1496,-0.4054,0.0575,150268.44788041533,-61803.442201070175,-142270.1429706058,215965.4265783455
2017-07-02 19:45:05.738639830,1.5378,-1.0184,-1.543,150299.53117332814,-61814.90859020465,-142300.1178871218,216010.082046247
2017-07-02 19:45:05.873884022,1.6513,-0.991,-1.8447,150364.53180355908,-61838.89381016893,-142362.8053219405,216103.46954943042
2017-07-02 19:45:06.743629930,0.1382,0.6319,-0.2984,150782.6508376473,-61992.66307082291,-142766.16954322375,216704.12371315164
2017-07-02 19:45:12.706969022,1.4583,0.7352,-1.6809,153701.3077607223,-63020.82422092801,-145591.57731359208,220890.52419128583
2017-07-02 19:45:12.907006978,1.6087,-0.4177,-1.6572,153799.2773765281,-63055.330212457564,-145686.42086255024,221031.0512427709
2017-07-02 19:45:13.106949985,-0.1879,0.9306,-0.0465,153897.19297885674,-63089.78262276052,-145781.22125249135,221171.49714198365
2017-07-02 19:45:13.307039976,3.0351,-0.8501,-1.976,153995.30207510907,-63124.29439465358,-145876.17044413928,221312.19285767913
2017-07-02 19:45:13.506206989,-0.3076,-0.4736,0.3869,154092.9464105827,-63158.665756674425,-145970.66630542942,221452.2264853281
2017-07-02 19:45:13.707117974,1.7856,-0.8715,-2.261,154191.51782817955,-63193.3732639606,-146066.08086939272,221593.6068012343
2017-07-02 19:45:13.906966984,0.04,0.656,0.0014,154289.56981470194,-63227.87111395874,-146160.99103527347,221734.23357619467
2017-07-02 19:45:14.106319010,2.9818,-0.5654,-2.0121,154387.49646619885,-63262.30564448453,-146255.74514212916,221874.65237749935
2017-07-02 19:45:14.307147979,-0.116,-0.6347,0.4799,154486.14395012532,-63297.02088964103,-146351.18190001015,222016.1029511426
2017-07-02 19:45:14.506250023,1.4822,-0.5768,-1.8318,154584.00192277564,-63331.460484264324,-146445.87061430715,222156.43262690603
2017-07-02 19:45:14.706152975,0.073,0.859,-0.1681,154682.25645613152,-63366.004288958924,-146540.94694095835,222297.32362820202
2017-07-02 19:45:14.906997025,2.2954,-0.3977,-1.8488,154781.0661422725,-63400.72676064776,-146636.54544301526,222438.99624251662
2017-07-02 19:45:15.107044994,-0.2943,-0.452,0.1668,154879.47240105682,-63435.32969233792,-146731.75834825964,222580.10003676743
2017-07-02 19:45:15.307124972,1.1492,-0.1837,-1.4864,154977.94041026593,-63469.94551460428,-146827.04599176068,222721.29990663528
2017-07-02 19:45:15.506232976,-0.199,0.762,-0.0826,155075.92217988323,-63504.362966994544,-146921.87400940515,222861.80206177215
2017-07-02 19:45:15.706937015,1.9902,-0.2772,-1.4257,155174.76953356017,-63539.06747333301,-147017.5195916154,223003.52746547596
2017-07-02 19:45:15.906744003,-0.0139,-0.6766,0.2548,155273.17453194584,-63573.64387892571,-147112.72751151017,223144.6201931573
2017-07-02 19:45:16.106950998,0.7718,0.0862,-1.0767,155371.80746982928,-63608.28605020113,-147208.1691917152,223286.04454256105
2017-07-02 19:45:16.306582987,0.3609,0.3298,-0.5786,155470.17151116728,-63642.81558367234,-147303.35981683343,223427.08434399037
2017-07-02 19:45:16.506241023,0.3913,-0.7588,-0.5945,155568.56398508314,-63677.37987068306,-147398.5865607067,223568.17780639158
2017-07-02 19:45:16.706898987,0.3823,-0.7711,-0.3611,155667.46462127578,-63712.14830994026,-147494.30475864894,223710.00719708804
2017-07-02 19:45:16.906929016,0.5996,0.2045,-0.9031,155766.07975100778,-63746.79976308582,-147589.75955283464,223851.4311008438
2017-07-02 19:45:17.106939017,0.421,0.2899,-0.5053,155864.70184858743,-63781.43614959605,-147685.2250036337,223992.8627524278
2017-07-02 19:45:17.307017028,1.2775,-0.7419,-1.133,155963.40862080583,-63816.11401277563,-147780.76827119756,224134.4166056106
2017-07-02 19:45:17.506174981,0.0422,-0.6612,0.0694,156061.66316411027,-63850.65863569276,-147875.86943072185,224275.32650216314
2017-07-02 19:45:17.707135975,0.9482,0.1126,-1.0064,156160.84553075652,-63885.51145480394,-147971.8722154161,224417.5644143259
2017-07-02 19:45:17.906912982,0.3481,0.3809,-0.3704,156259.45744496895,-63920.14373209914,-148067.324170596,224558.97956387457
2017-07-02 19:45:18.106986999,0.7683,-0.5252,-0.5072,156358.24672101747,-63954.8485210175,-148162.938337945,224700.64589126254
2017-07-02 19:45:18.307164013,0.7732,-0.5619,-0.7077,156457.1178360113,-63989.593691572976,-148258.63008507108,224842.4319764089
2017-07-02 19:45:18.506183981,0.3514,0.5735,-0.7173,156555.43138325418,-64024.11531534346,-148353.79713446947,224983.42063744282
2017-07-02 19:45:18.706941008,0.7365,0.2794,-0.7209,156654.63270086283,-64058.92698528701,-148449.82386266656,225125.67662975562
2017-07-02 19:45:18.907177984,0.3638,-0.4935,-0.6154,156753.5916289435,-64093.66826415398,-148545.62651281356,225267.59632981682
2017-07-02 19:45:19.106714010,0.6356,-1.0171,-0.4519,156852.2294473583,-64128.32842307926,-148641.11178822143,225409.06038263766
2017-07-02 19:45:19.306927025,0.7525,0.4332,-0.8234,156951.23208988257,-64163.08881261166,-148736.95403378512,225551.04237346275
2017-07-02 19:45:19.506242990,0.6586,0.2254,-0.5985,157049.8173173555,-64197.684504552184,-148832.39063680248,225692.4197172482
2017-07-02 19:45:19.706974983,0.3425,-0.6288,-0.4465,157149.11673797297,-64232.55131590359,-148928.52325426243,225834.83030473982
2017-07-02 19:45:19.907126009,2.3717,-1.047,-1.9525,157248.2237733488,-64267.35915753265,-149024.45585864238,225976.958508873
2017-07-02 19:45:20.106943011,-0.0265,1.067,-0.3314,157347.16435491687,-64302.06630782211,-149120.24159670883,226118.84555660014
2017-07-02 19:45:20.307026982,1.928,0.2797,-1.9182,157446.3143125513,-64336.80863181005,-149216.23210342857,226261.02350753456
2017-07-02 19:45:20.506170988,-0.1171,-0.5243,-0.0492,157544.99383431007,-64371.40853434659,-149311.77361208844,226402.53765834006
2017-07-02 19:45:20.706929981,1.6872,-0.9507,-2.1115,157644.54161306482,-64406.327346953825,-149408.1750306358,226545.31394116586
2017-07-02 19:45:20.906926989,0.1819,0.7467,-0.3715,157743.71883190415,-64441.08375736361,-149504.22541511746,226687.55484965784
2017-07-02 19:45:21.107008993,1.6046,0.5011,-1.3563,157843.00243635272,-64475.834878333415,-149600.37091620013,226829.93118114996
2017-07-02 19:45:21.307238996,-0.0354,-0.522,0.0991,157942.3580608019,-64510.63263247161,-149696.5835621905,226972.41533419903
2017-07-02 19:45:21.506160020,1.6364,-0.8521,-1.4952,158041.12891173564,-64545.23661780891,-149792.22639427643,227114.06184095898
2017-07-02 19:45:21.706900000,0.3376,0.7767,-0.5279,158140.81653844353,-64580.125727520164,-149888.76506761523,227257.01834689884
2017-07-02 19:45:21.906933009,1.7749,0.3354,-1.7154,158240.22410225225,-64614.87854347768,-149985.03238733063,227399.5624299836
2017-07-02 19:45:22.106438994,-0.036,-0.6624,0.1138,158339.368325533,-64649.566161974224,-150081.04154342733,227541.7346277826
2017-07-02 19:45:22.306811988,1.1781,-0.7759,-1.3942,158438.9907076706,-64684.43567707906,-150177.52391034216,227684.60352682808
2017-07-02 19:45:22.505966007,0.4662,1.0075,-0.5285,158538.02552469267,-64719.053102672886,-150273.44028547913,227826.61878500535
2017-07-02 19:45:22.707090020,2.1418,0.5573,-1.6694,158638.12661311938,-64753.99041404355,-150370.37297599134,227970.13742769224
2017-07-02 19:45:22.906940996,-0.3873,-0.422,0.3834,158737.57863155694,-64788.72344063715,-150466.676807012,228112.73174512398
2017-07-02 19:45:23.107051014,2.2172,-0.6355,-2.1004,158837.2483428943,-64823.52693531378,-150563.18957318665,228255.63554910748
2017-07-02 19:45:23.306749999,-0.0154,1.0347,-0.0137,158936.71271499945,-64858.217678881214,-150659.50464510405,228398.23420735882
2017-07-02 19:45:39.190506994,2.4016,-0.7895,-1.7706,167453.8679524086,-67816.65316524055,-158766.97193335035,240513.71627340192
2017-07-02 19:45:39.390452027,-0.1524,-0.5259,0.2609,167561.07597072434,-67853.91503144831,-158869.01845441078,240666.22735695544
2017-07-02 19:45:39.590562999,1.4482,-0.7052,-2.0475,167668.43095575183,-67891.23606145095,-158971.23165714677,240818.96762444937
2017-07-02 19:45:39.790656983,-0.0069,0.6378,-0.1275,167775.77655084425,-67928.52838718043,-159073.44128750227,240971.69105339993
2017-07-02 19:45:39.989775002,2.3352,0.0619,-2.0148,167882.69115023533,-67965.63636415209,-159175.23226977908,241123.7862226943
2017-07-02 19:45:40.190487027,-0.365,-0.506,0.2732,167990.4469324304,-68003.06178719773,-159277.8271167921,241277.08735816143
2017-07-02 19:45:40.390438973,2.419,-1.3028,-2.1098,168097.8913663491,-68040.39757037908,-159380.11779748445,241429.94580724274
2017-07-02 19:45:40.590703010,-0.2753,0.7912,-0.2301,168205.49246167086,-68077.75989675407,-159482.57736486007,241583.03245421
2017-07-02 19:45:40.790337979,2.1894,-0.0363,-1.7105,168312.84281779264,-68115.00630755394,-159584.78325742908,241735.7445414428
2017-07-02 19:45:40.989709973,-0.2476,-0.531,0.3971,168420.0419216191,-68152.22476125108,-159686.83873189357,241888.24428850153
2017-07-02 19:45:41.190430998,1.3827,-0.3373,-1.783,168528.02208514774,-68189.7086394128,-159789.6565898564,242041.8661004007
2017-07-02 19:45:41.390439987,-0.109,0.5847,-0.0251,168635.61484040134,-68227.03615749217,-159892.11071674377,242194.9341437417
2017-07-02 19:45:41.590431988,1.7354,-0.7139,-1.2071,168743.26786758457,-68264.38905883051,-159994.60442170655,242348.07758318435
2017-07-02 19:45:41.790500998,-0.276,-0.4511,0.3675,168850.95130006553,-68301.7743997463,-160097.1228827902,242501.26782439338
2017-07-02 19:45:41.990020990,1.6369,-0.4183,-1.6979,168958.4043958818,-68339.07380171696,-160199.4276089318,242654.13252262617
2017-07-02 19:45:42.190425992,-0.2106,0.5226,-0.0107,169066.32566279708,-68376.51766374274,-160302.18655745746,242807.6639153735
2017-07-02 19:45:42.390097022,1.5575,-0.9748,-1.3566,169173.91376938843,-68413.86325357236,-160404.623242773,242960.7230459008
2017-07-02 19:45:42.590586006,-0.1462,-0.4479,0.1717,169281.9367349036,-68451.37983362823,-160507.47265917945,243114.4057543378
2017-07-02 19:45:42.790512979,0.7383,-0.1952,-1.0513,169389.68640072856,-68488.79904945358,-160610.07578925445,243267.70829521056
2017-07-02 19:45:42.989709973,0.4257,0.2203,-0.5807,169497.0595394747,-68526.07289780205,-160712.32733374063,243420.47575409614
2017-07-02 19:45:43.190447986,1.1948,-1.0256,-0.9549,169605.31147892337,-68563.67642977332,-160815.4083905273,243574.4957569272
2017-07-02 19:45:43.390430986,0.2554,-0.7658,-0.0383,169713.1664769585,-68601.16915466015,-160918.10327202803,243727.95335309653
2017-07-02 19:45:43.590668976,0.714,0.1396,-0.9186,169821.18762442307,-68638.70408766276,-161020.96592699707,243881.64943895716
2017-07-02 19:45:43.790417015,0.4015,0.2681,-0.7002,169928.96048061876,-68676.13648156635,-161123.6048306351,244034.99619045848
2017-07-02 19:45:43.989736974,0.8467,-0.6521,-1.0013,170036.5360068937,-68713.51456103045,-161226.0635489433,244188.07142864392
2017-07-02 19:45:44.191034018,0.3516,-0.7757,-0.0281,170145.19283818922,-68751.29483110365,-161329.5397094936,244342.6847068989
2017-07-02 19:45:44.390437006,0.4318,0.6669,-0.7185,170252.84445826735,-68788.69309985616,-161432.0708047356,244495.86669067095
2017-07-02 19:45:44.590631008,1.0154,0.2177,-0.9927,170360.96381762586,-68826.230999328,-161535.04841682687,244649.70863148375
2017-07-02 19:45:44.790611982,0.264,-0.4614,-0.3062,170468.97868432116,-68863.74740691678,-161637.92869530723,244803.4076427622
2017-07-02 19:45:44.989749014,0.6146,-0.6557,-1.0616,170576.5620885454,-68901.13149323304,-161740.4169058853,244956.51025413626
2017-07-02 19:45:45.190523028,0.6186,0.5566,-0.8723,170685.05480508614,-68938.80045427073,-161843.78277105273,245110.90584372764
2017-07-02 19:45:45.391049027,0.9355,0.1627,-0.7744,170793.45111827753,-68976.41634077762,-161947.05208810128,245265.1557725515
2017-07-02 19:45:45.590444982,-0.138,-0.5467,0.0514,170901.2310882946,-69013.84198286489,-162049.73739775154,245418.5375300952
2017-07-02 19:45:45.790691018,1.633,-0.8694,-1.714,171009.5360354269,-69051.46204259763,-162152.92921252444,245572.67412616214
2017-07-02 19:45:45.989786982,0.0959,0.6997,-0.3521,171117.2227567284,-69088.83830368993,-162255.5423232564,245725.9296792735
2017-07-02 19:45:46.190430998,1.3804,-0.124,-1.4735,171225.80235820665,-69126.51017239042,-162359.0126128036,245880.45627586948
2017-07-02 19:45:46.390432000,-0.238,-0.2537,0.2568,171334.02446906312,-69164.07146025453,-162462.14103379118,246034.47724050417
2017-07-02 19:45:46.590418994,2.1194,-1.5809,-1.8284,171442.3237650553,-69201.69334511501,-162565.33535818857,246188.6126528067
2017-07-02 19:45:46.790722012,-0.2127,0.9335,-0.1167,171550.7856642598,-69239.33722770166,-162668.69743476188,246342.9783997878
2017-07-02 19:45:46.989723980,2.3634,-0.4531,-1.6642,171658.63665393664,-69276.75454144742,-162771.4540376738,246496.45536441848
2017-07-02 19:45:47.190433979,0.0819,-0.4798,0.0942,171767.41662639173,-69314.51233595828,-162875.08880421528,246651.2549894226
2017-07-02 19:45:47.390417993,1.4981,-0.8996,-1.4876,171875.86304692976,-69352.16953558865,-162978.40820955075,246805.585957731
2017-07-02 19:45:47.590611994,0.0928,0.7369,-0.3491,171984.42705746685,-69389.83674277994,-163081.85009332089,246960.08265170138
2017-07-02 19:45:47.790436983,2.6338,-0.0188,-1.493,172092.89612270435,-69427.43526974675,-163185.16092109043,247114.40752994746
2017-07-02 19:45:47.989718973,-0.2424,-0.4159,0.2589,172201.0608105421,-69464.94814426343,-163288.18073304507,247268.30434179958
2017-07-02 19:45:48.190620005,1.6006,-1.2706,-1.4612,172310.16887124942,-69502.81707048406,-163392.09649260365,247423.54995719378
2017-07-02 19:45:48.390421986,0.0645,0.6217,-0.4211,172418.68261930812,-69540.4540118339,-163495.46058033174,247577.95235182898
2017-07-02 19:45:48.590593993,1.7934,-0.6349,-1.6996,172527.46919032448,-69578.18609513158,-163599.08419557742,247732.7430016847
2017-07-02 19:45:48.790430009,-0.1003,-0.4147,0.1728,172636.06915641524,-69615.87140550595,-163702.52697673131,247887.2712825206
2017-07-02 19:45:48.989709973,1.4297,-1.1472,-1.5521,172744.42371556468,-69653.49741312639,-163805.7435618353,248041.4627648948
2017-07-02 19:45:49.190688014,0.1481,0.6586,-0.3362,172853.70755275027,-69691.41743201893,-163909.8532417459,248196.9739302764
2017-07-02 19:45:49.391224980,2.2165,-0.7297,-1.7167,172962.84068766836,-69729.28357495708,-164013.8034753214,248352.25985898715
2017-07-02 19:45:49.590484976,-0.2527,-0.4612,0.2172,173071.26885632792,-69766.92690736141,-164117.08315558877,248506.5495658714
2017-07-02 19:45:49.790547013,1.3907,-0.7773,-1.5506,173180.1891215014,-69804.7528691571,-164220.84060916852,248661.54893281154
2017-07-02 19:45:56.673573970,0.0906,0.7444,-0.3276,176931.82462964693,-71070.86803445034,-167806.08048291432,253997.67616453642
2017-07-02 19:45:56.873574972,0.4795,-0.833,-0.2684,177040.85556665124,-71107.69102643419,-167910.26799642507,254152.76186088158
2017-07-02 19:45:57.273805022,0.9739,0.115,-0.7626,177259.19776367044,-71181.36057570101,-168118.8839769692,254463.29486762843
2017-07-02 19:45:57.472784996,0.9156,-0.3674,-1.0715,177367.78589586326,-71218.00097023365,-168222.64275699324,254617.73832933157
2017-07-02 19:45:57.673618018,0.3509,-0.8751,0.0239,177477.39943384833,-71255.01788329183,-168327.36685118018,254773.63936326257
2017-07-02 19:45:57.735689990,0.9739,0.2873,-0.9097,177511.28172069698,-71266.45768764542,-168359.73769786235,254821.82874934914
2017-07-02 19:45:57.873817980,0.9264,-0.0385,-1.2626,177586.6972288018,-71291.91527704844,-168431.79623137147,254929.09249089286
2017-07-02 19:45:58.272969007,1.2936,-0.7074,-1.1722,177804.83292644136,-71365.59325165953,-168640.21187532254,255239.35349689852
2017-07-02 19:45:58.472932994,0.318,-0.7533,0.1124,177914.1257911189,-71402.53406715966,-168744.6180433188,255394.80054577367
2017-07-02 19:45:58.673681974,1.2264,0.1006,-1.1526,178023.89712782914,-71439.6158459849,-168849.48052562875,255550.92199907335
2017-07-02 19:45:58.735769860,0.2837,0.437,-0.222,178057.84843251915,-71451.08285854905,-168881.9133760777,255599.2083235827
2017-07-02 19:45:58.873558998,0.373,0.3075,-0.3195,178133.20227362568,-71476.52529829317,-168953.89635726647,255706.3755858972
2017-07-02 19:45:59.272864997,0.0237,-0.6829,0.1661,178351.57769801107,-71550.36509555232,-169162.4729362577,256016.95698251438
2017-07-02 19:45:59.472863018,1.0591,-0.1793,-1.3598,178460.9964612806,-71587.35596752973,-169266.99583787148,256172.5837640574
2017-07-02 19:45:59.673816978,0.397,0.3242,-0.3639,178570.954249891,-71624.5105543379,-169372.03302720856,256328.971803101
2017-07-02 19:45:59.736590020,1.0111,-0.5019,-0.9383,178605.30632497426,-71636.11870511889,-169404.8477420351,256377.8293633712
2017-07-02 19:45:59.873557984,1.1531,-0.5873,-0.9334,178680.28264547375,-71661.45818769584,-169476.4654897418,256484.4641508505
2017-07-02 19:46:00.273555994,1.0527,0.0504,-1.1203,178899.4101529505,-71735.45095075203,-169685.79551637982,256796.11187907038
2017-07-02 19:46:00.472935974,0.3343,0.2194,-0.4076,179008.64808070794,-71772.32410161367,-169790.15277985643,256951.4712462974
2017-07-02 19:46:00.673559010,1.4968,-0.5292,-0.9369,179118.62730971875,-71809.44844220296,-169895.19837980584,257107.87223927025
2017-07-02 19:46:00.735650060,0.1429,-0.7343,-0.05,179152.6654564406,-71820.94092724672,-169927.70925394006,257156.2782980691
2017-07-02 19:46:00.873562991,0.2793,-0.8577,-0.0186,179228.2742668122,-71846.48366190972,-169999.92081917002,257263.80349704227
2017-07-02 19:46:01.273616015,0.226,0.2803,-0.3233,179447.63383856992,-71920.53227656882,-170209.44135274197,257575.75619382143
2017-07-02 19:46:01.472800016,1.6719,-0.5929,-0.9386,179556.917984963,-71957.4241605121,-170313.7976079007,257731.15322696156
2017-07-02 19:46:01.673673987,-0.1629,-0.5059,0.1703,179667.12277597163,-71994.64946565502,-170419.03239855386,257887.8654802082
2017-07-02 19:46:01.737519860,1.0785,-0.1344,-1.2287,179702.15471243835,-72006.48172118489,-170452.48528013902,257937.68153632086
2017-07-02 19:46:01.873592019,1.4149,-0.7527,-1.6566,179776.8430771565,-72031.7132715096,-170523.81274348684,258043.894979504
2017-07-02 19:46:02.273993015,1.1619,-0.7797,-1.4484,179996.80462509894,-72106.08371790458,-170733.93055700354,258356.75340084147
2017-07-02 19:46:02.472876012,0.0493,-0.3646,0.2325,180106.06357578145,-72143.03865013138,-170838.28888438403,258512.152734416
2017-07-02 19:46:02.673655986,1.1624,-0.6901,-1.543,180216.41151471576,-72180.37388398108,-170943.7048000828,258669.11598420583
2017-07-02 19:46:02.735549920,0.1639,0.4203,-0.3383,180250.4288222124,-72191.88151183799,-170976.2023933715,258717.50352782442
2017-07-02 19:46:02.873712003,0.0034,0.5497,-0.1859,180326.36366388545,-72217.5587999605,-171048.74835269133,258825.51563609016
2017-07-02 19:46:03.273652017,-0.0876,-0.414,0.1277,180546.15946518953,-72291.95348090105,-171258.72788741617,259138.17571583402
2017-07-02 19:46:03.473160982,2.403,-1.1313,-1.3493,180655.89963870106,-72329.11009089864,-171363.5293023204,259294.2602830942
2017-07-02 19:46:03.673600971,0.2679,0.4628,-0.2828,180766.1626864123,-72366.42150154729,-171468.83114295095,259451.08322541247
2017-07-02 19:46:03.738070010,2.3285,-0.298,-1.6483,180801.63710738817,-72378.42349305669,-171502.7070260529,259501.53503460455
2017-07-02 19:46:03.873556971,2.1561,-0.2736,-1.5375,180876.22908487948,-72403.6516827418,-171573.92818992797,259607.61132810448
2017-07-02 19:46:04.272988021,1.0031,-1.169,-1.6044,181096.29480168896,-72478.2137783356,-171784.15229734973,259920.66952037002
2017-07-02 19:46:04.472815990,0.7669,0.6155,-0.2408,181206.42023413506,-72515.49123847467,-171889.3331467731,260077.30783993748
2017-07-02 19:46:04.673556983,1.5657,-0.1469,-1.2479,181317.11192812712,-72552.9449408178,-171995.04485932537,260234.74086621037
2017-07-02 19:46:04.735520120,0.0417,-0.4426,0.0587,181351.27952208277,-72564.50755182377,-172027.67488664354,260283.3365151139
2017-07-02 19:46:04.873637020,0.5373,-0.4301,-0.1945,181427.44992740295,-72590.28901568748,-172100.41149008833,260391.668994227
2017-07-02 19:46:05.273600995,1.0654,0.2187,-1.0478,181648.19740875965,-72664.91293681649,-172311.21242678197,260705.60239848014
2017-07-02 19:46:05.472850978,0.3089,0.3353,-0.3915,181758.1794061795,-72702.07501086919,-172416.24263506432,260862.00991391667
2017-07-02 19:46:05.673555016,1.2558,-0.6371,-1.1124,181869.01459909327,-72739.53394415884,-172522.08412600262,261019.63102578733
2017-07-02 19:46:05.737869730,0.5583,-0.9977,-0.1337,181904.5335517698,-72751.54161916384,-172556.00111284098,261070.14316981297
2017-07-02 19:46:05.873579978,0.1348,-0.7299,0.1053,181979.4844494328,-72776.89241401473,-172627.5672861312,261176.73291671713
2017-07-02 19:46:06.273544013,0.1369,0.4414,-0.2317,182200.40096797698,-72851.53543966082,-172838.52354040253,261490.89381550942
2017-07-02 19:46:06.472868025,1.5935,-0.4943,-1.414,182310.55909371376,-72888.75379120861,-172943.71078870184,261647.54439448513
2017-07-02 19:46:06.673849999,0.3828,-0.731,-0.001,182421.6489691067,-72926.31125001321,-173049.7730169409,261805.51718089622
2017-07-02 19:46:06.735679860,0.8789,-0.0113,-1.3643,182455.8278892938,-72937.86542620837,-173082.40709324926,261854.12158087667
2017-07-02 19:46:06.873555004,0.9481,-0.2476,-1.4285,182532.06189376034,-72963.63492818721,-173155.20536412785,261962.5369891936
2017-07-02 19:46:07.273724973,2.2228,-0.73,-1.8984,182753.68005507556,-73038.54544515097,-173366.79967547435,262277.684762033
2017-07-02 19:46:07.736280080,0.1537,0.4952,-0.2733,183009.88061969136,-73125.02830547171,-173611.43929526646,262641.9959246497
2017-07-02 19:46:15.223693013,1.0109,-0.1539,-1.4235,187213.69008878624,-74533.56045533308,-177651.24182932463,268633.91653756244
2017-07-02 19:46:15.239350190,0.0225,-0.3547,0.3003,187222.4808194191,-74536.50597048448,-177659.68952049388,268646.4467045565
2017-07-02 19:46:15.423712015,0.1195,0.4615,-0.1329,187325.99492912204,-74571.17345553328,-177759.16482739107,268793.9898265068
2017-07-02 19:46:15.623878002,1.991,-0.8789,-1.4323,187438.46241469905,-74608.84797708192,-177867.22490427774,268954.2843756217
2017-07-02 19:46:15.822933971,0.0043,-0.6862,0.2675,187550.30638360884,-74646.34076453217,-177974.67513612026,269113.6908518921
2017-07-02 19:46:16.223923981,0.1057,0.5148,-0.2717,187775.62842522401,-74721.78565667641,-178191.17286792002,269434.82694383635
2017-07-02 19:46:16.241209860,1.0352,-0.1703,-1.4344,187785.34191803995,-74725.03798628312,-178200.50608163374,269448.67101004045
2017-07-02 19:46:16.423717975,2.1479,-0.7388,-1.54,187887.9706579284,-74759.40140693478,-178299.09950239398,269594.93040493614
2017-07-02 19:46:16.623679995,-0.0022,-0.4178,0.1969,188000.41406398482,-74797.06783028765,-178407.11389225218,269755.1766539457
2017-07-02 19:46:16.823028028,1.9124,-0.724,-1.1863,188112.5882086129,-74834.64736970427,-178514.84376510506,269915.0231720551
2017-07-02 19:46:17.223748028,1.544,0.0876,-1.3385,188338.3233058936,-74910.1739183175,-178731.61219870797,270236.65069952526
2017-07-02 19:46:17.236819980,-0.1006,0.2884,-0.2327,188345.68702986033,-74912.63763280759,-178738.68347664003,270247.1425765996
2017-07-02 19:46:17.423744022,0.4838,-0.3526,-0.3702,188451.00244256388,-74947.8801519038,-178839.81305078353,270397.1963480956
2017-07-02 19:46:17.623932003,0.7117,-0.7716,-0.7637,188563.81945086914,-74985.65436618596,-178948.14928161394,270557.946654575
2017-07-02 19:46:17.822944998,0.3082,0.1836,-0.6182,188675.98649614662,-75023.19959629887,-179055.8741268649,270717.77632304805
2017-07-02 19:46:18.223667979,1.3913,-0.28,-0.7577,188902.06406927283,-75098.84382533118,-179272.9053571865,271039.85084990715
2017-07-02 19:46:18.237320060,0.2703,0.3291,-0.3026,188909.76627172864,-75101.42085887199,-179280.29936920104,271050.8235548656
2017-07-02 19:46:18.423708021,0.2289,-0.6565,0.0286,189014.9301931542,-75136.62716857299,-179381.24670892127,271200.642051303
2017-07-02 19:46:18.623690009,0.8271,-0.2116,-1.287,189127.79722227098,-75174.40967914891,-179489.60801668072,271361.4470383342
2017-07-02 19:46:18.822930991,0.4044,0.3279,-0.3804,189240.2620914488,-75212.03917514536,-179597.58290711034,271521.6739404061
2017-07-02 19:46:19.223677992,-0.0213,-0.4476,0.101,189466.4669466784,-75287.79783535837,-179814.74396161543,271843.9566113911
2017-07-02 19:46:19.237320060,1.3263,-0.7404,-1.0994,189474.1675680845,-75290.37691894908,-179822.13667537234,271854.9279868075
2017-07-02 19:46:19.423740983,0.8815,-0.1633,-1.3654,189579.42835911145,-75325.62616150719,-179923.2066786538,272004.90788792796
2017-07-02 19:46:19.623681008,0.3322,0.3811,-0.43,189692.33586180213,-75363.41641717426,-180031.62339054805,272165.78080172255
2017-07-02 19:46:19.822933971,1.7858,-0.7243,-1.6132,189804.92627524477,-75401.10556862896,-180139.73159255952,272326.20082827506
2017-07-02 19:46:20.223671972,1.4987,-1.1778,-1.7895,190031.60904206336,-75477.09521762042,-180357.44642565606,272649.2487038773
2017-07-02 19:46:20.243830080,0.1481,-0.4406,0.0117,190043.0118034696,-75480.91786307596,-180368.3980129839,272665.4989149824
2017-07-02 19:46:20.423676013,0.1921,0.5488,-0.3034,190144.7507917747,-75515.00486261316,-180466.11533145263,272810.48549476935
2017-07-02 19:46:20.623932003,1.4508,-0.0637,-1.4598,190258.09394631875,-75552.96282555307,-180574.9807724853,272972.0062291903
2017-07-02 19:46:20.822929978,0.2137,-0.4581,-0.1455,190370.7335378386,-75590.70047611634,-180683.1680789104,273132.5271973964
2017-07-02 19:46:21.223846971,0.6418,0.1145,-0.7922,190597.76928947747,-75666.71131496788,-180901.25808080612,273456.0769750162
2017-07-02 19:46:21.236679910,0.6014,-0.9464,-0.5282,190605.03656851465,-75669.14449929573,-180908.2390035756,273466.43365121604
2017-07-02 19:46:21.423663020,0.5262,0.0997,-0.523,190710.94329244294,-75704.59387219691,-181009.9732443915,273617.360265724
2017-07-02 19:46:21.623669028,0.8556,-0.6427,-0.85,190824.260376364,-75742.53791329596,-181118.82701835106,273778.85217495676
2017-07-02 19:46:21.823119997,0.1963,-0.7245,0.0266,190937.2708016762,-75780.40547655427,-181227.3776527696,273939.90882360167
2017-07-02 19:46:22.223672986,0.3207,0.2022,-0.513,191164.27860423905,-75856.42162846372,-181445.45980861888,274263.437230914
2017-07-02 19:46:22.236960050,0.6514,-0.1776,-1.0324,191171.80897686994,-75858.94325247443,-181452.69416873818,274274.169472746
2017-07-02 19:46:22.423677027,1.2539,-0.5452,-0.9694,191277.67354238825,-75894.39747813229,-181554.38908848327,274425.0428835706
2017-07-02 19:46:22.623722016,0.0668,-0.5536,0.0865,191391.09748121328,-75932.40460965746,-181663.33961401763,274586.69163778843
2017-07-02 19:46:22.823001027,1.3676,-0.6386,-1.5137,191504.14142682473,-75970.29157094854,-181771.93307710756,274747.80625073
2017-07-02 19:46:23.223684012,1.9336,-0.6965,-1.5623,191731.74516791452,-76046.58131276128,-181990.52878547524,275072.1672618104
2017-07-02 19:46:23.236799710,0.2637,0.3764,-0.4239,191739.1954471112,-76049.07846713964,-181997.68422910562,275082.78475972265
2017-07-02 19:46:23.423838973,0.0448,-0.4587,0.0604,191845.44334073635,-76084.705727111,-182099.72387574916,275234.2021112363
2017-07-02 19:46:23.623685002,1.2283,-1.029,-1.7876,191959.01519061995,-76122.81351796848,-182208.8216733249,275396.0801217504
2017-07-02 19:46:23.822938978,0.3657,0.2523,-0.4414,192072.2650977797,-76160.79839590116,-182317.6137882139,275557.4976833713
2017-07-02 19:46:24.223676025,0.4414,-0.4736,-0.3921,192300.1027464891,-76237.26915187792,-182536.47806505163,275882.2512385297
2017-07-02 19:46:24.237600200,1.2566,0.1551,-1.4871,192308.01953119546,-76239.92620628786,-182544.08310196153,275893.5356246802
2017-07-02 19:46:24.423838973,0.4055,-0.8002,-0.3722,192413.922258605,-76275.49262342721,-182645.81498193403,276044.4927621304
2017-07-02 19:46:24.623679995,0.8247,0.1372,-0.9831,192527.59269800156,-76313.65121189608,-182755.01627525885,276206.52288667735
2017-07-02 19:46:24.822932004,0.3684,0.088,-0.3044,192640.94273023322,-76351.69383772124,-182863.90779292778,276368.09284210525
2017-07-02 19:46:25.223724007,-0.0871,-0.4594,0.1139,192868.9303871872,-76428.28972327938,-183082.92291921398,276693.0870899489
2017-07-02 19:46:25.237609740,1.7696,-0.5769,-1.5166,192876.82952803696,-76430.94355516613,-183090.51115137388,276704.347228575
2017-07-02 19:46:25.423873007,1.4994,-1.3251,-1.7017,192982.8406489225,-76466.5880376327,-183192.3587606936,276855.4788682195
2017-07-02 19:46:25.623857021,0.0968,0.47,-0.3393,193096.66475885507,-76504.83940949854,-183301.72235995348,277017.7499984293
2017-07-02 19:46:52.590946018,1.7711,-0.3844,-1.6677,209733.4023270898,-81942.4373024169,-199261.78196011344,300679.0994277408
2017-07-02 19:46:52.790772020,0.919,-0.553,-1.491,209856.7171698982,-81982.75195862942,-199380.1054625835,300854.5160277767
2017-07-02 19:46:52.991034984,-0.074,0.7425,-0.0937,209980.29869901587,-82023.12499324966,-199498.69146238812,301030.3087242069
2017-07-02 19:46:53.190778970,2.0731,-0.9626,-1.482,210103.6426805817,-82063.43180733794,-199617.02927696175,301205.7534062166
2017-07-02 19:46:53.390272021,-0.2513,-0.5353,0.412,210226.8217060782,-82103.70928824529,-199735.20202917457,301380.96584416716
2017-07-02 19:46:53.590770006,2.3693,-1.1939,-2.3022,210350.7164828931,-82144.23765860435,-199854.06261652886,301557.20195298136
2017-07-02 19:46:53.790795028,0.0643,0.7824,-0.3012,210474.32157183174,-82184.63912108082,-199972.6548697361,301733.0237879767
2017-07-02 19:46:53.990944981,2.5944,-0.9659,-1.8155,210598.10779332218,-82225.10451133338,-200091.3939218571,301909.08687818464
2017-07-02 19:46:54.190571010,-0.4539,-0.4357,0.3506,210721.55189673207,-82265.4813399441,-200209.80818421958,302084.67214842566
2017-07-02 19:46:54.390012979,1.4702,-0.8773,-1.5758,210844.94066200056,-82305.85583659669,-200328.17594653676,302260.18756333715
2017-07-02 19:46:54.591081023,0.3849,0.7256,-0.4394,210969.35099198323,-82346.53017668906,-200447.52654005663,302437.1488196278
2017-07-02 19:46:54.790840983,1.9026,0.5172,-1.6401,211093.02786981803,-82386.91926424156,-200566.1661236351,302613.04974279285
2017-07-02 19:46:54.990754008,0.204,-0.3768,-0.1723,211216.80766730278,-82427.35435861016,-200684.9035001664,302789.1000029515
2017-07-02 19:46:55.190883994,0.6299,-0.66,-0.8135,211340.74702891175,-82467.85977058251,-200803.8023219479,302965.38791886915
2017-07-02 19:46:55.390159010,0.6186,0.4057,-0.6877,211464.1814773995,-82508.1760298969,-200922.22050816234,303140.9537717027
2017-07-02 19:46:55.590930998,0.4197,0.4124,-0.5224,211588.56009451475,-82548.77852501615,-201041.5493201614,303317.8599289747
2017-07-02 19:46:55.790768027,0.4614,-0.5183,-0.5596,211712.37792873822,-82589.21263985256,-201160.34478690304,303493.9757680494
2017-07-02 19:46:55.990851998,2.2893,-1.0703,-1.778,211836.44041566577,-82629.73956776643,-201279.35823094688,303670.4322104453
2017-07-02 19:46:56.190761983,0.305,0.6216,-0.316,211960.40721122883,-82670.20641326222,-201398.28081370075,303846.745528524
2017-07-02 19:46:56.390062987,1.132,0.2618,-0.9123,212084.04133375894,-82710.53958664658,-201516.8773628068,304022.57450595725
2017-07-02 19:46:56.589998006,0.0843,-0.4299,-0.2506,212208.07213012894,-82751.01825247581,-201635.86120793654,304198.97669794003
2017-07-02 19:46:56.790757000,0.4906,-0.7841,0.005,212332.63385718135,-82791.69534205206,-201755.3352094341,304376.12834092317
2017-07-02 19:46:56.990890979,0.5837,0.3881,-0.7449,212456.8311704496,-82832.23024845553,-201874.46709320316,304552.76052448916
2017-07-02 19:46:57.190838992,0.4595,0.3243,-0.4147,212580.93144908533,-82872.71452426168,-201993.50485810646,304729.2490609367
2017-07-02 19:46:57.390016973,0.879,-0.8699,-1.1414,212704.58866913358,-82913.07739915972,-202112.12947087619,304905.1218394938
2017-07-02 19:46:57.590808987,0.2605,-0.8455,-0.2902,212829.2584445741,-82953.80144183492,-202231.72705487863,305082.4443512239
2017-07-02 19:46:57.790812015,0.8102,-0.4124,-1.2546,212953.4707553925,-82994.3819612016,-202350.90488131114,305259.13065815915
2017-07-02 19:46:57.991291999,0.0732,0.5441,-0.2957,213077.9822228316,-83035.03738612501,-202470.37880117827,305436.2425020337
2017-07-02 19:46:58.190846025,1.2103,-0.9673,-1.3531,213201.96680480996,-83075.54355525083,-202589.35478908758,305612.6163303774
2017-07-02 19:46:58.390016019,-0.213,-0.5337,0.3609,213325.70433507106,-83115.99294340577,-202708.08749707617,305788.6413026892
2017-07-02 19:46:58.590763986,1.7644,-1.218,-1.9902,213450.49331105762,-83156.81188682435,-202827.84109854413,305966.1771873009
2017-07-02 19:46:58.790883004,-0.015,0.7934,-0.2516,213574.89071897496,-83197.4711695678,-202947.22958460805,306143.1546690221
2017-07-02 19:46:58.990203022,1.6777,-0.9597,-1.2285,213698.85810726567,-83238.0062424942,-203066.19020375857,306319.51495692175
2017-07-02 19:46:59.190765023,-0.1638,-0.3635,0.1898,213823.5913598978,-83278.80851535055,-203185.8844437174,306496.96867498814
2017-07-02 19:46:59.390124976,1.1955,-0.6324,-1.5649,213947.62455085746,-83319.39137827793,-203304.92350439282,306673.44024504034
2017-07-02 19:46:59.590831995,0.0808,0.9875,-0.3086,214072.49908325434,-83360.20867797067,-203424.7793379351,306851.1041258811
2017-07-02 19:46:59.790615022,1.9362,-0.8701,-1.5562,214196.87601262273,-83400.87279617695,-203544.1455059222,307028.05481986003
2017-07-02 19:46:59.990764975,-0.2573,-0.5394,0.0986,214321.47106801756,-83441.63320738314,-203663.72695458133,307205.32676062896
2017-07-02 19:47:00.190802991,2.2498,-1.0667,-2.3025,214446.08646788835,-83482.41350691237,-203783.33366045606,307382.6352351429
2017-07-02 19:47:00.390003979,-0.085,0.725,-0.1994,214570.1770610908,-83522.99439886448,-203902.44780305028,307559.1970620554
2017-07-02 19:47:00.590879976,3.2679,-0.7889,-2.4598,214695.4429507483,-83563.94835388227,-204022.6627891504,307737.410172835
2017-07-02 19:47:00.790808022,0.2749,-0.4875,-0.2514,214820.12868805457,-83604.72852965722,-204142.32051922116,307914.8020947392
2017-07-02 19:47:00.990257024,0.3795,-0.5153,-0.5929,214944.53076457896,-83645.43149137021,-204261.71512505948,308091.8008983905
2017-07-02 19:47:01.190809011,0.5377,0.2707,-0.5986,215069.64243144286,-83686.34865914418,-204381.79407858546,308269.80682231893
2017-07-02 19:47:01.389662027,1.36,0.6433,-1.35,215193.74799586847,-83726.89376047929,-204500.90916874955,308446.3709725454
2017-07-02 19:47:01.590973973,-0.0278,-0.6004,0.0206,215319.38706914682,-83767.9645570322,-204621.4963495207,308625.1238998183
2017-07-02 19:47:01.790840029,1.9193,-0.8314,-1.7079,215444.2004296122,-83808.77358080253,-204741.28565718984,308802.7008956239
2017-07-02 19:47:01.990881025,0.3926,0.667,-0.5453,215569.1387479278,-83849.5916332092,-204861.20163572946,308980.45170077396
2017-07-02 19:47:02.191205024,2.4466,0.5862,-1.7088,215694.3520009422,-83890.44390790265,-204981.35583604217,309158.561751981
2017-07-02 19:47:02.390123009,-0.0402,-0.453,-0.0999,215818.68482908176,-83931.02737721549,-205100.67066297983,309335.42827221315
2017-07-02 19:47:02.590994000,0.5808,-0.5597,-0.9815,215944.26180998312,-83972.03188441427,-205221.19654311272,309514.0802258316
2017-07-02 19:47:02.790831983,0.5503,0.5865,-0.5222,216069.21496952628,-84012.80209802325,-205341.12345572087,309691.8364373956
2017-07-02 19:47:02.990760028,0.6809,0.5406,-0.7213,216194.2516587511,-84053.56907730846,-205461.13324764383,309869.70519934234
2017-07-02 19:47:03.190865993,0.1912,-0.3629,-0.3608,216319.40727675415,-84094.38686733681,-205581.26428599827,310047.7513103248
2017-07-02 19:47:11.223648011,1.9436,0.6546,-1.3315,221468.8963146272,-85690.68233066106,-210489.55731250285,317328.2508865651
2017-07-02 19:47:11.236650100,0.4249,-0.6956,-0.4358,221477.23149559303,-85693.26625740604,-210497.50208860057,317340.03582648624
2017-07-02 19:47:11.423681020,0.1369,-0.5805,-0.1512,221597.13521485866,-85730.45552903612,-210611.79045807713,317509.5709118158
2017-07-02 19:47:11.623861014,0.7014,-0.1379,-0.7808,221725.4967851905,-85770.26489153133,-210734.14507722028,317691.06717946904
2017-07-02 19:47:11.822892010,0.6543,0.5231,-0.943,221853.14750166453,-85809.82503354235,-210855.83475772067,317871.5592500494
2017-07-02 19:47:12.222808003,0.7535,-0.4986,-1.0606,222109.75852789378,-85889.39356820277,-211100.5172994991,318234.44371241314
2017-07-02 19:47:12.236729970,0.7804,0.1275,-0.6867,222118.691880878,-85892.16350151467,-211109.03537719382,318247.0767371362
2017-07-02 19:47:12.423036992,0.0904,-0.7055,0.3477,222238.24323992647,-85929.25588575148,-211223.01421850262,318416.13575790636
2017-07-02 19:47:12.622995972,1.169,-0.0614,-1.2405,222366.60166517203,-85969.06873134637,-211345.3946492971,318597.64932296565
2017-07-02 19:47:12.822872996,0.0255,0.5272,-0.1737,222494.9084996579,-86008.84419701181,-211467.7318602092,318779.0884083809
2017-07-02 19:47:13.223851978,0.1889,-0.6679,0.3439,222752.3388612672,-86088.74627755783,-211713.10072440954,319143.0928629829
2017-07-02 19:47:13.236229890,1.4327,-0.6816,-1.3639,222760.28575754658,-86091.21289760567,-211720.67528102285,319154.3297378511
2017-07-02 19:47:13.423713982,0.8476,0.289,-0.912,222880.6845302158,-86128.56380782355,-211835.43661301606,319324.570375164
2017-07-02 19:47:13.623652994,0.1085,0.4665,-0.2166,223009.08595660608,-86168.37736046575,-211957.8304143322,319506.12443283043
2017-07-02 19:47:13.822870016,0.698,-0.6016,-1.0635,223137.05142069788,-86208.07102028572,-212079.82445294398,319687.07694517984
2017-07-02 19:47:14.223622024,0.1137,-0.0082,-1.4251,223394.4895350237,-86287.92150732971,-212325.46085024602,320051.25320476136
2017-07-02 19:47:14.232359760,0.1356,-0.7063,0.2455,223400.10255849783,-86289.66256931251,-212330.8165276657,320059.19348892075
2017-07-02 19:47:14.423687994,-0.1406,0.5638,-0.0565,223523.0045203669,-86327.76557203366,-212448.09065617615,320233.0524507531
2017-07-02 19:47:14.623679995,0.4619,-0.3744,-0.874,223651.49023031557,-86367.60893807211,-212570.71017466483,320414.82453232724
2017-07-02 19:47:14.822874009,0.0858,-0.7296,0.3153,223779.46667452317,-86407.32227456653,-212692.82791912302,320595.8734856525
2017-07-02 19:47:15.223625004,-0.1683,0.7743,-0.0834,224036.9106722938,-86487.09569896062,-212938.52544110763,320960.0764628831
2017-07-02 19:47:15.236229890,1.7758,-0.5416,-1.8216,224045.00838222724,-86489.60491145898,-212946.25369451114,320971.53222873155
2017-07-02 19:47:15.423684000,0.9456,-0.6084,-1.2233,224165.46705493584,-86526.9421527813,-213061.22773648932,321141.95475342125
2017-07-02 19:47:15.623634994,-0.0389,-0.5704,0.3934,224293.95471417328,-86566.79133705834,-213183.85095155382,321323.733624287
2017-07-02 19:47:15.822866976,0.8362,-0.1605,-1.3214,224422.01353096086,-86606.50359680323,-213306.08567159364,321504.9187914411
2017-07-02 19:47:16.223653018,2.1393,-0.5033,-1.7684,224679.96734343184,-86686.47181331352,-213552.2638324029,321869.85181720613
2017-07-02 19:47:16.231630200,-0.0542,0.7685,-0.187,224685.10161187363,-86688.063439145,-213557.16373548508,321877.1153901936
2017-07-02 19:47:16.423888027,-0.3646,-0.5562,0.5056,224808.82898671294,-86726.44372500679,-213675.2374659439,322052.15841178806
2017-07-02 19:47:16.623754024,1.6601,-0.6285,-1.5726,224937.51890847713,-86766.3679304645,-213798.04651778762,322234.2233707778
2017-07-02 19:47:16.822876989,0.0399,0.6786,-0.1342,225065.73198807338,-86806.116805205,-213920.40432947542,322415.6091423187
2017-07-02 19:47:17.223735988,-0.086,-0.5502,0.3963,225323.826854394,-86886.2245853465,-214166.6619604687,322780.7337284768
2017-07-02 19:47:17.236870050,2.1398,-0.4819,-1.5175,225332.28364830642,-86888.84938328514,-214174.7308024706,322792.6974323037
2017-07-02 19:47:17.423822999,1.8604,-1.0585,-1.9131,225452.7244216885,-86926.24829488873,-214289.6512302356,322963.0911051021
2017-07-02 19:47:17.623706996,-0.0965,0.7713,-0.1762,225581.49191379093,-86966.20317546865,-214412.52744415906,323145.26441493904
2017-07-02 19:47:17.822923004,1.4373,-0.7916,-1.4354,225709.8861221072,-87006.05594774203,-214535.04998685542,323326.91526951286
2017-07-02 19:47:18.223753988,0.93,-0.2104,-1.4302,225968.37008638252,-87086.27520515578,-214781.80027790522,323692.67112374114
2017-07-02 19:47:18.237269990,-0.1588,-0.3727,0.2634,225977.08612453696,-87088.98026284289,-214790.1206380397,323705.0043793915
2017-07-02 19:47:18.423623979,-0.0188,0.6049,-0.1771,226097.25920929908,-87126.25566142722,-214904.8450534678,323875.0491701891
2017-07-02 19:47:18.623710989,1.5616,-0.4492,-1.4207,226226.35075108852,-87166.2959868954,-215028.08075516226,324057.7115939045
2017-07-02 19:47:18.823127985,-0.0313,-0.5476,0.2636,226355.00877052755,-87206.22400928669,-215150.89330554337,324239.7606581229
2017-07-02 19:47:19.223623991,-0.039,0.7302,-0.0421,226613.39083679422,-87286.2957068487,-215397.54872362327,324605.34549036424
2017-07-02 19:47:19.236170290,0.7507,-0.2907,-1.6136,226621.48526454536,-87288.80415080392,-215405.2759276485,324616.7984116847
2017-07-02 19:47:19.423644006,1.5843,-0.7844,-1.1362,226742.49234861427,-87326.31427203296,-215520.78000326757,324788.0071893298
2017-07-02 19:47:19.623619019,-0.2245,-0.2823,0.3922,226871.5595620493,-87366.33696729272,-215643.9705451922,324970.6192961061
2017-07-02 19:47:19.822866976,0.8816,-0.1908,-1.3391,227000.1925206966,-87406.22172538131,-215766.7663609797,325152.6294936171
2017-07-02 19:47:20.223644018,2.0581,-0.7066,-1.8066,227259.26169342542,-87486.56136544395,-216014.05402385985,325519.1883450397
2017-07-02 19:47:20.236250160,-0.1036,0.7096,0.0167,227267.4105039579,-87489.08827594711,-216021.8322696245,325530.7181536894
2017-07-02 19:47:20.423677027,-0.4745,-0.3578,0.4962,227388.5495408463,-87526.67069938792,-216137.4610240601,325702.1225044996
2017-07-02 19:47:20.623610019,1.1334,-0.5818,-1.7575,227517.81692909487,-87566.78407993606,-216260.87540155553,325885.0486348375
2017-07-02 19:47:20.823210000,-0.0387,0.9287,-0.1899,227646.86746608114,-87606.79364756464,-216384.0917840986,326067.6643544338
2017-07-02 19:47:21.223619997,-0.3229,-0.5611,0.3818,227905.69911318205,-87687.14529296449,-216631.21031058865,326433.95108126884
2017-07-02 19:47:21.240619770,2.3225,-0.3858,-1.7047,227916.68871890596,-87690.5568071255,-216641.7024465142,326449.5029689253
2017-07-02 19:47:21.423624992,2.2267,-0.826,-2.1572,228035.06812196484,-87727.30995550507,-216754.72418156918,326617.0290423427
2017-07-02 19:47:21.624126970,-0.1313,0.8227,-0.172,228164.76025989495,-87767.54392403766,-216878.55860876196,326800.5642209441
2017-07-02 19:47:28.140363991,3.3642,-0.9464,-1.8283,232522.55322195328,-89115.31781390037,-220980.76184948953,332927.5818154894
2017-07-02 19:47:28.340354025,0.4381,-0.4822,-0.5186,232656.31590415706,-89156.7016705408,-221106.6834392496,333115.66196198174
2017-07-02 19:47:28.540516018,0.3194,-0.5856,0.0377,232790.20639728196,-89198.14457254799,-221232.71179071433,333303.918302722
2017-07-02 19:47:28.741330027,0.9864,0.2466,-0.957,232924.57280869616,-89239.71252793037,-221359.18926440892,333492.8388766057
2017-07-02 19:47:28.939876973,0.1315,0.349,-0.1905,233057.42749225747,-89280.79744952808,-221484.24639719442,333679.6318396819
2017-07-02 19:47:29.140344023,1.3992,-0.7516,-0.8165,233191.62321405,-89322.30989897599,-221610.54574281943,333868.3006326333
2017-07-02 19:47:29.340463995,0.2577,-0.8892,0.3542,233325.59691686975,-89363.78608665883,-221736.6122354647,334056.650354422
2017-07-02 19:47:29.540341019,1.1485,0.1246,-1.0734,233459.45385756055,-89405.20694388919,-221862.56856512025,334244.830856758
2017-07-02 19:47:29.740418016,-0.002,0.4905,-0.1821,233593.44463940524,-89446.64960675633,-221988.6582011961,334433.1994200698
2017-07-02 19:47:29.939619004,1.3926,-0.535,-1.2763,233726.9040212585,-89487.93204810403,-222114.24641643217,334620.8213885505
2017-07-02 19:47:30.140408992,-0.0858,-0.5693,0.41,233861.4245318271,-89529.5667462912,-222240.81990247796,334809.93300193426
2017-07-02 19:47:30.340339004,0.7278,-0.0087,-1.2796,233995.39798771474,-89571.02347238152,-222366.9024272062,334998.28927979554
2017-07-02 19:47:30.540342986,-0.231,0.6504,-0.0277,234129.41177066273,-89612.46951957345,-222493.0327079243,335186.702828502
2017-07-02 19:47:30.740329027,2.0831,-0.3737,-1.1619,234263.49684451288,-89653.92679483522,-222619.1981438635,335375.19277038
2017-07-02 19:47:30.939881026,-0.1243,-0.5002,0.4688,234397.2859555333,-89695.31401128804,-222745.07108711542,335563.26335358544
2017-07-02 19:47:31.140344977,1.6161,-0.2409,-1.5539,234531.75142662943,-89736.90004794643,-222871.58171402506,335752.2830796073
2017-07-02 19:47:31.340327978,0.0206,0.642,-0.1382,234665.89511411416,-89778.36063639625,-222997.7943456624,335940.8469527003
2017-07-02 19:47:31.539887011,1.1685,-0.7941,-0.9247,234799.80094839216,-89819.76495164707,-223123.77622904725,336129.07672512304
2017-07-02 19:47:31.740392982,0.0733,-0.6045,0.2615,234934.34513309854,-89861.39003917726,-223250.34540266148,336318.20150758815
2017-07-02 19:47:31.939827024,1.5906,-0.3918,-1.2435,235068.23329286024,-89902.80817741927,-223376.28738116453,336506.3966491648
2017-07-02 19:47:32.140352010,0.1458,0.5891,-0.2481,235202.859710226,-89944.42919327097,-223502.92826358537,336695.6259014497
2017-07-02 19:47:32.340364992,0.6309,-0.5097,-0.71,235337.16762285103,-89985.96432809225,-223629.27419528412,336884.4141807575
2017-07-02 19:47:32.540328979,-0.247,-0.5443,0.4336,235471.43275908846,-90027.51105266424,-223755.5718396427,337073.14387420577
2017-07-02 19:47:32.740369975,1.9269,-0.6308,-1.8081,235605.82671035727,-90069.09901982105,-223881.99047668895,337262.05514098005
2017-07-02 19:47:32.939831018,0.2422,0.8221,-0.3591,235739.84066647277,-90110.53370935266,-224008.05689121172,337450.4264555235
2017-07-02 19:47:33.140802025,2.5054,-0.8501,-1.1681,235874.9703292012,-90152.31640358719,-224135.12483503626,337640.33521715284
2017-07-02 19:47:33.340315997,-0.5863,-0.5824,0.4724,236009.0969669476,-90193.81935719911,-224261.2527350317,337828.84480114916
2017-07-02 19:47:33.540546000,1.2288,0.1181,-0.8094,236143.7542337446,-90235.4665249132,-224387.86574298854,338018.0858700749
2017-07-02 19:47:33.741621971,0.1375,0.4552,-0.1414,236278.98598430096,-90277.27124668845,-224515.01940554532,338208.1295004454
2017-07-02 19:47:33.939751029,1.3849,-0.6854,-0.631,236412.290180694,-90318.4901956554,-224640.33430969174,338395.4497602966
2017-07-02 19:47:34.140323996,0.5448,-0.8685,-0.0362,236547.26059268956,-90360.25251700163,-224767.19642131086,338585.1064591268
2017-07-02 19:47:34.340466976,0.797,0.192,-0.6447,236681.97358160696,-90401.91761757481,-224893.81239165907,338774.39422051073
2017-07-02 19:47:34.540518999,0.2731,0.3979,-0.1943,236816.63627852878,-90443.5478587409,-225020.37859614365,338963.60475883714
2017-07-02 19:47:34.740444004,0.4863,-0.8117,-0.3247,236951.23291217315,-90485.18411148769,-225146.87741886175,339152.7262661362
2017-07-02 19:47:34.939833998,0.2097,-0.6504,0.3423,237085.47769426875,-90526.73480073114,-225273.02411473042,339341.3456108722
2017-07-02 19:47:35.140343010,0.8595,0.0571,-1.065,237220.510441145,-90568.51638541964,-225399.9215891343,339531.07573033916
2017-07-02 19:47:35.340337991,-0.0889,0.5244,-0.061,237355.19345814388,-90610.16988261997,-225526.49618519176,339720.31324205425
2017-07-02 19:47:35.540391027,1.6638,-0.8124,-0.6548,237489.98215853787,-90651.8679843295,-225653.1337295052,339909.6785274831
2017-07-02 19:47:35.740545988,0.4925,-0.8059,0.2292,237624.8592629516,-90693.619616773,-225779.82661215527,340099.1568409783
2017-07-02 19:47:35.939835011,0.9783,0.1055,-0.6438,237759.19169770737,-90735.18642749524,-225905.99694781608,340287.8586575874
2017-07-02 19:47:36.140326023,0.2773,0.3575,-0.3145,237894.3454897437,-90776.98957339197,-226032.94090730342,340477.71120472153
2017-07-02 19:47:36.340406000,0.703,-0.6751,-0.3941,238029.2503398384,-90818.73404251412,-226159.64039028593,340667.2121174766
2017-07-02 19:47:36.540324985,0.6532,-0.6405,-0.6647,238164.07274716906,-90860.47052168837,-226286.26449248387,340856.603499043
2017-07-02 19:47:36.740447998,0.6121,0.7418,-0.4807,238299.05726209376,-90902.21988665675,-226413.03707300013,341046.21040108986
2017-07-02 19:47:36.939755022,1.0004,0.4153,-0.5692,238433.531125327,-90943.78252413277,-226539.3153567885,341235.08281976444
2017-07-02 19:47:37.140339970,0.0517,-0.2972,-0.194,238568.8692930647,-90985.62361207443,-226666.41112171192,341425.1763280593
2017-07-02 19:47:37.340328991,0.547,-0.843,-0.5962,238703.82725604516,-91027.37410871142,-226793.15313739373,341614.74542796373
2017-07-02 19:47:37.540346980,0.7947,0.4064,-0.6515,238838.8365611287,-91069.1143938979,-226919.93957608502,341804.3774201502
2017-07-02 19:47:37.740437984,0.4536,0.3715,-0.4179,238973.91331081695,-91110.85504252223,-227046.78902838822,341994.098717751
2017-07-02 19:47:37.939755022,0.118,-0.5372,-0.2104,239108.4722620079,-91152.4555768936,-227173.15617675675,342183.10091598344
2017-07-02 19:47:38.140788018,0.8306,-0.9003,-0.9409,239244.22322469577,-91194.45064308042,-227300.649269539,342373.7889103593
2017-07-02 19:47:38.340327024,0.681,0.5999,-0.5822,239378.99245969992,-91236.10973464922,-227427.21806974112,342563.0880136907
2017-07-02 19:47:38.540328979,0.7502,0.187,-0.4656,239514.104380415,-91277.85799902787,-227554.09914566236,342752.8578962354
2017-07-02 19:47:38.740884006,0.3851,-0.7254,-0.5405,239649.6054201939,-91319.75088852849,-227681.35283016931,342943.1858296263
2017-07-02 19:48:06.423784017,0.577,0.2731,-0.743,258795.18951038359,-96892.99866599955,-245815.75549184487,369849.41388655896
2017-07-02 19:48:06.623798012,-0.0315,-0.8821,-0.3085,258933.51858261338,-96933.30168529306,-245946.79219597107,370043.8576880757
2017-07-02 19:48:06.823777019,0.6929,0.4403,-0.7271,259071.85116743037,-96973.5800461668,-246077.8350560349,370238.3019085878
2017-07-02 19:48:07.223024010,0.6646,-0.6315,-0.362,259348.13043320816,-97054.09421861533,-246339.51255695356,370626.63883022993
2017-07-02 19:48:07.241559740,0.4911,0.3141,-0.5789,259360.95734325377,-97057.83211998975,-246351.66158505273,370644.66829506337
2017-07-02 19:48:07.423774003,0.4341,-1.1584,-0.4931,259487.06584376,-97094.61577249628,-246471.10817101572,370821.9369390935
2017-07-02 19:48:07.623896002,0.5079,0.6549,-0.5888,259625.5884334806,-97134.98823752203,-246602.31736348246,371016.65062147053
2017-07-02 19:48:07.823765993,0.9667,-0.012,-0.971,259763.97520334774,-97175.3103420152,-246733.40011742755,371211.17236287356
2017-07-02 19:48:08.223019003,1.9388,-1.9651,-1.9248,260040.7206219653,-97256.1695512286,-246995.55306838374,371600.2450657495
2017-07-02 19:48:08.237789750,0.0863,-0.395,-0.087,260050.95910226917,-97259.16110119633,-247005.25168654116,371614.6392553045
2017-07-02 19:48:08.423852026,-0.2222,0.9512,-0.1743,260179.92220250535,-97296.81174937836,-247127.42804613247,371795.9483192254
2017-07-02 19:48:08.623880982,2.1408,-0.4025,-1.4887,260318.65151591782,-97337.30473097927,-247258.83508375136,371990.97132367495
2017-07-02 19:48:08.823831975,-0.7128,-0.3792,0.324,260457.29826036256,-97377.79709066107,-247390.17795070162,372185.8940499992
2017-07-02 19:48:09.223066985,-0.13,0.7336,-0.2596,260734.10854515512,-97458.5298122953,-247652.46694182605,372575.07266909716
2017-07-02 19:48:09.237609740,1.7159,-1.333,-1.8705,260744.19215238953,-97461.4709089264,-247662.02162109278,372589.2497192859
2017-07-02 19:48:09.424084007,1.6426,-0.8505,-0.6985,260873.54617880422,-97499.21265235434,-247784.56064738196,372771.0987441889
2017-07-02 19:48:09.622977018,0.1569,-0.8282,-0.0428,261011.5210833615,-97539.50066869002,-247915.26217534882,372965.0728264235
2017-07-02 19:48:09.823764026,1.1836,-0.2913,-1.4345,261150.85759785277,-97580.1840793025,-248047.26616625988,373160.96929019777
2017-07-02 19:48:10.223075985,1.1565,-0.9338,-0.8346,261428.1452721804,-97661.24145758255,-248309.9200743253,373550.81264910445
2017-07-02 19:48:10.237590070,0.2351,0.3934,-0.3645,261438.22410042534,-97664.18762676054,-248319.46702558114,373564.98265957425
2017-07-02 19:48:10.424135029,1.2614,-1.5357,-1.1094,261567.80799803475,-97702.10725129525,-248442.20958647036,373747.1758374209
2017-07-02 19:48:10.623769998,0.4733,0.7136,-0.3146,261706.50376505032,-97742.65928652008,-248573.5776298097,373942.1680594609
2017-07-02 19:48:10.823881983,1.3943,-0.0693,-1.7743,261845.5867719058,-97783.31099354968,-248705.33062085134,374137.71354945214
2017-07-02 19:48:11.223940014,1.5262,-1.7549,-2.2594,262123.88171657728,-97864.86156344245,-248969.08895821034,374529.1280417041
2017-07-02 19:48:11.238090150,-0.2362,-0.3918,0.281,262133.7250195232,-97867.74610255794,-248978.41808935345,374542.9724265063
2017-07-02 19:48:11.423870980,-0.131,0.7442,-0.209,262262.95579248446,-97905.59228402554,-249100.90990140635,374724.7340318024
2017-07-02 19:48:11.623135983,1.759,-0.5225,-2.1561,262401.63611812476,-97946.20612882782,-249232.37791255544,374919.7996004565
2017-07-02 19:48:11.823933005,-0.148,-0.295,0.207,262541.3766993093,-97987.14412130229,-249364.84834960653,375116.3585937565
2017-07-02 19:48:12.223011970,-0.0815,0.8622,-0.3334,262819.0945638637,-98068.3700208239,-249628.18306657803,375507.0058561243
2017-07-02 19:48:12.238810180,1.6886,-1.4057,-1.9474,262830.08891265246,-98071.58583509445,-249638.6080989444,375522.4710182088
2017-07-02 19:48:12.423870980,2.1361,-0.3105,-2.1049,262958.9502657741,-98109.2666329401,-249760.79939050155,375703.73252912133
2017-07-02 19:48:12.623915970,-0.3807,-0.525,0.563,263098.2301603965,-98150.01941717995,-249892.86185998845,375899.6507496396
2017-07-02 19:48:12.824012994,1.9255,-1.2659,-2.1176,263237.62337806553,-98190.83348682815,-250025.04346664395,376095.74379812845
2017-07-02 19:48:13.223167002,2.3361,-0.5864,-2.182,263516.05748888716,-98272.34291526007,-250289.06728725767,376487.427598939
2017-07-02 19:48:13.238299960,-0.1594,0.7064,-0.1389,263526.613607703,-98275.4329861629,-250299.0771431152,376502.2773196153
2017-07-02 19:48:13.423775017,-0.4652,-0.4705,0.5185,263655.9772497046,-98313.32220873819,-250421.74375333264,376684.2622245794
2017-07-02 19:48:13.623798012,1.384,-0.5708,-1.5848,263795.5430425199,-98354.20615098209,-250554.0952592326,376880.6084794765
2017-07-02 19:48:13.823882997,0.3883,0.372,-0.4453,263935.16763398226,-98395.08787109864,-250686.50560990654,377077.0347369954
2017-07-02 19:48:14.223192989,0.1324,-0.8625,-0.0574,264213.83781250386,-98476.81312340188,-250950.7663554821,377469.1006545533
2017-07-02 19:48:14.235099790,0.9256,-0.7599,-0.724,264222.14745369955,-98479.2501506589,-250958.6463012862,377480.7916552241
2017-07-02 19:48:14.423994004,0.6877,0.0045,-0.8778,264353.99943555973,-98517.91195716763,-251083.6882079745,377666.30042683915
2017-07-02 19:48:14.623947978,0.6006,0.2839,-0.5644,264493.59536653355,-98558.82606244522,-251216.0738864056,377862.6998839961
2017-07-02 19:48:14.823382019,0.2223,-0.5569,-0.2882,264632.83715306356,-98599.65593037773,-251348.12679005112,378058.608538592
2017-07-02 19:48:15.223003983,0.4519,0.9099,-0.5208,264911.9192423625,-98681.32469855933,-251612.81494200756,378451.235225855
2017-07-02 19:48:15.235490200,0.2363,-1.0629,-0.3737,264920.63921915053,-98683.87661080563,-251621.08520060978,378463.5030022744
2017-07-02 19:48:15.423974990,1.0973,-0.0082,-1.2611,265052.3099843606,-98722.39910975755,-251745.97309655842,378648.74763342994
2017-07-02 19:48:15.623758018,-0.1509,-0.492,0.2629,265191.8673934528,-98763.25037857058,-251878.3365843783,378845.0905020154
2017-07-02 19:48:15.823830008,1.7697,-1.1911,-1.8173,265331.6974944368,-98804.20841211088,-252010.96426432347,379041.82804099243
2017-07-02 19:48:16.223195016,1.8802,-0.5574,-1.7549,265611.11315133126,-98886.05391185475,-252275.98313706904,379434.95721338363
2017-07-02 19:48:16.237560270,-0.0407,0.708,-0.1996,265621.1637903413,-98888.99776777727,-252285.51596992917,379449.0981687322
2017-07-02 19:48:16.423758983,-0.3607,-0.4573,0.4731,265751.4250724921,-98927.17112266547,-252409.06168556758,379632.3741929581
2017-07-02 19:48:16.623762011,1.2704,-1.3011,-1.695,265891.39442352427,-98968.22660185029,-252541.83457900383,379829.33235563873
2017-07-02 19:48:16.824018001,0.2412,0.5355,-0.2851,266031.55047922477,-99009.31253276141,-252674.78683559273,380026.54870548524
2017-07-02 19:48:17.244449970,1.4466,-1.1271,-1.3433,266326.0599868123,-99095.77054960553,-252954.15390452734,380440.9887833782
2017-07-02 19:48:25.823751986,-0.1566,-0.3982,0.2528,272324.2716094677,-100889.33538921199,-258636.28935782972,388885.4549551719
2017-07-02 19:48:26.223731994,2.1592,-0.8261,-2.2815,272604.2627253763,-100973.08625169801,-258901.5640917401,389279.6784991328
2017-07-02 19:48:26.237680070,-0.2148,0.7501,-0.1097,272614.0265149935,-100976.00666022381,-258910.81475580286,389293.425800227
2017-07-02 19:48:26.423936009,-0.4323,-0.3626,0.6256,272744.39249690616,-101015.01697862666,-259034.32199853836,389476.97912320966
2017-07-02 19:48:26.623049020,1.6913,-1.1702,-2.2374,272883.8245729991,-101056.76653629662,-259166.443533826,389673.32116829697
2017-07-02 19:48:26.823092997,-0.126,0.6428,-0.0651,273023.9035307325,-101098.6855734652,-259299.18541720102,389870.572987838
2017-07-02 19:48:27.223740994,0.0365,-0.5475,0.2296,273304.4594701036,-101182.72888836669,-259565.00395292896,390265.6319337206
2017-07-02 19:48:27.237690210,1.6185,-1.0589,-1.7559,273314.22779941827,-101185.65520002127,-259574.25920214146,390279.38707570813
2017-07-02 19:48:27.423730015,1.4072,-1.0481,-2.0937,273444.55608941644,-101224.71950769357,-259697.76833582937,390462.9303441741
2017-07-02 19:48:27.623358011,-0.0385,0.7706,-0.1758,273584.40191390517,-101266.60633012654,-259830.30547870355,390659.8753050618
2017-07-02 19:48:27.823875010,1.6101,-0.6905,-2.1685,273724.93525095406,-101308.70745005112,-259963.52003802522,390857.80807590345
2017-07-02 19:48:28.223725020,1.2068,-0.9344,-2.1925,274005.36506438826,-101392.81048830983,-260229.51310476544,391252.91256875044
2017-07-02 19:48:28.237609740,-0.294,-0.4947,0.5483,274015.102882767,-101395.73104662482,-260238.74956067494,391266.63243271405
2017-07-02 19:48:28.423780977,0.0228,0.9679,-0.0249,274145.6717862478,-101434.85737840654,-260362.596091614,391450.5857628466
2017-07-02 19:48:28.622974991,1.2469,-1.0866,-1.8068,274285.42352875625,-101476.76373228875,-260495.17744390268,391647.50045092625
2017-07-02 19:48:28.823795020,0.0054,-0.6095,0.2197,274426.3162784892,-101519.03674686381,-260628.8321937402,391846.0234057062
2017-07-02 19:48:29.223814010,-0.0527,0.6134,0.0987,274706.9560246931,-101603.14338466442,-260895.04700634582,392241.42563788535
2017-07-02 19:48:29.237290260,1.2513,-0.2315,-1.5969,274716.41073153884,-101605.9768973821,-260904.0158139983,392254.74673273484
2017-07-02 19:48:29.423731982,1.2354,-0.6642,-1.5874,274847.2580026888,-101645.20117187776,-261028.15298471664,392439.114772573
2017-07-02 19:48:29.622994005,0.247,-0.7393,0.1196,274987.1125381925,-101687.15198119477,-261160.8214568507,392636.17205264745
2017-07-02 19:48:29.823789000,0.7845,-0.072,-1.4056,275128.0746391747,-101729.42843139934,-261294.56725220254,392834.8061706781
2017-07-02 19:48:30.223730027,0.6587,-0.739,-1.3051,275408.94659707125,-101813.7523554731,-261561.1692538863,393230.68712381815
2017-07-02 19:48:30.237429730,0.296,0.5601,-0.3718,275418.5677270947,-101816.64070799404,-261570.30159066504,393244.2478258728
2017-07-02 19:48:30.424018979,0.2677,-0.5312,-0.8642,275549.61634241923,-101855.99841452943,-261694.71363465593,393428.9753231193
2017-07-02 19:48:30.623193979,-0.9353,-0.2144,-1.0125,275689.4672978839,-101898.01936834253,-261827.55764171295,393626.16614092945
2017-07-02 19:48:30.823988020,-0.161,0.1816,-0.6988,275830.44857361214,-101940.37457760352,-261961.50967702825,393824.9723946032
2017-07-02 19:48:31.223928987,0.6134,-0.7716,-0.9401,276111.35276965704,-102024.8609755942,-262228.46530973044,394221.1554496737
2017-07-02 19:48:31.238000150,0.077,-0.3388,-0.8323,276121.2358652974,-102027.83353605733,-262237.8578012207,394235.0945514793
2017-07-02 19:48:31.423870980,0.1729,0.6088,-0.258,276251.79104695003,-102067.07807643611,-262361.93536400783,394419.2257125112
2017-07-02 19:48:31.622977018,0.399,0.5839,-0.5169,276391.6584215003,-102109.09393481896,-262494.86854517326,394616.48713874683
2017-07-02 19:48:31.823724985,0.3765,-0.7896,-0.5292,276532.6943859522,-102151.48809788078,-262628.91928714904,394815.4085530373
2017-07-02 19:48:32.223725020,0.7564,0.7947,-0.5036,276813.8363914562,-102235.83336648595,-262896.1024509671,395211.8752337854
2017-07-02 19:48:32.239040250,0.4337,-0.7265,-0.4365,276824.60087843373,-102239.06295457875,-262906.33248147083,395227.05537980585
2017-07-02 19:48:32.424040973,0.4108,0.2438,-0.5911,276954.6448413205,-102278.06650464238,-263029.9266341612,395410.4456034037
2017-07-02 19:48:32.623465001,0.3751,-0.8613,-0.2177,277094.84240520943,-102320.145162072,-263163.16527824797,395608.15885522607
2017-07-02 19:48:32.823445022,0.4084,-1.0282,-0.9781,277235.44717180624,-102362.38225433088,-263296.8145070631,395806.47164858226
2017-07-02 19:48:33.224826991,1.0913,0.2784,-1.2197,277517.8322700379,-102447.11190683472,-263565.2597596573,396204.7502467481
2017-07-02 19:48:33.238010280,0.6458,0.9951,-0.597,277527.10724922904,-102449.89465784021,-263574.0768796716,396217.8317245435
2017-07-02 19:48:33.423947989,0.1255,-0.6292,0.0945,277657.9263174199,-102489.16445809565,-263698.43067513814,396402.3400772743
2017-07-02 19:48:33.623052000,1.7839,-1.314,-2.5189,277798.07943908585,-102531.26705418696,-263831.6898534506,396600.043160246
2017-07-02 19:48:33.823786973,-0.0435,0.9607,-0.2929,277939.37887328747,-102573.67582305566,-263966.05242758966,396799.3625681966
2017-07-02 19:48:34.223728001,-0.273,-0.6215,0.153,278220.8578532954,-102658.2697608444,-264233.7297171002,397196.46274246136
2017-07-02 19:48:34.237150190,1.8258,0.4976,-1.8333,278230.30473510094,-102661.10867930729,-264242.71340972284,397209.7900334087
2017-07-02 19:48:34.423731029,1.8218,-1.3194,-2.4938,278361.68854926026,-102700.61820266751,-264367.6818598533,397395.16585277946
2017-07-02 19:48:34.623022019,-0.2805,1.0063,-0.1766,278502.0112743239,-102742.7792035997,-264501.1703517991,397593.1564800817
2017-07-02 19:48:34.823727011,2.3724,-0.959,-2.5951,278643.4251781417,-102785.27797460493,-264635.7105034144,397792.6985717189
2017-07-02 19:48:35.223729014,1.4622,-1.321,-2.5662,278925.4948965854,-102870.18874234056,-264904.25757980905,398190.87523334794
2017-07-02 19:48:35.231130120,-0.2834,-0.4094,0.4989,278930.71392464143,-102871.75984088022,-264909.2263910456,398198.242550582
2017-07-02 19:48:35.423730015,-0.1599,0.9651,-0.1261,279066.52340451226,-102912.60893199398,-265038.53505682875,398389.9529698767
2017-07-02 19:48:35.622982978,3.0175,-1.0168,-2.1535,279207.144014597,-102954.9094610463,-265172.3959898667,398588.4371703811
2017-07-02 19:48:35.823743999,-0.5115,-0.452,0.4885,279348.8083042013,-102997.54836204398,-265307.25036841776,398788.40099433594
2017-07-02 19:48:36.223716020,-0.051,0.7973,-0.1524,279631.03497327067,-103082.36941057816,-265575.94233229104,399186.7629934713
2017-07-02 19:48:36.237299790,1.3836,-0.6953,-1.8454,279640.62015441374,-103085.25021440626,-265585.0679356866,399200.2925381132
2017-07-02 19:48:36.423860013,1.6793,-0.8464,-1.5623,279772.32199195767,-103124.84478682329,-265710.453835738,399386.19285432476
2017-07-02 19:48:43.224578976,0.4152,-1.2173,-0.1567,284592.47962462256,-104624.49390024199,-270288.419705723,406195.75823707227
2017-07-02 19:48:43.424392998,0.8061,-0.8881,-0.9968,284734.1343471972,-104668.59101147683,-270422.96613121784,406395.89296396845
2017-07-02 19:48:43.625853002,0.2642,-0.636,-0.4296,284876.96668332606,-104713.0771885345,-270558.63832811837,406597.70222536975
2017-07-02 19:48:43.825133025,0.6232,0.6313,-0.6561,285018.27819214424,-104757.0569140608,-270692.86848348775,406797.35609358264
2017-07-02 19:48:44.225228011,0.8569,-0.6811,-0.6026,285302.1268206048,-104845.46414353843,-270962.4591541104,407198.3904568845
2017-07-02 19:48:44.244920250,0.6419,0.2876,-0.3803,285316.09778954514,-104849.81533945895,-270975.7282604666,407218.12918982643
2017-07-02 19:48:44.424413979,0.6381,-0.9688,-0.4982,285443.46299935726,-104889.50747559675,-271096.69152221864,407398.0798946304
2017-07-02 19:48:44.625132977,0.4861,0.6765,-0.6813,285585.9088254635,-104933.86598189603,-271231.98622931255,407599.3350135283
2017-07-02 19:48:44.825240015,0.7219,0.2472,-0.7355,285727.9492640318,-104978.07934764448,-271366.89789606474,407800.0139871046
2017-07-02 19:48:45.225247979,0.6981,-1.2746,-1.5714,286011.9955387216,-105066.66448310863,-271636.8337033837,408201.46374314674
2017-07-02 19:48:45.246490240,-0.0884,-0.4425,0.1311,286027.0796612645,-105071.36896053798,-271651.16847600124,408222.7825699708
2017-07-02 19:48:45.425109982,0.2498,0.9204,-0.4713,286153.9254511268,-105110.89812166407,-271771.7202761553,408402.0542270725
2017-07-02 19:48:45.625114023,2.3741,-0.4925,-2.0105,286296.05214665714,-105155.17940224991,-271906.78492293303,408602.913495495
2017-07-02 19:48:45.825124025,-0.3546,-0.5112,0.311,286438.1688927693,-105199.4824526579,-272041.841153987,408803.7659383788
2017-07-02 19:48:46.225124001,-0.05,0.8906,-0.2565,286722.38015413535,-105287.94162120539,-272311.9811322353,409205.4361811995
2017-07-02 19:48:46.244119760,1.399,-1.166,-1.8861,286735.87768132373,-105292.14291481323,-272324.8105983909,409224.512189485
2017-07-02 19:48:46.425475001,2.5111,-0.7521,-1.7962,286864.8231024673,-105332.2780050043,-272447.3544319858,409406.7371945917
2017-07-02 19:48:46.625129997,-0.2186,-0.4076,0.1645,287006.7711217068,-105376.47919737607,-272582.2570643403,409607.3435670226
2017-07-02 19:48:46.825121998,1.4014,-0.844,-1.6855,287149.01479173714,-105420.78875586331,-272717.45481840934,409808.3815155625
2017-07-02 19:48:47.225131988,2.4267,-0.4314,-2.0022,287433.90890707396,-105509.48265809989,-272988.18826284807,410210.9869950001
2017-07-02 19:48:47.243679880,-0.1682,0.723,0.0681,287447.1189824928,-105513.59501895726,-273000.7417626164,410229.65513002424
2017-07-02 19:48:47.425162017,-0.5065,-0.4882,0.4656,287576.35648838506,-105553.84855680054,-273123.556340944,410412.29609334504
2017-07-02 19:48:47.625322997,1.0276,-0.5269,-1.7303,287718.936788105,-105598.26625428736,-273259.0807938351,410613.8157182252
2017-07-02 19:48:47.825272023,-0.021,0.6568,-0.0228,287861.3652674533,-105642.61065847932,-273394.4626490225,410815.11535912234
2017-07-02 19:48:48.225152015,0.4698,-0.8058,-0.4089,288146.28448448237,-105731.42431219234,-273665.2795160481,411217.82617232663
2017-07-02 19:48:48.243579740,1.5522,-0.9245,-1.5328,288159.41498328076,-105735.51743802761,-273677.76012771216,411236.3851605492
2017-07-02 19:48:48.425127029,0.5773,0.4791,-0.791,288288.79379119584,-105775.82653257702,-273800.7433847361,411419.2523233041
2017-07-02 19:48:48.625115990,0.9314,0.2258,-0.943,288431.3522204188,-105820.22121579191,-273936.2570634914,411620.7442486514
2017-07-02 19:48:48.825121998,0.3854,-0.7745,-0.8885,288573.9382182064,-105864.65066505781,-274071.8178355279,411822.2959127768
2017-07-02 19:48:49.225118994,0.1857,0.9165,-0.4733,288859.1292174485,-105953.35958924072,-274343.00492615526,412225.4180571863
2017-07-02 19:48:49.243750210,0.6436,-0.908,-0.17,288872.41317838756,-105957.49182327735,-274355.636443183,412244.19512848085
2017-07-02 19:48:49.425154983,2.1795,0.253,-2.2833,289001.82556846534,-105997.71742425197,-274478.6996610556,412427.11822657974
2017-07-02 19:48:49.625374019,-0.2826,-0.4368,0.1337,289144.6485409032,-106042.1325042235,-274614.520930602,412629.0061930084
2017-07-02 19:48:49.825384020,1.091,-1.0109,-1.8035,289287.36604600947,-106086.54165349223,-274750.27254566626,412830.7725179337
2017-07-02 19:48:50.225121974,2.1568,0.0452,-2.2451,289572.9444363549,-106175.29010507504,-275021.9430885083,413234.499477737
2017-07-02 19:48:50.244870180,0.2369,0.8276,-0.4463,289587.0529235692,-106179.6742113833,-275035.3645696716,413254.4448648626
2017-07-02 19:48:50.425125002,0.0215,-0.425,-0.2488,289715.8310336965,-106219.70463265321,-275157.87931059435,413436.50897144666
2017-07-02 19:48:50.625110983,0.7317,-0.8753,-1.3369,289858.7347927076,-106264.1518944558,-275293.8583004156,413638.5675096152
2017-07-02 19:48:50.825119018,0.3766,0.7747,-0.5327,290001.6693760313,-106308.57306731159,-275429.87359540333,413840.66525327443
2017-07-02 19:48:51.225251019,-0.3474,-0.1891,0.5676,290287.56577140436,-106397.47143691611,-275701.8921482083,414244.88663562166
2017-07-02 19:48:51.244399900,1.3621,0.3978,-1.4729,290301.248245906,-106401.7256478542,-275714.9105196175,414264.2319061749
2017-07-02 19:48:51.425121009,1.2614,-1.1143,-2.1782,290430.42032919097,-106441.91194423092,-275837.8449498352,414446.8921074247
2017-07-02 19:48:51.625111997,-0.2266,0.825,-0.0573,290573.3566734431,-106486.35021655963,-275973.8898893,414649.0157850941
2017-07-02 19:48:51.825121998,2.791,-0.8622,-2.2469,290716.4182577165,-106530.82720505231,-276110.0376474485,414851.3057461236
2017-07-02 19:48:52.224654972,1.5792,-0.8189,-1.9173,291002.44515101914,-106619.80359798009,-276382.30769354646,415255.80743579485
2017-07-02 19:48:52.245069860,-0.6362,-0.4266,0.5251,291017.05996740866,-106624.35019175001,-276396.2196242828,415276.4759392013
2017-07-02 19:48:52.425131022,-0.3286,0.923,-0.0337,291145.95331836975,-106664.42163525161,-276518.92520659155,415458.75965473836
2017-07-02 19:48:52.625196993,2.2767,-0.5339,-1.7678,291289.25785866234,-106708.96638931107,-276655.33414722554,415661.4116848453
2017-07-02 19:48:52.825172007,-0.5684,-0.5235,0.3577,291432.47451737046,-106753.51182653291,-276791.66676715063,415863.9516504801
2017-07-02 19:48:53.225490987,0.2857,0.4266,-0.4543,291719.21785309585,-106842.61652197994,-277064.656343365,416269.46869155776
2017-07-02 19:48:53.243740080,0.9076,-0.276,-1.3511,291732.2897459154,-106846.67857437055,-277077.1013997805,416287.9552940174
2017-07-02 19:48:53.425131022,1.0802,-0.9303,-1.0613,291862.2562901058,-106887.08486210204,-277200.83674145595,416471.7630851255
2017-07-02 19:48:53.625186026,0.4514,-0.8688,-0.1519,292005.6136938866,-106931.68349051385,-277337.3098020098,416674.50938481314
2017-07-02 19:48:53.824302017,0.6203,0.3001,-1.0584,292148.32280354033,-106976.06088491985,-277473.18425141723,416876.3462922748
2017-07-02 19:49:00.689198017,0.4016,0.3685,-0.4711,297087.4122486749,-108488.68828761535,-282179.9113208351,423858.7363214493
2017-07-02 19:49:00.889496982,-0.0571,0.9124,-0.2919,297231.5191335526,-108532.78602957031,-282317.25250632147,424062.4631731722
2017-07-02 19:49:01.289700984,-0.4506,-0.481,0.4014,297519.3773187218,-108620.97182496551,-282591.6004788414,424469.44302448083
2017-07-02 19:49:01.488911986,2.6492,-1.518,-2.4422,297662.7706683326,-108664.9286310208,-282728.2605859524,424672.1807350835
2017-07-02 19:49:01.689702987,-0.2861,0.8105,0.0756,297807.28977659805,-108709.20139403177,-282866.00153519463,424876.50810125936
2017-07-02 19:49:01.889683008,2.2306,-1.1243,-2.7425,297951.31438905053,-108753.3403056434,-283003.29583701614,425080.1574155298
2017-07-02 19:49:01.895230170,2.416,-1.3639,-1.9282,297955.30950176396,-108754.56469838457,-283007.1042454532,425085.8064631468
2017-07-02 19:49:02.289510011,1.7341,-1.1984,-2.5294,298239.5427356689,-108841.77808913197,-283278.190592523,425487.8268225291
2017-07-02 19:49:02.489202022,0.0691,0.9462,-0.1902,298383.5018900684,-108885.91156692231,-283415.4960355636,425691.436760272
2017-07-02 19:49:02.688894987,2.7433,-1.2474,-2.3267,298527.57112755516,-108930.09499847343,-283552.89491702925,425895.19900501554
2017-07-02 19:49:02.889518022,-0.443,-0.3146,0.4366,298672.29353695293,-108974.49687688529,-283690.9161608197,426099.88947236224
2017-07-02 19:49:02.895130030,-0.2938,-0.4101,0.6235,298676.3418331166,-108975.73893908467,-283694.7769955674,426105.61524426896
2017-07-02 19:49:03.289756000,0.0648,0.688,-0.2436,298961.020584961,-109062.97130198433,-283966.30165358656,426508.24612571637
2017-07-02 19:49:03.488629996,1.8863,-0.8162,-1.4968,299104.56066152203,-109106.96482748874,-284103.19724488864,426711.2544416389
2017-07-02 19:49:03.689423024,-0.2741,-0.3604,0.6151,299249.4747750377,-109151.39739848653,-284241.38900888903,426916.2013005373
2017-07-02 19:49:03.887709850,1.2517,-0.9619,-1.8717,299392.62935420964,-109195.31320316618,-284377.92952063156,427118.6834307368
2017-07-02 19:49:03.888844013,0.9993,-0.7168,-1.6427,299393.4481725101,-109195.56439415358,-284378.7105085496,427119.8415930693
2017-07-02 19:49:04.289309978,1.4971,-1.0829,-1.3123,299682.8079620845,-109284.43205152322,-284654.68298633595,427529.1347065309
2017-07-02 19:49:04.488530993,-0.0447,-0.7219,0.394,299826.7548778055,-109328.6699653539,-284791.95621219353,427732.7428898995
2017-07-02 19:49:04.689333021,0.8736,-0.2612,-1.3285,299971.87937747757,-109373.2694821279,-284930.3724019957,427938.03010670375
2017-07-02 19:49:04.889308989,0.309,0.4359,-0.2991,300116.41922056663,-109417.66809346268,-285068.2311359758,428142.4851375768
2017-07-02 19:49:04.893110030,0.1694,0.5945,-0.2745,300119.166562483,-109418.51199098729,-285070.85148830316,428146.3713179728
2017-07-02 19:49:05.289403975,0.078,-0.8144,0.0645,300405.6148087246,-109506.62407256979,-285344.0375070451,428551.5766686676
2017-07-02 19:49:05.488790988,0.6067,-0.1681,-1.3001,300549.7593744369,-109550.96250708036,-285481.53702651046,428755.5005236417
2017-07-02 19:49:05.689631998,0.3168,0.3893,-0.4116,300694.96786948474,-109595.60856909503,-285620.05584136257,428960.92761285824
2017-07-02 19:49:05.889514029,0.5437,-0.8183,-0.8467,300839.5047429433,-109640.07414774688,-285757.94708232826,429165.4200815922
2017-07-02 19:49:05.890210270,1.4015,-0.6691,-1.4742,300840.00820307224,-109640.2290332242,-285758.4273940294,429166.13238324295
2017-07-02 19:49:06.288576006,0.7564,0.0662,-1.148,301128.19123104244,-109728.83880012538,-286033.4278134676,429573.8905534476
2017-07-02 19:49:06.488581001,0.3117,0.4965,-0.474,301272.8899511662,-109773.3066909264,-286171.51451605087,429778.62766987144
2017-07-02 19:49:06.689523994,0.6246,-0.8011,-1.0475,301418.29251004464,-109818.01547736714,-286310.2911237598,429984.3792353743
2017-07-02 19:49:06.888695001,0.4425,-0.7917,-0.3069,301562.43041158153,-109862.36141201996,-286447.85612496693,430188.3449947883
2017-07-02 19:49:06.894449940,0.2575,-0.705,-0.1154,301566.595207161,-109863.64278727201,-286451.8309954244,430194.23849228874
2017-07-02 19:49:07.289622008,0.0784,0.9179,-0.1634,301852.5897832562,-109951.48712314115,-286724.7973336893,430598.9141712903
2017-07-02 19:49:07.489319980,1.0985,-1.1574,-1.3875,301997.1593339203,-109995.92491826603,-286862.79466308205,430803.4943060416
2017-07-02 19:49:07.689706027,0.1517,-0.6925,-0.0374,302142.2331017397,-110040.54363433196,-287001.26897486,431008.7918595458
2017-07-02 19:49:07.885859720,0.8798,0.1606,-0.9733,302284.2766177144,-110084.21377913961,-287136.8560194456,431209.8005593078
2017-07-02 19:49:07.889518976,0.5417,0.1396,-1.2688,302286.9264531721,-110085.0284457936,-287139.38541887404,431213.55040298234
2017-07-02 19:49:08.289524972,0.4205,-0.8478,-0.7706,302576.6564621252,-110174.21814227238,-287416.00616440526,431623.62305434275
2017-07-02 19:49:08.488923013,0.6503,-0.8569,-0.2433,302721.10914333153,-110218.71217268874,-287553.9078578066,431828.072684339
2017-07-02 19:49:08.689577996,0.7586,0.6384,-0.8494,302866.50295149226,-110263.4609758287,-287692.7130386412,432033.84887294227
2017-07-02 19:49:08.889340996,0.7158,0.3402,-0.6627,303011.2789964766,-110307.99727880264,-287830.9276261298,432238.7446317825
2017-07-02 19:49:08.897340170,0.2204,0.3538,-0.3801,303017.07632427034,-110309.7806376552,-287836.4622215913,432246.9493619103
2017-07-02 19:49:09.289865016,0.1441,-0.9214,0.1131,303301.57729895,-110397.43322089782,-288108.0311158095,432649.60146430484
2017-07-02 19:49:09.488654017,0.7853,0.7531,-0.4586,303445.6900761232,-110441.79394857383,-288245.58170216496,432853.54572554136
2017-07-02 19:49:09.689652979,1.3719,0.3569,-0.7582,303591.46039776364,-110486.63342077484,-288384.69208649313,433059.81298306247
2017-07-02 19:49:09.889923989,0.2928,-0.686,-0.2151,303736.7145311007,-110531.33801360018,-288523.30728618737,433265.354355254
2017-07-02 19:49:09.895680180,0.1575,-0.6568,-0.3052,303740.88943180226,-110532.62293513337,-288527.291375498,433271.2620451814
2017-07-02 19:49:10.288999974,0.4178,0.253,-0.8761,304026.22449603374,-110620.38231975758,-288799.65922103776,433675.05961499515
2017-07-02 19:49:10.488825976,0.5275,0.2395,-0.5108,304171.20995214215,-110664.95888514958,-288938.05601878616,433880.23497817595
2017-07-02 19:49:10.689603984,0.1334,-0.6539,-0.4502,304316.8915218999,-110709.77418098197,-289077.1303114448,434086.41056114144
2017-07-02 19:49:10.890244007,2.2556,-0.9067,-1.8034,304462.56377414934,-110754.59517792717,-289216.18162350403,434292.5659113153
2017-07-02 19:49:10.894799820,0.2908,-0.772,-0.5299,304465.87147289066,-110755.61291752067,-289219.33898947906,434297.2469749188
2017-07-02 19:49:11.289888024,3.1853,-0.7237,-2.3771,304753.2181975329,-110843.98607042758,-289493.52243359445,434703.82190722023
2017-07-02 19:49:11.895159840,0.2221,1.0928,-0.4219,305193.5123377079,-110978.9726481164,-289913.7237358904,435326.7503306777
2017-07-02 19:49:18.656382024,-0.6524,-0.402,0.4725,310082.0184046956,-112505.22473324505,-294586.00562096963,442254.67599328543
2017-07-02 19:49:18.856272995,0.1276,1.0641,-0.0885,310226.5488859517,-112550.30482853176,-294724.1420179131,442459.49265314476
2017-07-02 19:49:19.256483972,-0.7869,-0.3497,0.5088,310515.79402390035,-112640.6177875839,-295000.6298062758,442869.4375320578
2017-07-02 19:49:19.455425977,1.6865,-1.4481,-2.1854,310659.6424546946,-112685.56902428664,-295138.1563955547,443073.33735734184
2017-07-02 19:49:19.564529890,2.6774,-1.3562,-2.1608,310738.5637822104,-112710.23735658896,-295213.604544909,443185.2038762208
2017-07-02 19:49:19.655345976,-0.0964,1.2457,-0.0836,310804.255645363,-112730.76054768317,-295276.40688314434,443278.31681997195
2017-07-02 19:49:19.856296002,1.9707,-0.9722,-1.4576,310949.69253009517,-112776.21175851021,-295415.4293561578,443484.4542087627
2017-07-02 19:49:20.256322026,1.1331,-0.6238,-1.3986,311239.3912978817,-112866.79013038435,-295692.40160581865,443895.108530415
2017-07-02 19:49:20.455973982,0.1016,0.5832,-0.1027,311383.9832549587,-112911.97431509984,-295830.6418343968,444100.0648723318
2017-07-02 19:49:20.562229750,-0.3574,-0.3984,0.2979,311460.93178142566,-112936.02606189587,-295904.21061100974,444209.1397823011
2017-07-02 19:49:20.656333982,1.8621,-1.0573,-1.3452,311529.0968729147,-112957.33658535595,-295969.3778873946,444305.76266121364
2017-07-02 19:49:20.856275022,-0.409,-0.4272,0.3474,311673.90928311914,-113002.63162935249,-296107.8233731709,444511.038722075
2017-07-02 19:49:21.256258010,0.1302,0.3796,-0.4837,311963.62801895506,-113093.18384641226,-296384.86160202435,444921.74550826184
2017-07-02 19:49:21.455480992,0.8953,-0.9792,-0.9762,312107.96626666054,-113138.32483562782,-296522.8871709838,445126.3705622696
2017-07-02 19:49:21.562260150,0.588,0.1318,-1.1387,312185.33511258115,-113162.51791510018,-296596.8788382258,445236.05812739057
2017-07-02 19:49:21.656261026,0.4872,-0.8629,-0.0425,312253.44951908104,-113183.82342891043,-296662.01628421474,445332.6245946593
2017-07-02 19:49:21.856283009,0.5943,0.3491,-1.0351,312398.4121441001,-113229.14490234389,-296800.6619494122,445538.14662616747
2017-07-02 19:49:22.256214022,0.5115,-0.9553,-0.7755,312688.33734509203,-113319.91505132387,-297077.99902339786,445949.2537975855
2017-07-02 19:49:22.455479979,0.3434,-0.9268,-0.1599,312832.80645090796,-113365.17815327481,-297216.18879833294,446154.1115954007
2017-07-02 19:49:22.562199950,0.1644,0.4872,-0.3458,312910.1809915275,-113389.41396010476,-297290.20241199,446263.828935898
2017-07-02 19:49:22.656397998,0.2418,0.6275,-0.5039,312978.4789829603,-113410.80050527728,-297355.5361544694,446360.6757538651
2017-07-02 19:49:22.856297016,0.955,0.2955,-0.7986,313123.45328382304,-113456.17338902898,-297494.2137307659,446566.2408643924
2017-07-02 19:49:23.256286978,0.6772,-0.7871,-0.7653,313413.6494240781,-113547.08864938763,-297771.82447160286,446977.75832273567
2017-07-02 19:49:23.455488026,0.4789,1.0461,-0.445,313558.1904922787,-113592.32431312063,-297910.0964754432,447182.71494955756
2017-07-02 19:49:23.563470120,-0.0703,-0.5836,-0.1674,313636.5419070099,-113616.85228260851,-297985.05235287425,447293.81950541283
2017-07-02 19:49:23.657325029,2.0955,0.4077,-1.5333,313704.6611464013,-113638.16769204535,-298050.2153373015,447390.40942335327
2017-07-02 19:49:23.856221020,-0.188,-0.3781,-0.0942,313849.01103444473,-113683.35396266887,-298188.31153550855,447595.1025557563
2017-07-02 19:49:24.256483972,0.1409,0.867,-0.603,314139.52670460497,-113774.14896984678,-298466.31616697146,448007.07706272753
2017-07-02 19:49:24.455379009,2.2338,-0.071,-1.4155,314283.9754847916,-113819.26881029835,-298604.51570392126,448211.89185229054
2017-07-02 19:49:24.563820000,2.1858,-1.1981,-1.5057,314362.7571450447,-113843.88301142378,-298679.88217180455,448323.59383944556
2017-07-02 19:49:24.656242012,-0.6997,-0.3256,0.3571,314429.8951466528,-113864.86396677083,-298744.11240207765,448418.789640902
2017-07-02 19:49:24.856397986,2.3853,-1.3818,-1.9139,314575.3897506083,-113910.35724031256,-298883.2908350281,448625.0849693302
2017-07-02 19:49:25.256265997,2.9602,-0.9137,-1.7429,314866.5295774743,-114001.38898088683,-299161.61768938386,449037.77306175814
2017-07-02 19:49:25.455771028,-0.6245,-0.412,0.2519,315011.76230243244,-114046.82359174108,-299300.4725040399,449243.65460336936
2017-07-02 19:49:25.564749830,-0.058,0.9902,-0.222,315091.09439181763,-114071.63030091579,-299376.3240115609,449356.1148835267
2017-07-02 19:49:25.655342996,2.4615,-1.0349,-2.04,315157.0626955804,-114092.26040418222,-299439.39547744906,449449.6296749413
2017-07-02 19:49:25.856203019,0.1258,0.8616,-0.3407,315303.3304041717,-114137.96599200017,-299579.2490877458,449656.97140012286
2017-07-02 19:49:26.256213009,-0.7657,-0.6229,0.4348,315594.49802819727,-114229.08771431161,-299857.6960693445,450069.7829867377
2017-07-02 19:49:26.455411016,2.6977,-0.8996,-2.27,315739.6014772546,-114274.50044070685,-299996.4478889919,450275.50026400643
2017-07-02 19:49:26.562130210,3.4054,-0.381,-2.2679,315817.3786049962,-114298.83438858109,-300070.8092125994,450385.7576711591
2017-07-02 19:49:26.656222999,-0.0181,0.8036,-0.1046,315885.9534273298,-114320.28216820711,-300136.37345553713,450482.9687776812
2017-07-02 19:49:26.856227993,1.8147,-0.6097,-1.4185,316031.78965371527,-114365.8962681883,-300275.7945019984,450689.69709187106
2017-07-02 19:49:27.256322026,1.6258,-0.318,-1.6194,316323.7836393017,-114457.19453978202,-300554.95440750325,451103.60904862825
2017-07-02 19:49:27.455637991,-0.0358,0.7377,-0.1493,316469.2456786945,-114502.64754894927,-300694.0302107169,451309.80441435607
2017-07-02 19:49:27.562210080,-0.1635,-0.7611,0.3139,316547.02079964214,-114526.95942522431,-300768.38897212246,451420.0534061397
2017-07-02 19:49:27.656494021,3.0471,-0.85,-1.5877,316615.85525442334,-114548.4756101189,-300834.18801271496,451517.62063109066
2017-07-02 19:49:27.856279015,-0.9467,-0.4194,0.5794,316761.67572308093,-114594.08453495718,-300973.5911853187,451724.32523419254
2017-07-02 19:49:28.256299972,0.105,0.791,-0.2447,317053.6626185642,-114685.27876310413,-301252.7513574562,452138.2071283675
2017-07-02 19:49:28.455478012,2.0605,-0.6271,-1.4476,317199.13018924004,-114730.71098139735,-301391.8079438042,452344.38885736425
2017-07-02 19:49:28.554620020,2.0841,-1.0024,-1.9104,317271.5579890071,-114753.33498049118,-301461.04293215275,452447.04640837025
2017-07-02 19:49:28.656333029,-0.737,-0.5553,0.7376,317345.8563986725,-114776.55142151803,-301532.06572658196,452552.3571819762
2017-07-02 19:49:28.856235980,1.1302,-0.4425,-1.6011,317491.92488364835,-114822.19783088219,-301671.7152573738,452759.40991586744
2017-07-02 19:49:29.256350994,1.5643,-0.7362,-1.2914,317784.53815276246,-114913.67909287364,-301951.43700331124,453174.17914085655
2017-07-02 19:49:29.562859770,0.017,0.5806,-0.0711,318008.6966343162,-114983.70392070689,-302165.72499453044,453491.9058416054
2017-07-02 19:49:37.390237987,0.1228,-0.7585,0.2594,323740.6019853065,-116818.41414412226,-307622.1490134263,461612.2895034261
2017-07-02 19:49:37.590171992,0.6582,0.359,-0.8375,323887.03782941186,-116865.2636288196,-307761.55543036095,461819.7463490052
2017-07-02 19:49:37.790349006,0.5149,-0.4384,-0.3897,324033.67229086196,-116912.18762359375,-307901.146903882,462027.48474302044
2017-07-02 19:49:37.990172982,1.6511,-1.1202,-1.8079,324180.1140713118,-116959.07359100875,-308040.56437858555,462234.96249984513
2017-07-02 19:49:38.189486980,0.239,0.7389,-0.3789,324326.1916069253,-117005.81054545673,-308179.64109311486,462441.9200807085
2017-07-02 19:49:38.390316009,2.0086,0.4466,-1.7442,324473.4605225438,-117052.88474571341,-308319.84530895716,462650.5500073542
2017-07-02 19:49:38.590173006,-0.3003,-0.3777,0.1742,324620.00464748294,-117099.74618867299,-308459.3639647424,462858.16098705324
2017-07-02 19:49:38.790169000,1.4004,-0.8156,-1.4517,324766.7067050203,-117146.67284562885,-308599.0377189543,463066.0026647282
2017-07-02 19:49:38.990173995,0.291,0.7768,-0.5165,324913.4270055974,-117193.57054100916,-308738.73842034145,463273.86784283025
2017-07-02 19:49:39.189665019,1.9662,-0.1508,-1.5604,325059.848513903,-117240.35372046006,-308878.14221887046,463481.29670673975
2017-07-02 19:49:39.390181005,-0.2918,-0.3003,0.3039,325207.0105868203,-117287.3893405812,-309018.25003932277,463689.7780742107
2017-07-02 19:49:39.590171992,1.871,-1.1526,-1.9622,325353.8621873485,-117334.34790999924,-309158.0695047839,463897.83010875754
2017-07-02 19:49:39.790409982,-0.1153,0.9166,-0.1194,325500.890536997,-117381.32772525997,-309298.0664445375,464106.12982943084
2017-07-02 19:49:39.990023016,1.7412,-0.7542,-1.6938,325647.5293801962,-117428.19096478552,-309437.6939346665,464313.88074479555
2017-07-02 19:49:40.189400017,-0.271,-0.1848,0.44,325793.9840573059,-117475.0061367598,-309577.1388313496,464521.3687245922
2017-07-02 19:49:40.390230000,0.7387,-0.0917,-1.0672,325941.53583286493,-117522.16617799725,-309717.64299121604,464730.4193877241
2017-07-02 19:49:40.590161025,0.5615,0.3893,-0.4966,326088.4495795978,-117569.09955953246,-309857.5380746833,464938.5594056154
2017-07-02 19:49:40.790278971,1.099,-1.0193,-1.1008,326235.54469188716,-117616.11764047673,-309997.6080338511,465146.96466379304
2017-07-02 19:49:40.990221023,-0.1471,-0.4112,0.3727,326382.50463409314,-117663.110833271,-310137.539978934,465355.17692013626
2017-07-02 19:49:41.189697027,0.7972,0.1127,-1.0993,326529.15374623967,-117709.99000450119,-310277.18949638715,465562.9541908077
2017-07-02 19:49:41.390160977,0.2641,0.1391,-0.6191,326676.539781391,-117757.09576463944,-310417.5555358678,465771.78320646344
2017-07-02 19:49:41.590149998,0.7502,-0.4824,-0.9269,326823.6066417455,-117804.10921808689,-310557.6260991926,465980.16817816533
2017-07-02 19:49:41.789969980,-0.0188,-0.6037,0.0011,326970.54844445427,-117851.10703836597,-310697.5782251576,466188.38262575085
2017-07-02 19:49:41.990239024,0.7358,0.516,-0.9337,327117.8499855345,-117898.18978282013,-310837.88231867604,466397.10549871944
2017-07-02 19:49:42.189577996,0.0274,0.3474,-0.1026,327264.46853043203,-117945.04006541,-310977.5389010957,466604.8591040601
2017-07-02 19:49:42.390462994,0.8577,-0.714,-1.1952,327412.2588264419,-117992.28252104424,-311118.3268590296,466814.28777611436
2017-07-02 19:49:42.590213000,0.1354,-0.5708,0.2595,327559.21951580927,-118039.2808336987,-311258.3090167083,467022.53590322984
2017-07-02 19:49:42.790175974,0.5697,-0.2603,-1.2839,327706.35967021255,-118086.3396628155,-311398.4917565264,467231.0589542437
2017-07-02 19:49:42.990088999,0.1258,0.4136,-0.1541,327853.468097918,-118133.37020743487,-311538.6456385636,467439.533444391
2017-07-02 19:49:43.189409017,0.8022,-0.9321,-1.3464,328000.1720243978,-118180.29827508137,-311678.43726905086,467647.45696614176
2017-07-02 19:49:43.390286028,0.1954,-0.6801,0.1369,328148.02981674095,-118227.62036553519,-311819.3153610111,467857.0135437915
2017-07-02 19:49:43.590301990,0.7624,-0.081,-1.2137,328295.28432511224,-118274.7428527937,-311959.63814200857,468065.7265135888
2017-07-02 19:49:43.790178000,0.3647,0.3454,-0.4521,328442.45036880986,-118321.81856937717,-312099.88080015755,468274.31228854024
2017-07-02 19:49:43.990163981,0.5244,-0.7705,-0.4344,328589.7183557494,-118368.95100251552,-312240.2179928334,468483.0469747638
2017-07-02 19:49:44.189567029,0.3514,-1.0046,-0.2931,328736.5710479699,-118415.98599524944,-312380.15777505,468691.20095769793
2017-07-02 19:49:44.390407025,0.5829,0.3018,-0.6349,328884.50550951046,-118463.34776023186,-312521.13160794484,468900.88550599606
2017-07-02 19:49:44.590175986,0.8546,0.357,-0.963,329031.68517455895,-118510.4427084357,-312661.392089819,469109.4978608971
2017-07-02 19:49:44.790170013,0.1567,-0.3896,-0.0474,329179.0369244768,-118557.60629835988,-312801.8124894541,469318.3549131768
2017-07-02 19:49:44.990445971,1.6803,-1.118,-1.8923,329326.6637933341,-118604.88121815359,-312942.50674034166,469527.61565103795
2017-07-02 19:49:45.189549028,-0.0113,0.7639,-0.3245,329473.4256486449,-118651.84899341053,-313082.3898898283,469735.65155024664
2017-07-02 19:49:45.390121996,1.9323,-0.3449,-1.8702,329621.3487329355,-118699.17739113771,-313223.3809868669,469945.3315553802
2017-07-02 19:49:45.590167999,-0.1472,-0.4742,0.4133,329768.8772884624,-118746.40041977707,-313363.98511864245,470154.450377941
2017-07-02 19:49:45.790356993,1.7447,-0.6898,-1.7601,329916.58121596964,-118793.68484716467,-313504.7602900501,470363.8217862028
2017-07-02 19:49:45.990180015,0.1296,0.5006,-0.1344,330064.0202959606,-118840.86284377765,-313645.2834722859,470572.81266536895
2017-07-02 19:49:46.189522981,1.4155,-1.034,-1.1964,330211.1614160395,-118887.96858839197,-313785.5166028908,470781.38305220526
2017-07-02 19:49:46.390335977,0.1405,-0.6665,0.1418,330359.3932758578,-118935.44858566784,-313926.77814713266,470991.498536551
2017-07-02 19:49:46.589591026,1.1518,-0.3119,-1.4163,330506.5208529712,-118982.572606953,-314066.99998708954,471200.05665470246
2017-07-02 19:49:46.790360987,-0.0091,0.3373,-0.1863,330654.76665642246,-119030.04131038034,-314208.29542619723,471410.2018005131
2017-07-02 19:49:46.990185976,0.902,-0.6533,-1.0052,330802.3507223091,-119077.31267725013,-314348.9659620766,471619.41652063903
2017-07-02 19:49:47.189423978,0.3588,-0.8502,-0.558,330949.5155020399,-119124.47893357412,-314489.2454277322,471828.0500160359
2017-07-02 19:49:47.390572011,0.2739,0.4448,-0.5247,331098.10218558373,-119172.07936086736,-314630.89093739813,472038.70106395835
2017-07-02 19:49:47.589920997,0.8158,0.3428,-0.7625,331245.3923452546,-119219.24043203185,-314771.2998861824,472247.5076389385
2017-07-02 19:49:47.790169000,-0.0619,-0.3457,-0.0075,331393.344266729,-119266.62805084066,-314912.34234701784,472457.257911644
2017-07-02 19:49:47.990208029,1.1037,-1.1242,-0.8943,331541.1859543686,-119314.01120262242,-315053.27340529603,472666.85555122327
2017-07-02 19:49:54.673877000,0.3189,0.6283,-0.7201,336495.0922251146,-120869.10170385666,-319794.2051173026,479694.2989705975
2017-07-02 19:49:54.874487996,0.1531,-0.3698,0.3151,336643.7903812671,-120915.79278408387,-319936.4919780644,479905.2296507093
2017-07-02 19:49:55.274653971,0.229,0.4962,-0.2061,336940.44061635947,-121008.84970462596,-320220.34970441606,480326.00865912077
2017-07-02 19:49:55.473600983,1.5166,-0.8419,-0.934,337087.98364173155,-121055.14732088416,-320361.509731033,480535.2789605317
2017-07-02 19:49:55.674453973,-0.154,-0.581,0.1336,337236.9339652993,-121101.91192223555,-320504.01672758727,480746.55218738085
2017-07-02 19:49:55.744310020,1.107,-0.1362,-1.259,337288.7438278973,-121118.17717018856,-320553.586362773,480820.0404351569
2017-07-02 19:49:55.874424993,1.0055,0.0974,-0.97,337385.2627167203,-121148.47142814333,-320645.9319677347,480956.94330705237
2017-07-02 19:49:56.274414002,0.3154,-0.3389,-0.8154,337682.0238008673,-121241.6538260238,-320929.94387312175,481377.9354053569
2017-07-02 19:49:56.473783016,0.3367,-0.843,-0.0416,337829.95366024505,-121288.13281676569,-321071.5073502569,481587.7921879112
2017-07-02 19:49:56.674410998,0.6334,0.6294,-0.6857,337978.84315692657,-121334.87997695262,-321213.9923676611,481799.0041640681
2017-07-02 19:49:56.735250110,-0.0383,0.4577,-0.0997,338023.99277280865,-121349.05405075893,-321257.2003782455,481863.05254081683
2017-07-02 19:49:56.874423980,0.723,0.3278,-0.7116,338127.28978946124,-121381.47192071145,-321356.05561150686,482009.5852824824
2017-07-02 19:49:57.273711025,1.1807,-0.8049,-1.2316,338423.8351000896,-121474.60646551054,-321639.865649561,482430.2803046995
2017-07-02 19:49:57.473752975,0.3725,0.744,-0.5234,338572.4185685927,-121521.23689947858,-321782.07481245196,482641.064667701
2017-07-02 19:49:57.674462974,2.467,-0.0564,-2.0445,338721.597620076,-121568.02532990334,-321924.8412508429,482852.67824802327
2017-07-02 19:49:57.744310020,0.3364,-0.3906,-0.3232,338773.5135461444,-121584.30960143138,-321974.5255242327,482926.32244288694
2017-07-02 19:49:57.874606013,-0.2224,-0.4627,0.2193,338870.3562017159,-121614.69490930923,-322067.20520166156,483063.6986946663
2017-07-02 19:49:58.274416983,-0.0468,0.7185,-0.1741,339167.5087114399,-121707.81684240603,-322351.61899654835,483485.21995585883
2017-07-02 19:49:58.473764002,2.5055,-0.1219,-2.0479,339315.7694628672,-121754.25257811311,-322493.5099996402,483695.51726155233
2017-07-02 19:49:58.674453973,-0.1607,-0.553,0.1595,339465.022538205,-121801.02341287346,-322636.35046354134,483907.2281664332
2017-07-02 19:49:58.744619960,1.9901,-0.9799,-2.2465,339517.21476091596,-121817.38043339454,-322686.3019471041,483981.2628180578
2017-07-02 19:49:58.874423027,2.5428,-1.1637,-1.5329,339613.8102341371,-121847.65959378707,-322778.7351652865,484118.27493406413
2017-07-02 19:49:59.274415016,2.6841,0.3476,-1.6994,339911.90147981804,-121940.91010806379,-323063.84275330603,484540.9506121658
2017-07-02 19:49:59.473778009,-0.5839,-0.6232,0.4193,340060.452155239,-121987.41256241789,-323205.92868912104,484751.5985362981
2017-07-02 19:49:59.674440979,2.4189,-0.871,-2.0066,340210.06887666945,-122034.25331452575,-323349.0219151003,484963.75114079815
2017-07-02 19:49:59.745599860,-0.2702,0.7465,-0.1028,340263.1244251476,-122050.86015038464,-323399.7659975376,485038.98292227427
2017-07-02 19:49:59.874421000,0.014,0.6153,-0.1196,340359.17277040635,-122080.91381207242,-323491.63157620374,485175.17630849616
2017-07-02 19:50:00.274019002,-0.035,-0.8219,0.4391,340657.1052907341,-122174.27030329195,-323776.5247964606,485597.62532211497
2017-07-02 19:50:00.473758995,2.0534,-0.2394,-1.471,340806.109478257,-122220.94431421538,-323918.9880239726,485808.8865894064
2017-07-02 19:50:00.674465000,-0.0787,0.6773,-0.1156,340955.8311315337,-122267.81677326269,-324062.1449098509,486021.1637003766
2017-07-02 19:50:00.745239850,1.3277,-0.5358,-1.0524,341008.6340477129,-122284.34806701234,-324112.6315166531,486096.0277413414
2017-07-02 19:50:00.873894989,2.1428,-0.5861,-1.8529,341104.65511675767,-122314.40849804172,-324204.4371798633,486232.164048883
2017-07-02 19:50:01.274416983,0.6704,0.001,-1.2141,341403.6900907582,-122407.99079278244,-324490.4362070232,486656.1815155918
2017-07-02 19:50:01.473775029,0.0198,0.4426,-0.2152,341552.5342096226,-122454.55337437493,-324632.79950707394,486867.23630054743
2017-07-02 19:50:01.674413979,0.5663,-0.3293,-1.2153,341702.3574702361,-122501.42838352032,-324776.12643482105,487079.69918559183
2017-07-02 19:50:01.744349950,0.1737,-0.7994,0.2839,341754.58165535546,-122517.77134064768,-324826.08397926576,487153.7572574097
2017-07-02 19:50:01.874463021,0.3748,-0.7485,-0.0726,341851.74900375924,-122548.18942901897,-324919.0292174736,487291.54782007594
2017-07-02 19:50:02.274406015,0.9286,0.5182,-0.9365,342150.57160559885,-122641.60599648046,-325204.8751140234,487715.27346327953
2017-07-02 19:50:02.473771989,0.4849,-0.2696,-0.2827,342299.54975536483,-122688.18356108917,-325347.37652137695,487926.5186045821
2017-07-02 19:50:02.674475014,1.6032,-0.9195,-1.4122,342449.59160903346,-122735.11053788516,-325490.8905024542,488139.2731096539
2017-07-02 19:50:02.745750060,0.6866,0.4853,-0.8023,342502.87899759214,-122751.7731049736,-325541.8602555325,488214.832528352
2017-07-02 19:50:02.874408006,0.2321,0.8114,-0.3601,342599.07142646436,-122781.83712431922,-325633.8712601616,488351.2274805686
2017-07-02 19:50:03.274487018,-0.2436,-0.4508,0.3599,342898.15559925005,-122875.39735155409,-325919.9341222164,488775.3183681636
2017-07-02 19:50:03.473725974,1.9649,-0.9989,-2.3045,343047.1772232586,-122922.02990554756,-326062.484627055,488986.64104258985
2017-07-02 19:50:03.674583017,-0.0628,0.8943,-0.1954,343197.4065687414,-122969.00509905787,-326206.20071592386,489199.67444396333
2017-07-02 19:50:03.744010210,1.9833,0.5243,-1.5949,343249.3436168789,-122985.23977110155,-326255.88455376885,489273.3216730049
2017-07-02 19:50:03.874611020,2.7384,-0.2433,-2.1689,343347.09009125165,-123015.7832705685,-326349.3827577926,489411.9193830426
2017-07-02 19:50:04.274417996,1.2538,-0.6795,-1.4352,343646.5208269515,-123109.39440037732,-326635.8373012237,489836.52831895615
2017-07-02 19:50:04.473766982,0.6074,0.8394,-0.7183,343795.8450451327,-123156.03677596217,-326778.6958274346,490048.2716134585
2017-07-02 19:50:04.674625992,1.1342,0.6621,-1.1867,343946.3461194344,-123203.00574512535,-326922.6843516728,490261.6762273456
2017-07-02 19:50:04.745279780,-0.4972,-0.4254,0.3731,343999.28361258016,-123219.52958505554,-326973.3316219455,490336.74060698884
2017-07-02 19:50:04.874418973,0.1307,-0.5813,0.1073,344096.043593044,-123249.74113284783,-327065.9016223016,490473.94417003344
2017-07-02 19:50:05.274538993,0.1609,0.7902,-0.0704,344395.866837821,-123343.2209487,-327352.72830156406,490899.04458600405
2017-07-02 19:50:05.743629930,1.5857,-1.1268,-1.9727,344747.72121310775,-123453.06234938519,-327689.43097885273,491398.01898289757
2017-07-02 19:50:23.241002023,2.1581,-0.1668,-2.2791,358532.8191849706,-127601.27935207805,-340946.40668838564,510952.366819777
2017-07-02 19:50:23.440118014,-0.5881,-0.5905,0.7418,358689.6670505554,-127648.50850040288,-341097.2385527072,511174.8674568206
2017-07-02 19:50:23.639881014,2.035,-1.3198,-2.3053,358847.1057859716,-127695.94378243489,-341248.65252481104,511398.2227574264
2017-07-02 19:50:23.839905023,-0.0307,0.801,-0.0836,359004.74900149193,-127743.40899539624,-341400.26767820126,511621.86340903846
2017-07-02 19:50:24.239902973,-0.4135,-0.3279,0.3712,359319.929813545,-127838.38000376605,-341703.4006428088,512069.0162215032
2017-07-02 19:50:24.391150110,2.9466,-1.6258,-2.0032,359439.1733185006,-127874.32761189908,-341818.0670374024,512238.1808604944
2017-07-02 19:50:24.439888000,2.2159,-1.5219,-2.4369,359477.6036190589,-127885.91498722591,-341855.02293449664,512292.7009643671
2017-07-02 19:50:24.639998972,-0.1833,0.9794,-0.0791,359635.38572772447,-127933.45191310774,-342006.76185603207,512516.5401635163
2017-07-02 19:50:24.839888989,2.6341,-0.928,-2.0007,359793.0988674764,-127980.97342969157,-342158.41317317117,512740.2688085417
2017-07-02 19:50:25.239955008,1.5598,-0.5024,-2.2666,360109.0004394135,-128076.16486298888,-342462.2955524945,513188.4839691642
2017-07-02 19:50:25.391240110,0.055,-0.8818,0.2287,360228.45998574793,-128112.18171798492,-342577.2035439352,513357.9792661534
2017-07-02 19:50:25.439957976,-0.1679,0.8939,0.1859,360266.92876956635,-128123.77799101072,-342614.2065621122,513412.56021832116
2017-07-02 19:50:25.639913022,1.7747,-0.6426,-1.3209,360424.8889779905,-128171.39881634535,-342766.13261531567,513636.67094298825
2017-07-02 19:50:25.840057015,-0.4154,-0.5594,0.4212,360582.9818105677,-128219.08704908633,-342918.1853583788,513860.9762421981
2017-07-02 19:50:26.239974975,-0.0362,0.3784,-0.0525,360898.86940423824,-128314.31482944726,-343222.0181261111,514309.1590220502
2017-07-02 19:50:26.392519830,0.8938,-0.6445,-1.7838,361019.3824838029,-128350.65354678172,-343337.95371863875,514480.16021861765
2017-07-02 19:50:26.439899981,1.394,-1.0941,-1.2484,361056.81675371097,-128361.94274157754,-343373.96590264974,514533.2775714598
2017-07-02 19:50:26.639904975,0.0305,-0.7819,0.2997,361214.8385957061,-128409.62889760121,-343525.9715099225,514757.5016618775
2017-07-02 19:50:26.839908003,1.3938,-0.6464,-1.8384,361372.9146380735,-128457.34044166461,-343678.0491612442,514981.8183418135
2017-07-02 19:50:27.239809989,2.1353,-0.9077,-1.6838,361689.325949774,-128552.88386430018,-343982.3946074671,515430.79094648326
2017-07-02 19:50:27.391330120,0.0253,0.5379,-0.2229,361809.2126154039,-128589.07226523932,-344097.71413565235,515600.9044918314
2017-07-02 19:50:27.440165996,0.1436,-0.5153,0.2545,361847.8531722091,-128600.73723979795,-344134.8817263468,515655.7332996142
2017-07-02 19:50:27.639729022,1.0299,-0.1631,-1.3695,362005.7950406726,-128648.41151179603,-344286.8179877156,515879.8527444586
2017-07-02 19:50:27.839653015,0.276,0.5733,-0.2646,362164.03362393926,-128696.14910182245,-344439.03964537027,516104.3868019582
2017-07-02 19:50:28.240105986,0.0695,-0.7975,-0.0948,362481.0007774952,-128791.89662856286,-344743.95879720734,516554.1846592742
2017-07-02 19:50:28.391370050,1.8737,-1.0886,-0.9456,362600.7724146392,-128828.08848021054,-344859.158277995,516724.1387678392
2017-07-02 19:50:28.440065026,1.0736,-0.4254,-1.2906,362639.33188420575,-128839.74038141008,-344896.24639207136,516778.85454642266
2017-07-02 19:50:28.639961004,0.4062,0.4665,-0.3121,362797.63719384035,-128887.553537382,-345048.50793361844,517003.4814558808
2017-07-02 19:50:28.839541971,0.9368,-0.4624,-0.9632,362955.73034929845,-128935.30976439138,-345200.56789678946,517227.81090511574
2017-07-02 19:50:29.239902973,0.9209,0.7943,-0.6212,363273.01408252405,-129030.98181686581,-345505.7009598655,517677.95628652576
2017-07-02 19:50:29.391290180,0.5901,-0.9107,-0.1316,363393.00107533025,-129067.17885122942,-345621.08295123966,517848.18515423796
2017-07-02 19:50:29.440053999,1.834,0.7022,-1.3409,363431.65483167005,-129078.83672434458,-345658.2522032447,517903.02291065856
2017-07-02 19:50:29.639914989,-0.3907,-0.1618,0.1886,363590.06360985304,-129126.6235726832,-345810.58473774634,518127.763961516
2017-07-02 19:50:29.839899003,0.8438,-1.0681,-0.9847,363748.60364282137,-129174.48255328333,-345963.05042191374,518352.7041043063
2017-07-02 19:50:30.239978015,1.1826,0.1336,-0.973,364065.9609835847,-129270.20569006643,-346268.22214477806,518802.941099372
2017-07-02 19:50:30.392900100,0.4323,0.64,-0.4816,364187.2744975286,-129306.77895043799,-346384.87910640676,518975.04608799424
2017-07-02 19:50:30.440078020,-0.506,-0.4002,0.6217,364224.6997460133,-129318.06304041708,-346420.8675066227,519028.14064137207
2017-07-02 19:50:30.640022993,2.1103,-1.616,-2.2878,364383.3962398243,-129365.95080166397,-346573.48158286675,519253.2973593495
2017-07-02 19:50:30.839897990,-0.2622,0.8712,-0.0204,364542.0267187312,-129413.78699887726,-346726.0430627828,519478.3599415529
2017-07-02 19:50:31.239928007,-0.3365,-0.259,0.3783,364859.4560682804,-129509.56785758813,-347031.31922273565,519928.73297267663
2017-07-02 19:50:31.391340250,2.7318,-0.1252,-2.2415,364979.6664049572,-129545.82399398065,-347146.91830991296,520099.2792683168
2017-07-02 19:50:31.440073013,1.7664,-1.5388,-2.1971,365018.36087843217,-129557.49686136837,-347184.1296532873,520154.17777277477
2017-07-02 19:50:31.639953970,-0.2741,0.8431,-0.1015,365177.0581129527,-129605.34028852107,-347336.7587284021,520379.33468507987
2017-07-02 19:50:31.839541971,2.6494,-0.7339,-1.7724,365335.6282923237,-129653.14282901913,-347489.23470656,520604.29020719725
2017-07-02 19:50:32.239956021,0.8029,-0.0868,-1.0193,365653.88099486235,-129749.0583468098,-347795.2958999489,521055.79996639694
2017-07-02 19:50:32.391470190,-0.2423,-0.2537,0.3987,365774.30026213295,-129785.35800216341,-347911.098386101,521226.6400177815
2017-07-02 19:50:32.439966022,0.0063,0.6973,-0.0589,365812.84342175024,-129796.97495868207,-347948.1639552091,521281.3212849006
2017-07-02 19:50:32.640444993,1.5786,-0.756,-1.0666,365972.24206625007,-129845.02917157937,-348101.43374759844,521507.45128013263
2017-07-02 19:50:32.839927971,0.3727,-0.7874,-0.2601,366130.8636385945,-129892.87598128703,-348253.9524356381,521732.4831045857
2017-07-02 19:50:33.240073978,0.8384,0.2678,-0.7411,366449.1793586515,-129988.809761484,-348560.0107058174,522184.0410995686
2017-07-02 19:50:33.391359920,0.5688,0.4721,-0.6028,366569.540181876,-130025.06929778277,-348675.73804917175,522354.78052677936
2017-07-02 19:50:33.440185010,0.0249,-0.515,-0.0862,366608.3847495131,-130036.77270415319,-348713.08738228213,522409.8844160989
2017-07-02 19:50:33.639895975,0.9306,-1.0061,-1.2952,366767.3091530044,-130084.68368233577,-348865.91031782416,522635.34837777
2017-07-02 19:50:33.840068995,0.2037,0.7342,-0.3942,366926.6094090527,-130132.67608941336,-349019.10262264346,522861.34306729067
2017-07-02 19:50:44.124007999,2.0802,0.2497,-1.6225,375330.7006418243,-132571.88989255138,-357060.9902542196,534734.5057084772
2017-07-02 19:50:44.324109971,0.4465,-0.697,-0.0511,375494.24294661457,-132619.3793322118,-357217.4690718076,534965.5563403873
2017-07-02 19:50:44.524026989,0.4337,-0.1425,-1.0669,375657.6514230664,-132666.83057271413,-357373.845896816,535196.4356551568
2017-07-02 19:50:44.724406003,0.3829,0.3177,-0.4434,375821.4529006166,-132714.37871391998,-357530.60190238734,535427.8682273043
2017-07-02 19:50:44.923213005,0.1587,-0.5513,-0.2589,375983.9755964872,-132761.57562049502,-357686.13835969236,535657.5019928735
2017-07-02 19:50:45.123955011,0.5341,-0.9775,-0.6648,376148.10166120273,-132809.27128889202,-357843.2154551035,535889.4137514387
2017-07-02 19:50:45.324050009,0.4454,0.7961,-0.5397,376311.7165670382,-132856.7813559676,-357999.80788662675,536120.5972771051
2017-07-02 19:50:45.524507999,1.3692,0.271,-1.3532,376475.6833055189,-132904.36672127314,-358156.73876840185,536352.2726148899
2017-07-02 19:50:45.724003016,0.6745,-0.4354,-0.5236,376638.8892139509,-132951.74082109996,-358312.93661387207,536582.8722578987
2017-07-02 19:50:45.923211991,0.3472,-0.9434,-0.5488,376801.87489116605,-132999.08443259614,-358468.9322768363,536813.174939943
2017-07-02 19:50:46.123957991,0.4582,0.8278,-0.6018,376966.1365723897,-133046.7599709415,-358626.1557982964,537045.2756367407
2017-07-02 19:50:46.324039995,1.1679,0.2496,-1.2475,377129.9016890133,-133094.26782346136,-358782.90922148427,537276.6725113421
2017-07-02 19:50:46.523356974,0.2008,-0.5308,0.2045,377293.0486175689,-133141.61511421518,-358939.0551647578,537507.1902150984
2017-07-02 19:50:46.723160982,1.4868,-1.0954,-1.9187,377456.6535494729,-133189.12182775603,-359095.6592467008,537738.3750224995
2017-07-02 19:50:46.923364996,-0.0459,0.6633,-0.3154,377620.5841773732,-133236.69706319465,-359252.5894904945,537970.0234161713
2017-07-02 19:50:47.123246014,0.6918,0.3277,-0.8252,377784.27796945604,-133284.18245146627,-359409.2995220835,538201.3364491152
2017-07-02 19:50:47.323956012,0.2324,-0.6931,-0.0788,377948.6600219396,-133331.89270027418,-359566.66266215354,538433.624619986
2017-07-02 19:50:47.523944020,0.7052,-1.0165,-1.0816,378112.4789672013,-133379.47198185124,-359723.50299748796,538665.13615201
2017-07-02 19:50:47.723946988,0.2404,0.8519,-0.4828,378276.3197831403,-133427.02074556059,-359880.3743777561,538896.6764009468
2017-07-02 19:50:47.923206984,1.5457,0.2339,-1.3942,378439.61333373474,-133474.38358799752,-360036.7183675345,539127.4344598372
2017-07-02 19:50:48.124119997,-0.3836,-0.4913,0.3377,378604.24604721443,-133522.15917396903,-360194.34572097484,539360.0919653025
2017-07-02 19:50:48.323942005,0.8559,-0.8121,-1.2431,378768.01894135866,-133569.70775345858,-360351.1667562803,539591.5514393441
2017-07-02 19:50:48.524340987,0.1628,0.8821,-0.3609,378932.27125786786,-133617.35820168728,-360508.45509652427,539823.6849282616
2017-07-02 19:50:48.723996996,2.4063,-0.398,-2.3419,379096.0105352029,-133664.84785264326,-360665.25364917336,540055.0915832565
2017-07-02 19:50:48.923411011,-0.2862,-0.4208,0.3144,379259.53997056594,-133712.29667705705,-360821.8496509885,540286.2057529317
2017-07-02 19:50:49.124840021,1.8358,-1.2442,-2.0994,379424.7962873989,-133760.27543367498,-360980.11317004805,540519.7770906144
2017-07-02 19:50:49.323945999,0.2867,0.716,-0.559,379588.1581088463,-133807.67247838562,-361136.5736348064,540750.6706489021
2017-07-02 19:50:49.523914992,1.472,0.6745,-1.9543,379752.286875762,-133855.24799160403,-361293.7904174629,540982.6520291407
2017-07-02 19:50:49.723128020,0.0976,-0.6654,0.0646,379915.7990418031,-133902.670056776,-361450.4102923451,541213.7641546177
2017-07-02 19:50:49.923229992,0.8875,-0.9004,-1.8029,380080.07638086687,-133950.33978514263,-361607.8012382753,541445.9898333543
2017-07-02 19:50:50.124170005,0.3092,0.6932,-0.607,380245.054209406,-133998.1811683935,-361765.87585722416,541679.2064883941
2017-07-02 19:50:50.324113011,2.5465,-0.9541,-2.4614,380409.3152669957,-134045.8233186056,-361923.26455491927,541911.412794709
2017-07-02 19:50:50.523994982,-0.354,-0.4514,0.4647,380573.51203863596,-134093.4689601751,-362080.58664176,542143.5305396868
2017-07-02 19:50:50.723942995,1.3896,-1.0536,-2.036,380737.8186168157,-134141.1724661956,-362238.0421062701,542375.8289458342
2017-07-02 19:50:50.923219025,-0.1845,0.9538,-0.0393,380901.5656686551,-134188.67777452664,-362394.9699568919,542607.3333652662
2017-07-02 19:50:51.123951971,1.9597,-0.9015,-2.1053,381066.5888461349,-134236.56672108386,-362553.12994443293,542840.6515842362
2017-07-02 19:50:51.323888003,-0.4205,-0.3833,0.3307,381230.94006890134,-134284.2808697142,-362710.6488139711,543073.0268735195
2017-07-02 19:50:51.524038016,1.6828,-0.9331,-1.76,381395.5346011361,-134332.0834642955,-362868.40677330404,543305.7547051576
2017-07-02 19:50:51.723942995,-0.0235,0.8126,-0.2212,381559.92668912275,-134379.79506334587,-363025.98043677665,543538.195022538
2017-07-02 19:50:51.923219025,2.2311,-0.7768,-2.0556,381723.89015924995,-134427.38739771987,-363183.139965519,543770.0285562837
2017-07-02 19:50:52.123821020,-0.5429,-0.5162,0.4735,381888.92278081493,-134475.3171797457,-363341.3261656142,544003.3819500313
2017-07-02 19:50:52.324048995,1.3142,-0.5733,-1.8008,382053.7003889578,-134523.1805815801,-363499.2896257559,544236.3913347849
2017-07-02 19:50:52.523720979,0.0061,0.6372,-0.1163,382218.02068751835,-134570.88567234433,-363656.81909132487,544468.7508760663
2017-07-02 19:50:52.724008023,2.2218,-0.8425,-1.5671,382382.9362777279,-134618.77150838467,-363814.89666716167,544701.939261961
2017-07-02 19:50:52.923291981,-0.3555,-0.2186,0.2837,382547.0118123793,-134666.42620206773,-363972.1712853437,544933.9446784217
2017-07-02 19:50:53.124015986,2.071,-1.1918,-2.2017,382712.35641508363,-134714.47327139002,-364130.67109335505,545167.7564681089
2017-07-02 19:50:53.323935985,-0.0275,0.7391,-0.2234,382877.0376259209,-134762.2983463872,-364288.5449545017,545400.6297959964
2017-07-02 19:50:53.523935973,2.2921,0.5997,-2.1616,383041.8764105303,-134810.118568441,-364446.5684457661,545633.7126721841
2017-07-02 19:50:53.723951995,-0.1769,-0.6149,0.0252,383206.72133313207,-134857.96722418314,-364604.60359761305,545866.8148580752
2017-07-02 19:50:53.923201978,1.8782,-0.8563,-1.843,383371.0094836957,-134905.66662050973,-364762.1066606229,546099.134090476
2017-07-02 19:50:54.124033987,0.1942,0.577,-0.4404,383536.60989938496,-134953.72147309987,-364920.87804591225,546333.3097170184
2017-07-02 19:50:54.323942005,1.3535,0.8481,-1.222,383701.50250834366,-135001.52134138093,-365078.9677884164,546566.4703520546
2017-07-02 19:50:54.523958981,0.1937,-0.6103,-0.4761,383866.49273979577,-135049.37167867855,-365237.1627434928,546799.7824506464
2017-07-02 19:50:54.724138021,0.5231,-0.5766,-0.6149,384031.6376162642,-135097.2838920829,-365395.5105162818,547033.3206585335
2017-07-02 19:51:01.474129021,0.7834,0.3544,-0.9377,389635.978279992,-136696.7253564216,-370777.68468864594,554957.9098962805
2017-07-02 19:51:01.674354016,0.3701,0.6044,-0.1984,389802.23468436307,-136744.14536098854,-370937.34408452845,555192.9904924182
2017-07-02 19:51:01.874247014,0.3892,-0.717,-0.8532,389968.23096706835,-136791.5153868338,-371096.77283752034,555427.7222608117
2017-07-02 19:51:02.273517012,0.9977,0.319,-1.1208,390299.954084352,-136886.08230503707,-371415.39747278346,555896.7990256235
2017-07-02 19:51:02.473397970,0.0459,0.8384,-0.0352,390466.0218254617,-136933.3905233265,-371574.9074764425,556131.620667754
2017-07-02 19:51:02.674333989,0.8677,-0.9495,-1.1408,390633.00117993914,-136980.98679186052,-371735.3055052911,556367.7468297657
2017-07-02 19:51:02.743910070,0.4042,-0.5228,-0.1066,390690.82138715993,-136997.47000068222,-371790.8454228852,556449.5102370252
2017-07-02 19:51:02.874234020,-0.13,-0.7977,0.3913,390799.1230342937,-137028.35848270246,-371894.8713889791,556602.6598555404
2017-07-02 19:51:03.273522019,0.3591,0.6409,-0.1205,391130.996103151,-137122.89278566232,-372213.6065374638,557071.9098376593
2017-07-02 19:51:03.473141014,0.2491,-1.0621,-0.8761,391296.92178085865,-137170.1963394352,-372372.9890622524,557306.5464734207
2017-07-02 19:51:03.674242019,0.4452,-0.7175,0.2041,391464.09732747334,-137217.88010079204,-372533.54661957605,557542.939577508
2017-07-02 19:51:03.736430280,1.0903,-0.1057,-1.1322,391515.7987323919,-137232.62618524447,-372583.20164656494,557616.047559579
2017-07-02 19:51:03.875343024,0.9476,0.1959,-0.8411,391631.30479511333,-137265.56140381252,-372694.1345668276,557779.3750073082
2017-07-02 19:51:04.273591995,0.3724,-0.6376,-0.9007,391962.50821078045,-137360.08451269634,-373012.3110291142,558247.7808639294
2017-07-02 19:51:04.474249005,0.2778,-0.892,0.3474,392129.3956264288,-137407.74572169202,-373172.60966573766,558483.7939487613
2017-07-02 19:51:04.674234986,1.1373,-0.1428,-1.4468,392295.7704296019,-137455.25325521312,-373332.4301020768,558719.0899820158
2017-07-02 19:51:04.742319820,0.2429,0.5655,-0.1028,392352.413530174,-137471.42448018605,-373386.8411319083,558799.1965653038
2017-07-02 19:51:04.874235987,0.2396,0.3215,-0.2615,392462.16520546563,-137502.75106166396,-373492.2684921936,558954.4098499742
2017-07-02 19:51:05.273639023,0.0009,-0.5026,0.2545,392794.46087667655,-137597.67883712312,-373811.43067775393,559424.3428937574
2017-07-02 19:51:05.474409997,1.1148,-0.8377,-2.0226,392961.54341563274,-137645.43067373,-373971.94789968483,559660.6623703665
2017-07-02 19:51:05.674214005,0.1506,1.0459,-0.1171,393127.8272531827,-137692.91077084374,-374131.69670313405,559895.8409519771
2017-07-02 19:51:05.743709800,0.8979,-0.8875,-0.8313,393185.66840493574,-137709.42957621795,-374187.26451881725,559977.6475550776
2017-07-02 19:51:05.874300003,1.2644,-0.8123,-1.8401,393294.37982085557,-137740.48407179816,-374291.71390538785,560131.4106968448
2017-07-02 19:51:06.273593008,1.0241,-0.7514,-2.1796,393626.9394566977,-137835.5561920644,-374611.4261742585,560601.9342074504
2017-07-02 19:51:06.473859012,0.4019,0.8772,-0.0123,393793.75135835476,-137883.20457481424,-374771.7788343097,560837.9292837981
2017-07-02 19:51:06.674232006,1.4902,-0.9966,-2.114,393960.7122080521,-137930.9184260389,-374932.3020367758,561074.1592088538
2017-07-02 19:51:06.742089740,-0.0878,-0.5714,0.289,394017.2542783789,-137947.07969090392,-374986.6630257989,561154.1596669719
2017-07-02 19:51:06.874402999,-0.2548,-0.5849,0.5419,394127.49908703053,-137978.6021768815,-375092.6499993436,561310.1426830032
2017-07-02 19:51:07.273503005,0.1087,0.6787,0.0508,394460.0507524904,-138073.5761867419,-375412.33323811454,561780.6191280886
2017-07-02 19:51:07.474236011,0.8271,-1.3014,-2.2174,394627.3456541218,-138121.39714970667,-375573.2118024952,562017.348230681
2017-07-02 19:51:07.674346983,-0.1916,-0.6162,0.4007,394794.1144676703,-138169.09459982123,-375733.57578853646,562253.3339124689
2017-07-02 19:51:07.743399850,1.168,-0.8502,-1.6808,394851.66742980515,-138185.5577497296,-375788.9210636586,562334.7764782914
2017-07-02 19:51:07.873772978,0.7872,-0.3827,-1.5546,394960.3418985637,-138216.64699510572,-375893.44042090693,562488.5703111361
2017-07-02 19:51:08.273616015,2.567,-0.5645,-1.3851,395294.0474338624,-138312.08525405833,-376214.2136352119,562960.7014749177
2017-07-02 19:51:08.474375009,-0.4889,-0.5293,0.5322,395461.57944659947,-138360.0256129837,-376375.25065539737,563197.733315696
2017-07-02 19:51:08.674247980,1.7516,-1.2269,-2.3181,395628.4420542061,-138407.8034072185,-376535.6695664587,563433.842311687
2017-07-02 19:51:08.742359750,-0.0395,0.8045,-0.1007,395685.30452474195,-138424.08116673972,-376590.33683484216,563514.3017360552
2017-07-02 19:51:08.874495029,0.0053,0.6115,-0.1084,395795.6165121079,-138455.64897200934,-376696.3919802413,563670.3899562149
2017-07-02 19:51:09.273518979,-0.5383,-0.3927,0.5521,396128.652474865,-138551.04039436657,-377016.5708752903,564141.6442884505
2017-07-02 19:51:09.474642992,1.8077,-1.484,-2.5192,396296.5890289124,-138599.1815114962,-377178.0557343275,564379.3097900869
2017-07-02 19:51:09.674229979,-0.201,0.9645,-0.0189,396463.2341746817,-138646.91630469757,-377338.307249813,564615.1446527136
2017-07-02 19:51:09.742260210,2.022,-0.6489,-1.2614,396520.0453710216,-138663.18995286027,-377392.9356248865,564695.5414101565
2017-07-02 19:51:09.874284029,3.094,-1.2999,-2.3279,396630.3507428556,-138694.79429334044,-377498.99152076506,564851.635116397
2017-07-02 19:51:10.273733973,2.0879,-0.1748,-2.0594,396964.42271657265,-138790.44396038167,-377820.2017751402,565324.3715839866
2017-07-02 19:51:10.474220991,0.039,0.965,-0.1167,397132.09759297303,-138838.4124802279,-377981.42437822855,565561.6366883622
2017-07-02 19:51:10.674224972,3.396,-1.8844,-2.4702,397299.5043326677,-138886.34080765213,-378142.3573567158,565798.5102783648
2017-07-02 19:51:10.742920040,-0.3703,-0.3369,0.4298,397357.00152753585,-138902.80426837152,-378197.63073773036,565879.866749299
2017-07-02 19:51:10.874228000,-0.1748,-0.4822,0.0766,397466.9021731881,-138934.28184943265,-378303.2823425348,566035.3755970591
2017-07-02 19:51:11.273653984,0.0572,0.9586,-0.2823,397801.2183244386,-139029.88063917914,-378624.70923941245,566508.4178170539
2017-07-02 19:51:11.474599003,2.4595,-1.3681,-1.3801,397969.5069080899,-139078.03015030755,-378786.46985406586,566746.518863295
2017-07-02 19:51:11.674233019,-0.298,-0.461,0.2778,398136.68566903693,-139125.88389756708,-378947.1640407549,566983.0554613918
2017-07-02 19:51:11.742819900,1.5226,-0.6693,-1.6855,398194.12928461947,-139142.32782772018,-379002.38056222396,567064.3318547604
2017-07-02 19:51:11.874237000,1.3856,0.0818,-1.562,398304.21906481235,-139173.83409666756,-379108.2061260672,567220.0974702161
2017-07-02 19:51:12.747920270,-0.0939,0.8801,0.0502,399036.04300327436,-139382.62134017958,-379811.7141849443,568255.4152663015
2017-07-02 19:51:35.940738022,-0.0571,-0.3196,-0.044,418432.34494426905,-145097.00769596102,-398510.72446127125,595776.4399911504
2017-07-02 19:51:36.139937996,0.0108,0.9716,-0.1743,418598.93758613593,-145146.04923359252,-398671.33464714733,596012.8180045291
2017-07-02 19:51:36.340426027,1.8088,0.6901,-1.494,418766.6801466187,-145195.38014230385,-398833.043414651,596250.8090854732
2017-07-02 19:51:36.540665984,-0.599,-0.5045,0.5105,418934.1911332033,-145244.67023983446,-398994.53162267385,596488.4801891034
2017-07-02 19:51:36.739235997,2.0715,-1.2492,-2.9433,419100.3868053938,-145293.59852806048,-399154.78911967174,596724.3163059752
2017-07-02 19:51:36.939794003,0.0126,0.8761,-0.0532,419268.2468601689,-145342.98142431886,-399316.6531820094,596962.5068486216
2017-07-02 19:51:37.140447020,1.9486,0.4944,-1.5969,419436.2648896551,-145392.3678095467,-399478.6582185407,597200.9036278639
2017-07-02 19:51:37.340551018,-0.4541,-0.5061,0.4065,419603.8050118329,-145441.63933072225,-399640.2037062622,597438.6295260786
2017-07-02 19:51:37.540482997,1.6784,-0.7735,-1.8217,419771.26819882233,-145490.89941469143,-399801.6831401725,597676.2545554729
2017-07-02 19:51:37.739745974,0.1304,0.9479,-0.2956,419938.17620682425,-145539.95703006187,-399962.63397700625,597913.0869165272
2017-07-02 19:51:37.940230011,2.9473,0.1892,-2.1241,420106.22547072713,-145589.30766003177,-400124.6564773226,598151.5091557357
2017-07-02 19:51:38.140211999,-0.5586,-0.4804,0.4002,420273.83156830753,-145638.55391946243,-400286.25723830285,598389.3127577623
2017-07-02 19:51:38.340313971,3.0298,-1.6168,-2.436,420441.6595408078,-145687.89446333415,-400448.0524949303,598627.4253804035
2017-07-02 19:51:38.540412008,-0.1956,0.7954,-0.1109,420609.47638130316,-145737.20218972626,-400609.8490102083,598865.5231751325
2017-07-02 19:51:38.739813029,1.8885,-0.6049,-1.187,420776.7837414396,-145786.36221022814,-400771.1291239845,599102.8818839011
2017-07-02 19:51:38.940414011,-0.1935,-0.4866,0.3807,420945.09014186676,-145835.83764841707,-400933.36447405186,599341.65815972
2017-07-02 19:51:39.140026986,1.5058,-1.0877,-1.9506,421112.6275928137,-145885.11274821678,-401094.8784991965,599579.3632188893
2017-07-02 19:51:39.339613974,-0.0447,0.6845,0.0206,421280.1414519516,-145934.35416600853,-401256.3706767261,599817.029031591
2017-07-02 19:51:39.540733993,2.2269,-0.7095,-1.2153,421449.03206431074,-145984.00250670707,-401419.15243636613,600056.6236269318
2017-07-02 19:51:39.739799976,-0.3141,-0.3984,0.2783,421616.18535223446,-146033.15957708453,-401580.260679856,600293.7591002734
2017-07-02 19:51:39.939608991,1.7318,-0.9062,-1.4696,421784.03169486724,-146082.5363095308,-401742.0289463943,600531.8764473437
2017-07-02 19:51:40.140460014,0.004,0.6013,0.0348,421952.7535208904,-146132.1462854985,-401904.63943379885,600771.228988439
2017-07-02 19:51:40.340415000,1.7791,-0.6533,-1.5433,422120.7937767235,-146181.56106157682,-402066.5861871751,601009.6114550082
2017-07-02 19:51:40.539623975,-0.0238,-0.7175,0.1064,422288.20614757034,-146230.81994975318,-402227.92451186496,601247.108110827
2017-07-02 19:51:40.739813029,0.9965,0.0714,-1.1555,422456.48209817114,-146280.3183230477,-402390.10290492023,601485.831679589
2017-07-02 19:51:40.940405011,0.151,0.4557,-0.2965,422625.10281988315,-146329.89798750417,-402552.61965080886,601725.0436588783
2017-07-02 19:51:41.140464007,0.8762,-0.6784,-1.0728,422793.3105740023,-146379.37306756488,-402714.7475164072,601963.6801277812
2017-07-02 19:51:41.340484023,0.2962,-0.661,0.0448,422961.4974044694,-146428.86495306855,-402876.8420002441,602202.2837869055
2017-07-02 19:51:41.540481984,0.9473,0.1604,-1.1187,423129.7035812172,-146478.34496553152,-403038.96335798816,602440.9162575627
2017-07-02 19:51:41.739669024,0.1876,0.4589,-0.3315,423297.235184526,-146527.60614696683,-403200.44052338344,602678.5908892691
2017-07-02 19:51:41.940630018,1.0946,-0.4648,-0.9914,423466.30302520643,-146577.32481815224,-403363.3958377368,602918.4447754379
2017-07-02 19:51:42.140622973,0.1474,-0.7198,0.0169,423634.56235336093,-146626.8327820229,-403525.56551236735,603157.154093431
2017-07-02 19:51:42.340407013,0.9445,0.0753,-1.3965,423802.6836142907,-146676.28602379165,-403687.62152207264,603395.6772222982
2017-07-02 19:51:42.540534973,0.2377,0.6174,-0.308,423971.1038092202,-146725.79966966907,-403849.96884029673,603634.6200196118
2017-07-02 19:51:42.739893972,0.96,-0.3735,-1.5733,424138.9150296252,-146775.13791134223,-404011.75489309547,603872.7170879636
2017-07-02 19:51:42.939710974,0.4294,-0.6545,-0.07,424307.1289204369,-146824.61563372475,-404173.91542450857,604111.3815500194
2017-07-02 19:51:43.140417993,1.0215,-0.315,-1.5341,424476.13321231725,-146874.3264270664,-404336.8600435793,604351.1825256789
2017-07-02 19:51:43.340524017,0.2832,0.7524,-0.198,424644.64277952595,-146923.8582390106,-404499.32467138505,604590.2715234464
2017-07-02 19:51:43.540475010,0.2664,-0.7909,-0.6168,424813.0324456877,-146973.38329696422,-404661.68809055816,604829.2070839151
2017-07-02 19:51:43.739666998,0.4747,-1.0006,-0.199,424980.80174711486,-147022.76006127402,-404823.44308128755,605067.2639449633
2017-07-02 19:51:43.940514028,0.8355,0.5947,-0.6533,425149.99871009326,-147072.52309623675,-404986.56841213367,605307.3343743004
2017-07-02 19:51:44.140573024,0.0185,0.459,-0.1144,425318.5325602289,-147122.07251245296,-405149.0582907719,605546.4621261074
2017-07-02 19:51:44.340402007,1.1369,-0.6656,-0.7524,425486.9180409013,-147171.59153891218,-405311.3913951484,605785.3735232572
2017-07-02 19:51:44.540431022,0.0349,-0.7376,0.3702,425655.4734745313,-147221.18964726813,-405473.8721852554,606024.522445164
2017-07-02 19:51:44.739669978,0.96,-0.1061,-1.1302,425823.401269373,-147270.59606864737,-405635.7560860139,606262.7847315917
2017-07-02 19:51:44.940594971,0.1383,0.4722,-0.2042,425992.7557173643,-147320.40152313042,-405799.01815459505,606503.0682229429
2017-07-02 19:51:45.140434026,1.263,-0.5176,-0.871,426161.2452951977,-147369.95846508964,-405961.4326256876,606742.1169072216
2017-07-02 19:51:45.340267002,0.2191,-0.8587,0.2865,426329.738497034,-147419.54819020705,-406123.83071534947,606981.1652683006
2017-07-02 19:51:45.540637016,1.0143,0.1808,-1.0353,426498.7252355463,-147469.26392566998,-406286.7068045846,607220.9108359489
2017-07-02 19:51:45.739867985,0.3064,0.4495,-0.3315,426666.7634957412,-147518.67919970508,-406448.6701490523,607459.3066623388
2017-07-02 19:51:45.939611017,1.0588,-0.6578,-0.5428,426835.27589074307,-147568.24772519924,-406611.071427596,607698.365876452
2017-07-02 19:51:46.140393972,0.4439,-0.9565,-0.3311,427004.68350783986,-147618.11287966417,-406774.3315645068,607938.7006989561
2017-07-02 19:51:46.340399026,0.8133,0.4585,-0.7271,427173.4673162397,-147667.7664987474,-406936.98826196155,608178.1423706568
2017-07-02 19:51:46.540890991,0.4339,0.4165,-0.4359,427342.6794692112,-147717.5242571804,-407100.0584679703,608418.1870007014
2017-07-02 19:51:53.940549015,0.4653,-0.5227,-0.4065,433613.35517499316,-149582.57933803074,-413140.83065052354,617317.4513798696
2017-07-02 19:51:55.340713024,2.3461,-0.6429,-2.063,434804.4924736904,-149936.7456205756,-414287.91057624266,619007.6309806056
2017-07-02 19:51:55.540769994,-0.2857,-0.6064,0.4367,434974.6720434468,-149987.37355747138,-414451.78913676244,619249.112284092
2017-07-02 19:51:55.740104973,0.9155,-0.3772,-1.675,435144.2738244337,-150037.83376966734,-414615.1428266976,619489.7959334688
2017-07-02 19:51:55.940876007,0.1803,0.59,-0.3018,435315.1047233429,-150088.633726514,-414779.68551941577,619732.2211195511
2017-07-02 19:51:56.140235006,1.6689,-0.8197,-1.4928,435484.80048683827,-150139.1089823128,-414943.13030313974,619973.0356127052
2017-07-02 19:51:56.340801000,0.077,-0.7935,0.1385,435655.52675031143,-150189.921754357,-415107.5590721811,620215.3143735935
2017-07-02 19:51:56.540700018,0.7751,0.0782,-1.3395,435825.7162415835,-150240.56242525973,-415271.49456435215,620456.8443760278
2017-07-02 19:51:56.740121006,0.3122,0.5186,-0.3571,435995.5111647505,-150291.0613721547,-415435.0522295812,620697.8101340262
2017-07-02 19:51:56.940734982,0.7999,-0.8603,-0.9866,436166.3540378738,-150341.8970404349,-415599.6280457963,620940.275092712
2017-07-02 19:51:57.140716016,0.5208,-1.0522,-0.3154,436336.67872560385,-150392.61440095655,-415763.69723489415,621182.0084372006
2017-07-02 19:51:57.340699017,0.5118,0.7133,-0.6339,436507.0255571562,-150443.30373318068,-415927.7933894554,621423.7687059704
2017-07-02 19:51:57.540901005,0.7059,0.3539,-0.8334,436677.5872163332,-150494.03438703867,-416092.1026372811,621665.8326144997
2017-07-02 19:51:57.740130007,0.2378,-1.1134,-0.767,436847.3293809546,-150544.56268210977,-416255.6437825156,621906.7578996199
2017-07-02 19:51:57.939984023,0.5345,-0.881,-0.5029,437017.62540333916,-150595.28468128978,-416419.71806974465,622148.4760719885
2017-07-02 19:51:58.140875995,0.772,0.8795,-0.795,437188.8370262436,-150646.23461427278,-416584.6765726955,622391.4845007082
2017-07-02 19:51:58.340753972,1.5736,0.3138,-1.1851,437359.2473318594,-150696.91484261403,-416748.8497997122,622633.3392769421
2017-07-02 19:51:58.540768980,-0.1111,-0.5808,0.0803,437529.7700215602,-150747.65305145236,-416913.1323670243,622875.3603215689
2017-07-02 19:51:58.739993989,1.4396,-1.3048,-1.2955,437699.6763366235,-150798.24264795793,-417076.8174868857,623116.5126490281
2017-07-02 19:51:58.940589010,0.5624,1.0798,-0.2397,437870.77367767604,-150849.1366849086,-417241.6378664806,623359.3352546926
2017-07-02 19:51:59.140703022,2.1802,0.7206,-1.093,438041.5480499947,-150899.87982561789,-417406.10679134063,623601.6593436276
2017-07-02 19:51:59.340869009,-0.0557,-0.6464,0.138,438212.36454531876,-150950.66204462326,-417570.6129040449,623844.047477548
2017-07-02 19:51:59.541185975,1.9332,-1.0609,-1.6734,438383.3874555286,-151001.52513769676,-417735.3102469438,624086.7282822196
2017-07-02 19:51:59.740202009,-0.2273,0.9921,-0.0504,438553.29067734536,-151052.01861266658,-417898.93998097844,624327.8186402677
2017-07-02 19:51:59.940698981,2.4269,-0.4168,-2.1251,438724.55575903476,-151102.9045796863,-418063.87275991257,624570.8328967952
2017-07-02 19:52:00.141126990,-0.4866,-0.9814,0.4685,438895.7423849373,-151153.81246815217,-418228.72998822277,624813.7468836968
2017-07-02 19:52:00.340710997,1.96,-0.8794,-2.1298,439066.2862184543,-151204.54101341008,-418392.97784100485,625055.7581715452
2017-07-02 19:52:00.540821015,0.0254,0.7615,-0.0746,439237.28054364276,-151255.37276209635,-418557.6615623351,625298.4027336914
2017-07-02 19:52:00.740037977,1.7971,-0.9857,-1.4825,439407.58307329717,-151306.01677744967,-418721.66916559683,625540.0634685184
2017-07-02 19:52:00.939935982,-0.3777,-0.4016,0.4043,439578.4527064941,-151356.84997202657,-418886.221289654,625782.5329166794
2017-07-02 19:52:01.140850007,1.0621,-0.471,-1.3411,439750.2336906182,-151407.960548673,-419051.66391692316,626026.3058210923
2017-07-02 19:52:01.341014027,0.1861,0.5267,-0.2232,439921.3808785755,-151458.85922876172,-419216.4978953242,626269.1749564328
2017-07-02 19:52:01.540736973,1.2596,-0.8913,-1.7395,440092.201177452,-151509.6813037026,-419381.038039052,626511.5993600414
2017-07-02 19:52:01.740014016,0.2118,-0.7507,0.2397,440262.64851246466,-151560.41972418717,-419545.2013103692,626753.4893757992
2017-07-02 19:52:01.940702974,1.2203,-0.217,-1.6434,440434.35264749505,-151611.5263757444,-419710.59389874135,626997.1742781902
2017-07-02 19:52:02.140672028,-0.1237,0.6834,-0.0251,440605.43590534036,-151662.42237187203,-419875.3942006332,627239.9757382945
2017-07-02 19:52:02.340793013,2.2523,-0.4972,-1.8073,440776.7393485812,-151713.37694944968,-420040.39209276123,627483.0784057953
2017-07-02 19:52:02.540693998,0.1182,-0.6777,0.2803,440947.85919527354,-151764.30259204324,-420205.1973960328,627725.9162953071
2017-07-02 19:52:02.740068972,1.1332,-0.0527,-1.4296,441118.57380956726,-151815.09632589907,-420369.62586474104,627968.185485452
2017-07-02 19:52:02.940810978,0.0417,0.4951,-0.1138,441290.46062399,-151866.21838022766,-420535.1863375087,628212.1153486038
2017-07-02 19:52:03.140697002,1.1157,-0.7852,-0.9857,441461.65907469863,-151917.1538177232,-420700.08022857824,628455.0704397216
2017-07-02 19:52:03.340695023,0.2752,-0.9423,0.1336,441632.9644564186,-151968.15548581784,-420865.06116651074,628698.1750307669
2017-07-02 19:52:03.540704011,0.9639,-0.0656,-1.3634,441804.3177912276,-152019.16257485244,-421030.1056921643,628941.3572886477
2017-07-02 19:52:03.739992976,0.7253,0.272,-0.5869,441975.08306812873,-152069.97523797583,-421194.5793746207,629183.6974338428
2017-07-02 19:52:03.939936995,0.457,-0.7143,-0.6941,442146.4279126987,-152120.9834760794,-421359.62142324523,629426.8725560019
2017-07-02 19:52:04.140772998,0.4396,-0.8523,-0.2854,442318.5548868368,-152172.2536481442,-421525.4112639294,629671.1610982034
2017-07-02 19:52:04.340692996,0.6854,0.5529,-0.8105,442489.9241907816,-152223.26788068865,-421690.47733783076,629914.3711426555
2017-07-02 19:52:04.540868997,1.1759,0.4658,-0.9804,442661.56005660567,-152274.32877353978,-421855.7940683844,630157.947616506
2017-07-02 19:52:11.273694992,0.8388,0.613,-0.6353,448472.4755757264,-153963.95010860794,-427444.9435862224,638389.8801512249
2017-07-02 19:52:11.474000990,0.9239,0.3542,-0.9102,448645.3912003831,-154014.2032423171,-427611.2609769236,638634.8349095789
2017-07-02 19:52:11.673869013,0.4911,-0.5149,-0.335,448817.9483579857,-154064.36706488734,-427777.2280920427,638879.2819003348
2017-07-02 19:52:11.739139910,-0.0932,-0.6417,0.121,448874.29994906083,-154080.75179743118,-427831.42745461577,638959.1110134319
2017-07-02 19:52:11.873004019,0.4116,-0.8822,-0.36,448989.878825647,-154114.37106068892,-427942.5914002471,639122.8459299979
2017-07-02 19:52:12.273755013,1.2392,0.3768,-1.0447,449336.0880618959,-154214.95703953505,-428275.5523544118,639613.2595201182
2017-07-02 19:52:12.473689019,0.3356,-0.458,-0.3704,449508.8246905894,-154265.1575254059,-428441.68082823587,639857.9499951354
2017-07-02 19:52:12.673853993,0.5932,-0.9969,-0.6339,449681.7846354575,-154315.45594575384,-428608.02661504096,640102.966604214
2017-07-02 19:52:12.736920230,0.9151,0.2304,-0.9646,449736.2829884493,-154331.30261766413,-428660.44123358425,640180.1692355854
2017-07-02 19:52:12.872946977,0.6042,0.638,-0.5546,449853.84095745644,-154365.47029327997,-428773.5039050763,640346.69851111
2017-07-02 19:52:13.273750007,0.0534,-0.5455,-0.0533,450200.234281575,-154466.2330355276,-429106.6518117332,640837.4105219255
2017-07-02 19:52:13.473942995,2.0435,-1.1997,-1.7669,450373.3326223604,-154516.61006317168,-429273.1232496585,641082.627956258
2017-07-02 19:52:13.673740029,0.0782,0.8557,-0.2924,450546.09172025934,-154566.85329346915,-429439.27710241196,641327.3622883147
2017-07-02 19:52:13.738270280,1.9124,0.3647,-1.6747,450601.89724857855,-154583.0792842766,-429492.9482852829,641406.4162696006
2017-07-02 19:52:13.873006999,2.5532,0.271,-1.7918,450718.4634279563,-154616.95361854104,-429605.04420979315,641571.5311885608
2017-07-02 19:52:14.273684024,1.9345,-1.0473,-2.0204,451065.41587949765,-154717.8564877285,-429938.71690850134,642063.022464018
2017-07-02 19:52:14.473690986,0.1868,0.7811,-0.301,451238.6124830674,-154768.19318147513,-430105.28919264517,642308.3673811132
2017-07-02 19:52:14.673744976,2.1656,0.4937,-1.6106,451411.93648144347,-154818.5219523165,-430271.9651020197,642553.8694072119
2017-07-02 19:52:14.739960070,-0.424,-0.6193,0.2881,451469.3024602183,-154835.18279219948,-430327.1312514538,642635.125701448
2017-07-02 19:52:14.872943997,-0.0929,-0.4224,0.1861,451584.5125110894,-154868.65127211052,-430437.92159884656,642798.3162991761
2017-07-02 19:52:15.273639976,0.1145,0.581,-0.1262,451931.67212591483,-154969.402395825,-430771.766013564,643290.0328342491
2017-07-02 19:52:15.473873019,2.3078,-0.4993,-1.4417,452105.24487190193,-155019.76907406835,-430938.6502544077,643535.8587736589
2017-07-02 19:52:15.673714995,-0.1853,-0.6116,0.3031,452278.47121973726,-155070.06180856036,-431105.1964555898,643781.1973094478
2017-07-02 19:52:15.739200110,1.9211,-1.0687,-1.8145,452335.2430445811,-155086.54654027143,-431159.7788428846,643861.6030715244
2017-07-02 19:52:15.872785985,1.3145,-0.3297,-1.4022,452451.0777654028,-155120.18033010632,-431271.1488018279,644025.6609061223
2017-07-02 19:52:16.273114025,2.2952,-0.4805,-1.3509,452798.5772615497,-155221.05054633488,-431605.11703418964,644517.7291222392
2017-07-02 19:52:16.473672986,-0.3836,-0.4915,0.38,452972.6544030832,-155271.60493734415,-431772.4153394571,644764.232557035
2017-07-02 19:52:16.674194991,1.2293,-0.1184,-1.6113,453146.7488973048,-155322.1547737022,-431939.7476063815,645010.7699581515
2017-07-02 19:52:16.740810030,-0.0242,0.6512,-0.1268,453204.5843951515,-155338.94495024026,-431995.3373074592,645092.671319727
2017-07-02 19:52:16.873125016,-0.1546,0.4949,-0.0196,453319.45819693943,-155372.28599201574,-432105.7534160241,645255.345246811
2017-07-02 19:52:17.273827016,0.3422,-0.8924,0.1905,453667.39635176543,-155473.3991112448,-432440.106384971,645748.0390632552
2017-07-02 19:52:17.473744988,1.267,-0.1437,-1.7814,453841.0400601001,-155523.85214388516,-432606.99274064077,645993.9383590276
2017-07-02 19:52:17.673740029,0.011,0.5678,-0.1371,454014.7511486026,-155574.3019154528,-432773.94891524775,646239.9310911587
2017-07-02 19:52:17.736889830,1.3066,-0.0237,-1.4624,454069.6068225586,-155590.2318701218,-432826.67230029136,646317.6125930153
2017-07-02 19:52:17.873189985,0.9391,-0.6311,-0.8357,454188.0226920919,-155624.62620945607,-432940.48399670783,646485.3029443815
2017-07-02 19:52:18.273738026,0.7525,0.5882,-0.7184,454536.13454935694,-155725.60718477223,-433275.0600057183,646978.2376302127
2017-07-02 19:52:18.473839998,0.3847,0.4045,-0.3416,454710.0563562429,-155776.0381012914,-433442.2179768086,647224.5095194463
2017-07-02 19:52:18.674040973,0.3346,-0.5465,-0.5709,454884.0776240707,-155826.51587310425,-433609.48153335246,647470.9334021683
2017-07-02 19:52:18.738520020,0.3379,-0.957,-0.296,454940.1263359047,-155842.7773082716,-433663.3536041449,647550.3023309294
2017-07-02 19:52:18.873076021,1.4054,-1.1185,-1.1784,455057.1152115107,-155876.73220587985,-433775.796117317,647715.967878682
2017-07-02 19:52:19.273751974,1.4569,0.4365,-1.1598,455405.7143116253,-155977.77178552139,-434110.8095283693,648209.5532065491
2017-07-02 19:52:19.473833024,0.0838,-0.4726,0.1389,455579.7936832779,-156028.24570479034,-434278.09585185663,648456.0327477314
2017-07-02 19:52:19.673682987,2.1595,-1.0931,-1.9324,455753.7582494563,-156078.70498677314,-434445.2661452401,648702.3505313208
2017-07-02 19:52:19.736789700,0.3918,0.793,-0.4224,455808.69267934776,-156094.63537892632,-434498.05526640837,648780.1318986479
2017-07-02 19:52:19.872928977,-0.0401,0.7057,-0.2198,455927.20125491434,-156128.98872377072,-434611.94061281194,648947.9277163006
2017-07-02 19:52:20.273678004,-0.2552,-0.3957,0.1625,456276.0103401309,-156230.17716390744,-434947.1553273048,649441.8324960964
2017-07-02 19:52:20.473681986,1.9232,-1.114,-1.9836,456450.1693058365,-156280.72238718366,-435114.5320930643,649688.4463246618
2017-07-02 19:52:20.673928976,-0.1593,0.7081,-0.1536,456624.5334896908,-156331.3006297046,-435282.1183834247,649935.3527279575
2017-07-02 19:52:20.738940230,2.2825,0.2309,-1.6373,456681.15139944403,-156347.7201501793,-435336.5330869682,650015.5234145271
2017-07-02 19:52:20.873387992,3.1526,-0.1797,-2.3745,456798.2981330502,-156381.68010050655,-435449.10937291966,650181.3915377593
2017-07-02 19:52:21.273743987,1.7707,-0.7125,-1.9019,457147.4192704392,-156482.91959932534,-435784.64174737287,650675.7418675125
2017-07-02 19:52:21.473667025,-0.1455,0.6876,-0.2023,457321.7516921077,-156533.44739334806,-435952.2023426274,650922.5971273168
2017-07-02 19:52:21.673793017,2.7341,-0.7113,-2.1055,457496.37059102295,-156584.05496905724,-436120.0173649476,651169.8433749167
2017-07-02 19:52:21.738610020,-0.3471,-0.4847,0.4254,457552.92487339105,-156600.44783676483,-436174.36767211894,651249.9200284351
2017-07-02 19:52:29.408825993,-0.0665,-0.4518,0.3075,464241.4472302083,-158566.90249069384,-442587.9007990009,660717.5143929195
2017-07-02 19:52:29.607367992,-0.4901,-0.7473,0.3597,464414.55896802625,-158617.83323198103,-442753.89963609364,660962.5672030475
2017-07-02 19:52:29.807148993,2.1446,-0.9673,-1.7449,464588.83660645207,-158669.1204140386,-442921.0040327082,661209.2654263426
2017-07-02 19:52:30.206556022,2.8788,-0.4205,-2.1333,464937.7159370057,-158771.7220746203,-443255.42351741204,661703.0375545064
2017-07-02 19:52:30.406431019,-0.494,-0.5451,0.3768,465112.2856557759,-158823.08873294,-443422.76178716955,661950.11704325
2017-07-02 19:52:30.606660008,1.9773,-1.1532,-2.1831,465287.2438224201,-158874.59259873876,-443590.4839482818,662197.7596509597
2017-07-02 19:52:30.725299100,0.1791,0.7262,-0.4088,465390.9120419144,-158905.09929647396,-443689.8679441295,662344.4953420435
2017-07-02 19:52:30.807223975,-0.0776,0.8432,-0.0838,465462.4984304307,-158926.15969016988,-443758.4969940223,662445.8206777048
2017-07-02 19:52:31.206394016,-0.4924,-0.4201,0.4925,465811.21686333965,-159028.84110469342,-444092.8061002773,662939.4259574743
2017-07-02 19:52:31.407136976,1.6765,-0.8232,-2.0292,465986.6552250055,-159080.5128502557,-444261.01221207663,663187.7708373304
2017-07-02 19:52:31.607316970,-0.1048,0.6347,-0.0803,466161.59738564614,-159132.01425322847,-444428.74982239306,663435.4124601145
2017-07-02 19:52:31.646001100,2.5635,-0.6778,-1.8994,466195.4082229629,-159141.96774543772,-444461.1674100913,663483.2732493007
2017-07-02 19:52:31.807205021,2.4173,-0.3429,-1.9913,466336.3670501173,-159183.45469835354,-444596.30923818797,663682.7989871539
2017-07-02 19:52:32.206390976,1.3504,-0.5274,-1.9043,466685.63568095985,-159286.2720277183,-444931.26161751675,664177.2553859286
2017-07-02 19:52:32.407127022,-0.2173,0.7572,0.0757,466861.26137058885,-159337.9445983553,-445099.6938925863,664425.8840989263
2017-07-02 19:52:32.607122004,1.8364,-0.8748,-1.6714,467036.3121492775,-159389.46139787268,-445267.57121321664,664673.699829336
2017-07-02 19:52:32.620698900,-0.2468,-0.4633,0.3095,467048.19563302695,-159392.958762167,-445278.9677067201,664690.52304737
2017-07-02 19:52:32.807245016,-0.1464,-0.4605,0.2989,467211.46922432596,-159441.028460654,-445435.54476072686,664921.666865827
2017-07-02 19:52:33.206390023,0.1604,0.7136,-0.2122,467560.8445274112,-159543.7675174419,-445770.6000126103,665416.2493691059
2017-07-02 19:52:33.407132029,1.2638,-0.8738,-0.9953,467736.6067830647,-159595.4732850631,-445939.1494647999,665665.0610054637
2017-07-02 19:52:33.607115983,0.1582,-0.7768,0.5702,467911.7116434851,-159647.01486579375,-446107.03962778044,665912.9297844854
2017-07-02 19:52:33.723201000,1.3217,-0.1703,-1.3557,468013.3728627031,-159676.93558744277,-446204.51337780105,666056.8359349224
2017-07-02 19:52:33.807555973,1.1834,-0.0968,-1.4487,468087.2549807552,-159698.67863139533,-446275.35449440806,666161.420573979
2017-07-02 19:52:34.206404983,1.8098,-0.3523,-1.8067,468436.87391515484,-159801.54060671743,-446610.59440677415,666656.3284482156
2017-07-02 19:52:34.407202005,-0.0029,-0.6476,0.3221,468612.8863721653,-159853.35167330914,-446779.35500179045,666905.4830866654
2017-07-02 19:52:34.607137024,1.1037,0.0258,-1.1053,468788.18734333233,-159904.93928846574,-446947.435306493,667153.6285808141
2017-07-02 19:52:34.714898100,0.2713,0.4991,-0.0962,468882.67429843446,-159932.73821117202,-447038.0284298523,667287.3757770519
2017-07-02 19:52:34.807139992,0.0813,0.6091,-0.1008,468963.5544304339,-159956.52849651486,-447115.5756652157,667401.861246371
2017-07-02 19:52:35.206535995,0.2002,-0.7803,0.0339,469313.78735083615,-160059.66196584294,-447451.340211737,667897.6180849018
2017-07-02 19:52:35.407114982,0.7833,0.4859,-0.8632,469489.7078665517,-160111.43664304985,-447619.997840784,668146.630915329
2017-07-02 19:52:35.607114970,0.2223,0.3337,-0.3213,469665.1294553555,-160163.04851748855,-447788.18146824616,668394.9366948932
2017-07-02 19:52:35.727701100,1.2009,-0.8903,-1.1082,469770.9139765677,-160194.17984622414,-447889.600652508,668544.6740851707
2017-07-02 19:52:35.807305991,0.0293,-0.6224,-0.5679,469840.7477764424,-160214.73512597082,-447956.55608981656,668643.5266765547
2017-07-02 19:52:36.206381976,0.4658,0.9113,-0.3677,470190.9134199871,-160317.6379117471,-448292.2762756241,669139.1522371892
2017-07-02 19:52:36.407124996,0.635,0.2546,-0.5015,470367.0791714085,-160369.3897643159,-448461.1702997306,669388.4907945647
2017-07-02 19:52:36.607131004,0.6592,-0.3994,-0.8402,470542.62451389706,-160420.96759104216,-448629.47785290657,669636.9589007496
2017-07-02 19:52:36.674802000,0.6849,-0.7529,-0.9938,470602.0225069286,-160438.42212914475,-448686.42839200946,669721.032898086
2017-07-02 19:52:36.807444989,0.2831,-0.5611,-0.6433,470718.4544329382,-160472.64491728487,-448798.0693623016,669885.8411504249
2017-07-02 19:52:37.206526994,1.4954,0.686,-1.2103,471069.00049660215,-160575.50151652397,-449134.1555051646,670381.969147059
2017-07-02 19:52:37.407136023,-0.3677,-0.7649,0.164,471245.19686494174,-160627.23586443125,-449303.09141304553,670631.3535937944
2017-07-02 19:52:37.606001973,1.8783,-0.7161,-1.5171,471419.93655670685,-160678.54901598784,-449470.6194454108,670878.6704327796
2017-07-02 19:52:37.715398700,0.6517,0.8326,-0.5816,471516.0691594676,-160706.7665629347,-449562.78405480937,671014.7279321227
2017-07-02 19:52:37.807286024,0.2405,0.8809,-0.4286,471596.8173683131,-160730.46033596987,-449640.20095238177,671129.0109541034
2017-07-02 19:52:38.206597983,-0.5619,-0.7133,0.4507,471947.63281721086,-160833.5393830555,-449976.55735368945,671625.5635993376
2017-07-02 19:52:38.407310009,2.388,-1.035,-2.2909,472124.064532458,-160885.39321148547,-450145.71739409515,671875.2927052069
2017-07-02 19:52:38.607131004,-0.0016,0.9944,-0.1599,472299.7129416254,-160936.97713777397,-450314.1328583747,672123.9080013268
2017-07-02 19:52:38.785702400,0.8675,0.6023,-0.8515,472456.7100039308,-160983.0562595844,-450464.66563991085,672346.117874188
2017-07-02 19:52:38.807121992,3.1048,-0.2512,-2.098,472475.54318475537,-160988.58355338068,-450482.722970038,672372.7735689136
2017-07-02 19:52:39.206605017,2.1669,-0.8902,-1.8405,472827.1345278982,-161091.81161674412,-450819.7923320567,672870.3857907156
2017-07-02 19:52:39.407528996,0.0496,0.8112,-0.1635,473003.97290935554,-161143.6984541473,-450989.3313361998,673120.6629710515
2017-07-02 19:52:39.607134997,3.4566,-0.5936,-2.067,473179.78902412474,-161195.2685859502,-451157.8405893284,673369.4561536317
2017-07-02 19:52:39.735801400,-0.5271,-0.462,0.4554,473293.11169563216,-161228.518438162,-451266.4544311004,673529.8194075117
2017-07-02 19:52:39.807137012,-0.6593,-0.3083,0.4133,473355.93703509826,-161246.95448954517,-451326.67033893755,673618.7251092129
2017-07-02 19:52:40.665199700,1.3369,-0.4476,-1.7139,474112.6179595056,-161469.04267776743,-452052.24120601296,674689.7472402187
2017-07-02 19:52:56.423063993,-0.2293,0.8782,-0.0341,487951.7226074383,-165329.5078844895,-465385.431148714,694272.5180347903
2017-07-02 19:52:56.623490989,0.0134,0.7017,-0.1424,488127.74510659545,-165378.58161985414,-465555.02401346294,694521.5987898578
2017-07-02 19:52:56.823598027,2.7088,-1.0272,-2.9812,488303.595074655,-165427.61814679447,-465724.46551893133,694770.4481276161
2017-07-02 19:52:57.223357021,0.4491,-0.5562,-0.1872,488654.96686346724,-165525.6685669492,-466062.9931031215,695267.6730117056
2017-07-02 19:52:57.234919780,0.1941,-0.6238,-0.5993,488665.130081177,-165528.50469255284,-466072.78486505867,695282.0550070866
2017-07-02 19:52:57.423484981,0.8221,0.1686,-1.047,488830.9008271054,-165574.75016710896,-466232.50591574237,695516.640396772
2017-07-02 19:52:57.623597025,0.0997,0.5531,-0.074,489006.82658365025,-165623.80534748174,-466402.0104931044,695765.5903644578
2017-07-02 19:52:57.823046982,0.6189,-0.6485,-1.252,489182.19489551615,-165672.72402230898,-466571.0040556806,696013.7736519966
2017-07-02 19:52:58.222720026,1.0289,0.2794,-1.1059,489533.7756562955,-165770.70636499685,-466909.8229072394,696511.326056029
2017-07-02 19:52:58.225790140,0.3204,-0.7317,0.1387,489536.476349372,-165771.45902951347,-466912.42556456826,696515.1480419657
2017-07-02 19:52:58.423480987,0.07,0.6596,-0.0841,489710.38217200415,-165819.89884105447,-467080.0192182745,696761.2515142125
2017-07-02 19:52:58.623481988,1.2995,-0.5077,-1.9525,489886.3721847296,-165868.92501343138,-467249.64942028484,697010.3247591142
2017-07-02 19:52:58.823477983,-0.006,-0.6013,0.3626,490062.3575524567,-165917.97400972605,-467419.26087305334,697259.3877636038
2017-07-02 19:52:59.222814977,-0.024,0.8038,-0.1585,490413.74810052896,-166015.78318260278,-467757.9535693517,697756.6823177903
2017-07-02 19:52:59.234900110,0.7475,-0.3074,-1.5179,490424.3823397026,-166018.74322589752,-467768.2036460323,697771.7321859788
2017-07-02 19:52:59.423493027,1.5747,-0.9613,-1.4494,490590.38953611994,-166064.96997409972,-467928.21138977085,698006.6730140412
2017-07-02 19:52:59.623565018,-0.4056,-0.4739,0.4935,490766.48484712746,-166114.02937271816,-468097.93856123416,698255.8939879584
2017-07-02 19:52:59.823472976,0.6859,-0.1608,-1.2552,490942.463193646,-166163.0549750944,-468267.5767402993,698504.9652160913
2017-07-02 19:53:00.222725987,0.5959,-0.9729,-0.9978,491294.01935141033,-166261.12321567896,-468606.5344799851,699002.6170914846
2017-07-02 19:53:00.234950180,0.0652,0.6227,-0.1386,491304.7831881112,-166264.12574268892,-468616.9125935711,699017.8540360957
2017-07-02 19:53:00.423467993,0.301,-0.7738,0.1369,491470.79052449105,-166310.4573075891,-468776.95586204185,699252.8444675147
2017-07-02 19:53:00.623480021,0.9058,-0.6433,-1.7119,491646.9558145647,-166359.63951287998,-468946.82569388143,699502.2402744336
2017-07-02 19:53:00.823738992,-0.0427,0.6553,-0.074,491823.3368930579,-166408.85616060017,-469116.90822160785,699751.9386902063
2017-07-02 19:53:01.222820997,0.1554,-0.8156,0.3344,492174.8590770994,-166507.06645068547,-469455.80045854097,700249.5581360585
2017-07-02 19:53:01.234770170,2.17,-0.8344,-1.9508,492185.38454050996,-166510.00714777954,-469465.9477292203,700264.4581248846
2017-07-02 19:53:01.423852980,1.5435,-0.5463,-1.7883,492351.993861311,-166556.56004771826,-469626.5813090059,700500.3207894497
2017-07-02 19:53:01.623522996,-0.0735,0.6456,-0.1887,492527.92911253514,-166605.6938187921,-469796.21667637397,700749.3869937797
2017-07-02 19:53:01.823798000,2.2548,-1.1464,-2.1553,492704.4878770682,-166655.02244439538,-469966.4524778335,700999.340466698
2017-07-02 19:53:02.222738981,1.4695,-0.8386,-2.0977,493056.4207941539,-166753.41685155034,-470305.8902484976,701497.6596685413
2017-07-02 19:53:02.235970020,-0.3574,-0.4065,0.3642,493068.09272913355,-166756.68021302464,-470317.1477757017,701514.1865672324
2017-07-02 19:53:02.423475980,-0.1024,1.0327,-0.1092,493233.499976339,-166802.8911970057,-470476.68961090094,701748.3918598043
2017-07-02 19:53:02.623636007,1.825,-0.8827,-2.0336,493410.14304899046,-166852.25614978131,-470647.0797944651,701998.5173523909
2017-07-02 19:53:02.823463976,-0.1791,-0.6232,0.3442,493586.48592570884,-166901.5640930808,-470817.17356276134,702248.2197249304
2017-07-02 19:53:03.222791016,-0.0949,0.6328,0.0452,493938.86630244175,-166999.9979158458,-471157.073933359,702747.1744983958
2017-07-02 19:53:03.235059850,1.2797,-0.685,-2.0588,493949.69295036356,-167003.02227754632,-471167.5172656578,702762.5046499543
2017-07-02 19:53:03.423470020,2.053,-0.3467,-1.9635,494116.02861893683,-167049.47913711952,-471327.96325139055,702998.0278498917
2017-07-02 19:53:03.623602986,-0.227,-0.5725,0.5431,494292.7045258867,-167098.84945205087,-471498.3703612659,703248.1898227994
2017-07-02 19:53:03.823876976,1.0756,-0.9955,-2.4162,494469.5480697463,-167148.29448502755,-471668.9944617586,703498.6330151033
2017-07-02 19:53:04.222652018,3.7469,-1.1143,-2.9449,494822.2654767389,-167246.92403343503,-472009.20050475775,703998.0776758688
2017-07-02 19:53:04.235049720,-0.1017,0.8604,-0.1084,494833.2312559579,-167249.99024090625,-472019.7773446791,704013.6051208925
2017-07-02 19:53:04.423483014,-0.4487,-0.4502,0.37,494999.88475181104,-167296.60966722138,-472180.5221270649,704249.5913996972
2017-07-02 19:53:04.623691976,1.8788,-1.1293,-2.4341,495177.0281507063,-167346.18772456984,-472351.4098206436,704500.4543033752
2017-07-02 19:53:04.823460996,0.1049,0.8803,-0.1571,495353.7864785093,-167395.62170768078,-472521.92827268515,704750.7649119894
2017-07-02 19:53:05.222769021,-0.6287,-0.6504,0.4984,495706.99936947046,-167494.53645964232,-472862.68937267695,705250.9992679737
2017-07-02 19:53:05.234709970,2.665,0.9164,-1.9973,495717.5622647469,-167497.4942860785,-472872.8798130873,705265.9587648766
2017-07-02 19:53:05.423470020,2.0917,-1.5382,-2.2086,495884.6128547606,-167544.30580072178,-473034.046878865,705502.5536303591
2017-07-02 19:53:05.623735010,0.0812,0.8313,-0.2908,496061.848448081,-167593.93714071787,-473205.0487529126,705753.5713103407
2017-07-02 19:53:05.824455022,1.9185,0.699,-1.2329,496239.5640318506,-167643.65308638307,-473376.488831967,706005.2404264079
2017-07-02 19:53:06.222916007,2.4667,-1.2401,-2.5474,496592.7492274909,-167742.54399750408,-473717.22897056775,706505.4371168177
2017-07-02 19:53:06.235480070,-0.6585,-0.5453,0.5087,496603.88557407574,-167745.66225997702,-473727.97292978154,706521.2089601187
2017-07-02 19:53:06.423536002,0.081,0.8565,-0.2842,496770.57464803936,-167792.30538714063,-473888.79602828703,706757.2798241375
2017-07-02 19:53:06.623642027,3.5075,-0.3807,-2.6396,496948.0851358785,-167841.9525183094,-474060.0299127105,707008.6508001261
2017-07-02 19:53:06.823475003,-0.5861,-0.6214,0.5405,497125.3300019576,-167891.55671939556,-474231.0085608898,707259.6538951561
2017-07-02 19:53:07.234190220,2.1481,-1.1364,-1.9163,497489.98240255046,-167993.69955779458,-474582.7429491802,707776.0560990829
2017-07-02 19:53:52.223237991,0.3017,0.9673,-0.4862,538044.0325961746,-177224.42356308218,-514095.2066610609,764979.5806631044
2017-07-02 19:53:52.422742009,1.7707,-1.6249,-2.3305,538223.9400861149,-177265.42190029027,-514270.51751484215,765233.4314889107
2017-07-02 19:53:52.623628973,-0.0452,0.8156,-0.1918,538405.092856408,-177306.67152070935,-514447.05134973023,765489.0387339991
2017-07-02 19:53:52.823543012,2.7979,-1.3246,-2.1215,538585.4800971091,-177347.77430163717,-514622.8149924599,765743.556376377
2017-07-02 19:53:53.223553001,2.3426,-1.3289,-1.6283,538946.7935558979,-177430.22989942762,-514974.7627543726,766253.3125802914
2017-07-02 19:53:53.228289960,-0.7722,-0.7408,0.387,538951.0722493216,-177431.20636363106,-514978.9305469042,766259.3491616138
2017-07-02 19:53:53.422631025,0.1142,1.0089,-0.3503,539126.6165738612,-177471.22921233156,-515149.9339080517,766507.0125589101
2017-07-02 19:53:53.623551011,3.3416,-1.8942,-2.2619,539308.2384002205,-177512.68339913647,-515326.81746204966,766763.2343621308
2017-07-02 19:53:53.823678016,-0.4699,-0.4938,0.3015,539489.1245907163,-177553.99375371428,-515502.9908255194,767018.4285919127
2017-07-02 19:53:54.223555982,0.6328,0.7572,-0.4152,539850.6582679445,-177636.41576151975,-515855.0729094639,767528.4266288518
2017-07-02 19:53:54.233219860,1.2244,-0.9763,-1.5581,539859.3955912573,-177638.40775096507,-515863.5818466435,767540.7520074125
2017-07-02 19:53:54.423627972,1.6915,0.4519,-1.5915,540031.6090526165,-177677.63968444735,-516031.2917733894,767783.6781992095
2017-07-02 19:53:54.623552024,-0.04,-0.4244,0.1969,540212.4275493738,-177718.84925761528,-516207.37539318873,768038.7429489237
2017-07-02 19:53:54.823705017,0.6873,-0.707,-0.9308,540393.4806426753,-177760.13434479083,-516383.69794234313,768294.1512103243
2017-07-02 19:53:55.223719000,3.6786,-0.3609,-2.3684,540755.9113082538,-177842.70203640705,-516736.46477435675,768805.2785393258
2017-07-02 19:53:55.228779910,0.0185,0.8182,-0.2418,540760.4967208824,-177843.74664807334,-516740.927927499,768811.7452478287
2017-07-02 19:53:55.423686027,-0.6092,-0.3814,0.3767,540937.0673076003,-177883.9912938051,-516912.7988806976,769060.7692456028
2017-07-02 19:53:55.623535990,0.8719,-0.6258,-1.1343,541118.1514783613,-177925.28175024042,-517089.07469073095,769316.1709659934
2017-07-02 19:53:55.823365986,0.4177,0.7941,-0.456,541299.2342366196,-177966.5363713254,-517265.35109806125,769571.5642484184
2017-07-02 19:53:56.223594009,-0.17,-0.368,-0.163,541661.8872627572,-178049.22182984397,-517618.43110071064,770083.0901418534
2017-07-02 19:53:56.229319930,1.3417,0.6563,-1.1197,541667.0756555344,-178050.40475998426,-517623.4825283427,770090.4084256485
2017-07-02 19:53:56.423802971,2.5129,-1.495,-2.5286,541843.396397153,-178090.6399694768,-517795.1517915835,770339.121090711
2017-07-02 19:53:56.623552978,0.2974,0.8738,-0.3137,542024.504101874,-178131.92995932922,-517971.48269752756,770594.5784949391
2017-07-02 19:53:56.823603987,3.7668,0.5099,-1.7744,542206.0354654957,-178173.26176239652,-518148.15032758773,770850.5703378329
2017-07-02 19:53:57.223545014,0.9926,-0.7226,-1.3321,542569.1108745933,-178256.0076886842,-518501.5564876348,771362.6309541154
2017-07-02 19:53:57.228419890,-0.4448,-0.4761,0.6754,542573.5363854836,-178257.01628902263,-518505.8641346935,771368.8724496082
2017-07-02 19:53:57.423546016,0.233,0.9145,-0.4306,542750.684694903,-178297.3526050835,-518678.3022449407,771618.7095337058
2017-07-02 19:53:57.623601019,2.809,-0.0723,-1.9845,542932.4201843094,-178338.7107082303,-518855.1755576172,771874.9910621481
2017-07-02 19:53:57.823544979,-0.5824,-0.4567,0.4056,543114.0315162413,-178380.06411281525,-519031.93447966786,772131.1077222722
2017-07-02 19:53:58.222977995,-0.12,0.8375,-0.1472,543476.821840113,-178462.54321608666,-519385.07365466136,772642.7311143499
2017-07-02 19:53:58.227990150,2.4684,-1.2147,-2.1113,543481.3742582455,-178463.57820874406,-519389.5049595271,772649.1511512855
2017-07-02 19:53:58.423547029,3.3292,-0.9128,-1.8486,543659.1211184211,-178503.99493506475,-519562.46977887227,772899.784050787
2017-07-02 19:53:58.623546004,-0.884,-0.3487,0.3848,543840.870158424,-178545.343679623,-519739.34812125703,773156.0785442068
2017-07-02 19:53:58.823566019,1.6775,-1.5538,-2.1299,544022.7054319547,-178586.75893853186,-519916.33028439165,773412.5192871274
2017-07-02 19:53:59.223650991,3.5069,-1.0897,-2.3481,544386.9781775477,-178669.77318792418,-520270.71023197833,773926.1475009054
2017-07-02 19:53:59.228869910,-0.1029,0.7865,-0.1581,544391.7299402104,-178670.8560480742,-520275.3329548846,773932.847545291
2017-07-02 19:53:59.423561990,-0.5903,-0.4233,0.3729,544568.9723502669,-178711.26825479782,-520447.7697697942,774182.7717704758
2017-07-02 19:53:59.623573005,3.1967,-1.6522,-2.5073,544751.1848571423,-178752.85060736543,-520625.0178149246,774439.6969282437
2017-07-02 19:53:59.823553025,-0.1771,0.6948,-0.1036,544933.3620446048,-178794.3987296154,-520802.2425357241,774696.5740963105
2017-07-02 19:54:00.223586976,-0.5316,-0.3895,0.2945,545297.6986803077,-178877.57266054532,-521156.710350149,775210.3475379811
2017-07-02 19:54:00.227959750,2.9211,-1.2638,-1.777,545301.6813025519,-178878.48185954877,-521160.5850743602,775215.9636764559
2017-07-02 19:54:00.424145996,1.4727,-1.5844,-1.9793,545480.4199175475,-178919.33441676566,-521334.5022997085,775468.0393347279
2017-07-02 19:54:00.623651027,-0.0841,0.9037,-0.1994,545662.1788172905,-178960.84208704365,-521511.3695326971,775724.3743392404
2017-07-02 19:54:00.823566973,3.0667,-1.0292,-2.6203,545844.4346457316,-179002.47638292718,-521688.70577815844,775981.4038502654
2017-07-02 19:54:01.223547995,1.4454,-0.8891,-1.5963,546209.3135008664,-179085.9182748612,-522043.7659392135,776496.0230647896
2017-07-02 19:54:01.230029820,-0.726,-0.402,0.2679,546215.2264531186,-179087.27049525912,-522049.5197955213,776504.3626287029
2017-07-02 19:54:01.423749983,-0.1248,0.7588,-0.1857,546391.9402207572,-179127.65538382067,-522221.49036750203,776753.5994529818
2017-07-02 19:54:01.623664975,1.9458,-0.9631,-1.4423,546574.3827487299,-179169.37020111913,-522399.017897906,777010.9091873276
2017-07-02 19:54:01.823698997,-0.8337,-0.3251,0.6212,546756.9005441973,-179211.12286397247,-522576.62627229217,777268.3353752383
2017-07-02 19:54:02.223537027,-0.1484,0.9918,-0.0959,547121.7025378178,-179294.42161984867,-522931.6541253186,777782.8500925681
2017-07-02 19:54:02.227839940,1.744,-1.4188,-1.8324,547125.628437892,-179295.3180773541,-522935.4748412456,777788.3871757515
2017-07-02 19:54:02.423587977,2.4775,-1.2617,-1.6642,547304.3203410823,-179336.14805020546,-523109.35054574173,778040.4010653219
2017-07-02 19:54:02.623611986,-0.6248,-0.4447,0.4001,547486.8906395645,-179377.88771607607,-523287.0084293671,778297.8961905371
2017-07-02 19:54:02.823557019,0.8947,-0.4199,-1.0801,547669.4246216718,-179419.6276885348,-523464.6393481233,778555.348137296
2017-07-02 19:54:23.473810017,-0.0189,0.5641,-0.0958,566513.4107971753,-183489.96660246374,-541851.1507167541,805114.0801090818
2017-07-02 19:54:23.673533976,1.4881,-0.6543,-1.4918,566695.7243658091,-183529.35997793495,-542029.0398537952,805371.063568357
2017-07-02 19:54:23.873611986,-0.1367,0.8367,-0.1172,566878.3556497481,-183568.78969199603,-542207.2490268683,805628.4947483119
2017-07-02 19:54:24.272844016,-0.5619,-0.4254,0.3178,567242.6852400877,-183647.53483073117,-542562.7937236162,806142.0880595214
2017-07-02 19:54:24.473598003,1.0786,-0.291,-1.4093,567425.9319911675,-183687.14358337322,-542741.6363153424,806400.4208853807
2017-07-02 19:54:24.673568010,0.0299,0.5715,-0.1066,567608.4643267564,-183726.57480365227,-542919.7847576827,806657.7438702175
2017-07-02 19:54:24.741729730,2.6371,-0.8119,-1.6851,567670.6944990332,-183740.01909034234,-542980.5162143362,806745.4697714273
2017-07-02 19:54:24.873700022,2.0613,-0.6885,-1.3667,567791.2164137869,-183766.06103542665,-543098.1243160478,806915.3631334164
2017-07-02 19:54:25.272809982,1.1281,-0.4515,-1.4937,568155.8834162664,-183844.89007079683,-543454.0374818029,807429.4658488346
2017-07-02 19:54:25.473569989,0.0043,0.6257,-0.0805,568339.3181246864,-183884.5173772862,-543633.0719127355,807688.066727984
2017-07-02 19:54:25.673569977,1.5167,-1.084,-1.2917,568522.1190706408,-183924.0380263127,-543811.4802393744,807945.7764458058
2017-07-02 19:54:25.736370080,-0.2685,-0.5069,0.3493,568579.5176063324,-183936.44953034376,-543867.4991715928,808026.6963179131
2017-07-02 19:54:25.873740971,0.0663,-0.559,-0.0246,568705.0741927801,-183963.60938755528,-543990.0371837487,808203.7067142718
2017-07-02 19:54:26.272817015,0.0605,0.541,-0.2074,569069.8381472619,-184042.42530217874,-544346.0552764861,808717.9501501931
2017-07-02 19:54:26.473726987,1.0973,-0.9516,-1.0072,569253.5184081667,-184082.1426252607,-544525.3289029856,808976.9077486009
2017-07-02 19:54:26.673569023,0.0542,-0.589,0.1179,569436.2244820956,-184121.6723538992,-544703.6448928232,809234.493050282
2017-07-02 19:54:26.735660190,0.7271,-0.2791,-1.1965,569492.9942877487,-184133.9553653471,-544759.0525036199,809314.530541714
2017-07-02 19:54:26.873566985,0.7775,0.1201,-0.8297,569619.0969276757,-184161.23410725812,-544882.1306507791,809492.3174651763
2017-07-02 19:54:27.272808015,0.0697,-0.4472,-0.1006,569984.1759649778,-184240.2775156302,-545238.4586879471,810007.0478347207
2017-07-02 19:54:27.473708987,0.903,-1.224,-1.0092,570167.9228214943,-184280.10213215626,-545417.8062643036,810266.1289024617
2017-07-02 19:54:27.673611998,0.2639,1.0289,-0.3473,570350.767474599,-184319.68780669672,-545596.2768231186,810523.9308961033
2017-07-02 19:54:27.735549920,0.4144,0.4629,-0.3712,570407.4216270518,-184331.95125093774,-545651.5755410575,810603.8100019254
2017-07-02 19:54:27.873556017,1.6302,0.2282,-1.281,570533.6858166112,-184359.2715229893,-545774.8129877953,810781.828940337
2017-07-02 19:54:28.272832989,2.2233,-1.1624,-1.7917,570899.3457381133,-184438.49939738703,-546131.6471801257,811297.3555212928
2017-07-02 19:54:28.473630011,0.0245,0.948,-0.1412,571083.2376799673,-184478.30499815044,-546311.1053540712,811556.6112152693
2017-07-02 19:54:28.673722028,2.6149,-0.0844,-2.2702,571266.5886633864,-184517.97421923737,-546490.0243359976,811815.092759326
2017-07-02 19:54:28.737209910,0.0574,-0.3117,-0.139,571324.7649568152,-184530.5622587569,-546546.7947133858,811897.108180568
2017-07-02 19:54:28.873735010,-0.4604,-0.6886,0.6792,571449.8593718463,-184557.64456422668,-546668.8617515294,812073.4636422441
2017-07-02 19:54:29.272812008,0.0179,0.7752,-0.1671,571815.5261453746,-184636.68548595184,-547025.7029510321,812588.9620572142
2017-07-02 19:54:29.473892986,2.3804,-1.9292,-2.1404,571999.869124782,-184676.58945359077,-547205.5893275025,812848.848164428
2017-07-02 19:54:29.673803985,-0.1534,-0.1979,0.2231,572183.1333838059,-184716.26915106777,-547384.420128578,813107.2140975626
2017-07-02 19:54:29.736430280,1.6687,-1.1994,-1.8786,572240.5512846188,-184728.70434900836,-547440.4499793475,813188.1633537088
2017-07-02 19:54:29.873552978,1.2625,-1.0758,-1.648,572366.2937401859,-184755.95192430532,-547563.1604940102,813365.4472077863
2017-07-02 19:54:30.273238003,1.6629,-1.3838,-1.6555,572733.0732975441,-184835.59417347983,-547921.1013726409,813882.6103632643
2017-07-02 19:54:30.473550975,-0.2023,-0.8873,0.335,572916.886686154,-184875.5446461841,-548100.4796934681,814141.7947130514
2017-07-02 19:54:30.672912001,1.2717,-0.5313,-1.5982,573099.8770831097,-184915.32637894576,-548279.0690760675,814399.8309365165
2017-07-02 19:54:30.735350250,0.193,0.8236,-0.2224,573157.1889368941,-184927.78248268183,-548335.0026826308,814480.646259299
2017-07-02 19:54:30.873676002,0.0104,0.8214,-0.1826,573284.1578673978,-184955.3620292251,-548458.9215379002,814659.6836836899
2017-07-02 19:54:31.273060023,0.0883,-0.5578,0.5302,573650.7657442777,-185035.08064517443,-548816.6243636047,815176.5877932366
2017-07-02 19:54:31.473546981,1.31,-0.2935,-1.631,573834.8520469456,-185075.1104250243,-548996.2533183704,815436.1532825137
2017-07-02 19:54:31.673582017,0.2376,0.6658,-0.2303,574018.5329040164,-185115.02333154768,-549175.4865828414,815695.1409955925
2017-07-02 19:54:31.735579720,1.7479,-1.6158,-2.0235,574075.4686057442,-185127.39991780277,-549231.0448827505,815775.4216193503
2017-07-02 19:54:31.873727977,1.6529,-1.09,-1.6798,574202.368850794,-185154.99922307502,-549354.8764039197,815954.3580127053
2017-07-02 19:54:32.272812008,0.9812,-0.1218,-1.1735,574569.1157890911,-185234.74776393568,-549712.7890100157,816471.5126683826
2017-07-02 19:54:32.473677992,0.098,0.3782,-0.1963,574753.7099018691,-185274.87134230483,-549892.9406147603,816731.8110217195
2017-07-02 19:54:32.673573017,0.9665,-1.0806,-1.1924,574937.4503310991,-185314.84414736027,-550072.2690369568,816990.9206460324
2017-07-02 19:54:32.735560050,-0.1718,-0.6803,0.3605,574994.4271973058,-185327.24224534977,-550127.8770238663,817071.269293573
2017-07-02 19:54:32.873564004,-0.2024,-0.5009,0.3734,575121.272982617,-185354.85411510125,-550251.6719674087,817250.147191241
2017-07-02 19:54:33.272813022,0.1944,0.4467,-0.3612,575488.2721165346,-185434.66476651415,-550609.87152485,817767.6912555032
2017-07-02 19:54:33.473271012,1.1327,-0.4954,-0.869,575672.5833546723,-185474.75661354486,-550789.7540081968,818027.6044776886
2017-07-02 19:54:33.673555016,0.25,-0.652,-0.1611,575856.7446496821,-185514.83981728024,-550969.4868262134,818287.3099129066
2017-07-02 19:54:33.726709960,0.8815,-0.3045,-1.2936,575905.6231520164,-185525.47867371145,-551017.1911846433,818356.2396635318
2017-07-02 19:54:33.873558998,0.8337,-0.0209,-1.0862,576040.6758140919,-185554.87066760255,-551149.0055313823,818546.6978242953
2017-07-02 19:54:34.737360110,0.433,0.4268,-0.4657,576835.4109096662,-185727.4429372376,-551924.716481955,819667.412432027
2017-07-02 19:54:40.540310025,0.6844,-0.4849,-0.5764,582197.4272412931,-186903.09890093326,-557155.2932434541,827229.4926163792
2017-07-02 19:54:40.740162014,1.1456,-0.4542,-1.5082,582382.1393559187,-186943.60630805793,-557335.4930982032,827490.0120528684
2017-07-02 19:54:40.940186023,-0.0186,0.5314,-0.1026,582567.0097149158,-186984.12732030274,-557515.8521626188,827750.7536031151
2017-07-02 19:54:41.140202999,1.0083,-0.7644,-0.9229,582751.913912574,-187024.677488988,-557696.2418077362,828011.5465892375
2017-07-02 19:54:41.339468002,0.0592,-0.8461,0.1413,582936.1253050431,-187065.10880315796,-557875.9476591706,828271.3650089636
2017-07-02 19:54:41.540181994,0.642,-0.0178,-1.0492,583121.7020853306,-187105.83483752504,-558057.0025401261,828533.1200122362
2017-07-02 19:54:41.740164995,0.25,0.4126,-0.2717,583306.6130019375,-187146.3960483793,-558237.4088938,828793.932780732
2017-07-02 19:54:41.940181970,1.4573,-0.8076,-1.4656,583491.6136339273,-187186.996459436,-558417.9045296579,829054.8781135802
2017-07-02 19:54:42.139934003,0.2138,-0.8784,0.053,583676.3777453357,-187227.578140215,-558598.158966688,829315.4907242112
2017-07-02 19:54:42.339860975,0.5833,0.1654,-1.0194,583861.326984574,-187268.18875048246,-558778.612013325,829576.3743680336
2017-07-02 19:54:42.540243983,0.3915,0.3296,-0.5436,584046.7138154473,-187308.87875953125,-558959.4985030482,829837.8763032902
2017-07-02 19:54:42.740177989,-0.0737,-0.5675,-0.7121,584231.6823004838,-187349.50027872817,-559140.0081421945,830098.8149392793
2017-07-02 19:54:42.939342975,0.2866,-0.8568,-0.2629,584415.9506969128,-187389.99953898677,-559319.8339030001,830358.7730333663
2017-07-02 19:54:43.140173017,0.3462,0.8637,-0.5709,584601.7735742895,-187430.80254516937,-559501.1860662595,830620.9223336974
2017-07-02 19:54:43.339556992,2.375,0.0841,-1.9612,584786.3528587064,-187471.30840797143,-559681.3103775273,830881.3026852212
2017-07-02 19:54:43.539382994,-0.4127,-0.3599,0.3543,584971.3248693753,-187511.91844175602,-559861.8198704714,831142.2428356148
2017-07-02 19:54:43.740279972,2.2122,-1.1923,-2.1942,585157.3775289406,-187552.79424749874,-560043.3853687844,831404.7152872784
2017-07-02 19:54:43.940168976,-0.1738,0.8743,-0.1301,585342.4897496233,-187593.43003110247,-560224.0450844638,831665.861982997
2017-07-02 19:54:44.140165984,2.9794,-1.0096,-2.2301,585527.8211625508,-187634.1281538191,-560404.8916155078,831927.3032843656
2017-07-02 19:54:44.339706003,-0.3989,-0.3358,0.4085,585712.7132143679,-187674.7466524589,-560585.3086510673,832188.1285066577
2017-07-02 19:54:44.540174007,1.1214,-1.0203,-1.7423,585898.5101952148,-187715.59505556623,-560766.6347564218,832450.2552898158
2017-07-02 19:54:44.740179002,-0.0965,0.6852,-0.0563,586083.8741916566,-187756.3217041826,-560947.5443157911,832711.76970264
2017-07-02 19:54:44.940531015,1.0091,-1.1343,-1.0712,586269.6003094943,-187797.1645472908,-561128.8107606517,832973.8060255675
2017-07-02 19:54:45.140178978,0.0444,-0.4096,0.1357,586454.6755434319,-187837.88019236585,-561309.4348145314,833234.9232441726
2017-07-02 19:54:45.339401006,0.8049,-0.6942,-1.5581,586639.3878782814,-187878.53652584567,-561489.7353596736,833495.5541642526
2017-07-02 19:54:45.540598988,0.1296,0.7213,-0.2733,586825.9375011908,-187919.56690443426,-561671.8352522631,833758.775105454
2017-07-02 19:54:45.740164995,1.7249,-1.5701,-2.1859,587011.0426630628,-187960.32700549066,-561852.5451369229,834019.9825023529
2017-07-02 19:54:45.939298987,-0.127,-0.5848,0.5161,587195.7420782724,-188001.022060064,-562032.843360189,834280.6127592924
2017-07-02 19:54:46.140313029,1.3004,-0.7727,-2.2671,587382.2378095605,-188042.13254417176,-562214.93540841,834543.8098160033
2017-07-02 19:54:46.339410006,-0.0345,0.6302,-0.0734,587566.9535689839,-188082.8259779232,-562395.2937596757,834804.4925593119
2017-07-02 19:54:46.540435016,1.3683,-0.8495,-1.2531,587753.5133897406,-188123.94781155582,-562577.4493202647,835067.7809171445
2017-07-02 19:54:46.740199029,0.25,-1.1321,0.3064,587938.9129276781,-188164.85687185227,-562758.4500217284,835329.4270927146
2017-07-02 19:54:46.940163016,0.987,0.2093,-1.0425,588124.5375258243,-188205.79851522637,-562939.673599141,835591.389583824
2017-07-02 19:54:47.140184998,0.1967,0.4322,-0.1725,588310.223829887,-188246.73474099117,-563120.9566378413,835853.4347648122
2017-07-02 19:54:47.339555025,0.88,-0.4702,-1.0758,588495.3398834973,-188287.55622823702,-563301.6915609045,836114.6838863499
2017-07-02 19:54:47.540305972,0.5731,-0.8177,-0.1994,588681.7612246104,-188328.69341621836,-563483.6863654697,836377.7720398768
2017-07-02 19:54:47.740245997,0.4913,0.5838,-0.9082,588867.4491675645,-188369.6410948785,-563664.982318618,836639.8309114714
2017-07-02 19:54:47.940159022,0.6098,0.4696,-0.7512,589053.1364059165,-188410.56447627765,-563846.2838113424,836901.8879676266
2017-07-02 19:54:48.140169024,0.2706,-0.5812,-0.462,589238.9245454796,-188451.53095976895,-564027.6917345362,837164.0978708912
2017-07-02 19:54:48.339411973,0.4795,-0.9889,-0.2899,589424.0192089988,-188492.37959090466,-564208.4154534426,837425.3325836378
2017-07-02 19:54:48.540364980,0.5783,0.3632,-0.7506,589610.7258518994,-188533.56414999042,-564390.7205947208,837688.84339242
2017-07-02 19:54:48.740305006,0.801,0.3819,-0.5899,589796.5233488703,-188574.52583561002,-564572.1303385964,837951.0612819826
2017-07-02 19:54:48.939517021,0.1786,-0.5464,-0.0481,589981.6514176838,-188615.3600578335,-564752.8814518198,838212.3359670965
2017-07-02 19:54:49.140707015,1.7298,-0.7954,-1.3295,590168.6876436205,-188656.63191937935,-564935.4810602019,838476.2980567067
2017-07-02 19:54:49.339366018,0.349,1.0118,-0.363,590353.3847078525,-188697.3446455334,-565115.797872504,838736.9502516087
2017-07-02 19:54:49.540356993,2.8579,-0.157,-1.8661,590540.3653025816,-188738.5416231351,-565298.3067313093,839000.7960300274
2017-07-02 19:54:49.740293979,-0.2938,-0.3932,0.1495,590726.3536336141,-188779.53828344968,-565479.852544394,839263.2498718193
2017-07-02 19:54:49.940171003,2.052,-1.2793,-2.3483,590912.3681650034,-188820.5737577718,-565661.4377275957,839525.7578279759
2017-07-02 19:54:50.140155971,-0.044,0.6402,-0.2134,591098.4813941893,-188861.6057892359,-565843.1295109679,839788.4067207475
2017-07-02 19:54:50.339401006,2.4599,-0.0423,-2.3026,591284.0036695661,-188902.48768376894,-566024.2404550415,840050.2149463058
2017-07-02 19:54:50.540591001,-0.8326,-0.4664,0.6915,591471.3032466918,-188943.78753165292,-566207.0913503616,840314.5409348712
2017-07-02 19:54:50.740168988,2.0014,-1.021,-1.8679,591657.1818294477,-188984.7971378461,-566388.5515782932,840576.8648485122
2017-07-02 19:54:50.940158009,-0.1714,0.9561,-0.1167,591843.4363768181,-189025.85296416626,-566570.3901939028,840839.7191591407
2017-07-02 19:54:51.140525996,2.7866,-1.1627,-1.8975,592030.1557388175,-189067.03326786938,-566752.6495612508,841103.2125473901
2017-07-02 19:54:58.207201004,-0.2187,-0.465,0.3225,598604.5430258162,-190542.62124375041,-573164.556047696,850383.1476169657
2017-07-02 19:54:58.407191991,0.9708,-0.8166,-1.8577,598790.6408142882,-190584.41389735852,-573346.0910084071,850645.8666342923
2017-07-02 19:54:58.607316970,0.0711,0.662,-0.26,598976.8661340089,-190626.2080385299,-573527.7580087634,850908.7651219877
2017-07-02 19:54:58.645101000,-0.2417,-0.2447,0.3397,599012.025533137,-190634.09921235414,-573562.056647403,850958.400476437
2017-07-02 19:54:58.806486010,2.1855,-0.8302,-2.117,599162.2570120933,-190667.8260053342,-573708.6098196727,851170.4876713287
2017-07-02 19:54:59.207381010,0.9745,0.0002,-1.2623,599535.6022480483,-190751.60638545928,-574072.8640625468,851697.5795166607
2017-07-02 19:54:59.407191991,0.1701,0.4685,-0.2366,599721.688880169,-190793.34484905424,-574254.4222872795,851960.2960634195
2017-07-02 19:54:59.607190012,0.9268,-0.9224,-0.8647,599907.986776403,-190835.15927865574,-574436.1850532021,852223.3165746543
2017-07-02 19:54:59.719898900,-0.211,-0.6735,0.4133,600012.9722784726,-190858.73235680853,-574538.6122126343,852371.5384399663
2017-07-02 19:54:59.807069003,0.0465,-1.047,0.0811,600094.169396246,-190876.97195061704,-574617.8297148157,852486.1763046789
2017-07-02 19:55:00.206884980,0.3873,0.3358,-0.4542,600466.6514817607,-190960.576324145,-574981.24275367,853012.0578106282
2017-07-02 19:55:00.407280981,0.4855,-0.6142,-0.6395,600653.3666704466,-191002.5052231906,-575163.4185338304,853275.6775588995
2017-07-02 19:55:00.606610000,0.3604,-0.9267,-0.3611,600839.1020382417,-191044.24769705735,-575344.6386903928,853537.9220550391
2017-07-02 19:55:00.610899900,0.6817,0.2431,-0.9502,600843.0993922596,-191045.14606171983,-575348.5388743157,853543.5660268611
2017-07-02 19:55:00.806468009,0.5324,0.5541,-0.6872,601025.3512675904,-191086.0795483054,-575526.366876622,853800.8910944493
2017-07-02 19:55:01.207296013,-0.047,-0.4182,-0.1397,601398.8793393223,-191170.0422551797,-575890.8579638384,854328.3194491249
2017-07-02 19:55:01.407513976,1.5598,-1.2172,-1.8147,601585.5232162437,-191212.03133788853,-576072.997986592,854591.8801866674
2017-07-02 19:55:01.607169985,0.207,0.7001,-0.4146,601771.6514892465,-191253.8746616169,-576254.6433219046,854854.7122518728
2017-07-02 19:55:01.728797900,1.2478,0.1677,-1.0023,601885.056937747,-191279.36260426222,-576365.3141897067,855014.8488326079
2017-07-02 19:55:01.806571006,2.4547,-0.4329,-2.1949,601957.5871612093,-191295.66309698462,-576436.0942560148,855117.2657722385
2017-07-02 19:55:02.207186996,2.1242,-1.3496,-1.9713,602331.5375297732,-191379.8449452373,-576801.0048744264,855645.326860605
2017-07-02 19:55:02.407334029,0.1536,0.6898,-0.2542,602518.3686189725,-191421.8744136695,-576983.3237505157,855909.1507943487
2017-07-02 19:55:02.607226014,2.1378,-0.7079,-1.676,602705.0470483804,-191463.87860923924,-577165.4772646884,856172.7504983206
2017-07-02 19:55:02.717502800,-0.1855,-0.438,0.2222,602808.0318993354,-191487.05688930652,-577265.9653555938,856318.1716140353
2017-07-02 19:55:02.806468009,-0.5214,-0.4422,0.4536,602891.1102518446,-191505.75934306945,-577347.0299968723,856435.4848606384
2017-07-02 19:55:03.207365989,0.025,0.6141,-0.124,603265.4847015588,-191589.9382638104,-577712.3461053476,856964.1207884274
2017-07-02 19:55:03.407167971,1.218,-0.8515,-1.51,603452.1163482321,-191631.92586067162,-577894.4748575131,857227.668595147
2017-07-02 19:55:03.607231020,0.161,-0.8728,0.1747,603638.9982972286,-191674.00325374622,-578076.834591923,857491.5687517961
2017-07-02 19:55:03.722301000,1.4851,-1.0685,-1.9765,603746.5065870018,-191698.21899632798,-578181.7483526265,857643.3906411643
2017-07-02 19:55:03.806508004,0.5577,-0.2549,-1.3688,603825.1839799845,-191715.94163011716,-578258.5328478224,857754.5021128719
2017-07-02 19:55:04.207257986,0.4269,-0.4684,-0.8832,604199.6865223773,-191800.36073222494,-578624.1001727391,858283.4548512879
2017-07-02 19:55:04.407186985,0.3362,-0.9627,-0.679,604386.5344506288,-191842.51481448318,-578806.5041384631,858547.379443077
2017-07-02 19:55:04.607182025,0.5401,0.5145,-0.8106,604573.4657018399,-191884.66224219414,-578989.0007786701,858811.4240374411
2017-07-02 19:55:04.704598400,0.3164,0.4322,-0.3646,604664.5217869126,-191905.18789789156,-579077.8972489458,858940.0422219129
2017-07-02 19:55:04.807030022,1.1537,0.0726,-1.2893,604760.2777796998,-191926.7695057075,-579171.3838671268,859075.2995655499
2017-07-02 19:55:05.207175016,0.9025,-1.1795,-1.255,605134.4892025219,-192011.26604177308,-579536.7865106082,859603.9571968034
2017-07-02 19:55:05.407302021,0.5052,0.5337,-0.6532,605321.666122919,-192053.50444485495,-579719.5637689186,859868.3856636443
2017-07-02 19:55:05.607186973,1.7698,0.37,-2.1074,605508.6873639824,-192095.67697773976,-579902.2041577416,860132.5979020887
2017-07-02 19:55:05.717800800,0.0396,-0.5176,0.0422,605612.1830591116,-192119.0210618838,-580003.274543295,860278.8112027078
2017-07-02 19:55:05.806469023,-0.1973,-0.534,0.3698,605695.143824884,-192137.7379159052,-580084.2898207764,860396.0139850501
2017-07-02 19:55:06.207220017,-0.0043,0.791,-0.1698,606070.0983123928,-192222.20485989764,-580450.4793064068,860925.7221367192
2017-07-02 19:55:06.407302975,2.3748,-0.8033,-1.6952,606257.3969188229,-192264.40883163083,-580633.3746035913,861190.3099348703
2017-07-02 19:55:06.607165992,-0.3233,-0.495,0.2896,606444.4767231478,-192306.58618357516,-580816.0572851581,861454.594762759
2017-07-02 19:55:06.687402400,1.9269,-1.0859,-2.3599,606519.5936260399,-192323.52556781532,-580889.4117199244,861560.7143942037
2017-07-02 19:55:06.806586980,1.6247,-1.1495,-1.9336,606631.1966813827,-192348.70395746653,-580998.4011618447,861718.3848879072
2017-07-02 19:55:07.207193970,2.2152,-0.8846,-1.3006,607006.6759187714,-192433.47632512572,-581364.9486584526,862248.7755567846
2017-07-02 19:55:07.407172977,-0.0604,-0.3986,-0.1201,607194.1089872229,-192475.80978476547,-581547.9303096264,862513.5469014378
2017-07-02 19:55:07.607174992,1.093,-0.2742,-1.2253,607381.607341119,-192518.15908317865,-581730.9820262067,862778.4153316726
2017-07-02 19:55:07.728797900,-0.0432,0.5947,-0.2216,607495.6260285844,-192543.90325096063,-581842.300593066,862939.4840209879
2017-07-02 19:55:07.806622982,0.147,0.6317,-0.1988,607568.58614879,-192560.3728179764,-581913.5332512896,863042.5506518421
2017-07-02 19:55:08.207174003,0.3812,-0.9874,-0.0306,607944.159289011,-192645.2969931803,-582280.1592197934,863573.0977098817
2017-07-02 19:55:08.407290995,0.6042,0.2285,-0.8986,608131.8214219278,-192687.71632125182,-582463.3630974854,863838.201052653
2017-07-02 19:55:08.607186973,0.4703,0.2658,-0.4947,608319.2950887257,-192730.07817945795,-582646.3844078474,864103.0361454827
2017-07-02 19:55:08.739401500,0.9353,-0.5653,-0.9328,608443.3096420157,-192758.10689939273,-582767.4540547822,864278.2273834393
2017-07-02 19:55:18.557097017,0.5912,-0.4397,-0.9093,617709.0936288165,-194881.7833580121,-591845.2224141987,877396.2623188256
2017-07-02 19:55:18.757091999,2.4947,0.1514,-1.9014,617897.9454767361,-194925.03843568277,-592030.2204897326,877663.6164309452
2017-07-02 19:55:18.957068026,-0.629,-0.6997,0.7486,618086.7542718038,-194968.31739504143,-592215.171094812,877930.9138360285
2017-07-02 19:55:19.156400024,2.5679,-1.4775,-2.06,618275.0570332895,-195011.5156790387,-592399.6079112146,878197.49080165
2017-07-02 19:55:19.356903016,0.0705,0.7137,-0.1061,618464.4688307216,-195054.93904352,-592585.1324838883,878465.6326187641
2017-07-02 19:55:19.557209014,3.0786,-1.1959,-2.507,618653.8180523483,-195098.3677270759,-592770.5753659344,878733.6767759493
2017-07-02 19:55:19.757071018,-0.3024,-0.3508,0.5752,618842.735487218,-195141.71416018184,-592955.5842229853,879001.1062176764
2017-07-02 19:55:19.957274019,1.1527,-0.9399,-1.6791,619032.0214475245,-195185.1722216932,-593140.9760355708,879269.0785448162
2017-07-02 19:55:20.157193005,-0.0204,0.7323,-0.1207,619221.0380647889,-195228.5393637999,-593326.1096689173,879536.6672168986
2017-07-02 19:55:20.356851994,2.976,-1.498,-1.716,619409.927498119,-195271.90982226704,-593511.0709399189,879804.0511256526
2017-07-02 19:55:20.557115972,-0.4336,-0.5781,0.5191,619599.3718976799,-195315.434883142,-593696.5718453474,880072.2244114446
2017-07-02 19:55:20.757129013,1.0451,-0.5797,-1.6702,619788.6207269613,-195358.9285967845,-593881.9071290783,880340.1416386644
2017-07-02 19:55:20.957170009,0.0076,0.6176,-0.1909,619977.8963108978,-195402.40367523575,-594067.2759554902,880608.0965090672
2017-07-02 19:55:21.157063007,1.7132,-0.9434,-1.1149,620167.1003161923,-195445.8842847893,-594252.55218723,880875.940061649
2017-07-02 19:55:21.356417000,0.6708,-0.7106,-0.5593,620355.8207979529,-195489.27589096187,-594437.3510553157,881143.1017240816
2017-07-02 19:55:21.557173013,0.5811,0.0497,-0.8671,620545.8919362429,-195532.9706592692,-594623.4845265936,881412.1822191556
2017-07-02 19:55:21.757072985,0.22,0.4043,-0.2431,620735.1613859624,-195576.4629534784,-594808.8340229295,881680.1248037561
2017-07-02 19:55:21.957141995,0.2134,-0.6068,-0.6162,620924.5994262665,-195620.01631408668,-594994.3649182077,881948.3223181586
2017-07-02 19:55:22.157042980,0.2423,-0.8172,-0.1715,621113.8880522392,-195663.565752691,-595179.746851316,882216.3135855194
2017-07-02 19:55:22.356326997,0.4249,0.3755,-0.6792,621302.6093383863,-195706.96586905047,-595364.583601391,882483.5048131013
2017-07-02 19:55:22.557955980,0.9431,0.2893,-0.7426,621493.5896403783,-195750.86491133942,-595551.6255069742,882753.8851353867
2017-07-02 19:55:22.757063984,0.1905,-0.439,-0.271,621682.1896566348,-195794.23248504274,-595736.3395601652,883020.9016117452
2017-07-02 19:55:22.957814991,0.7299,-1.2207,-0.9088,621872.3753815652,-195838.00711545907,-595922.6144656133,883290.178098453
2017-07-02 19:55:23.157436013,0.3023,0.9133,-0.5324,622061.5026374534,-195881.4989540474,-596107.8620843475,883557.9539197315
2017-07-02 19:55:23.356553971,2.3881,-0.5054,-1.9528,622250.2479579283,-195924.90122713713,-596292.7202859665,883825.1785679138
2017-07-02 19:55:23.557520985,-0.466,-0.3386,0.3468,622440.7271909744,-195968.72021919047,-596479.281117679,884094.8653696838
2017-07-02 19:55:23.757055997,2.0205,-1.4554,-2.3066,622629.9295979395,-196012.2849221166,-596664.6044349528,884362.7622514659
2017-07-02 19:55:23.957318007,-0.1272,0.6689,-0.1875,622819.8162551231,-196055.98152518203,-596850.6104901374,884631.6310500758
2017-07-02 19:55:24.157597005,3.0887,-1.9852,-2.4263,623009.8429131141,-196099.76146468217,-597036.7296469674,884900.6935021998
2017-07-02 19:55:24.356625020,-0.8314,-0.3215,0.3889,623198.6496927456,-196143.28068116013,-597221.6708608547,885168.0448824737
2017-07-02 19:55:24.557166993,0.73,-0.1869,-1.0655,623388.922038381,-196187.13845437096,-597408.0617291529,885437.4814937939
2017-07-02 19:55:24.757170975,0.1679,0.5634,-0.2192,623578.690659462,-196230.85603408155,-597593.9613377607,885706.2012494857
2017-07-02 19:55:24.957203984,0.7703,-0.7651,-0.8436,623768.517644235,-196274.61057271966,-597779.9216815104,885975.0115692383
2017-07-02 19:55:25.157127022,0.3914,-0.9678,-0.2304,623958.2559128687,-196318.37973888824,-597965.7889998171,886243.7002085289
2017-07-02 19:55:25.356495022,0.4368,0.2326,-0.7335,624147.4847808045,-196362.01814525292,-598151.1694572968,886511.6730485917
2017-07-02 19:55:25.557056009,0.7368,0.2553,-0.5276,624337.8756023223,-196405.90740766306,-598337.6804250617,886781.282612963
2017-07-02 19:55:25.757071971,0.8938,-0.6964,-0.7848,624527.784793998,-196449.70526133582,-598523.7159458011,887050.2123479447
2017-07-02 19:55:25.957063019,0.4598,-0.978,-0.5534,624717.6887209272,-196493.53677604342,-598709.7504279636,887319.1454336428
2017-07-02 19:55:26.157061994,0.5099,0.5688,-0.6636,624907.6205708265,-196537.34727632406,-598895.8188276606,887588.1167135804
2017-07-02 19:55:26.356324017,0.5228,0.214,-0.6133,625096.8733218147,-196580.98784765264,-599081.225957741,887856.1263599512
2017-07-02 19:55:26.557362973,0.1608,-0.4806,-0.1974,625287.8202464202,-196625.03701107015,-599268.2944470956,888126.5405659574
2017-07-02 19:55:26.757066011,1.9532,-1.222,-1.7533,625477.5762114458,-196668.84219965187,-599454.1897770728,888395.2709671429
2017-07-02 19:55:26.957050025,0.0941,0.8065,-0.3627,625667.6029206456,-196712.67676593643,-599640.3611617124,888664.3850627949
2017-07-02 19:55:27.157275021,1.5464,0.4538,-0.9985,625857.9206084821,-196756.54596028596,-599826.7969139605,888933.890378051
2017-07-02 19:55:27.356329977,-0.5487,-0.5168,0.3898,626047.1044098507,-196800.17927657123,-600012.1277603954,889201.7999097877
2017-07-02 19:55:27.557281970,1.1126,-0.7521,-1.4409,626238.1361026532,-196844.25879892462,-600199.2830360795,889472.3405977541
2017-07-02 19:55:27.757071018,0.0727,0.65,-0.1427,626428.0651628699,-196888.05728004428,-600385.360906791,889741.3160657339
2017-07-02 19:55:27.957054018,2.3271,-1.0691,-0.5077,626618.2716713451,-196931.9410367566,-600571.6397234594,890010.6416403194
2017-07-02 19:55:28.157064020,-0.4345,-0.4162,0.2747,626808.4864800456,-196975.84736838372,-600757.9327026698,890279.9879111536
2017-07-02 19:55:28.356522023,1.2672,-0.4629,-1.4574,626998.2267367234,-197019.6509405949,-600943.7695203668,890548.669817151
2017-07-02 19:55:28.558058977,0.0537,0.5284,-0.1114,627189.9468374606,-197063.889615392,-601131.5478401831,890820.1523388762
2017-07-02 19:55:28.757112979,1.3812,-0.9533,-0.4401,627379.3596572358,-197107.6210381691,-601317.0301533749,891088.3491257892
2017-07-02 19:55:28.956652998,0.4607,-0.8581,-0.1501,627569.2532971058,-197151.49340336843,-601502.9713228857,891357.2255528787
2017-07-02 19:55:29.157186985,0.7081,0.0802,-0.9679,627760.1213289495,-197195.58108467417,-601689.8776435094,891627.4872327126
2017-07-02 19:55:36.340552985,0.6561,0.1903,-0.7869,634631.0965653294,-198765.03466027018,-608425.6890482551,901357.8572493029
2017-07-02 19:55:36.540324985,-0.3279,-0.4319,0.3404,634822.1677793794,-198808.69896705178,-608613.0008085237,901628.4535451609
2017-07-02 19:55:36.740334987,1.4694,-1.1389,-1.9971,635013.525411469,-198852.46085465484,-608800.6156180497,901899.4778911732
2017-07-02 19:55:36.939603984,-0.0756,0.6204,-0.1174,635204.1710922675,-198896.03597655264,-608987.540006512,902169.4940438763
2017-07-02 19:55:37.139572978,2.2092,-1.1358,-1.7734,635395.574818473,-198939.80958811744,-609175.1919415391,902440.5791047214
2017-07-02 19:55:37.340354025,-0.0091,-0.3907,0.2461,635587.7554481805,-198983.7767100037,-609363.595990252,902712.7618393371
2017-07-02 19:55:37.540287971,0.8747,-0.4956,-1.2013,635779.1602271883,-199027.57814424843,-609551.253177141,902983.8579348894
2017-07-02 19:55:37.740325987,0.2045,0.5879,-0.2878,635970.6728196878,-199071.3788531588,-609739.0195600846,903255.1037992076
2017-07-02 19:55:37.940446019,1.4768,-0.9628,-0.9858,636162.3230756725,-199115.23607869094,-609926.9024069785,903526.5379718966
2017-07-02 19:55:38.139748990,0.1521,-0.7881,0.1954,636353.1968931882,-199158.94554619805,-610114.0103939052,903796.8701352027
2017-07-02 19:55:38.340326011,0.8739,-0.3167,-1.4539,636545.3260350911,-199202.94716894146,-610302.3729661003,904068.9977573424
2017-07-02 19:55:38.540323972,0.0826,0.4291,-0.1914,636736.9038097068,-199246.80459663543,-610490.1993968962,904340.3437726328
2017-07-02 19:55:38.740060985,0.8391,-0.7678,-0.9286,636928.2650983776,-199290.63543249032,-610677.8178069167,904611.3913795983
2017-07-02 19:55:38.940310001,0.1094,-0.9044,0.0913,637120.1213067402,-199334.61488982255,-610865.9134941839,904883.1426964882
2017-07-02 19:55:39.139572978,0.5156,0.0143,-0.8239,637311.0532751025,-199378.37722169375,-611053.1156997757,905153.5925667975
2017-07-02 19:55:39.340342998,0.3223,0.2865,-0.2175,637503.4422697934,-199422.45898342333,-611241.7424988388,905426.1006983661
2017-07-02 19:55:39.540400028,0.3085,-0.4612,-0.9753,637695.1603848671,-199466.40265711874,-611429.7384660975,905697.6804916604
2017-07-02 19:55:39.740311026,0.3418,-1.2127,-0.7232,637886.7522147816,-199510.36271888457,-611617.6261076106,905969.1021491031
2017-07-02 19:55:39.939508020,0.4915,0.6222,-0.6726,638077.679255961,-199554.1410839314,-611804.8693762497,906239.5810054363
2017-07-02 19:55:40.139611005,0.6016,0.2108,-0.7569,638269.4987633955,-199598.1101217625,-611992.994574949,906511.3259218932
2017-07-02 19:55:40.340310990,0.095,-0.1275,-0.1516,638461.8943840209,-199642.21547538537,-612181.6871448786,906783.8898303735
2017-07-02 19:55:40.540305972,1.6262,-1.5781,-1.6094,638653.6792172954,-199686.22902005026,-612369.7812632737,907055.5997525541
2017-07-02 19:55:40.740059971,0.2842,0.6602,-0.3548,638845.2443004012,-199730.16318772835,-612557.6628956667,907326.9943214722
2017-07-02 19:55:40.940321981,1.2653,0.1932,-0.9302,639037.3473132896,-199774.201339779,-612746.0596510097,907599.1386069026
2017-07-02 19:55:41.139656007,-0.1038,-0.5306,0.1674,639228.5560253473,-199818.0565085531,-612933.5767526757,907870.0193617664
2017-07-02 19:55:41.340424001,1.2038,-1.0376,-1.7226,639421.1887760815,-199862.26898575496,-613122.5122480121,908142.9393246778
2017-07-02 19:55:41.540296971,-0.1429,0.4843,-0.2189,639612.9570610004,-199906.26501627162,-613310.6142135251,908414.6405359418
2017-07-02 19:55:41.740315020,1.883,-0.4062,-2.0962,639804.9398756799,-199950.30923250495,-613498.9365771179,908686.6525006028
2017-07-02 19:55:41.940576016,-0.1778,-0.5898,0.3769,639997.1487469857,-199994.43059957577,-613687.4725664608,908958.9851363649
2017-07-02 19:55:42.139609992,1.6292,-0.884,-2.1376,640188.2444744807,-200038.31664966972,-613874.9380561475,909229.7597773569
2017-07-02 19:55:42.340309977,0.0578,0.6722,-0.2492,640380.942092274,-200082.54297032507,-614063.9827590007,909502.8036890852
2017-07-02 19:55:42.540422022,2.4851,-0.9904,-2.2114,640573.1747279874,-200126.6793927114,-614252.5622205253,909775.1866149824
2017-07-02 19:55:42.740414023,-0.3133,-0.3966,0.3729,640765.2795154343,-200170.80520109826,-614441.0136414546,910047.3910363608
2017-07-02 19:55:42.939655005,1.1287,-0.3988,-1.4397,640956.7077082708,-200214.7811374066,-614628.8145328178,910318.6471758898
2017-07-02 19:55:43.139970004,-0.0078,0.6094,-0.1227,641149.1674899509,-200258.9696750281,-614817.6326963574,910591.3635559664
2017-07-02 19:55:43.340326011,1.7291,-0.6661,-1.3589,641341.7360819778,-200303.1939977586,-615006.5440639763,910864.2276474934
2017-07-02 19:55:43.539853990,-0.3417,-0.6951,0.3552,641533.4952261446,-200347.26322385194,-615194.6605607976,911135.9513052242
2017-07-02 19:55:43.740305006,1.0984,-0.4218,-1.6976,641726.1856022623,-200391.55326690947,-615383.715514529,911409.0131378011
2017-07-02 19:55:43.940325975,0.1234,0.4042,-0.2066,641918.4675180683,-200435.7321188529,-615572.3731360708,911681.4949417037
2017-07-02 19:55:44.139559984,1.1583,-0.9069,-1.1886,642110.0389000891,-200479.77315273474,-615760.3356859394,911952.9771340771
2017-07-02 19:55:44.340452015,0.1004,-0.785,0.1113,642303.2085877637,-200524.21237606628,-615949.857965117,912226.7256764766
2017-07-02 19:55:44.540309011,0.5903,0.1342,-0.7789,642495.4066057062,-200568.41727950907,-616138.4348999393,912499.1005367544
2017-07-02 19:55:44.740320026,0.1993,0.364,-0.417,642687.7607131657,-200612.64168768126,-616327.1738426647,912771.6992722219
2017-07-02 19:55:44.940328001,1.013,-0.6238,-0.6821,642880.1524202354,-200656.89037766942,-616515.937202892,913044.3465993651
2017-07-02 19:55:45.139780998,0.2708,-1.0238,-0.121,643072.0210555978,-200701.05701560376,-616704.1816000056,913316.2574676116
2017-07-02 19:55:45.340440988,0.6,0.185,-0.8386,643265.0749457334,-200745.48347973378,-616893.5989268501,913589.8522747358
2017-07-02 19:55:45.540293991,0.7904,0.2273,-0.7375,643457.3840075873,-200789.7221969253,-617082.2839375569,913862.3871915278
2017-07-02 19:55:45.740478992,0.0377,-0.3618,-0.1922,643650.0140461546,-200834.0489027446,-617271.2900961018,914135.3845887331
2017-07-02 19:55:45.939697980,2.0285,-1.5944,-1.88,643841.7950364825,-200878.22498442925,-617459.4588001091,914407.18586985
2017-07-02 19:55:46.139562010,0.0067,0.6848,-0.3137,644034.1972532956,-200922.51674704958,-617648.2492978544,914679.8701340102
2017-07-02 19:55:46.340364992,2.1573,0.0449,-2.0047,644227.5903531545,-200967.0147798785,-617838.0075578433,914953.9511826885
2017-07-02 19:55:46.540314972,-0.3916,-0.5309,0.4124,644420.1462716922,-201011.3450124524,-618026.943245563,915226.8507435732
2017-07-02 19:55:46.740499019,2.2993,-1.9794,-2.2894,644613.019742886,-201055.8064610159,-618216.1918512665,915500.21430954
2017-07-02 19:55:46.940348029,0.1062,1.079,-0.4482,644805.5746539755,-201100.1504020475,-618405.1416229559,915773.126261236
2017-07-02 19:55:55.490534007,2.3956,-0.1789,-1.6614,653218.8274949231,-203010.40599610165,-626610.4807685976,927657.6718518514
2017-07-02 19:55:55.690463006,1.5441,-1.3508,-1.2807,653415.6163065297,-203055.12749636272,-626802.3974057394,927935.6647038569
2017-07-02 19:55:55.890751004,-0.2164,-0.4256,0.237,653612.7497975669,-203099.94637306535,-626994.6491473024,928214.1482298294
2017-07-02 19:55:56.289709985,0.1021,0.423,-0.2139,654005.4414834735,-203189.15495536366,-627377.63454183,928768.8875628695
2017-07-02 19:55:56.490729987,0.487,-0.4805,-0.46,654203.3233170476,-203234.1231266573,-627570.6246594954,929048.4303725184
2017-07-02 19:55:56.690500020,0.3121,-0.8952,-0.2429,654399.987150476,-203278.847405606,-627762.4244327146,929326.2583800881
2017-07-02 19:55:56.890447974,0.5182,-0.2165,-0.9962,654596.8468556461,-203323.6201727914,-627954.434855652,929604.3775114255
2017-07-02 19:55:56.909730190,0.6408,-0.5051,-1.2511,654615.8314909916,-203327.93807502728,-627972.9520716766,929631.1987955766
2017-07-02 19:55:57.289704024,0.5425,-0.6426,-0.7996,654990.0195501993,-203413.11909600536,-628337.9663225855,930159.8909075464
2017-07-02 19:55:57.490455985,0.0547,-0.7901,-0.0887,655187.7169114205,-203458.15471328638,-628530.8182466121,930439.2267078441
2017-07-02 19:55:57.690621018,0.6511,-0.0741,-0.847,655384.862362214,-203503.06163118413,-628723.1402754996,930717.7880671935
2017-07-02 19:55:57.890344023,0.6076,0.2902,-0.5147,655581.5966899304,-203547.85780446825,-628915.0581272441,930995.7629734421
2017-07-02 19:55:57.903819790,0.5268,0.1598,-0.4781,655594.8708997176,-203550.88027550452,-628928.0073495605,931014.518705073
2017-07-02 19:55:58.289785027,0.4741,-0.9461,-0.2557,655975.1338761995,-203637.58910779218,-629298.9296852867,931551.8165215391
2017-07-02 19:55:58.490445017,0.3389,0.3388,-0.8333,656172.8429558687,-203682.65463850074,-629491.802553313,931831.1827338646
2017-07-02 19:55:58.690464973,0.6859,0.123,-0.935,656369.9488553677,-203727.57150521278,-629684.0976329526,932109.701678743
2017-07-02 19:55:58.890457987,-0.005,-0.612,0.0122,656567.0280053942,-203772.50680006723,-629876.3663231407,932388.1882798938
2017-07-02 19:55:58.904520150,0.3909,-0.5775,-0.6792,656580.8853623851,-203775.66646183113,-629889.8854979749,932407.769764854
2017-07-02 19:55:59.289696991,0.47,0.6505,-0.6512,656960.5220897989,-203862.11627841467,-630260.2859577539,932944.220247687
2017-07-02 19:55:59.490763008,2.0074,-0.0455,-1.6696,657158.7772684527,-203907.24575390568,-630453.7060594109,933224.3561416288
2017-07-02 19:55:59.690468013,-0.185,-0.5602,0.282,657355.6830834306,-203952.09209079176,-630645.8056573727,933502.5881825563
2017-07-02 19:55:59.890448987,2.014,-1.5578,-1.9935,657552.9415439282,-203997.0627002244,-630838.2504393792,933781.3291883753
2017-07-02 19:55:59.904499880,0.8278,-1.1495,-0.9867,657566.801313432,-204000.22261385483,-630851.772025673,933800.9141589082
2017-07-02 19:56:00.289691984,1.8845,-0.9907,-1.7055,657947.0335541876,-204086.9956868489,-631222.7067309231,934338.2183470567
2017-07-02 19:56:00.490580022,-0.4819,-0.4544,0.5364,658145.3154426031,-204132.2685150492,-631416.1375052092,934618.4130382522
2017-07-02 19:56:00.690732002,1.0267,-0.9829,-1.6353,658342.9119524444,-204177.4148384291,-631608.9250565174,934897.6632012604
2017-07-02 19:56:00.890514016,0.0333,0.6001,-0.1585,658540.1445489796,-204222.45376049585,-631801.3625806096,935176.3974573266
2017-07-02 19:56:00.905489920,-0.11,0.7014,-0.1602,658554.9293208593,-204225.829775845,-631815.7879685969,935197.2917020308
2017-07-02 19:56:01.289987981,-0.4271,-0.3826,0.3533,658934.4570283364,-204312.56366779242,-632186.0996036973,935733.6730415713
2017-07-02 19:56:01.490688979,0.7132,-0.3359,-1.0557,659132.5923204853,-204357.85071299304,-632379.4380698109,936013.7066841739
2017-07-02 19:56:01.690617978,-0.0423,0.6497,-0.1392,659329.9637918563,-204402.93759143355,-632572.0384210465,936292.6603588944
2017-07-02 19:56:01.890465974,1.7942,-1.0653,-1.4879,659527.3269553834,-204448.04874977967,-632764.6201641161,936571.6011976573
2017-07-02 19:56:01.909180040,2.114,-1.1076,-2.0446,659545.809078302,-204452.27341418696,-632782.6545233488,936597.7227404502
2017-07-02 19:56:02.289772987,0.8527,-0.4161,-1.4042,659921.8084514906,-204538.25181248665,-633149.6274924615,937129.2016142901
2017-07-02 19:56:02.490432024,0.2599,0.4652,-0.2936,660120.056095054,-204583.56325064547,-633343.1175252028,937409.4235326478
2017-07-02 19:56:02.690454006,1.2072,-1.0066,-0.61,660317.7226379568,-204628.77110629447,-633536.0176685589,937688.8153740485
2017-07-02 19:56:02.890510022,0.254,-0.8102,-0.5435,660515.4329797707,-204674.01908027503,-633728.9723863044,937968.283969521
2017-07-02 19:56:02.898910160,-0.2641,-0.4238,0.3819,660523.7346067866,-204675.91902417972,-633737.0743214432,937980.0185381306
2017-07-02 19:56:03.289695024,0.3222,0.2997,-0.4031,660909.9858213908,-204764.26100887547,-634114.0479761048,938525.9920671262
2017-07-02 19:56:03.490445971,0.6411,-0.7101,-0.8141,661108.4336143804,-204809.67198070703,-634307.7367455525,938806.5123486146
2017-07-02 19:56:03.690559983,0.3419,-0.905,0.0568,661306.2654713265,-204854.9751156115,-634500.8087120187,939086.1588999467
2017-07-02 19:56:03.890563011,0.6654,0.3877,-0.8759,661504.0142267706,-204900.2376167537,-634693.8086370912,939365.6896735106
2017-07-02 19:56:03.905460110,0.8042,-0.3963,-1.3721,661518.7435961765,-204903.6090534623,-634708.1844189018,939386.510708205
2017-07-02 19:56:04.289690971,0.4393,-0.6988,-0.8995,661898.7131758317,-204990.6694204687,-635079.1020922555,939923.692098236
2017-07-02 19:56:04.490489006,0.4617,-0.7098,-0.0687,662097.3028921102,-205036.1955577767,-635272.9454604632,940204.4433099782
2017-07-02 19:56:04.690541028,0.4447,0.1808,-1.0155,662295.1725970788,-205081.545318771,-635466.109295065,940484.1901586317
2017-07-02 19:56:04.890446007,0.5822,0.2194,-0.674,662492.9201289791,-205126.85297894815,-635659.1580840371,940763.7643373472
2017-07-02 19:56:04.906710020,0.7118,0.2263,-0.5056,662509.008803131,-205130.5390922776,-635674.86441994,940786.5103565763
2017-07-02 19:56:05.289708018,1.9218,-1.331,-2.0177,662888.1596855421,-205217.5378808324,-636045.0257625201,941322.5934303291
2017-07-02 19:56:05.490432977,-0.0036,0.7761,-0.3549,663086.8682693257,-205263.10170156948,-636239.0374733597,941603.5517118647
2017-07-02 19:56:05.690451025,2.6913,-0.6721,-1.5523,663284.9847147877,-205308.53194498539,-636432.4280190513,941883.6444443263
2017-07-02 19:56:05.890461027,-0.811,-0.3506,0.2883,663483.0607474996,-205353.97438631023,-636625.7992521898,942163.6986047664
2017-07-02 19:56:05.898960230,-0.0275,-0.4856,0.0448,663491.4777666351,-205355.90544748583,-636634.0163448406,942175.599205622
2017-07-02 19:56:06.903429980,1.3365,-0.604,-1.5634,664487.5831736951,-205584.73537995538,-637606.7225744907,943584.2115494771
2017-07-02 19:56:37.772612988,0.1844,0.7063,-0.3786,695275.4306557245,-211944.0577187885,-667860.5251953442,987099.7361918447
2017-07-02 19:56:37.973429024,0.3424,0.4135,-0.3829,695475.7313805008,-211985.4109075699,-668057.3533839331,987382.8714269045
2017-07-02 19:56:38.173443973,1.7156,-1.3141,-1.2702,695675.3017081943,-212026.6517037842,-668253.4472092729,987664.9716106072
2017-07-02 19:56:38.373485982,-0.1705,-0.496,0.2024,695874.8922128697,-212067.9179277967,-668449.5594647229,987947.1043406555
2017-07-02 19:56:38.572672009,0.9435,-0.4261,-1.3539,696073.6661009688,-212109.02447872257,-668644.8862697142,988228.0965643496
2017-07-02 19:56:38.773422002,0.3213,0.7699,-0.5458,696274.0136676115,-212150.4227620766,-668841.7687349669,988511.3128292726
2017-07-02 19:56:38.973417997,0.7981,-0.9002,-0.6684,696473.640670451,-212191.70156394897,-669037.9384632175,988793.5140687708
2017-07-02 19:56:39.173509001,0.4406,-0.7689,-0.0933,696673.3801470413,-212233.030759498,-669234.2051181798,989075.8713319357
2017-07-02 19:56:39.373474001,0.6577,0.2593,-0.8493,696873.0201397932,-212274.3235602997,-669430.3821375734,989358.0904660339
2017-07-02 19:56:39.572645008,0.6509,0.3497,-0.6888,697071.893250649,-212315.4385291537,-669625.8075288188,989639.2231043057
2017-07-02 19:56:39.772796988,0.5648,-0.5703,-0.3722,697271.7684936312,-212356.77884742903,-669822.2103554929,989921.7717305797
2017-07-02 19:56:39.973478972,0.9046,-1.1897,-0.8583,697472.2094390014,-212398.27654828463,-670019.1678249177,990205.1282805997
2017-07-02 19:56:40.173409998,0.4704,0.5661,-0.4902,697671.9191313694,-212439.5963351154,-670215.4078680656,990487.4465530759
2017-07-02 19:56:40.373416006,1.0975,0.341,-0.8132,697871.7476253663,-212480.91797767227,-670411.7540389041,990769.9211178331
2017-07-02 19:56:40.572730004,0.2205,-0.4805,-0.0727,698070.8934831504,-212522.1157379512,-670607.423750667,991051.4309538157
2017-07-02 19:56:40.773388981,1.6505,-0.9787,-1.4129,698271.4496410908,-212563.6309088006,-670804.4707386786,991334.9345866925
2017-07-02 19:56:40.973510026,0.1013,0.8446,-0.2715,698471.4721995776,-212605.00095975358,-671001.0003509572,991617.6815596459
2017-07-02 19:56:41.173403024,3.0639,-1.0027,-2.0296,698671.389248192,-212646.36393275377,-671197.3871059908,991900.2564299139
2017-07-02 19:56:41.373423993,-0.6101,-0.4974,0.4419,698871.4098740858,-212687.77328639856,-671393.8819076297,992182.9877134132
2017-07-02 19:56:41.572793006,1.5506,-1.1454,-2.0237,699070.840178352,-212729.09319617462,-671589.8166846278,992464.9054521905
2017-07-02 19:56:41.773407995,-0.3167,0.7145,-0.0318,699271.5040956374,-212770.6425827038,-671786.9772548693,992748.5711873203
2017-07-02 19:56:41.972329974,1.6209,-0.6771,-1.7132,699470.53872895,-212811.86812261117,-671982.5417585417,993029.9402293334
2017-07-02 19:56:42.173357009,-0.1294,-0.4875,0.2757,699671.6743811107,-212853.54962515243,-672180.1646467842,993314.2802073632
2017-07-02 19:56:42.372417986,0.8315,-0.582,-1.7869,699870.8758614025,-212894.84654168808,-672375.9255762118,993595.915781402
2017-07-02 19:56:42.572673022,-0.0622,0.6518,-0.023,700071.269749148,-212936.36503752638,-672572.8616917889,993879.2343981543
2017-07-02 19:56:42.773624002,1.9195,-0.6854,-1.5113,700272.4375753418,-212978.05549945144,-672770.5432454137,994163.6398555156
2017-07-02 19:56:42.973483979,-0.0397,-0.6721,0.194,700472.511635457,-213019.5464619026,-672967.1437972691,994446.501005647
2017-07-02 19:56:43.173379004,0.9206,-0.2219,-1.2549,700672.6575664687,-213061.05356700887,-673163.8289688632,994729.4738974826
2017-07-02 19:56:43.373687982,0.0515,0.6468,-0.1422,700873.2200364394,-213102.6206751837,-673360.9271519145,995013.0329386466
2017-07-02 19:56:43.572670996,0.5521,-0.4527,-0.7375,701072.4767243761,-213143.9305503136,-673556.7498258748,995294.7543250109
2017-07-02 19:56:43.773563027,0.0554,-0.7864,0.1404,701273.6472907163,-213185.66848420328,-673754.4455307382,995579.1834424387
2017-07-02 19:56:43.973420023,0.9016,0.0688,-0.945,701473.8173994335,-213227.18862803563,-673951.1604146623,995862.1978423619
2017-07-02 19:56:44.173635005,0.2446,0.4468,-0.2293,701674.3558600466,-213268.76523275377,-674148.2368481302,996145.7288674973
2017-07-02 19:56:44.373885989,0.5784,-0.5893,-0.6109,701874.9535749307,-213310.3729448394,-674345.3732166035,996429.3492467582
2017-07-02 19:56:44.572669029,0.3787,-0.9291,-0.2064,702074.0957683126,-213351.71236383182,-674541.0726286642,996710.9148496878
2017-07-02 19:56:44.773427009,0.6505,0.3653,-0.7679,702275.2426875386,-213393.44777332837,-674738.7472936704,996995.314504467
2017-07-02 19:56:44.973975002,0.6034,0.3609,-0.532,702476.2034813903,-213435.1250135855,-674936.2365935071,997279.4455488387
2017-07-02 19:56:45.173043012,0.0567,-0.4745,-0.2739,702675.6834928093,-213476.51349204592,-675132.2793366952,997561.4931357204
2017-07-02 19:56:45.373592972,1.0283,-1.2064,-1.0986,702876.6898798691,-213518.2586063344,-675329.8256944705,997845.7102214185
2017-07-02 19:56:45.572758972,0.7505,0.4729,-0.7779,703076.3389273612,-213559.69688636204,-675526.0396766101,998128.0042032994
2017-07-02 19:56:45.773415982,1.5552,0.2924,-1.1931,703277.5452184603,-213601.43361147842,-675723.7706072201,998412.4860061703
2017-07-02 19:56:45.973280012,-0.0728,-0.4604,0.172,703477.9534508038,-213643.02378745817,-675920.7132508068,998695.8411878258
2017-07-02 19:56:46.173352003,1.7719,-1.5125,-1.8483,703678.64113743,-213684.7177820938,-676117.9348008886,998979.6045796189
2017-07-02 19:56:46.373260021,0.4133,0.859,-0.4184,703879.1808632476,-213726.34327718033,-676315.0114347157,999263.1514047195
2017-07-02 19:56:46.572655975,2.8117,-0.9168,-2.0293,704079.3186966144,-213767.8985994608,-676511.663939552,999546.1134605944
2017-07-02 19:56:46.773416996,-0.47,-0.4916,0.319,704280.8077325516,-213809.75822388858,-676709.6498724128,999830.9952600072
2017-07-02 19:56:46.973406016,2.2064,-1.4828,-2.3124,704481.6102143097,-213851.51618793653,-676906.9669613666,1000114.9194101959
2017-07-02 19:56:47.173510015,0.0175,0.7749,-0.3589,704682.5288434767,-213893.26713150332,-677104.4118640902,1000399.0107688239
2017-07-02 19:56:47.373584985,2.8566,-0.6244,-1.939,704883.5326751454,-213935.03701300695,-677301.9057417255,1000683.1997289265
2017-07-02 19:56:47.572718024,-0.3216,-0.5204,0.336,705083.5774501195,-213976.63088241735,-677498.4565161273,1000966.0375534146
2017-07-02 19:56:47.773544013,2.1885,-1.1041,-1.991,705285.4111908746,-214018.62289592705,-677696.7585863173,1001251.4063827083
2017-07-02 19:56:47.973506987,-0.1123,0.7203,-0.0118,705486.3730956537,-214060.4056546787,-677894.2089594377,1001535.5402747559
2017-07-02 19:56:48.173400998,2.4912,-0.5267,-1.6342,705687.3652353347,-214102.19504911682,-678091.6565348364,1001819.6953742711
2017-07-02 19:56:48.373664021,-0.299,-0.5935,0.3728,705888.7164227251,-214144.0853908603,-678289.4536547735,1002104.3619404626
2017-07-02 19:56:59.639694988,0.5419,-0.2259,-1.5883,717284.7431718791,-216529.34764837724,-689618.3548777546,1018310.2850136008
2017-07-02 19:56:59.840149998,0.0268,-0.6045,0.3292,717487.5122566485,-216571.81259673642,-689819.9153019818,1018598.6431381615
2017-07-02 19:57:00.240732014,0.2599,0.4373,-0.5551,717892.7603407736,-216656.60283641206,-690222.7954122997,1019174.9634920785
2017-07-02 19:57:00.406129950,2.0731,-1.0287,-2.0109,718060.1415813112,-216691.64036455067,-690389.1972289389,1019413.0063826296
2017-07-02 19:57:00.439570009,1.869,0.4799,-1.7235,718093.984713661,-216698.72369507456,-690422.8421792281,1019461.1364519303
2017-07-02 19:57:00.640133023,-0.2103,-0.514,0.3833,718296.9567761066,-216741.22797184534,-690624.618648649,1019749.7937730369
2017-07-02 19:57:00.840313971,1.688,-1.2467,-2.1457,718499.6098256249,-216783.70123763118,-690826.0967238512,1020038.0180937245
2017-07-02 19:57:01.240263998,2.1606,-0.7465,-1.5781,718904.8445789813,-216868.67979131677,-691228.8907693516,1020614.3146496556
2017-07-02 19:57:01.401269790,0.145,0.4644,-0.3893,719067.981574465,-216902.87712494854,-691391.0515547863,1020846.3186987006
2017-07-02 19:57:01.439562976,-0.5048,-0.4035,0.5156,719106.7808999664,-216911.01111879453,-691429.6186852695,1020901.4970486365
2017-07-02 19:57:01.640237987,1.1334,-0.4409,-1.5831,719310.153971876,-216953.6549774029,-691631.7930514212,1021190.7379009182
2017-07-02 19:57:01.840152978,-0.296,0.382,-0.4381,719512.7449754351,-216996.1220631619,-691833.2192281449,1021478.8839717219
2017-07-02 19:57:02.240154027,-0.0518,-0.763,0.1992,719918.0920513702,-217081.21465435068,-692236.2120695447,1022055.422332412
2017-07-02 19:57:02.401440260,1.8643,-0.4279,-1.6509,720081.5823765818,-217115.53635416305,-692398.747581969,1022287.9570147528
2017-07-02 19:57:02.439387977,1.1361,-0.6001,-2.0756,720120.0503124064,-217123.61249001525,-692436.9922206191,1022342.6715921598
2017-07-02 19:57:02.639376997,0.0148,0.3665,-0.0678,720322.7815399411,-217166.1600362094,-692638.5487650301,1022631.0233440198
2017-07-02 19:57:02.840400993,2.0081,-0.5881,-2.0395,720526.6430834701,-217208.95153843932,-692841.2308151516,1022920.985775058
2017-07-02 19:57:03.239575982,1.2169,-0.7403,-2.0851,720931.6465154132,-217294.04093345,-693244.0304569835,1023497.1543374489
2017-07-02 19:57:03.401239990,0.0041,-0.7724,0.4856,721095.6711227642,-217328.5219282716,-693407.1497411897,1023730.4961110211
2017-07-02 19:57:03.439382016,-0.1351,0.5195,-0.1629,721134.3698977192,-217336.65640938148,-693445.6353532247,1023785.5492521017
2017-07-02 19:57:03.640133976,1.1245,-0.9604,-1.1147,721338.097499269,-217379.5091233242,-693648.2406248206,1024075.3798488035
2017-07-02 19:57:03.840134024,0.0944,-0.6832,0.2267,721541.0658196212,-217422.22866139334,-693850.0779748748,1024364.1275864466
2017-07-02 19:57:04.240253984,-0.0692,0.6038,-0.311,721947.1130246284,-217507.59667424485,-694253.9234299652,1024941.802647107
2017-07-02 19:57:04.401239990,0.9737,-0.2344,-1.2002,722110.5090590698,-217541.95008687727,-694416.4394728491,1025174.2675034814
2017-07-02 19:57:04.439454972,1.0002,-0.8714,-0.9813,722149.2975961529,-217550.1061989859,-694455.0190892578,1025229.4524954248
2017-07-02 19:57:04.640182971,0.1829,-0.8062,0.1664,722353.0456197079,-217592.97947334187,-694657.6556622616,1025519.3249287618
2017-07-02 19:57:04.840135991,0.759,0.1175,-0.9451,722556.0373501652,-217635.68252298638,-694859.5476738055,1025808.1245592984
2017-07-02 19:57:05.240245997,0.9971,-0.5478,-0.8699,722962.3875005377,-217721.21987857443,-695263.6769013654,1026386.2449118744
2017-07-02 19:57:05.395990010,0.9797,0.1717,-0.72,723120.5842721402,-217754.51138452813,-695421.0028728056,1026611.3080728337
2017-07-02 19:57:05.439356982,0.0219,-0.7751,0.2055,723164.6342567726,-217763.78287311274,-695464.8099551745,1026673.977101264
2017-07-02 19:57:05.639485001,1.0992,-0.1612,-0.8164,723367.9582371113,-217806.57499223846,-695667.0016742107,1026963.2341677881
2017-07-02 19:57:05.840264976,0.3586,0.3095,-0.5641,723571.9590410143,-217849.49403827748,-695869.8748124883,1027253.4568619046
2017-07-02 19:57:06.240121006,0.6515,-1.1644,-0.7741,723978.3335602203,-217935.15406762587,-696274.0231722641,1027831.6370824572
2017-07-02 19:57:06.401269790,0.2482,-0.6012,-0.3307,724142.1158517768,-217969.6921295568,-696436.9104261269,1028064.6676358598
2017-07-02 19:57:06.439420998,0.953,0.2859,-0.4911,724180.8919172683,-217977.8684352839,-696475.4739234,1028119.8379189582
2017-07-02 19:57:06.640120029,2.0437,0.5209,-1.3129,724384.960406907,-218020.85989577923,-696678.3947355909,1028410.1574297927
2017-07-02 19:57:06.840134024,-0.1535,-0.4692,0.1637,724588.3262188812,-218063.72338629176,-696880.6163793703,1028699.4815956039
2017-07-02 19:57:07.240132987,0.6521,0.2847,-0.8412,724995.1326648565,-218149.39859499558,-697285.1649108466,1029278.2440622349
2017-07-02 19:57:07.401980280,1.101,-1.6527,-1.3253,725159.7632369221,-218184.10772810818,-697448.8877626067,1029512.4759439473
2017-07-02 19:57:07.439410984,1.32,-0.065,-1.5356,725197.8394840922,-218192.13506055708,-697486.7543817963,1029566.6499711089
2017-07-02 19:57:07.640183985,0.4009,-0.5789,-0.1044,725402.0912475308,-218235.2158715423,-697689.8697785481,1029857.2511879485
2017-07-02 19:57:07.840231001,1.435,-1.1975,-1.2811,725605.661873931,-218278.1888270209,-697892.3019884112,1030146.8873106367
2017-07-02 19:57:08.240131974,1.6052,-0.1249,-1.5302,726012.8633720564,-218364.11324025466,-698297.215758053,1030726.2319686755
2017-07-02 19:57:08.397719740,0.4786,0.5323,-0.5945,726173.3399194016,-218397.95999461247,-698456.7936654087,1030954.5485407542
2017-07-02 19:57:08.439454972,0.3284,-0.2917,-0.0481,726215.8407825514,-218406.9244101281,-698499.0560462879,1031015.0160552245
2017-07-02 19:57:08.640129983,1.063,-1.7386,-1.3981,726420.2399760439,-218450.097914998,-698702.3220429947,1031305.8446233097
2017-07-02 19:57:08.840147972,0.5958,0.6266,-0.5009,726623.9937906273,-218493.10499871933,-698904.9425742637,1031595.7464234513
2017-07-02 19:57:09.240119993,0.1727,-0.3814,-0.2112,727031.4638963751,-218579.16642984195,-699310.1526348953,1032175.5136945999
2017-07-02 19:57:09.401229850,1.2654,0.2415,-1.0802,727195.6268482486,-218613.82594831332,-699473.4004271055,1032409.0868003994
2017-07-02 19:57:09.439328014,1.1724,-0.9166,-1.1173,727234.4486890775,-218622.02332609546,-699512.005777221,1032464.3231946435
2017-07-02 19:57:09.640130996,0.4265,0.6589,-0.4922,727439.0831325992,-218665.20245958265,-699715.5018180299,1032755.4763446884
2017-07-02 19:57:09.840233027,0.9366,0.2276,-0.8644,727643.0407527196,-218708.22175265045,-699918.3221183579,1033045.6614569599
2017-07-02 19:57:10.240267992,1.9065,-1.1987,-1.93,728051.0887311108,-218794.41581069652,-700324.1001789181,1033626.2523194306
2017-07-02 19:57:10.401290050,-0.2649,-0.6481,0.3157,728215.3293185837,-218829.12744347332,-700487.4257620096,1033859.9453131609
2017-07-02 19:57:30.973955988,0.4688,0.6495,-0.5767,749397.6167052998,-222989.0999419424,-721598.4764285757,1063966.7700640573
2017-07-02 19:57:31.173727989,1.8702,0.3026,-1.5608,749603.383106351,-223029.4835066442,-721803.5387337497,1064259.2405078243
2017-07-02 19:57:31.373737990,0.3509,-0.3798,-0.5347,749809.4086862833,-223069.93037615402,-722008.8667317096,1064552.087420669
2017-07-02 19:57:31.573930025,0.5989,-0.9252,-0.3525,750015.6457771672,-223110.45113645273,-722214.3957307987,1064845.2355707167
2017-07-02 19:57:31.772974014,0.5238,0.6506,-0.5927,750220.7209075014,-223150.71374558622,-722418.7695597642,1065136.72818863
2017-07-02 19:57:31.973752021,1.0842,0.4535,-1.0175,750427.6263035883,-223191.30883039773,-722624.9648561348,1065430.815440587
2017-07-02 19:57:32.173763990,0.5363,-0.3812,-0.654,750633.7637381202,-223231.7642806521,-722830.3996087916,1065723.8171525088
2017-07-02 19:57:32.373799979,0.3702,-0.8114,-0.0281,750839.9407416062,-223272.25705699695,-723035.8601570902,1066016.8725012224
2017-07-02 19:57:32.573468983,0.6896,0.2197,-1.0015,751045.7669865921,-223312.66678656574,-723240.9836960329,1066309.4352735567
2017-07-02 19:57:32.773029983,1.7956,0.2623,-1.5925,751251.5534060715,-223353.04421190676,-723446.0597011986,1066601.931439725
2017-07-02 19:57:32.973719000,0.4294,-0.2651,-0.1329,751458.5203262354,-223393.6605475196,-723652.3002495794,1066896.0994399705
2017-07-02 19:57:33.173934996,1.1515,-1.048,-1.1612,751665.0455880173,-223434.22316163362,-723858.101240464,1067189.6474245468
2017-07-02 19:57:33.373705029,0.3759,0.3288,-0.4811,751871.1258349231,-223474.68230442583,-724063.4630280489,1067482.5628493936
2017-07-02 19:57:33.573823988,1.1254,0.438,-1.2926,752077.611099057,-223515.19457386047,-724269.2352739315,1067776.053527209
2017-07-02 19:57:33.772960007,0.4671,-0.4807,-0.3966,752283.1006762327,-223555.52691823372,-724474.0125393553,1068068.130796725
2017-07-02 19:57:33.973749995,0.9469,-0.8672,-0.8678,752490.3351691217,-223596.22921453786,-724680.5256151825,1068362.6923698685
2017-07-02 19:57:34.173720002,0.8744,0.3664,-0.8276,752696.7583286176,-223636.75064024437,-724886.2284322823,1068656.0954797924
2017-07-02 19:57:34.373758971,0.4248,0.2351,-0.5043,752903.2696741809,-223677.27663257433,-725092.0223682706,1068949.623915901
2017-07-02 19:57:34.573760986,0.4424,-0.7775,-0.9585,753109.7605664327,-223717.82623900208,-725297.8166278932,1069243.143556564
2017-07-02 19:57:34.772976994,0.7588,-1.0264,-0.3316,753315.470064936,-223758.257220418,-725502.8152772363,1069535.5487727697
2017-07-02 19:57:34.973704993,1.0048,0.015,-1.041,753522.7813232552,-223798.99445673416,-725709.4117498195,1069830.2305484028
2017-07-02 19:57:35.173720002,0.1411,0.6275,0.0079,753729.3618525483,-223839.5618897778,-725915.2740714159,1070123.8645670118
2017-07-02 19:57:35.373229026,1.2648,-0.7708,-1.2004,753935.4701317244,-223880.05737876796,-726120.6633964023,1070416.8305038444
2017-07-02 19:57:35.573720991,0.3395,-0.8047,0.2214,754142.6075119998,-223920.78472746967,-726327.0557338318,1070711.2506128536
2017-07-02 19:57:35.773129999,0.9473,-0.2893,-1.3289,754348.6637084683,-223961.3035911797,-726532.3860857264,1071004.1456392368
2017-07-02 19:57:35.972940027,0.4199,0.5579,-0.3131,754555.1510568232,-224001.88166642276,-726738.1418659148,1071297.645763868
2017-07-02 19:57:36.173704028,1.0215,-0.7522,-0.9834,754762.6654311435,-224042.68379594042,-726944.9196436038,1071592.609850804
2017-07-02 19:57:36.373767971,0.1811,-0.8465,0.2881,754969.463457749,-224083.37753132093,-727150.9648620655,1071886.5502185195
2017-07-02 19:57:36.574366986,0.9598,0.2213,-1.0269,755176.8531890125,-224124.17119719274,-727357.6024718977,1072181.3305504601
2017-07-02 19:57:36.773275017,0.2275,0.4721,-0.0433,755382.5036936639,-224164.60230746574,-727562.4999074918,1072473.630018851
2017-07-02 19:57:36.973715007,1.0485,-0.7692,-1.1355,755589.780211543,-224205.37571544404,-727769.0210516204,1072768.248254144
2017-07-02 19:57:37.173880994,0.1456,-0.595,0.0796,755796.7792145073,-224246.11722538294,-727975.2566904775,1073062.4711149158
2017-07-02 19:57:37.373911976,0.9786,-0.1177,-1.3406,756003.6777599684,-224286.8359660484,-728181.4068711805,1073356.5609279848
2017-07-02 19:57:37.573705017,-0.0941,0.6429,0.033,756210.3264391064,-224327.48060812175,-728387.3105147002,1073650.2924546546
2017-07-02 19:57:37.774053990,1.0848,-0.7815,-1.1781,756417.5936698857,-224368.2697146955,-728593.8343818055,1073944.911048648
2017-07-02 19:57:37.973713994,0.023,-0.7093,0.2906,756624.1490577257,-224408.9468294854,-728799.6364608966,1074238.5156286203
2017-07-02 19:57:38.173766016,0.7133,0.0074,-1.1284,756831.1385489989,-224449.7035146988,-729005.8877769923,1074532.7478019136
2017-07-02 19:57:38.373838007,0.0447,0.6276,-0.099,757038.1504910509,-224490.43914612936,-729212.1636437469,1074827.0084869135
2017-07-02 19:57:38.573791980,1.8479,-0.8496,-1.4164,757245.1142033634,-224531.18471688053,-729418.3744628996,1075121.1935867183
2017-07-02 19:57:38.772973001,0.0672,-0.6518,0.2701,757451.2805325107,-224571.79863844454,-729623.7774275787,1075414.2419141263
2017-07-02 19:57:38.973717987,1.0674,-0.0028,-1.1048,757659.1086898157,-224612.73157246414,-729830.8377336602,1075709.6522166687
2017-07-02 19:57:39.173698008,0.1051,0.4954,-0.0586,757866.1490939311,-224653.48871414887,-730037.1113529211,1076003.9376723582
2017-07-02 19:57:39.373539984,1.4097,-0.4438,-0.6748,758073.1028782353,-224694.23544538367,-730243.2695321122,1076298.0820603417
2017-07-02 19:57:39.573764026,0.3277,-1.0551,0.1251,758280.465462567,-224735.10237648053,-730449.8168376595,1076592.8039237792
2017-07-02 19:57:39.772974014,0.9603,0.1809,-0.7962,758486.8159482016,-224775.75515410997,-730655.3496613216,1076886.0803543935
2017-07-02 19:57:39.974011003,0.4868,0.3727,-0.3102,758695.0785964419,-224816.76570479598,-730862.7800111792,1077182.0661494953
2017-07-02 19:57:40.172933995,0.6445,-0.6192,-0.662,758901.1767696255,-224857.3695125225,-731068.055330464,1077474.9808005195
2017-07-02 19:57:40.373706996,1.3905,-0.982,-0.9633,759109.2477326762,-224898.390525021,-731275.2785666249,1077770.694116661
2017-07-02 19:57:40.573705017,0.7189,0.4894,-0.6742,759316.5443011618,-224939.23362157177,-731481.7288924658,1078065.3008863744
2017-07-02 19:57:40.772957980,0.3634,0.3541,-0.4078,759523.0830497859,-224979.91050585054,-731687.4263137332,1078358.828796003
2017-07-02 19:57:40.973838984,1.0247,-0.652,-0.6887,759731.350719456,-225020.9460600026,-731894.832223125,1078654.808948008
2017-07-02 19:57:41.173722982,0.107,-0.7353,0.082,759938.5889969062,-225061.80732573173,-732101.2054661245,1078949.327451612
2017-07-02 19:57:41.373715996,0.932,0.0921,-0.9171,760145.9775787491,-225102.6871933028,-732307.7279457717,1079244.0573938298
2017-07-02 19:57:41.573834002,1.2675,0.4074,-0.9057,760353.5465345342,-225143.5762948124,-732514.41576898,1079539.0289303265
2017-07-02 19:57:48.357294023,0.5626,-0.378,-0.4498,767415.4618578886,-226547.00021706705,-739541.2725481141,1089573.9204881843
2017-07-02 19:57:48.557144999,0.4548,0.8224,-0.5616,767623.5347124942,-226588.31435814803,-739748.3167907007,1089869.5919433872
2017-07-02 19:57:48.757076978,1.9871,0.2986,-1.3102,767831.7713325104,-226629.63330867616,-739955.4973241981,1090165.472660709
2017-07-02 19:57:48.957174003,0.2903,-0.3494,-0.3894,768040.1914773664,-226671.00035800607,-740162.8644785717,1090461.6197193798
2017-07-02 19:57:49.156337022,1.4859,-1.0231,-1.3941,768247.6977054231,-226712.21489783883,-740369.3189899283,1090756.4723233036
2017-07-02 19:57:49.357290029,0.6312,0.1797,-0.8631,768457.0943956941,-226753.79259882827,-740577.6638757521,1091054.0154440987
2017-07-02 19:57:49.557106971,0.6148,0.2541,-0.873,768665.3318325637,-226795.1250996052,-740784.865763534,1091349.9156890553
2017-07-02 19:57:49.757068991,0.5085,-0.38,-0.4299,768873.7407934476,-226836.50280426003,-740992.2352806588,1091646.0603292643
2017-07-02 19:57:49.956956982,0.5183,-0.915,-0.4286,769082.0933069295,-226877.90174927152,-741199.5451512175,1091942.1295471168
2017-07-02 19:57:50.156342983,0.7107,0.3798,-0.7065,769289.9508266982,-226919.18162791003,-741406.3624795411,1092237.4914636326
2017-07-02 19:57:50.356748998,1.1061,0.3637,-0.834,769498.916122674,-226960.6580780094,-741614.2713344503,1092534.4157856544
2017-07-02 19:57:50.557332992,0.205,-0.3458,-0.2816,769708.0752470371,-227002.1852759127,-741822.3761614496,1092831.6206050946
2017-07-02 19:57:50.757103979,1.573,-1.2387,-1.658,769916.4493836712,-227043.59359038025,-742029.7036662158,1093127.720600372
2017-07-02 19:57:50.957054018,0.3173,0.8603,-0.4598,770125.0229688502,-227085.00462374344,-742237.2353785976,1093424.1006627765
2017-07-02 19:57:51.156318008,2.2699,0.2091,-1.6827,770332.9710457238,-227126.26526906944,-742444.1218420019,1093719.5713312204
2017-07-02 19:57:51.357056021,0.3384,-0.2027,-0.2536,770542.4710208012,-227167.83930126586,-742652.5489334173,1094017.2463434704
2017-07-02 19:57:51.557251989,1.4318,-1.0686,-1.0826,770751.4626755852,-227209.34390053587,-742860.4566062187,1094314.196728465
2017-07-02 19:57:51.757064998,0.543,0.5642,-0.4989,770960.0762253229,-227250.74657898152,-743067.9864868423,1094610.60359183
2017-07-02 19:57:51.957056999,2.1674,0.3933,-1.4872,771168.9633396285,-227292.17061510266,-743275.761755462,1094907.3745547633
2017-07-02 19:57:52.156349003,0.3526,-0.3704,0.0204,771377.1333272469,-227333.46437320887,-743482.8089744394,1095203.119555733
2017-07-02 19:57:52.357146978,1.9969,-1.2539,-1.4296,771586.9568879447,-227375.12072897438,-743691.4784087392,1095501.206126169
2017-07-02 19:57:52.557125985,0.2701,0.4346,-0.4532,771795.9354709183,-227416.58980615,-743899.3148949592,1095798.0936421081
2017-07-02 19:57:52.757067024,1.3946,0.6436,-0.6518,772004.9301283471,-227458.0252811863,-744107.1379779887,1096094.976814092
2017-07-02 19:57:52.957162022,0.4373,-0.4288,-0.3409,772214.1032248824,-227499.50983074814,-744315.1347383226,1096392.1141604255
2017-07-02 19:57:53.156374990,0.7428,-0.8443,-0.3748,772422.3837532661,-227540.84502080988,-744522.2295114842,1096687.97992529
2017-07-02 19:57:53.357160985,0.6037,0.73,-0.4963,772632.3332461662,-227582.47717216198,-744730.9795563598,1096986.2069343477
2017-07-02 19:57:53.557092010,1.5035,0.5046,-0.9144,772841.4488483575,-227623.9118789158,-744938.8772701656,1097283.2274238148
2017-07-02 19:57:53.757071971,0.3944,-0.3026,-0.341,773050.6314074453,-227665.3688289859,-745146.8395072002,1097580.3438979113
2017-07-02 19:57:53.957390010,0.3031,-0.6049,-0.2747,773260.1797646614,-227706.92013750595,-745355.1643397203,1097877.984156744
2017-07-02 19:57:54.156337022,0.8465,0.1296,-0.8366,773468.3274246568,-227748.1819288716,-745562.0964572891,1098173.632707866
2017-07-02 19:57:54.357385993,0.5179,0.4773,-0.5247,773678.6951862493,-227789.8603756523,-745771.2361085978,1098472.430460593
2017-07-02 19:57:54.557237029,0.6429,-0.4898,-0.7499,773887.8351652436,-227831.3100474041,-745979.1595685368,1098769.4907328126
2017-07-02 19:57:54.757071971,0.1292,-0.712,-0.0392,774096.9634616729,-227872.78481422557,-746187.0678498165,1099066.5380794192
2017-07-02 19:57:54.957138001,0.7731,0.009,-0.9869,774306.3645373073,-227914.30718199574,-746395.2560571306,1099363.9778734886
2017-07-02 19:57:55.156356990,0.3849,0.287,-0.4744,774514.8943251485,-227955.64236155094,-746602.5816637966,1099660.1799478824
2017-07-02 19:57:55.357065975,1.1395,-0.5443,-0.866,774725.0296499202,-227997.30862126243,-746811.4927833967,1099958.6583403826
2017-07-02 19:57:55.557223021,0.2791,-0.7129,-0.0704,774934.5982952999,-228038.88886178363,-747019.8322289885,1100256.3320480555
2017-07-02 19:57:55.757055997,0.8539,0.0482,-1.0596,775143.861731535,-228080.39985584398,-747227.87666987,1100553.5765472942
2017-07-02 19:57:55.957127988,0.5349,0.5716,-0.5242,775353.3968737032,-228121.93761965647,-747436.1909303677,1100851.2015615162
2017-07-02 19:57:56.156333029,0.5372,-0.353,-0.4807,775562.0453777558,-228163.3094004108,-747643.6216009927,1101147.5681795443
2017-07-02 19:57:56.357047021,0.2933,-0.8493,-0.3191,775772.2861816672,-228205.02878174864,-747852.6363859362,1101446.2042779052
2017-07-02 19:57:56.557051002,0.6905,0.3625,-0.746,775981.810895281,-228246.58608326293,-748060.9416376224,1101743.8210867126
2017-07-02 19:57:56.757106006,0.9141,0.4041,-0.7647,776191.4256448427,-228288.1378135651,-748269.3306348721,1102041.557419555
2017-07-02 19:57:56.957086026,0.7534,-0.4447,-0.6178,776400.991957229,-228329.69175402191,-748477.666231463,1102339.224239051
2017-07-02 19:57:57.156513988,0.5229,-0.9204,-0.301,776610.0005445483,-228371.16758779233,-748685.43867516,1102636.1000871647
2017-07-02 19:57:57.357070028,0.7899,0.4285,-0.7383,776820.223175265,-228412.86079703484,-748894.4160944305,1102934.694607515
2017-07-02 19:57:57.557060003,0.5724,0.3561,-0.4596,777029.8753509474,-228454.42208554165,-749102.8220617007,1103232.4724096693
2017-07-02 19:57:57.757176995,0.5636,-0.2907,-0.418,777239.6832506384,-228496.0214119303,-749311.3771306762,1103530.469410838
2017-07-02 19:57:57.957117974,0.1276,-0.9097,0.2666,777449.3117146748,-228537.6205161373,-749519.7381072298,1103828.2085945846
2017-07-02 19:57:58.156333029,1.0274,-0.0612,-1.1033,777658.2198564943,-228579.0710156552,-749727.3863756383,1104124.9261285597
2017-07-02 19:57:58.357237994,0.3301,0.3056,-0.3071,777868.9134570077,-228620.86079837236,-749936.8084870881,1104424.176319395
2017-07-02 19:57:58.557125985,0.9532,-0.6263,-0.9313,778078.5786190911,-228662.46406659883,-750145.2077213225,1104721.9693869492
2017-07-02 19:57:58.758220016,0.0185,-0.8372,0.2284,778289.5095606273,-228704.3522068051,-750354.855112592,1105021.5608763003
2017-07-02 19:57:58.957156002,1.1508,0.0665,-0.9744,778498.2224356584,-228745.78819174442,-750562.2912306814,1105317.9954060246
2017-07-02 19:58:13.773428976,0.1317,0.3964,-0.1205,794071.565591007,-231744.82202628374,-766038.085959103,1127417.2532634193
2017-07-02 19:58:13.973401010,1.4048,-1.1546,-1.1713,794281.811813901,-231785.3455088344,-766247.0062545743,1127715.6191013409
2017-07-02 19:58:14.173412024,0.4277,0.4662,-0.453,794492.1161293987,-231825.8582404624,-766455.9853963015,1128014.0640481892
2017-07-02 19:58:14.373627007,0.8975,0.2765,-1.0172,794702.6708881109,-231866.40120273212,-766665.2184281446,1128312.8645330947
2017-07-02 19:58:14.572629988,0.1503,-0.6811,-0.1243,794911.9570051683,-231906.72571110734,-766873.1897897536,1128609.8697238762
2017-07-02 19:58:14.773674011,0.3519,-0.607,-0.3747,795123.4038548936,-231947.48833545373,-767083.3093209995,1128909.9468698883
2017-07-02 19:58:14.973397016,0.7648,-0.0592,-0.8854,795333.4918391524,-231987.98547861233,-767292.0835189566,1129208.0986595629
2017-07-02 19:58:15.173373997,0.2146,0.3296,-0.2268,795543.8555619699,-232028.52093864096,-767501.1322726952,1129506.6395073768
2017-07-02 19:58:15.373526990,1.0324,-0.7893,-1.0369,795754.4457979997,-232069.12369673428,-767710.4065625367,1129805.507388359
2017-07-02 19:58:15.572641015,0.4794,-0.8059,-0.2,795963.9618941483,-232109.54764225223,-767918.6024661987,1130102.8496356248
2017-07-02 19:58:15.773513019,0.8319,0.1717,-0.9429,796175.3613760502,-232150.32156302387,-768128.6745784276,1130402.8656075282
2017-07-02 19:58:15.973432004,0.1477,0.4612,-0.2479,796385.7637955027,-232190.88360257001,-768337.7599305457,1130701.4657014369
2017-07-02 19:58:16.173646986,0.7382,-0.492,-0.8292,796596.5073250824,-232231.52541998445,-768547.1880905908,1131000.555792687
2017-07-02 19:58:16.373378992,0.2637,-0.6836,0.0943,796806.7530005346,-232272.09646843953,-768756.1072879081,1131298.9352587392
2017-07-02 19:58:16.572643995,0.6417,-0.2881,-1.2363,797016.5325701587,-232312.58409523143,-768964.5870904091,1131596.6711325578
2017-07-02 19:58:16.773387014,0.1146,0.4328,-0.206,797227.872764007,-232353.35459159032,-769174.6215595367,1131896.621142163
2017-07-02 19:58:16.973434984,1.1874,-0.7128,-1.1476,797438.5287361752,-232394.0124505985,-769383.9747351381,1132195.6035575496
2017-07-02 19:58:17.173397004,0.052,-0.7946,0.3336,797649.0962798577,-232434.68461301117,-769593.2246238539,1132494.4568492004
2017-07-02 19:58:17.373426020,0.9261,-0.3312,-1.2867,797859.7714276027,-232475.3836542169,-769802.596103346,1132793.4744847063
2017-07-02 19:58:17.572709023,-0.043,0.412,-0.1213,798069.6591496551,-232515.91454532417,-770011.1915441706,1133091.3760484494
2017-07-02 19:58:17.773599982,2.5833,-0.6826,-1.617,798281.3446487662,-232556.80001609275,-770221.5353378758,1133391.8051345714
2017-07-02 19:58:17.973379015,-0.4482,-0.6063,0.3683,798491.840585984,-232597.48338533213,-770430.7001849327,1133690.5541403387
2017-07-02 19:58:18.173354029,1.1026,-0.7307,-1.3714,798702.5871103461,-232638.2358851999,-770640.1250626628,1133989.6709446406
2017-07-02 19:58:18.373368024,0.084,0.4926,-0.1932,798913.378075862,-232678.97662216838,-770849.5984925303,1134288.8500406852
2017-07-02 19:58:18.572623014,2.1963,-0.5439,-1.525,799123.4563390798,-232719.5843520573,-771058.3375675082,1134587.001223212
2017-07-02 19:58:18.773527979,-0.2715,-0.578,0.2156,799335.263243303,-232760.55167293322,-771268.796450328,1134887.6128750662
2017-07-02 19:58:18.973375976,1.4088,-0.611,-1.2626,799546.0120904212,-232801.32786617544,-771478.1985289158,1135186.7223110793
2017-07-02 19:58:19.173632979,0.0195,0.511,-0.2668,799757.1930350662,-232842.16701881573,-771688.0398661927,1135486.4479269988
2017-07-02 19:58:19.374077975,1.457,-0.518,-0.9744,799968.6307672885,-232883.06532187082,-771898.1173434813,1135786.5274266163
2017-07-02 19:58:19.572642028,0.0581,-0.7476,0.326,800178.0866932237,-232923.60931808705,-772106.210634719,1136083.7903528498
2017-07-02 19:58:19.773382008,1.1639,-0.2345,-1.2196,800389.8848038516,-232964.60705763378,-772316.6334229895,1136384.3795563458
2017-07-02 19:58:19.973474025,0.2054,0.4163,-0.2926,800601.007480809,-233005.45579439073,-772526.3887081647,1136684.0092390305
2017-07-02 19:58:20.173480987,0.9393,-0.779,-0.8265,800812.0779884756,-233046.31832935946,-772736.087892985,1136983.567282854
2017-07-02 19:58:20.373216986,0.0456,-0.7822,0.0896,801022.8643637941,-233087.1567105338,-772945.499409549,1137282.7251455355
2017-07-02 19:58:20.572782993,0.8814,0.1705,-0.9646,801233.5064454778,-233127.95354440465,-773154.7711161702,1137581.6782431118
2017-07-02 19:58:20.773553013,0.0517,0.4273,-0.1698,801445.4214478108,-233168.97928810352,-773365.3122361989,1137882.4379662904
2017-07-02 19:58:20.973550021,0.9702,-0.7313,-0.9451,801656.5593341682,-233209.87632412344,-773575.0805260534,1138182.099116613
2017-07-02 19:58:21.173379004,0.1317,-0.5319,0.2375,801867.5250946499,-233250.76024063694,-773784.6630979266,1138481.510521724
2017-07-02 19:58:21.373422026,0.2512,-0.3002,-1.2442,802078.7268751785,-233291.6999615253,-773994.5199453885,1138781.2864119862
2017-07-02 19:58:21.572633981,0.2868,0.2417,-0.3334,802289.062612073,-233332.46000878292,-774203.5181860017,1139079.8323437616
2017-07-02 19:58:21.773419022,1.6057,-0.617,-1.2585,802501.1240076082,-233373.56679368208,-774414.2175264165,1139380.8213317143
2017-07-02 19:58:21.973209977,-0.0437,-0.7551,0.25,802712.1337436057,-233414.50019993333,-774623.8637160651,1139680.3186864296
2017-07-02 19:58:22.173413991,0.9135,0.0986,-0.9397,802923.6163475235,-233455.51428214877,-774833.981004701,1139980.4862176024
2017-07-02 19:58:22.373382985,0.5547,0.2567,-0.4716,803134.872872597,-233496.46995301248,-775043.8704942702,1140280.3281190726
2017-07-02 19:58:22.572632014,0.468,-0.5279,-0.5453,803345.3873729156,-233537.29912549086,-775253.0259497599,1140579.1229636057
2017-07-02 19:58:22.773446023,0.5013,-1.0762,-0.4234,803557.5755522206,-233578.49238542686,-775463.8412683486,1140880.299789191
2017-07-02 19:58:22.973375976,0.5737,0.4605,-0.615,803768.8525342366,-233619.48589061332,-775673.7530843217,1141180.1802151643
2017-07-02 19:58:23.173380017,1.0639,0.2677,-0.8162,803980.2503668385,-233660.4838783215,-775883.775336591,1141480.2221399797
2017-07-02 19:58:23.373413980,0.3447,-0.6172,-0.026,804191.6936187143,-233701.51269600022,-776093.8300500077,1141780.3248276024
2017-07-02 19:58:23.572673022,1.1764,-1.1983,-0.906,804402.3644585888,-233742.4301477097,-776303.1069945412,1142079.3324140417
2017-07-02 19:58:23.772764027,0.4238,0.5759,-0.414,804613.9318763858,-233783.4953844135,-776513.2743047323,1142379.6073351395
2017-07-02 19:58:23.973397970,0.9266,0.285,-0.6883,804826.1106722531,-233824.66057741782,-776724.039601341,1142680.740193251
2017-07-02 19:58:24.172869026,0.2011,-0.5283,-0.1819,805037.0676679324,-233865.60819473604,-776933.5905265495,1142980.1429176943
2017-07-02 19:58:24.373588979,1.0931,-1.1716,-1.0387,805249.3895139408,-233906.85938888203,-777144.4953069241,1143281.489733652
2017-07-02 19:58:35.490086972,0.5689,0.4995,-0.5468,817078.7392695503,-236129.75290291948,-788892.6324999343,1160054.5297463338
2017-07-02 19:58:35.690075993,0.1018,0.627,-0.484,817291.5567719319,-236169.71832429396,-789104.004251097,1160356.3048258838
2017-07-02 19:58:35.890075981,1.1332,0.1411,-1.3052,817504.4312727966,-236209.68029329332,-789315.4398014597,1160658.1631660073
2017-07-02 19:58:36.289399981,0.7311,-1.3269,-0.7495,817929.5773651699,-236289.68075164297,-789737.7157903671,1161261.0673316596
2017-07-02 19:58:36.489395976,0.4484,0.7002,-0.6373,818142.5239392626,-236329.7198864043,-789949.2324678667,1161563.048592656
2017-07-02 19:58:36.690069973,2.0658,-0.3063,-1.9902,818356.2756087027,-236369.9070916682,-790161.546348837,1161866.1696318798
2017-07-02 19:58:36.890052974,-0.1221,-0.5258,0.2747,818569.2863676312,-236409.97694570394,-790373.1181671794,1162168.2407057902
2017-07-02 19:58:36.901489850,0.2364,-0.8522,-0.1399,818581.4683221381,-236412.26862170477,-790385.2178171442,1162185.5159909467
2017-07-02 19:58:37.289488971,0.2632,0.8396,-0.4474,818994.7840566168,-236489.88795556995,-790795.7690777837,1162771.6335585874
2017-07-02 19:58:37.490073025,2.1059,-0.1589,-2.1048,819208.540778673,-236530.0212454657,-791008.0966044844,1163074.758185798
2017-07-02 19:58:37.690123021,-0.0672,-0.6335,0.2218,819421.7256809623,-236570.0730325562,-791219.8499295798,1163377.0733924499
2017-07-02 19:58:37.890067994,1.1568,-0.9623,-1.2475,819634.8449111806,-236610.14226393064,-791431.5419601627,1163679.3046300055
2017-07-02 19:58:37.902709960,1.2646,-1.0244,-1.5329,819648.3200510269,-236612.6758939982,-791444.9269050146,1163698.4142293367
2017-07-02 19:58:38.289470970,1.3333,0.4154,-1.168,820060.7701411685,-236690.12617247517,-791854.592895316,1164283.2897716411
2017-07-02 19:58:38.490090012,-0.3248,-0.6498,0.3419,820274.7014420622,-236730.32700784257,-792067.0793514268,1164586.6613281313
2017-07-02 19:58:38.690073013,1.8396,-1.2953,-2.0058,820488.028068369,-236770.45219399716,-792278.9723605452,1164889.1884125082
2017-07-02 19:58:38.890052020,0.242,0.7164,-0.2718,820701.360112149,-236810.54792879912,-792490.8720075183,1165191.718265928
2017-07-02 19:58:38.901380180,0.6586,0.522,-0.8512,820713.4447627472,-236812.81915471435,-792502.8755422143,1165208.8557306011
2017-07-02 19:58:39.289565026,0.3149,-0.6727,0.044,821127.5999096922,-236890.749179448,-792914.1969888465,1165796.1597838274
2017-07-02 19:58:39.490063011,1.2224,-1.1578,-1.3374,821341.5607291847,-236931.04668293163,-793126.6988213254,1166099.5843608454
2017-07-02 19:58:39.690060019,0.4267,0.5387,-0.631,821555.0040000731,-236971.22194915827,-793338.6949224735,1166402.2760141247
2017-07-02 19:58:39.890052974,0.6948,0.4179,-0.8467,821768.470735511,-237011.37968639858,-793550.7205930704,1166705.0011676524
2017-07-02 19:58:39.901640050,1.8811,-0.2846,-2.3194,821780.8387001557,-237013.70636033177,-793563.0051249813,1166722.5406926807
2017-07-02 19:58:40.289324998,1.5346,-1.4355,-2.0757,822194.881577484,-237091.76888737283,-793974.3378041952,1167309.8043184453
2017-07-02 19:58:40.490231990,0.188,0.5313,-0.3628,822409.4554250509,-237132.20118581218,-794187.5142221767,1167614.1490056368
2017-07-02 19:58:40.690577983,0.9134,-0.0368,-1.3564,822623.4667737427,-237172.5220609528,-794400.1498247331,1167917.7074388259
2017-07-02 19:58:40.890052020,0.2978,-0.6129,-0.1711,822836.5585408094,-237212.69183675843,-794611.8667918774,1168219.9630575555
2017-07-02 19:58:40.900959960,0.105,-0.6733,-0.0121,822848.211158547,-237214.88854110666,-794623.4442196796,1168236.4914930267
2017-07-02 19:58:41.289317011,0.1186,0.7647,-0.336,823263.0989719765,-237292.98280798673,-795035.6878229027,1168824.9803674158
2017-07-02 19:58:41.490104019,2.7122,-0.8585,-2.1816,823477.7121657232,-237333.3934442629,-795248.9125249477,1169129.3833231525
2017-07-02 19:58:41.690478980,0.2037,-0.5396,0.0452,823691.8931175095,-237373.74281646856,-795461.6978410729,1169433.1709415498
2017-07-02 19:58:41.890057981,1.9281,-1.3367,-2.1896,823905.3000666829,-237413.98514987723,-795673.7251145518,1169735.8764526222
2017-07-02 19:58:41.902630090,0.8834,-1.203,-0.9109,823918.7433812591,-237416.52033117478,-795687.0815233632,1169754.945073661
2017-07-02 19:58:42.289444983,2.0482,-0.0564,-1.9691,824332.6697305858,-237494.53047068446,-796098.3221466886,1170342.0614988673
2017-07-02 19:58:42.490070998,-0.0237,-0.4066,0.4038,824547.3564618157,-237535.00769714447,-796311.6005957584,1170646.5684284174
2017-07-02 19:58:42.690101981,1.5999,-1.3301,-2.1421,824761.4704745259,-237575.4180936318,-796524.3321978198,1170950.286837511
2017-07-02 19:58:42.890061020,-0.0819,0.6281,-0.2546,824975.5042034151,-237615.78884223287,-796736.9974677511,1171253.895949432
2017-07-02 19:58:42.900570150,0.2943,0.8017,-0.3782,824986.7530811443,-237617.91049546123,-796748.1744334511,1171269.8526004308
2017-07-02 19:58:43.289391994,-0.2457,-0.4984,0.5005,825402.9073217397,-237696.483790909,-797161.6295169358,1171860.1629016318
2017-07-02 19:58:43.490050017,2.4635,-0.692,-1.8613,825617.7698751369,-237737.0607180906,-797375.0748783462,1172164.9295255851
2017-07-02 19:58:43.690057992,-0.2149,0.5637,-0.0767,825831.927767116,-237777.48364321518,-797587.8318343775,1172468.70070698
2017-07-02 19:58:43.890097022,2.2891,-0.9145,-1.8063,826046.2105108768,-237817.94943903777,-797800.6941051306,1172772.6405784697
2017-07-02 19:58:43.902910230,1.9574,-0.8999,-2.0208,826059.9364005278,-237820.5415642512,-797814.3290188661,1172792.1094992843
2017-07-02 19:58:44.289380013,1.2696,-0.3424,-1.7679,826474.1239570671,-237898.77594103044,-798225.8470009712,1173379.6521097764
2017-07-02 19:58:44.489919006,-0.062,0.6163,-0.0168,826689.0431966486,-237939.34693817818,-798439.384168616,1173684.5219880494
2017-07-02 19:58:44.690064013,2.0781,-0.6729,-1.9645,826903.6234428681,-237979.8651831539,-798652.580507575,1173988.9109556978
2017-07-02 19:58:44.890048980,-0.3569,-0.5296,0.3447,827118.0178325241,-238020.37220973606,-798865.5925844973,1174293.0418023625
2017-07-02 19:58:44.900869960,-0.2777,-0.4566,0.3214,827129.6184589837,-238022.56405656968,-798877.1184103256,1174309.4979824328
2017-07-02 19:58:45.289309024,-0.028,0.7359,-0.0775,827546.0401479182,-238101.13341091218,-799290.8709107992,1174900.2062377064
2017-07-02 19:58:45.490041017,1.3391,-0.7826,-1.3603,827761.2865590721,-238141.76689352546,-799504.7388310722,1175205.546310279
2017-07-02 19:58:45.690086007,-0.1015,-0.6052,0.4817,827975.7922299654,-238182.28552739156,-799717.8555141115,1175509.8307058006
2017-07-02 19:58:45.890065014,1.0636,-0.47,-1.6906,828190.2696832054,-238222.80959261247,-799930.9695123774,1175814.0949117555
2017-07-02 19:58:45.891349910,1.0509,-0.2609,-1.2382,828191.6477356963,-238223.06996641983,-799932.3388047687,1175816.0498602919
2017-07-02 19:58:46.904300210,-0.1136,0.5867,0.025,829277.9215779589,-238427.73417755822,-801011.7975149179,1177357.0212130998
2017-07-02 19:58:56.273325979,1.4142,-0.5618,-1.3519,839449.2713314114,-240370.0377060807,-811114.6438304076,1191788.4877786785
2017-07-02 19:58:56.473792016,0.5386,-0.9427,-0.4392,839666.9260816874,-240411.63443515523,-811330.8288400593,1192097.3175683059
2017-07-02 19:58:56.673749029,0.277,-0.9528,-0.0921,839884.0392375655,-240453.16363730127,-811546.4685944621,1192405.381553328
2017-07-02 19:58:56.873751997,0.303,-0.898,-0.1062,840101.2144117034,-240494.7383049373,-811762.1621562677,1192713.535396072
2017-07-02 19:58:57.273737013,0.5292,-0.846,-0.2443,840535.6267094497,-240578.01864142262,-812193.5658037384,1193329.9255253223
2017-07-02 19:58:57.473625004,0.461,-1.1373,-0.3895,840752.7377647466,-240619.6824893819,-812409.1704632674,1193637.992824048
2017-07-02 19:58:57.673732995,0.433,-1.035,-0.3172,840970.1051147396,-240661.43363797566,-812625.0251225249,1193946.4287784297
2017-07-02 19:58:57.729929800,0.3026,-0.9411,-0.3317,841031.1498623788,-240673.1616848131,-812685.6451495126,1194033.0496373535
2017-07-02 19:58:57.873381972,0.2477,-0.9166,-0.0454,841186.9823530347,-240703.11843754712,-812840.3893033979,1194254.1726904972
2017-07-02 19:58:58.273505985,0.2608,-1.0419,-0.2839,841621.6799273698,-240786.84212631662,-813272.0549323672,1194871.0352162893
2017-07-02 19:58:58.473748981,0.3555,-0.8173,-0.2611,841839.2395973929,-240828.77461322007,-813488.0934730757,1195179.769838028
2017-07-02 19:58:58.673752009,0.3145,-1.246,-0.4183,842056.551127772,-240870.7066904118,-813703.889849163,1195488.1651419203
2017-07-02 19:58:58.730659960,0.3473,-0.9029,-0.1043,842118.3850859718,-240882.64077679988,-813765.2919052999,1195575.9162165856
2017-07-02 19:58:58.873782992,0.3471,-1.0913,-0.2021,842273.9040959155,-240912.67726101063,-813919.7217148732,1195796.6219146382
2017-07-02 19:58:59.273733019,0.4269,-1.225,-0.1631,842708.562339175,-240996.80863810822,-814351.2940456908,1196413.4790812929
2017-07-02 19:58:59.473747014,0.0966,-0.8926,-0.1304,842925.937689714,-241038.9182355966,-814567.1274914268,1196721.9818002444
2017-07-02 19:58:59.673739016,0.438,-0.9753,-0.4022,843143.3066568439,-241081.06221170697,-814782.9532914119,1197030.4821062982
2017-07-02 19:58:59.730419750,0.2445,-0.7644,-0.074,843204.9130689881,-241093.00890264718,-814844.1217990676,1197117.9169972795
2017-07-02 19:58:59.873772025,0.217,-1.0416,-0.2676,843360.7274254705,-241123.24490068338,-814998.8296831693,1197339.061494274
2017-07-02 19:59:00.273904025,0.3105,-1.0026,-0.0542,843795.6939199341,-241207.80164416466,-815430.6667018208,1197956.4052375236
2017-07-02 19:59:00.473819017,0.271,-1.0164,-0.2193,844013.0238435729,-241250.08872602074,-815646.4310023611,1198264.8664359536
2017-07-02 19:59:00.673843026,0.4082,-0.8087,-0.2672,844230.4886127868,-241292.43122349906,-815862.3236533616,1198573.5214938608
2017-07-02 19:59:00.730010270,0.1995,-0.8087,-0.1353,844291.5538954241,-241304.32365436948,-815922.9472787215,1198660.1939204612
2017-07-02 19:59:00.873746991,0.3182,-1.4001,-0.3928,844447.8316850509,-241334.786315751,-816078.0963713292,1198882.0120848864
2017-07-02 19:59:01.274043023,0.2114,-0.8157,-0.0079,844883.087530542,-241419.75325763115,-816510.1762717152,1199499.8110935176
2017-07-02 19:59:01.473725020,0.4931,-0.9662,-0.3053,845100.2283958923,-241462.17633645065,-816725.7253737728,1199808.0217781675
2017-07-02 19:59:01.673855006,0.1905,-0.844,-0.1635,845317.8640493352,-241504.72839586332,-816941.7646113783,1200116.9409206933
2017-07-02 19:59:01.730440020,0.3495,-1.0136,-0.2355,845379.3997576958,-241516.76286620644,-817002.8485820246,1200204.2871408167
2017-07-02 19:59:01.873813986,0.3954,-0.8649,-0.3745,845535.3258209899,-241547.27334314704,-817157.6296117965,1200425.6178970383
2017-07-02 19:59:02.273751020,0.2573,-0.7725,-0.1558,845970.3176788455,-241632.50489137022,-817589.411200844,1201043.0846233068
2017-07-02 19:59:02.473726987,0.2824,-0.9477,-0.0239,846187.8330040575,-241675.16015205943,-817805.3109943363,1201351.8462337207
2017-07-02 19:59:02.673846006,0.3665,-1.0946,-0.2943,846405.518605432,-241717.8897621438,-818021.3770168886,1201660.856237483
2017-07-02 19:59:02.730460280,0.1789,-1.0753,-0.2993,846467.1030919695,-241729.9815442277,-818082.5037055962,1201748.2779116018
2017-07-02 19:59:02.873723983,0.4202,-0.8331,-0.2706,846622.9526547901,-241760.59717169168,-818237.1917301728,1201969.513855159
2017-07-02 19:59:03.273730993,0.2919,-0.9454,-0.1868,847058.1473869561,-241846.2304252275,-818669.1265113737,1202587.311977143
2017-07-02 19:59:03.474129974,0.2358,-0.828,0.0031,847276.184487848,-241889.1649675274,-818885.5208195938,1202896.8356168168
2017-07-02 19:59:03.674001991,0.3821,-0.8983,-0.3461,847493.6635084392,-241932.02249628838,-819101.3599292011,1203205.5730563945
2017-07-02 19:59:03.731009840,0.3198,-1.4119,-0.3765,847555.6942973555,-241944.25098471242,-819162.9231640849,1203293.6342419311
2017-07-02 19:59:03.873799979,0.2357,-0.7494,-0.1912,847711.0704269451,-241974.8955125426,-819317.127282621,1203514.214307978
2017-07-02 19:59:04.273793995,0.3141,-1.0844,-0.2279,848146.3714802733,-242060.91266863095,-819749.1314226325,1204132.2150682975
2017-07-02 19:59:04.473791003,0.3254,-0.8828,-0.0737,848364.035022548,-242103.9565576186,-819965.13644055,1204441.2342155022
2017-07-02 19:59:04.673901021,0.3927,-1.1379,-0.1099,848581.8372827336,-242147.07033500914,-820181.2679147666,1204750.451536019
2017-07-02 19:59:04.729799860,0.4925,-1.1912,-0.4463,848642.6798209931,-242159.1174826654,-820241.6435904234,1204836.8313069032
2017-07-02 19:59:04.873724997,0.3077,-1.0354,-0.2019,848799.3400862336,-242190.15723789993,-820397.0996129196,1205059.248770381
2017-07-02 19:59:05.273721992,0.3801,-1.5133,-0.3653,849234.7913872229,-242276.66510484274,-820829.2017123823,1205677.5239427045
2017-07-02 19:59:05.473739027,0.3663,-0.9455,-0.2816,849452.5518728115,-242319.96087388616,-821045.2840534146,1205986.7162566532
2017-07-02 19:59:05.674188971,0.2047,-0.8379,-0.0196,849670.7918955092,-242363.38401756127,-821261.8348620946,1206296.59118885
2017-07-02 19:59:05.730469820,0.3747,-0.7491,-0.2173,849732.0688977728,-242375.57841867246,-821322.6370808015,1206383.5974135413
2017-07-02 19:59:05.873866975,0.3771,-0.8102,-0.2633,849888.2034330763,-242406.66501549285,-821477.5595819595,1206605.2919142065
2017-07-02 19:59:06.273931980,0.4307,-1.1776,-0.4722,850323.8735036831,-242493.58226718503,-821909.8548298241,1207223.938114823
2017-07-02 19:59:06.473749995,0.4284,-1.2418,-0.2758,850541.4920673142,-242537.04387558956,-822125.7816985365,1207532.9595143283
2017-07-02 19:59:06.673726975,0.2825,-0.7638,-0.0884,850759.2950545509,-242580.57060479574,-822341.8838828157,1207842.2435668504
2017-07-02 19:59:06.729879730,0.1774,-0.65,-0.18,850820.4538421314,-242592.79478990458,-822402.5650997661,1207929.0905689714
2017-07-02 19:59:06.873844027,0.4235,-1.1752,-0.1934,850977.2613706548,-242624.15948288632,-822558.1434648792,1208151.7626172078
2017-07-02 19:59:14.439918994,0.137,-0.9841,-0.0495,859226.1577982706,-244328.8730371204,-830737.4319614917,1219873.3005137632
2017-07-02 19:59:14.640447974,0.2648,-1.19,-0.2313,859444.7947214204,-244374.10210562672,-830954.2226698331,1220183.9931446824
2017-07-02 19:59:14.840551972,0.466,-0.8571,-0.3091,859662.9869457124,-244419.26963962175,-831170.5663094796,1220494.056026006
2017-07-02 19:59:15.239933013,0.4621,-1.2228,-0.1879,860098.543394781,-244509.61309006103,-831602.3894924362,1221113.0125638677
2017-07-02 19:59:15.404040210,0.3222,-1.154,-0.4482,860277.5238825165,-244546.76663789703,-831779.8393601779,1221367.3650202577
2017-07-02 19:59:15.440402984,0.2518,-0.8026,-0.0345,860317.1826042742,-244555.00015991743,-831819.1586407528,1221423.7247856222
2017-07-02 19:59:15.640403985,0.4372,-1.2117,-0.1344,860535.329326757,-244600.33430011268,-832035.4262709896,1221733.7382298913
2017-07-02 19:59:15.840618014,0.3087,-1.0392,-0.1351,860753.7207793193,-244645.75838428753,-832251.9296709495,1222044.1028751314
2017-07-02 19:59:16.239817023,0.3623,-1.1172,-0.3473,861189.2207862083,-244736.50574573735,-832683.6627723785,1222663.0416803372
2017-07-02 19:59:16.404790040,0.427,-0.9151,-0.3843,861369.20717801,-244774.03291363176,-832862.0912903766,1222918.8449655427
2017-07-02 19:59:16.440473020,0.3383,-0.869,-0.1252,861408.1379195197,-244782.15099102692,-832900.6847989027,1222974.1748116554
2017-07-02 19:59:16.640560984,0.2953,-0.8491,-0.0514,861626.4491329852,-244827.70611508412,-833117.0952549062,1223284.4468614252
2017-07-02 19:59:16.840638995,0.2932,-1.0402,-0.2858,861844.7612241203,-244873.3006135524,-833333.506386898,1223594.7281146313
2017-07-02 19:59:17.239652991,0.3477,-1.3082,-0.3937,862280.1946600899,-244964.4376428463,-833765.1560788322,1224213.6436520703
2017-07-02 19:59:17.404360290,0.3315,-0.8752,-0.3089,862459.9443787037,-245002.08145438472,-833943.3433086524,1224469.1402495657
2017-07-02 19:59:17.439788997,0.3285,-0.9565,-0.1076,862498.6091377441,-245010.17987700342,-833981.671697497,1224524.0984706085
2017-07-02 19:59:17.640389978,0.2726,-0.7737,-0.0815,862717.5439476826,-245056.06511263535,-834198.694254801,1224835.293898745
2017-07-02 19:59:17.840385973,0.4003,-1.0703,-0.2882,862935.8344905791,-245101.854774757,-834415.0738283434,1225145.5787350081
2017-07-02 19:59:18.239647984,0.2671,-0.8914,-0.3469,863371.661401308,-245193.40906640544,-834847.0984962715,1225765.1126655971
2017-07-02 19:59:18.403910270,0.2006,-0.8305,-0.2281,863550.9724395069,-245231.09826232324,-835024.8459776539,1226020.0108302343
2017-07-02 19:59:18.440383970,0.4099,-1.0793,-0.3749,863590.7881923852,-245239.46841417425,-835064.3145032291,1226076.6108508718
2017-07-02 19:59:18.640381991,0.2135,-0.8165,-0.1024,863809.1203950278,-245285.39753606584,-835280.7382935259,1226386.9839843519
2017-07-02 19:59:18.840533971,0.2655,-0.9031,-0.1069,864027.6313065179,-245331.39819323778,-835497.332969924,1226697.6139214004
2017-07-02 19:59:19.239647984,0.3158,-0.6834,-0.2132,864463.4043390743,-245423.2348838317,-835929.2685813718,1227317.1080586035
2017-07-02 19:59:19.404639840,0.3436,-0.9333,-0.3079,864643.5602149435,-245461.22514641314,-836107.837113565,1227573.2216671535
2017-07-02 19:59:19.440590977,0.3771,-1.0876,-0.392,864682.8160251883,-245469.50449484808,-836146.7470665418,1227629.0288992662
2017-07-02 19:59:19.640401005,0.3575,-1.1443,-0.2147,864901.00711242,-245515.56532662208,-836363.0102394114,1227939.220734666
2017-07-02 19:59:19.839757978,0.2177,-0.8172,-0.0708,865118.712119005,-245561.55419688756,-836578.7858647662,1228248.7239631081
2017-07-02 19:59:20.239696979,0.1493,-0.8169,-0.1369,865555.4838171453,-245653.9452046419,-837011.6849609417,1228869.6908629867
2017-07-02 19:59:20.404919980,0.4621,-0.9777,-0.1684,865735.9357751922,-245692.1405140578,-837190.5290501089,1229126.242635039
2017-07-02 19:59:20.440388023,0.3909,-1.0668,-0.4474,865774.673475248,-245700.3411556171,-837228.9216637128,1229181.3170339607
2017-07-02 19:59:20.640389978,0.4426,-1.2072,-0.2648,865993.1305150647,-245746.6323213986,-837445.4256716506,1229491.9074052349
2017-07-02 19:59:20.840440988,0.2653,-0.8708,-0.0793,866211.651753822,-245792.96969090484,-837661.9859557081,1229802.5907839108
2017-07-02 19:59:21.239639997,0.2865,-1.1328,-0.2257,866647.7535040987,-245885.61579032906,-838094.1649590671,1230422.6485418442
2017-07-02 19:59:21.405960080,0.3083,-0.8237,-0.0991,866829.45707089,-245924.23813794254,-838274.2283871557,1230680.9986863462
2017-07-02 19:59:21.440374016,0.4511,-0.8219,-0.3391,866867.0545976686,-245932.23061166887,-838311.4864138052,1230734.4557839404
2017-07-02 19:59:21.640380024,0.2542,-1.5511,-0.2343,867085.5730834235,-245978.7431079605,-838528.0310055921,1231045.1624097698
2017-07-02 19:59:21.840385019,0.3606,-0.8935,-0.1517,867304.1048871361,-246025.29111045867,-838744.5805689167,1231355.8891132127
2017-07-02 19:59:22.239804029,0.4577,-0.8925,-0.3828,867740.5957904807,-246118.3919596719,-839177.1008994487,1231976.5464965787
2017-07-02 19:59:22.405259720,0.2777,-0.8304,-0.0864,867921.4157782207,-246156.98087211835,-839356.2708765757,1232233.6599275232
2017-07-02 19:59:22.440402984,0.3268,-0.7007,-0.2301,867959.8228665926,-246165.17813335816,-839394.3273785248,1232288.272228248
2017-07-02 19:59:22.640393018,0.3329,-1.1475,-0.3629,868178.3996849095,-246211.87224432974,-839610.9103119572,1232599.0834121134
2017-07-02 19:59:22.840378999,0.4993,-1.1665,-0.2661,868396.9920427467,-246258.612062457,-839827.4994986256,1232909.919141675
2017-07-02 19:59:23.239656984,0.3314,-0.9793,-0.1086,868833.4710476596,-246352.08562840382,-840259.9435930375,1233530.5927755353
2017-07-02 19:59:23.403890010,0.3167,-0.7826,-0.0625,869013.0143261837,-246390.55475364986,-840437.8203555044,1233785.9029928986
2017-07-02 19:59:23.440499007,0.2695,-1.026,-0.1821,869053.0364753463,-246399.1312376617,-840477.4709063334,1233842.8146173242
2017-07-02 19:59:23.640606999,0.4056,-0.8069,-0.3526,869271.8172982795,-246446.0433631806,-840694.2184178572,1234153.9261857218
2017-07-02 19:59:23.840443015,0.2656,-1.2591,-0.2694,869490.3113726925,-246492.9420097113,-840910.682096179,1234464.6399533062
2017-07-02 19:59:24.239666998,0.2547,-0.8184,-0.0389,869926.8502336289,-246586.76458851813,-841343.1303230919,1235085.4303122093
2017-07-02 19:59:24.404059880,0.2458,-0.8383,-0.1218,870106.615319033,-246625.42160621437,-841521.2076117066,1235341.0717144685
2017-07-02 19:59:24.440545976,0.4328,-0.9369,-0.3322,870146.5137671902,-246634.00256591293,-841560.7313287269,1235397.8108922725
2017-07-02 19:59:24.640200018,0.1822,-0.7972,-0.2216,870364.8476617131,-246680.98985485322,-841777.0162431999,1235708.3085729706
2017-07-02 19:59:24.839680016,0.3366,-1.0602,-0.4391,870583.0046225653,-246727.97837142675,-841993.130088863,1236018.5655425026
2017-07-02 19:59:25.405650130,0.4454,-1.1794,-0.2614,871202.1081986184,-246861.67326561236,-842606.377943262,1236899.0691272584
2017-07-02 19:59:33.423816978,0.2343,-0.8079,-0.0459,879988.0865914031,-248807.68565064415,-851297.2851969831,1249396.4001730524
2017-07-02 19:59:33.623624980,0.3582,-0.9538,-0.2548,880207.0423060176,-248856.21721352398,-851513.8676666651,1249707.8542601767
2017-07-02 19:59:33.823572993,0.3488,-1.2926,-0.341,880426.1653937123,-248904.83446093797,-851730.615534591,1250019.5561537575
2017-07-02 19:59:34.222980976,0.231,-0.819,-0.0029,880863.9135733072,-249002.08094078125,-852163.5826841536,1250642.2518856518
2017-07-02 19:59:34.238310090,0.3068,-0.9141,-0.1187,880880.714240365,-249005.81343544993,-852180.1998130464,1250666.1508167034
2017-07-02 19:59:34.423676013,0.3933,-0.9857,-0.4076,881083.8882994617,-249050.98215842494,-852381.1549448583,1250955.1723543515
2017-07-02 19:59:34.623853027,0.4607,-0.933,-0.2496,881303.3148142521,-249099.7973346565,-852598.1767768856,1251267.3146766142
2017-07-02 19:59:34.823539972,0.3916,-1.0206,-0.4291,881522.2197488359,-249148.53369893666,-852814.6844111062,1251578.7237335332
2017-07-02 19:59:35.222903013,0.2073,-0.8688,-0.04,881960.0507873403,-249246.14234528883,-853247.694296312,1252201.5806094434
2017-07-02 19:59:35.235599870,0.4561,-1.2399,-0.3037,881973.9707220355,-249249.2457943413,-853261.4609286246,1252221.3830893852
2017-07-02 19:59:35.423570990,0.3269,-0.6183,-0.1078,882180.0604943953,-249295.2127746662,-853465.2733883255,1252514.5648359025
2017-07-02 19:59:35.623565971,0.3123,-1.2851,-0.2431,882399.3456065167,-249344.1715048116,-853682.1327481297,1252826.5262052943
2017-07-02 19:59:35.823670983,0.4364,-0.9542,-0.2891,882618.7688368022,-249393.19537861462,-853899.1229933357,1253138.6871583434
2017-07-02 19:59:36.222926974,0.353,-1.0006,-0.2056,883056.6254317311,-249491.16889796514,-854332.1017214075,1253761.6149446701
2017-07-02 19:59:36.237780210,0.3508,-1.4166,-0.3335,883072.9147758734,-249494.81404948767,-854348.2095939298,1253784.7894613727
2017-07-02 19:59:36.423608005,0.1673,-0.7779,-0.0213,883276.7153964281,-249540.4451472311,-854549.7347940939,1254074.73420145
2017-07-02 19:59:36.623597025,0.4806,-0.971,-0.2826,883496.0661041165,-249589.59245201576,-854766.6287611824,1254386.8036317865
2017-07-02 19:59:36.823574006,0.059,-0.8216,-0.1801,883715.4059667209,-249638.76965465143,-854983.5168739636,1254698.8675310845
2017-07-02 19:59:37.223021984,0.4199,-1.1229,-0.3396,884153.5977144423,-249737.17879966297,-855416.798512921,1255322.3259403545
2017-07-02 19:59:37.238100290,0.382,-1.0269,-0.4572,884170.1386016533,-249740.89376767632,-855433.1540711352,1255345.8603503797
2017-07-02 19:59:37.423577010,0.2088,-0.8126,-0.0955,884373.613568544,-249786.6191689459,-855634.3454270422,1255635.3676790486
2017-07-02 19:59:37.623603999,0.3356,-0.8512,-0.0955,884593.0641576829,-249835.96569153178,-855851.3236539982,1255947.6052404414
2017-07-02 19:59:37.823680996,0.2738,-1.1306,-0.134,884812.5805712779,-249885.3698098852,-856068.3614909977,1256259.9413847872
2017-07-02 19:59:38.222804009,0.3204,-1.4415,-0.3284,885250.533287143,-249984.1531008303,-856501.3710999752,1256883.121926159
2017-07-02 19:59:38.237789750,0.5543,-0.7608,-0.3361,885266.9770787548,-249987.86225554466,-856517.6292453705,1256906.520465768
2017-07-02 19:59:38.423600971,0.3726,-1.1042,-0.2081,885470.879827279,-250033.8909353236,-856719.2244495694,1257196.6652754948
2017-07-02 19:59:38.623612999,0.2756,-0.8057,-0.0409,885690.3770710778,-250083.46963451893,-856936.2284035481,1257509.0001154048
2017-07-02 19:59:38.823598027,0.4853,-0.951,-0.2117,885909.8640936244,-250133.07967529722,-857153.211530487,1257821.3199350934
2017-07-02 19:59:39.222914993,0.3457,-0.8355,-0.3726,886348.1764844231,-250232.27096946788,-857586.5285963422,1258445.0458489335
2017-07-02 19:59:39.236260290,-0.0006,-0.7817,-0.1543,886362.8250205219,-250235.5861125384,-857601.0102147175,1258465.8910184058
2017-07-02 19:59:39.423682987,0.2454,-1.002,-0.2703,886568.5591590944,-250282.1795136898,-857804.401018615,1258758.6622853724
2017-07-02 19:59:39.623857021,0.2853,-0.7318,-0.1245,886788.3018887669,-250331.97222825902,-858021.6345412165,1259071.3697115162
2017-07-02 19:59:39.823598980,0.2854,-0.9117,-0.0712,887007.5816910347,-250381.69383937443,-858238.4020066232,1259383.4194819839
2017-07-02 19:59:40.222901999,0.3397,-0.7654,-0.2809,887445.9968646123,-250481.21406815376,-858671.7854065679,1260007.329742722
2017-07-02 19:59:40.237690210,0.3695,-1.1813,-0.271,887462.2336773841,-250484.9000640712,-858687.8358457634,1260030.4364551043
2017-07-02 19:59:40.423542022,0.3535,-1.2877,-0.3067,887666.3030974006,-250531.26853791444,-858889.56138712,1260320.856301911
2017-07-02 19:59:40.623562991,0.26,-1.0839,-0.1043,887885.9409688846,-250581.21546310268,-859106.6704556642,1260633.436386083
2017-07-02 19:59:40.823634028,0.35,-0.7473,-0.0915,888105.6478286962,-250631.2048039315,-859323.837532195,1260946.113153832
2017-07-02 19:59:41.222913026,0.1539,-0.8829,-0.0975,888544.1383016787,-250731.10859438273,-859757.2504033571,1261570.1740879822
2017-07-02 19:59:41.237119790,0.4343,-1.003,-0.189,888559.7403385907,-250734.66347808525,-859772.6717243808,1261592.37896562
2017-07-02 19:59:41.423614978,0.3764,-0.8302,-0.3393,888764.5646598084,-250781.35806109846,-859975.1224596545,1261883.8901402163
2017-07-02 19:59:41.623544991,0.2613,-0.9934,-0.2674,888984.1546531303,-250831.45615787143,-860192.1681214,1262196.4239847988
2017-07-02 19:59:41.823652982,0.2232,-0.8895,-0.0866,889203.9490634406,-250881.6344704795,-860409.4104652639,1262509.2519113594
2017-07-02 19:59:42.222820997,0.4903,-1.1517,-0.3406,889642.4649411418,-250981.91181774816,-860842.8117227979,1263133.3983317262
2017-07-02 19:59:42.237939950,0.3189,-0.8421,-0.0396,889659.0743131179,-250985.71013143816,-860859.2273087412,1263157.038709146
2017-07-02 19:59:42.423546016,0.5134,-0.8566,-0.3597,889862.9950205586,-251032.36919670165,-861060.7637296094,1263447.28387301
2017-07-02 19:59:42.623647987,0.3933,-1.4013,-0.3684,890082.8577615721,-251082.72846204377,-861278.054973338,1263760.2297079964
2017-07-02 19:59:42.823671996,0.3885,-0.9563,-0.1208,890302.6503852966,-251133.1063680288,-861495.266391091,1264073.0755820235
2017-07-02 19:59:43.222799003,0.3904,-1.1815,-0.1773,890741.2857887587,-251233.8184305647,-861928.7173204445,1264697.4276377254
2017-07-02 19:59:43.235589740,0.2283,-0.8315,-0.0072,890755.3426801586,-251237.04606431938,-861942.6080299497,1264717.4361753075
2017-07-02 19:59:43.423680007,0.3534,-0.9464,-0.33,890962.064495614,-251284.54252603214,-862146.8852805853,1265011.6890692427
2017-07-02 19:59:43.623610973,0.6129,-0.7159,-0.4161,891181.8244063994,-251335.0576114675,-862364.0388692131,1265324.5002258115
2017-07-02 19:59:43.823665022,0.3955,-1.1286,-0.2579,891401.7354359801,-251385.64896378157,-862581.3364651374,1265637.531231277
2017-07-02 19:59:44.236210220,0.2446,-0.8524,-0.1277,891855.2707071347,-251490.12193994873,-863029.4624995834,1266283.1272917548
2017-07-02 19:59:51.307088017,0.2648,-0.8531,-0.0648,899641.9430509297,-253323.40425888434,-870713.4229897182,1277368.481612191
2017-07-02 19:59:51.506897985,0.3523,-1.1363,-0.223,899861.9941181461,-253375.25480235287,-870930.5664471723,1277681.7599764175
2017-07-02 19:59:51.706848025,0.2199,-0.76,-0.0255,900082.2082385072,-253427.17207921902,-871147.8631473453,1277995.2709622064
2017-07-02 19:59:51.907178997,0.4245,-0.8928,-0.2016,900302.8589329409,-253479.22409584784,-871365.581917975,1278309.4039403414
2017-07-02 19:59:52.106145024,0.1001,-0.9367,-0.1806,900522.0101976746,-253530.9585402723,-871581.8244222123,1278621.4116977558
2017-07-02 19:59:52.306905984,0.5202,-0.8768,-0.4599,900743.1594592145,-253583.1950362348,-871800.036252054,1278936.268672695
2017-07-02 19:59:52.507030010,0.2935,-1.1238,-0.2289,900963.6188574167,-253635.31081451738,-872017.5649506447,1279250.150275184
2017-07-02 19:59:52.706851005,0.2724,-0.9243,-0.1371,901183.7553089774,-253687.38458410307,-872234.7697379896,1279563.575391937
2017-07-02 19:59:52.906839013,0.2627,-0.762,-0.0736,901404.0862602023,-253739.53235397112,-872452.1590115824,1279877.278011362
2017-07-02 19:59:53.106112003,0.4775,-1.1115,-0.4123,901623.6484226068,-253791.53781704823,-872668.7874246736,1280189.8924017814
2017-07-02 19:59:53.306854009,0.2968,-0.8866,-0.2493,901844.8411305518,-253843.962385643,-872887.0228419416,1280504.833789901
2017-07-02 19:59:53.506846010,0.4003,-1.0778,-0.4665,902065.2234370454,-253896.23419601808,-873104.4615544685,1280818.6311339182
2017-07-02 19:59:53.706848025,0.4504,-1.2411,-0.2141,902285.6347948854,-253948.5582687477,-873321.9197187598,1281132.4726449037
2017-07-02 19:59:53.906844973,0.2432,-0.8497,-0.028,902506.0502963631,-254000.915002823,-873539.3734937699,1281446.3206423048
2017-07-02 19:59:54.106117010,0.4131,-0.946,-0.1192,902725.6832814716,-254053.1195291802,-873756.0438169386,1281759.0533735799
2017-07-02 19:59:54.306970000,0.2016,-1.0299,-0.1824,902947.0668889848,-254105.77977570682,-873974.440483248,1282074.2862786255
2017-07-02 19:59:54.506896972,0.4609,-0.8245,-0.4431,903167.4482461285,-254158.2301919434,-874191.8479587814,1282388.097489724
2017-07-02 19:59:54.706831991,0.3598,-1.4584,-0.3618,903387.8528562045,-254210.7410173922,-874409.2786474973,1282701.9529577368
2017-07-02 19:59:54.906826019,0.2612,-1.1353,-0.1143,903608.33296407,-254263.3127502209,-874626.7780806277,1283015.9206138176
2017-07-02 19:59:55.106074988,0.2508,-0.7307,-0.0288,903828.0016507638,-254315.71764088888,-874843.468383377,1283328.7322351472
2017-07-02 19:59:55.306832015,0.3231,-0.8435,-0.2379,904049.3459684368,-254368.55316496955,-875061.8083407278,1283643.9339636764
2017-07-02 19:59:55.506192028,0.3412,-0.8537,-0.2223,904269.1635715014,-254421.05495069653,-875278.6377643924,1283956.9646663468
2017-07-02 19:59:55.706826984,0.5557,-0.9883,-0.4346,904490.4093168817,-254473.9322781586,-875496.871345624,1284272.0329008591
2017-07-02 19:59:55.906819999,0.3063,-1.262,-0.1522,904710.9594272139,-254526.6908985928,-875714.4127657993,1284586.1159195388
2017-07-02 19:59:56.106078982,0.2569,-0.8258,-0.0536,904930.7102550762,-254579.28866736643,-875931.1578744125,1284899.061372662
2017-07-02 19:59:56.306901991,0.4269,-0.9677,-0.1655,905152.2031705992,-254632.33831440358,-876149.6109359278,1285214.487688039
2017-07-02 19:59:56.506856977,0.2947,-1.1985,-0.1348,905372.7505036921,-254685.20658186616,-876367.1251611393,1285528.5721715672
2017-07-02 19:59:56.706786990,0.545,-0.7903,-0.388,905593.2920766881,-254738.099836326,-876584.6277294627,1285842.6496792354
2017-07-02 19:59:56.906967997,0.1946,-1.2162,-0.2796,905814.1183177246,-254791.10822956616,-876802.4145567886,1286157.1443448043
2017-07-02 19:59:57.106082022,0.2664,-0.842,-0.1205,906033.7780976859,-254843.86746577165,-877019.0453389672,1286469.9801107494
2017-07-02 19:59:57.306832015,0.2603,-0.8508,-0.0451,906255.2531446731,-254897.09447207677,-877237.4578285278,1286785.4017046045
2017-07-02 19:59:57.507000982,0.3479,-1.0302,-0.2841,906476.1011211455,-254950.2087023623,-877455.249555148,1287099.9362104943
2017-07-02 19:59:57.706905007,0.4774,-0.8503,-0.3403,906696.675862728,-255003.28661045383,-877672.7666133674,1287414.0839129486
2017-07-02 19:59:57.907010018,0.2316,-1.1093,-0.3943,906917.4816466375,-255056.4623023439,-877890.5181545167,1287728.5736303562
2017-07-02 19:59:58.106267988,0.5677,-1.2672,-0.2428,907137.375303351,-255109.46321504092,-878107.3575972813,1288041.7646026073
2017-07-02 19:59:58.306855976,0.1864,-0.8235,0.0042,907358.74421818,-255162.85103509776,-878325.644242833,1288357.0578811371
2017-07-02 19:59:58.506940007,0.4341,-1.0086,-0.0701,907579.5743446297,-255216.14510157355,-878543.3852716573,1288671.5812388626
2017-07-02 19:59:58.706829011,0.1936,-1.152,-0.1199,907800.1969577386,-255269.4332498329,-878760.9188534342,1288985.81592364
2017-07-02 19:59:58.906911015,0.4707,-0.8322,-0.3796,908021.0514333334,-255322.80616501303,-878978.6776681376,1289300.3843128649
2017-07-02 19:59:59.106087028,0.2695,-1.6457,-0.3205,908240.9165494903,-255376.0026890851,-879195.4631640854,1289613.5575017906
2017-07-02 19:59:59.306819975,0.378,-0.9364,-0.165,908462.5155548054,-255429.65277477284,-879413.9498936237,1289929.2015270882
2017-07-02 19:59:59.506842017,0.2304,-0.8062,-0.0281,908683.338975043,-255483.1451113135,-879631.6639665691,1290243.7413990416
2017-07-02 19:59:59.706909000,0.4331,-0.8643,-0.2946,908904.2293455454,-255536.6840616863,-879849.4387474589,1290558.379108702
2017-07-02 19:59:59.906883001,0.2768,-0.7907,-0.2249,909125.0281254095,-255590.22974937677,-880067.1213102338,1290872.8908450466
2017-07-02 20:00:00.106090009,0.4246,-1.0834,-0.4753,909344.9968891777,-255643.61305756192,-880283.9878210002,1291186.229588337
2017-07-02 20:00:00.306841015,0.414,-1.226,-0.2416,909566.6872541286,-255697.4595338757,-880502.5449403642,1291502.025171074
2017-07-02 20:00:00.506986975,0.2876,-0.7919,-0.0699,909787.7209844777,-255751.17544386355,-880720.4461477401,1291816.8853431675
2017-07-02 20:00:00.706848978,0.3665,-0.9502,-0.0786,910008.4557630876,-255804.85309999398,-880938.0413475289,1292131.3188383947
2017-07-02 20:00:00.906822979,0.3167,-1.0845,-0.1255,910229.3269010204,-255858.604204552,-881155.7635012821,1292445.9495265996
2017-07-02 20:00:01.106082975,0.4256,-0.8321,-0.3147,910449.4263192073,-255912.19642952734,-881372.7207754691,1292759.483853633
2017-07-02 20:00:01.306804001,0.3288,-1.1707,-0.3128,910671.1528148643,-255966.22877393026,-881591.281443425,1293075.3444246636
2017-07-02 20:00:01.507183015,0.2397,-0.9047,-0.1363,910892.5111313154,-256020.20537698205,-881809.4751747923,1293390.684559166
2017-07-02 20:00:01.706820011,0.2409,-0.7587,-0.0061,911113.0593429429,-256074.01233869937,-882026.8611620863,1293704.869942113
2017-07-02 20:00:01.906961977,0.4281,-0.9162,-0.2509,911334.1825665752,-256127.99210199714,-882244.807064659,1294019.8762944278
2017-07-02 20:00:10.823339998,0.1048,-0.8308,-0.1691,921193.6130051855,-258598.85506187362,-891967.7989673008,1308081.6468689677
2017-07-02 20:00:11.223321020,0.4283,-0.8754,-0.3971,921635.9670661571,-258709.83589227943,-892404.0275217872,1308712.5671110856
2017-07-02 20:00:11.233770010,0.0639,-0.8698,-0.164,921647.5230043039,-258712.7352187672,-892415.4234498808,1308729.0491295648
2017-07-02 20:00:11.423429012,0.2735,-1.0608,-0.305,921857.283994853,-258765.39888060972,-892622.2812404522,1309028.2352490022
2017-07-02 20:00:11.622487008,0.2868,-0.8573,-0.1098,922077.4515444967,-258820.70638271945,-892839.3947018117,1309342.2659605627
2017-07-02 20:00:11.823158979,0.2257,-0.8082,-0.0332,922299.4133155228,-258876.49486720367,-893058.2698699813,1309658.8566417024
2017-07-02 20:00:12.222383022,0.2458,-0.8095,-0.2295,922741.0312286598,-258987.6115045167,-893493.7445863911,1310288.7716991077
2017-07-02 20:00:12.236139890,0.3678,-0.9491,-0.3466,922756.2490173492,-258991.44065420586,-893508.7506825493,1310310.4780848694
2017-07-02 20:00:12.423309028,0.3254,-1.1607,-0.3729,922963.3061187742,-259043.57883187878,-893712.9292641898,1310605.829420007
2017-07-02 20:00:12.622372984,0.4209,-1.1427,-0.2653,923183.5386203513,-259099.0757329801,-893930.0941468007,1310919.9785824406
2017-07-02 20:00:12.823454976,0.1853,-0.9,-0.0573,923406.0112491475,-259155.17163149753,-894149.462882708,1311237.3265613844
2017-07-02 20:00:13.223411023,0.4443,-1.1364,-0.4112,923848.5847668912,-259266.92926378496,-894585.8574014575,1311868.668902631
2017-07-02 20:00:13.233880280,0.3,-0.8009,-0.071,923860.1696124877,-259269.85472145016,-894597.2804803605,1311885.1949795582
2017-07-02 20:00:13.423469007,0.3474,-0.8293,-0.2344,924069.9731217284,-259322.8619085901,-894804.150480182,1312184.4876579717
2017-07-02 20:00:13.622613012,0.363,-1.1313,-0.3704,924290.3651306262,-259378.58552515804,-895021.4614241624,1312498.8937565554
2017-07-02 20:00:13.822606027,0.3875,-1.1535,-0.2206,924511.7122349886,-259434.59284481953,-895239.7076525793,1312814.6663494064
2017-07-02 20:00:14.223362982,0.2694,-0.8155,-0.0856,924955.302950888,-259546.95435320193,-895677.0551440486,1313447.494604374
2017-07-02 20:00:14.233259790,0.3154,-0.8943,-0.074,924966.257581797,-259549.72924048713,-895687.8555730943,1313463.1225256436
2017-07-02 20:00:14.423569977,0.2079,-1.1512,-0.1275,925176.9166525734,-259603.13049439556,-895895.5465147358,1313763.6555842874
2017-07-02 20:00:14.622669994,0.3918,-0.7574,-0.2363,925397.3209356719,-259659.02820850693,-896112.8394159869,1314078.0926152326
2017-07-02 20:00:14.823302984,0.4178,-1.4071,-0.3157,925619.4390421788,-259715.41294858317,-896331.8180746319,1314394.9823963821
2017-07-02 20:00:15.223374009,0.2663,-0.8633,-0.0738,926062.3949595869,-259827.98478252115,-896768.4829836927,1315026.9400690258
2017-07-02 20:00:15.232959980,0.3623,-1.0718,-0.1214,926073.0085147618,-259830.68217790982,-896778.9457799373,1315042.0822524258
2017-07-02 20:00:15.423295021,0.4151,-1.1174,-0.1042,926283.7618764467,-259884.28101594775,-896986.694472091,1315342.760308174
2017-07-02 20:00:15.622900009,0.1519,-1.0024,-0.0833,926504.7856770093,-259940.53023272188,-897204.5645325915,1315658.0968314628
2017-07-02 20:00:15.823859989,0.3541,-0.8127,-0.2969,926727.3241686394,-259997.19411066652,-897423.9255653962,1315975.59874163
2017-07-02 20:00:16.223357021,0.2093,-0.8641,-0.1078,927169.7514606117,-260109.97659181178,-897860.020050419,1316606.837119975
2017-07-02 20:00:16.233600130,0.3599,-1.0924,-0.339,927181.0953397866,-260112.868450684,-897871.20155415,1316623.0221553254
2017-07-02 20:00:16.423859000,0.276,-0.8504,-0.0714,927391.8102672328,-260166.61357010072,-898078.8930605836,1316923.663212182
2017-07-02 20:00:16.622708022,0.3726,-0.8392,-0.2747,927612.053666756,-260222.81845424662,-898295.9726611499,1317237.9025261041
2017-07-02 20:00:16.823315024,0.164,-0.8049,-0.1907,927834.2507890948,-260279.552625006,-898514.979088581,1317554.9362734698
2017-07-02 20:00:17.223306000,0.5018,-1.093,-0.4321,928277.370663031,-260392.84995100973,-898951.7258737127,1318187.209254439
2017-07-02 20:00:17.233529800,0.345,-1.0361,-0.3888,928288.6968770289,-260395.74594764443,-898962.8891956506,1318203.3702764814
2017-07-02 20:00:17.423434972,0.2064,-0.9378,-0.0563,928499.0866263697,-260449.57236405238,-899170.2478422533,1318503.5715595616
2017-07-02 20:00:17.622843027,0.2829,-0.8217,-0.0456,928720.0155591164,-260506.12493605583,-899387.9845595352,1318818.8106026498
2017-07-02 20:00:17.823055982,0.3604,-0.9296,-0.3096,928941.8507064565,-260562.94304273336,-899606.6125698731,1319135.3481203015
2017-07-02 20:00:18.223423004,0.324,-1.0829,-0.3859,929385.5076886457,-260676.73612646371,-900043.8661435464,1319768.4431906417
2017-07-02 20:00:18.233240120,0.2861,-0.8669,-0.2586,929396.3863146524,-260679.52644957104,-900054.5877534607,1319783.9669206317
2017-07-02 20:00:18.423307001,0.3676,-1.0453,-0.2684,929607.0181216964,-260733.58700288978,-900262.1760251155,1320084.5416540494
2017-07-02 20:00:18.622484982,0.3111,-0.8656,-0.0562,929827.7591767954,-260790.27335821846,-900479.717536689,1320399.5418466905
2017-07-02 20:00:18.823300004,0.2897,-0.9161,-0.057,930050.3261821315,-260847.46256116254,-900699.0493174802,1320717.1481424398
2017-07-02 20:00:19.223432004,0.2814,-0.8727,-0.2404,930493.8449366355,-260961.5540700396,-901136.1151927577,1321350.077107618
2017-07-02 20:00:19.233100050,0.3446,-0.9433,-0.3011,930504.5613317469,-260964.31085339157,-901146.6756684221,1321365.3700875547
2017-07-02 20:00:19.423373997,0.3612,-1.0284,-0.3544,930715.4806037479,-261018.60352160016,-901354.5260898265,1321666.372017707
2017-07-02 20:00:19.622491002,0.3753,-1.2272,-0.1371,930936.217313246,-261075.46811885113,-901572.0418786115,1321981.3869552556
2017-07-02 20:00:19.823612987,0.331,-0.8151,-0.0786,931159.1900882118,-261132.93827681112,-901791.7510906738,1322299.5920267082
2017-07-02 20:00:20.223308980,0.2495,-1.0923,-0.1387,931602.350696895,-261247.32501644237,-902228.4082179581,1322932.0486131317
2017-07-02 20:00:20.233759880,0.3126,-1.0178,-0.0673,931613.9381056583,-261250.31601167508,-902239.825552606,1322948.585585294
2017-07-02 20:00:20.423303008,0.4678,-0.8873,-0.259,931824.1103726462,-261304.59418318004,-902446.9057627418,1323248.5334712286
2017-07-02 20:00:20.622776985,0.2679,-1.211,-0.2781,932045.3049834323,-261361.7643696422,-902664.846718507,1323564.2213045114
2017-07-02 20:00:20.823743999,0.3654,-1.0161,-0.1664,932268.1699650423,-261419.40350556248,-902884.4256547473,1323882.295126374
2017-07-02 20:00:21.223425984,0.3596,-0.9526,-0.1214,932711.4599404634,-261534.18804508468,-903321.1423115389,1324514.9622287005
2017-07-02 20:00:21.233370060,0.2397,-0.9222,-0.0422,932722.4890056817,-261537.04397223436,-903332.0078132539,1324530.7030063942
2017-07-02 20:00:21.423407971,0.0536,-0.7991,-0.1528,932933.2637185297,-261591.65149995376,-903539.6603012362,1324831.5305820035
2017-07-02 20:00:29.389492988,0.4083,-0.8556,-0.3162,941794.512383424,-263935.0067479664,-912264.1857689891,1337484.4058826768
2017-07-02 20:00:29.590439021,0.2993,-0.8682,-0.2376,942018.0511778471,-263994.1533939722,-912484.2732029564,1337803.5994172825
2017-07-02 20:00:29.790480971,0.459,-1.098,-0.4349,942240.6026091265,-264053.0778697564,-912703.3878375065,1338121.3903483357
2017-07-02 20:00:29.990323007,0.418,-1.0718,-0.3014,942462.9483249208,-264111.9862630582,-912922.2955345346,1338438.8921191602
2017-07-02 20:00:30.189571976,0.2533,-0.8516,-0.0883,942684.6442460672,-264170.75364381145,-913140.5570893255,1338755.4678056322
2017-07-02 20:00:30.390316009,0.2881,-0.8588,-0.0581,942908.0152717489,-264229.9965934834,-913360.4587103165,1339074.4355333727
2017-07-02 20:00:30.590323984,0.3805,-1.1049,-0.3196,943130.5824953939,-264289.06651955063,-913579.5668141673,1339392.2618935194
2017-07-02 20:00:30.790404021,0.379,-0.8284,-0.2808,943353.2450811737,-264348.19089078065,-913798.7651027028,1339710.22767449
2017-07-02 20:00:30.990254998,0.4047,-1.1837,-0.406,943575.6689173917,-264407.29485142295,-914017.7286596714,1340027.8612207044
2017-07-02 20:00:31.189575016,0.387,-1.1365,-0.1946,943797.5171985284,-264466.2869375694,-914236.1182109831,1340344.6759091998
2017-07-02 20:00:31.390275001,0.2852,-0.8817,-0.0019,944020.912906247,-264525.722963285,-914456.019831336,1340663.699187593
2017-07-02 20:00:31.590323984,0.326,-0.921,-0.1433,944243.5970412038,-264585.003056941,-914675.2139009695,1340981.7080485239
2017-07-02 20:00:31.790382981,0.2928,-1.0294,-0.1329,944466.3040421358,-264644.3273183207,-914894.4242620996,1341299.7528511877
2017-07-02 20:00:31.990459978,0.3337,-1.0714,-0.1754,944689.0444390668,-264703.6998063136,-915113.6613677472,1341617.8489406854
2017-07-02 20:00:32.189550995,0.4648,-1.1583,-0.3052,944910.7055940854,-264762.8256183269,-915331.8301696095,1341934.4077477707
2017-07-02 20:00:32.390362977,0.2881,-1.1332,-0.1471,945134.2944306622,-264822.5082172691,-915551.8907788502,1342253.724180402
2017-07-02 20:00:32.590295016,0.3891,-0.7969,-0.0842,945356.9190711998,-264881.96114589245,-915770.9904647656,1342571.660937733
2017-07-02 20:00:32.790013015,0.3322,-0.9878,-0.1077,945579.3186284142,-264941.38982701796,-915989.8598863523,1342889.2773702035
2017-07-02 20:00:32.990384995,0.3054,-1.0714,-0.1922,945802.4586993754,-265001.0561242368,-916209.4537173199,1343207.9562412272
2017-07-02 20:00:33.189571976,0.3975,-0.8054,-0.2947,946024.2948919404,-265060.40150984895,-916427.7605637023,1343524.7758438094
2017-07-02 20:00:33.390380978,0.3586,-1.4092,-0.3316,946247.9520030223,-265120.2869822154,-916647.8584996469,1343844.2059001613
2017-07-02 20:00:33.590456008,0.2709,-1.0274,-0.1262,946470.8024746794,-265179.99469551805,-916867.1570128759,1344162.4876229258
2017-07-02 20:00:33.790446996,0.2719,-0.7668,-0.0509,946693.5702124771,-265239.7079976873,-917086.3654450508,1344480.6507590795
2017-07-02 20:00:33.990333974,0.4221,-1.0419,-0.2113,946916.2389596151,-265299.4318734646,-917305.4683151935,1344798.6742850258
2017-07-02 20:00:34.189552009,0.0222,-0.9033,-0.1028,947138.1634032129,-265358.9917269617,-917523.842014221,1345115.643998574
2017-07-02 20:00:34.390549004,0.4156,-0.8396,-0.3047,947362.0863586903,-265419.11735255894,-917744.178037659,1345435.4710829207
2017-07-02 20:00:34.590375006,0.2364,-1.0002,-0.2294,947584.714195843,-265478.93262931315,-917963.2395604489,1345753.4556641239
2017-07-02 20:00:34.790392994,0.2411,-0.8923,-0.1156,947807.5655719552,-265538.84107296355,-918182.5161749022,1346071.7627537854
2017-07-02 20:00:34.990314006,0.2437,-0.802,-0.0638,948030.3186419116,-265598.7525254858,-918401.6890260571,1346389.9304485656
2017-07-02 20:00:35.189559996,0.3747,-1.0444,-0.1525,948252.3344739166,-265658.50315197266,-918620.127906557,1346707.0466613139
2017-07-02 20:00:35.390320003,0.0583,-0.8197,-0.1266,948476.0396946194,-265718.74084515753,-918840.2317482596,1347026.5842181144
2017-07-02 20:00:35.590476989,0.3843,-0.9746,-0.2854,948699.0883701346,-265778.8366481568,-919059.6858999911,1347345.1883355514
2017-07-02 20:00:35.790368974,0.2831,-1.0426,-0.2511,948921.8530486079,-265838.894545335,-919278.8595350893,1347663.3936686208
2017-07-02 20:00:35.990311980,0.2689,-0.8114,-0.0921,949144.6853360434,-265899.00020936667,-919498.0927945917,1347981.6967106375
2017-07-02 20:00:36.189517021,0.2947,-0.8671,-0.0546,949366.7068714377,-265958.9184396225,-919716.5190578176,1348298.8414447745
2017-07-02 20:00:36.390295982,0.392,-1.0026,-0.3349,949590.4984024444,-266019.35050111054,-919936.6846085669,1348618.5202590975
2017-07-02 20:00:36.590516984,0.3664,-0.7831,-0.2786,949813.6827115841,-266079.64601689007,-920156.2494941789,1348937.334858002
2017-07-02 20:00:36.790311992,0.3401,-1.1422,-0.3663,950036.4057456834,-266139.8588411783,-920375.3618513574,1349255.4996772094
2017-07-02 20:00:36.990357995,0.4464,-1.1382,-0.2031,950259.4264426199,-266200.1928575335,-920594.7575989371,1349574.091311437
2017-07-02 20:00:37.189562976,0.3269,-0.8158,-0.0673,950481.5225009081,-266260.3055941422,-920813.2336460646,1349891.3608911098
2017-07-02 20:00:37.390393018,0.3069,-0.9882,-0.0361,950705.4427375948,-266320.9485711716,-921033.4934184103,1350211.2362505563
2017-07-02 20:00:37.590369999,0.2437,-1.014,-0.1485,950928.4215793662,-266381.3745071317,-921252.8235371846,1350529.771803261
2017-07-02 20:00:37.790422976,0.4647,-0.7264,-0.2949,951151.5037562394,-266441.85247777693,-921472.2488088607,1350848.455295561
2017-07-02 20:00:37.990478992,0.3796,-1.161,-0.3762,951374.6045144553,-266502.37783315906,-921691.6924702512,1351167.1737703076
2017-07-02 20:00:38.189549982,0.466,-1.1719,-0.213,951596.6252473344,-266562.6516182934,-921910.0640867365,1351484.3508839833
2017-07-02 20:00:38.390290021,0.2724,-0.8246,-0.0232,951820.5184210016,-266623.46397883934,-922130.2675072213,1351804.2021995047
2017-07-02 20:00:38.590591013,0.3808,-1.0164,-0.064,952043.9371863537,-266684.1841125718,-922349.9918792353,1352123.3745145844
2017-07-02 20:00:38.790458023,0.2351,-1.1047,-0.1315,952266.8812730967,-266744.8168163242,-922569.2454386039,1352441.8742027767
2017-07-02 20:00:38.990339994,0.4722,-0.6581,-0.1933,952489.8609139823,-266805.4803516632,-922788.523133025,1352760.4214773763
2017-07-02 20:00:39.189566016,0.2821,-1.2973,-0.2242,952712.1200035013,-266865.9962997348,-923007.0901265802,1353077.9474984258
2017-07-02 20:00:39.390474975,0.343,-1.0663,-0.1146,952936.2704439812,-266927.0664893085,-923227.5080633443,1353398.1771811002
2017-07-02 20:00:39.590363979,0.3062,-0.8047,-0.0093,953159.2951737846,-266987.858795985,-923446.8073754208,1353716.7963693545
2017-07-02 20:00:39.790328979,0.5253,-1.068,-0.1225,953382.4257002291,-267048.7169203986,-923666.1949614069,1354035.563254292
2017-07-02 20:00:39.990742981,0.1873,-0.869,-0.17,953606.0647676641,-267109.74659988,-923886.081989106,1354355.0627451811
