datetime,accel_x,accel_y,accel_z,disp_x,disp_y,disp_z,total_displacement
2017-07-04 19:22:35.552372992,2.4698,-1.6364,-1.7772,0.0,-0.0,-0.0,0.0
2017-07-04 19:22:35.752009987,-0.0681,1.0203,-0.1537,-0.0027141207175161047,0.04066398484701442,-0.006125702706053236,0.04121225968750581
2017-07-04 19:22:35.952926993,3.9912,-1.2208,-1.6964,0.1556696943968157,0.03230787571524787,-0.08077035162760791,0.17832751411063105
2017-07-04 19:22:36.153171002,-0.5897,-0.5183,0.642,0.2898773908759056,0.0031971376254119367,-0.12942226909202137,0.31747322275578765
2017-07-04 19:22:36.353133976,2.8399,-1.7761,-2.073,0.5374506756956077,-0.09689044231244566,-0.2608952062871167,0.6052332569189864
2017-07-04 19:22:36.552635014,-0.0437,0.9832,-0.2529,0.7827127505471765,-0.157614796159056,-0.40213001480841193,0.8939743970870759
2017-07-04 19:22:36.752027988,3.249,-0.0919,-1.7386,1.1570142801591068,-0.22195997694950323,-0.612410810956757,1.327778323831291
2017-07-04 19:22:36.953415989,-0.537,-0.5603,0.4944,1.5132817076789262,-0.3096731218678132,-0.80474412867981,1.7417037870566945
2017-07-04 19:22:37.152518987,1.1282,-1.1907,-0.9458,1.9102309368279742,-0.44359278354161696,-1.0323885875064847,2.2162091474494265
2017-07-04 19:22:37.353341996,0.1958,0.9824,-0.5193,2.3185059217082173,-0.539049275363528,-1.2829429284820641,2.7040684880394856
2017-07-04 19:22:37.556309998,2.8653,-0.6178,-1.7688,2.849180623647003,-0.6609762340114012,-1.6090409456166166,3.3382229663047127
2017-07-04 19:22:37.752228975,-0.4922,-0.52,0.2885,3.342532407955687,-0.7986285093351237,-1.912739810067444,3.9330527551984003
2017-07-04 19:22:37.953097999,2.328,-1.529,-1.9644,3.942280106265571,-1.0014513274107213,-2.3033721929377418,4.674398427244815
2017-07-04 19:22:38.153083026,0.1336,0.9607,-0.4354,4.544731597159371,-1.1649593037158623,-2.70969884871566,5.417950103153765
2017-07-04 19:22:38.353106975,3.5709,-0.8045,-1.509,5.2901705497576215,-1.360686809940301,-3.176479042126363,6.318812558173915
2017-07-04 19:22:38.552702009,-0.7544,-0.5076,0.4214,6.003957122841972,-1.5762164730537727,-3.6254705022200095,7.188601801833117
2017-07-04 19:22:38.752357006,1.5021,-0.7856,-1.1106,6.777835021236516,-1.8231265660661506,-4.118867717871263,8.13805316573432
2017-07-04 19:22:38.953103005,0.1319,0.5836,-0.2278,7.561257158371608,-2.047867412749015,-4.624141173348592,9.096650611421927
2017-07-04 19:22:39.153140008,1.7504,-1.3917,-0.9421,8.411954310621807,-2.327503119011336,-5.165328046312756,10.141935708681132
2017-07-04 19:22:39.353231012,-0.0197,-0.3984,0.2604,9.262092395593235,-2.623164820042796,-5.6962355342753765,11.18545700807784
2017-07-04 19:22:39.552671015,1.0059,-0.767,-1.2403,10.149475530461697,-2.94837301191124,-6.274750264917817,12.291348495909368
2017-07-04 19:22:39.752224981,0.1275,0.5332,-0.2087,11.042443006954382,-3.25253405665679,-6.861906374129828,13.401503066405335
2017-07-04 19:22:39.953085005,2.8306,-1.2321,-1.4242,12.05545470117131,-3.6083945663695545,-7.51036434513291,14.654694537766472
2017-07-04 19:22:40.153114974,-0.5541,-0.3363,0.5746,13.042109476939729,-3.976240512573303,-8.133151671910156,15.876248434079294
2017-07-04 19:22:40.353317022,1.4917,-1.0968,-1.436,14.089401657254555,-4.3883635914458345,-8.814030876501638,17.18883691126596
2017-07-04 19:22:40.552639007,-0.1202,0.9578,-0.116,15.12731461669083,-4.760622349946919,-9.496525615253868,18.484673960671717
2017-07-04 19:22:40.752259016,1.5376,-1.1642,-0.9036,16.228049964315975,-5.179828919468864,-10.216047599023645,19.863228887187965
2017-07-04 19:22:40.953168988,0.0551,-0.511,0.1925,17.338122467187848,-5.62237086210721,-10.932448973298218,21.25417571565751
2017-07-04 19:22:41.153199017,1.0941,-0.3095,-1.1248,18.48711023117725,-6.075358282910988,-11.690718173393634,22.701456217061274
2017-07-04 19:22:41.353152990,0.2947,0.6508,-0.1331,19.64744369865539,-6.502153447888716,-12.454020611970632,24.15372999673371
2017-07-04 19:22:41.552676975,1.3333,-1.1736,-0.5104,20.858360378353662,-6.974751623097404,-13.236000550781117,25.669243628464237
2017-07-04 19:22:41.752228975,-0.0716,-0.6878,0.3379,22.06659589822489,-7.474805039714628,-14.004634770619138,27.183398609734827
2017-07-04 19:22:41.953095018,2.1913,-1.0555,-1.2082,23.37120035464781,-8.020737725751355,-14.827077867588205,28.816444572047835
2017-07-04 19:22:42.153167009,0.1814,0.5224,-0.2953,24.67790874894903,-8.543601216386355,-15.65809023527838,30.44943499939225
2017-07-04 19:22:42.353115022,1.1108,-1.1393,-0.7094,26.028216323386168,-9.111689017361492,-16.516948902157235,32.14499218793754
2017-07-04 19:22:42.552672028,0.4364,-0.8952,-0.1351,27.393262069482173,-9.714315446421407,-17.379508120829037,33.86452471129448
2017-07-04 19:22:42.752056002,1.2181,-0.2638,-1.0036,28.80554852069788,-10.326906446866719,-18.281216514549453,35.64558176818626
2017-07-04 19:22:42.953356981,0.1867,0.5749,-0.2901,30.2389790698956,-10.922091142667929,-19.203349965875358,37.44938691127285
2017-07-04 19:22:43.153100013,0.6779,-0.9101,-0.4454,31.688362104816676,-11.548979984812759,-20.13611691379133,39.28096785902125
2017-07-04 19:22:43.353188991,0.0583,-0.8926,-0.0449,33.14258948177422,-12.212690346173027,-21.072296970753175,41.12934162702501
2017-07-04 19:22:43.552639007,0.6499,0.316,-0.7886,34.618026167339224,-12.861710644364809,-22.036858191929426,43.00528404037296
2017-07-04 19:22:43.752222001,0.5798,0.1283,-0.4744,36.11754194991321,-13.506053038037228,-23.020959460114153,44.909407473648926
2017-07-04 19:22:43.953477978,0.4895,-1.0439,-0.3323,37.649453954868726,-14.198078655069159,-24.02676932008669,46.86525860972037
2017-07-04 19:22:44.153231978,0.1551,-0.6669,-0.0672,39.17612202034271,-14.911550089790486,-25.02775419445119,48.82121816025263
2017-07-04 19:22:44.353111982,0.8174,0.1889,-0.879,40.736409879618506,-15.617924643530353,-26.06448830801247,50.82058845398971
2017-07-04 19:22:44.553209006,0.2787,0.3332,-0.3562,42.30955064252649,-16.3117252099561,-27.116609884451854,52.834467788775754
2017-07-04 19:22:44.752220988,1.0303,-1.0059,-0.6898,43.91496674852258,-17.041603030740383,-28.190346307548456,54.89659518877919
2017-07-04 19:22:44.952538013,0.0202,-0.6872,0.1667,45.5317211111179,-17.80384231865461,-29.26443471956746,56.97825522165418
2017-07-04 19:22:45.153126001,0.7805,-0.1902,-1.0846,47.18206624990306,-18.574765465317377,-30.38361548736173,59.11288673196088
2017-07-04 19:22:45.353079020,0.2008,0.5558,-0.2835,48.835215384531296,-19.321026668662807,-31.51058811831991,61.246203937445344
2017-07-04 19:22:45.552631020,0.9641,-1.1652,-0.9503,50.523440446046656,-20.1121906258443,-32.67314242812309,63.44014882078966
2017-07-04 19:22:57.288286983,0.0408,-0.669,-0.065,155.42718569774217,-158.77899458932131,-109.99514330778172,247.9260186588241
2017-07-04 19:22:57.488304018,-0.2075,-0.4653,0.149,157.2068146859456,-161.16098195404433,-111.30702233522271,251.14955287482957
2017-07-04 19:22:57.688346982,1.3926,-1.5067,-1.2475,159.04240230973647,-163.60357200154309,-112.66899286807379,254.46987337997837
2017-07-04 19:22:57.888323009,0.7245,0.4739,-0.7743,160.9063487748694,-166.0263932704186,-114.0614722432451,257.8093012068032
2017-07-04 19:22:58.288311004,0.241,-0.7634,-0.3659,164.67313439126036,-170.9946079218768,-116.90522174504108,264.61902425913314
2017-07-04 19:22:58.488286972,0.0698,-0.4455,-0.4308,166.55914874027377,-173.49630702257454,-118.34419617269245,268.04527107807144
2017-07-04 19:22:58.688309013,0.7353,0.2465,-0.6921,168.4750160962512,-175.9887203230803,-119.81119223169105,271.4969291052234
2017-07-04 19:22:58.875030150,0.7761,-0.021,-0.6479,170.29054221151884,-178.31612729904708,-121.2032260654724,274.74666882475765
2017-07-04 19:22:58.888502001,0.3518,0.3319,-0.3721,170.4215955007197,-178.48398849044153,-121.3037282500807,274.98117907928975
2017-07-04 19:22:59.288296997,0.1469,-0.6949,0.0672,174.3342551000676,-183.5765614179871,-124.27552251851007,282.0233889247417
2017-07-04 19:22:59.488303005,1.0574,0.0892,-0.9755,176.3339453919167,-186.12066186350148,-125.80124858395558,285.58801658205044
2017-07-04 19:22:59.688338994,0.3579,0.3875,-0.3741,178.3482565909832,-188.64963809214012,-127.34217274237507,289.15880678286027
2017-07-04 19:22:59.876439800,0.3505,-0.7711,-0.7056,180.2547849132861,-191.05500549583203,-128.81612286371782,292.55323638406037
2017-07-04 19:22:59.888333022,0.2175,-0.7913,-0.1526,180.3753614913912,-191.20720379285638,-128.90933924355764,292.7679688074561
2017-07-04 19:23:00.288312971,0.5761,0.5354,-0.7435,184.5226290096795,-196.24011650999967,-132.1632395494988,300.0431732813134
2017-07-04 19:23:00.488296985,0.8068,0.1947,-0.9537,186.62846780745977,-198.748711113061,-133.8282831147612,303.71243722756515
2017-07-04 19:23:00.688458979,0.1158,-0.5233,-0.2271,188.74082024758678,-201.28050421522605,-135.5039072422304,307.40567249609836
2017-07-04 19:23:00.876659750,0.4701,-0.9284,-0.5696,190.7435940578958,-203.6938866435445,-137.09957486832351,310.91897909126027
2017-07-04 19:23:00.888417005,0.6851,-1.0884,-0.5426,190.86880579605156,-203.8448056212565,-137.19933422170658,311.1386557720822
2017-07-04 19:23:01.288335978,1.5143,0.119,-1.2469,195.3700297265214,-208.95923029956674,-140.79203739581942,318.83507686074165
2017-07-04 19:23:01.488306999,0.7749,-0.9114,-0.6283,197.6517585347931,-211.5530355856125,-142.61361732147836,322.7375843667741
2017-07-04 19:23:01.688315987,0.3506,-0.9693,-0.0537,199.94794581832917,-214.18610882294632,-144.43769128994097,326.6758590940763
2017-07-04 19:23:01.874930020,0.7065,0.9567,-0.3821,202.1149571053543,-216.60952361385213,-146.15291035977128,330.34953430048984
2017-07-04 19:23:01.888458013,0.3657,0.7185,-0.4738,202.27211464752818,-216.7850698998263,-146.27733643976276,330.6158405935307
2017-07-04 19:23:02.288411021,0.2241,-0.5617,-0.3307,206.9543005029173,-222.0649194134077,-150.0088737017179,338.5935219699175
2017-07-04 19:23:02.488297998,0.865,-0.9076,-1.0794,209.32890625744264,-224.73992528835873,-151.91693426620347,342.64468466677874
2017-07-04 19:23:02.688315987,0.1478,0.7652,-0.4769,211.71098146430967,-227.3860709371424,-153.8453248633117,346.6905665158923
2017-07-04 19:23:02.875369900,1.0553,0.297,-0.9717,213.97558760523816,-229.8503160633787,-155.68272666411224,350.5051087602215
2017-07-04 19:23:02.888444006,1.2286,0.3864,-1.5712,214.1340819289207,-230.02248806927682,-155.81142016406272,350.77193262099007
2017-07-04 19:23:03.288295984,0.9653,-1.0989,-1.3255,219.13572748271056,-235.46380525923024,-159.95924144885154,359.23617519874784
2017-07-04 19:23:03.488295972,0.4083,0.6163,-0.698,221.65380789210465,-238.16081885988842,-162.06183970852555,363.47630745730106
2017-07-04 19:23:03.688412010,1.8716,0.1686,-1.9328,224.24830031363302,-240.85264557490942,-164.2430597382363,367.7948881457764
2017-07-04 19:23:03.874800080,-0.205,-0.6353,0.0071,226.65768864891533,-243.3818835201302,-166.274401331325,371.8274137117453
2017-07-04 19:23:03.888302028,-0.1249,-0.5179,0.1638,226.8322019213258,-243.56519587995825,-166.42152181384864,372.1195713683397
2017-07-04 19:23:04.288453996,0.3282,0.8058,-0.6859,232.05673563529888,-248.86892682509898,-170.89150159076428,380.7754937082134
2017-07-04 19:23:04.488445997,1.8441,0.388,-1.5451,234.74166407857118,-251.50416040390172,-173.1873523862617,385.16470578365755
2017-07-04 19:23:04.688308000,0.2398,-0.74,-0.4465,237.43442604329783,-254.16724020570135,-175.499546204253,389.584629294062
2017-07-04 19:23:04.874840020,0.9458,-0.9782,-1.3002,239.98050008236874,-256.6867390933319,-177.70276550718518,393.7727711701936
2017-07-04 19:23:04.888301014,0.285,-0.7091,-0.2422,240.1642879390748,-256.86868601317013,-177.86180366056468,394.07515559446864
2017-07-04 19:23:05.288375973,0.5361,0.2185,-0.558,245.7124653060584,-262.24136753658,-182.67789901778534,403.1331854905879
2017-07-04 19:23:05.488305985,0.4257,-0.7588,-0.4684,248.50207973148727,-264.95659585806726,-185.10337589385347,407.699081537929
2017-07-04 19:23:05.687633991,0.2997,-0.7871,0.0028,251.29520197109088,-267.6949211846621,-187.52143820740756,412.2792004808494
2017-07-04 19:23:05.875759720,0.5128,0.2033,-0.9377,253.9494987908697,-270.2721569870758,-189.83679130909226,416.62380406442486
2017-07-04 19:23:05.888298988,0.5909,0.507,-0.7748,254.1265102924235,-270.4438594635573,-189.99123988717534,416.91346294982577
2017-07-04 19:23:06.288516998,0.0243,-0.6183,-0.1661,259.7801095878756,-276.023153303761,-194.94740714552458,426.23817056899435
2017-07-04 19:23:06.488294005,0.6494,-0.8628,-0.7249,262.6281374401991,-278.8426070439505,-197.45031079844193,430.9447334784084
2017-07-04 19:23:06.688309013,0.5506,0.215,-0.9434,265.5015855484139,-281.65681840251784,-199.99393790744637,435.68248815057757
2017-07-04 19:23:06.876190060,0.8045,0.1628,-0.708,268.2291134781353,-284.2945581938669,-202.4082471309386,440.1583256539986
2017-07-04 19:23:06.889276027,0.353,0.1306,-0.4821,268.4191470030644,-284.4782551371825,-202.57648699357253,440.470145647132
2017-07-04 19:23:07.288291990,0.4265,-0.8613,-0.4785,274.2815344052432,-290.21665427660355,-207.78262339572927,450.1440715153446
2017-07-04 19:23:07.488505005,0.7793,0.4901,-0.6846,277.2543249742003,-293.076347417435,-210.4223328414214,455.0178724960927
2017-07-04 19:23:07.687631011,2.0459,0.112,-1.4351,280.2920978040767,-295.91607360311866,-213.104614000506,459.93864723069436
2017-07-04 19:23:07.875260230,0.2515,-0.7202,-0.4503,283.16333503888063,-298.6171991164924,-215.64788301626416,464.60490243637827
2017-07-04 19:23:07.888310015,-0.1576,-0.5929,0.0724,283.36300539436536,-298.8051658528826,-215.82475738932936,464.92950634333664
2017-07-04 19:23:15.155472993,1.3296,-0.6768,-1.4609,464.7737933188131,-439.2229933570406,-391.4750915447495,749.7894798871532
2017-07-04 19:23:15.355491995,0.0666,0.9123,-0.3404,469.76954864502096,-443.0513084916802,-396.3232521185271,757.6608812391876
2017-07-04 19:23:15.556348025,2.3431,-1.3381,-1.7055,474.8807379429518,-446.9496273010534,-401.26050622889153,765.6929400698816
2017-07-04 19:23:15.755470991,-0.7682,-0.122,0.4459,479.9173668144622,-450.8191471930956,-406.1374798740157,773.6318472015314
2017-07-04 19:23:15.954667985,1.5496,-1.7847,-1.6664,485.0173554188495,-454.76092155850006,-411.08238845582366,781.6892355231556
2017-07-04 19:23:16.155453026,0.0136,0.8658,-0.2143,490.1585506547626,-458.6992163011598,-416.07535848019006,789.7968597998439
2017-07-04 19:23:16.355763018,3.1388,-1.3862,-1.7224,495.41352354079186,-462.68381322092864,-421.12562508414027,798.0336223657935
2017-07-04 19:23:16.555598974,-0.7298,-0.1897,0.4691,500.62691633850636,-466.66655610171364,-426.14520694015613,806.2287028781003
2017-07-04 19:23:16.755478024,1.4965,-0.9471,-1.2051,505.901221009323,-470.6879960417233,-431.2140169682188,814.511364847885
2017-07-04 19:23:16.954719007,-0.002,0.8744,-0.1294,511.15860930524485,-474.6618874476995,-436.2717827966167,822.7515419170132
2017-07-04 19:23:17.155622005,2.2884,-0.9685,-1.344,516.5522177626456,-478.7080186042483,-441.4259857026583,831.1705370169689
2017-07-04 19:23:17.355728983,-0.4635,-0.2156,0.388,521.9058957681029,-482.7467513650531,-446.5442299635835,839.5426965347194
2017-07-04 19:23:17.555467009,1.1177,-0.7707,-1.2856,527.294293755779,-486.8087849078223,-451.7043267106426,847.9733864101815
2017-07-04 19:23:17.755469977,0.0675,0.8355,-0.1673,532.69253925049,-490.84278553280967,-456.87796025361615,856.4026226304118
2017-07-04 19:23:17.954773008,2.4735,-1.084,-1.8362,538.1701444871853,-494.9057269566355,-462.1064249597463,864.9283964473079
2017-07-04 19:23:18.155691981,-0.3306,-0.5026,0.4743,543.6788161512458,-499.0218997421113,-467.35813512661485,873.517680429465
2017-07-04 19:23:18.355476975,1.8665,-1.4494,-1.7248,549.2308966459029,-503.1726924209217,-472.64904858493315,882.1759798117519
2017-07-04 19:23:18.555188000,0.1002,1.2193,-0.1248,554.7849179477467,-507.273317134773,-477.9429807042512,890.8097531255864
2017-07-04 19:23:18.755559027,2.4561,-0.7118,-1.3244,560.4559029457605,-511.41607126846884,-483.3075808686165,899.5795878206094
2017-07-04 19:23:18.954928994,-0.0528,-0.6248,0.185,566.0964568083675,-515.562962861404,-488.6380258695817,908.3157421354864
2017-07-04 19:23:19.155501008,1.3141,-0.4008,-1.2779,571.8238839600276,-519.7509808459328,-494.05201814794134,917.1755737008558
2017-07-04 19:23:19.355543971,-0.104,0.7509,-0.152,577.5320420268529,-523.8979031437619,-499.457812491951,925.9969648683424
2017-07-04 19:23:19.555471003,1.9644,-0.8147,-1.206,583.3154107170565,-528.0749863991305,-504.9086788198755,934.9079278667405
2017-07-04 19:23:19.755474984,-0.1392,-0.762,0.3609,589.0954371198924,-532.2841585663696,-510.34720653208177,943.8295029883758
2017-07-04 19:23:19.954524993,0.8416,-0.3777,-1.0556,594.8812391093181,-536.4882187875105,-515.8016175733014,952.7615684069482
2017-07-04 19:23:20.155673027,0.008,0.7675,-0.1336,600.7283482377567,-540.7055371459733,-521.3189246725997,961.7746344641112
2017-07-04 19:23:20.355476021,1.3964,-1.3335,-0.9467,606.5921048347103,-544.9478900390523,-526.8371319860611,970.8138586490808
2017-07-04 19:23:20.555454015,0.1225,-0.5984,0.1962,612.465896199414,-549.2178893839409,-532.3523262186969,979.8743609550971
2017-07-04 19:23:20.755469024,0.6755,0.0657,-0.9,618.3677988312644,-553.48605069147,-537.9045466916708,988.9726205982831
2017-07-04 19:23:20.954870998,0.1806,0.5586,-0.2709,624.2587933193953,-557.7189197425324,-543.450521209102,998.0420349252879
2017-07-04 19:23:21.155520021,1.1566,-1.1192,-1.0439,630.233194514888,-562.0233199503515,-549.0732073925074,1007.2464835941356
2017-07-04 19:23:21.355457007,0.0949,-0.8663,0.0636,636.1901881454714,-566.3470754337272,-554.6733981256782,1016.4396410673845
2017-07-04 19:23:21.555617988,0.593,0.0001,-1.0328,642.177613762767,-570.6756709349154,-560.3212414404661,1025.6815795481766
2017-07-04 19:23:21.755452990,0.4797,0.3078,-0.5289,648.1744447068793,-574.9849252602766,-565.981007874603,1034.926217815738
2017-07-04 19:23:21.954715013,0.4161,-0.7437,-0.6848,654.1706025724533,-579.3113527027219,-571.6517365105128,1044.1870179693622
2017-07-04 19:23:22.155456006,0.1301,-0.7989,0.0545,660.2165079767143,-583.7020851462568,-577.3623584558932,1053.5374955694772
2017-07-04 19:23:22.355499029,0.7421,0.0475,-1.0497,666.2710887339441,-588.0756503362596,-583.0951308182041,1062.8970156064172
2017-07-04 19:23:22.555459976,0.3917,0.3666,-0.4431,672.3388472284729,-592.4327628147631,-588.8432681502891,1072.265125048259
2017-07-04 19:23:22.755470991,0.9003,-1.24,-1.1556,678.4441409891602,-596.8405717294237,-594.6390738438265,1081.7119527150787
2017-07-04 19:23:22.954707026,0.0507,-0.6293,0.2649,684.5277911862945,-601.2562818279565,-600.4019074018221,1091.1323768249717
2017-07-04 19:23:23.155528008,1.1641,-0.4745,-1.3132,690.7067846306894,-605.7262555820126,-606.2635451353799,1100.697799214839
2017-07-04 19:23:23.355524003,0.075,0.598,-0.2471,696.8633942066143,-610.1539473212188,-612.1109864447919,1110.219027644205
2017-07-04 19:23:23.555832028,1.3184,-1.1096,-0.998,703.0825077744707,-614.6330678811187,-618.007593880722,1119.8357946438548
2017-07-04 19:23:23.755446016,-0.0804,-0.6524,0.215,709.276869456933,-619.1226643294895,-623.8752036290397,1129.427651837978
2017-07-04 19:23:23.954711019,0.3817,-0.3355,-1.0262,715.4755575279222,-623.6177331640774,-629.773301892015,1139.0429150442774
2017-07-04 19:23:24.156002998,0.3865,0.2578,-0.4152,721.752960668792,-628.1480813614689,-635.7482204261398,1148.7702764814492
2017-07-04 19:23:24.355556011,0.5474,-0.9662,-0.7436,727.9979314177749,-632.6777672189106,-641.7011326994588,1158.4655752284716
2017-07-04 19:23:24.555464982,0.2791,-0.8523,-0.4454,734.2651956394377,-637.2495939975582,-647.6824634245045,1168.2144477813606
2017-07-04 19:23:24.755635976,0.6455,0.4226,-0.7611,740.5665386063139,-641.8104802052502,-653.7021300285656,1178.0008342138449
2017-07-04 19:23:24.954707026,0.7361,0.198,-0.7836,746.8624266706328,-646.3384576452275,-659.7197719387979,1187.765576067322
2017-07-04 19:23:25.155568003,0.1516,-0.7666,-0.235,753.2210398910337,-650.9380765098276,-665.8010019672714,1197.6448925309485
2017-07-04 19:23:25.355457007,0.9369,-1.5283,-0.7465,759.5863179836199,-655.5765018293297,-671.8826315856027,1207.5504937041303
2017-07-04 19:23:25.555419027,0.4834,0.3473,-0.8449,765.9732498592151,-660.202734761151,-678.0002658836689,1217.4838935379457
2017-07-04 19:23:25.755504012,0.6064,0.1666,-0.6223,772.3883859443916,-664.8251428922706,-684.146575329605,1227.4497243874134
2017-07-04 19:23:37.770823001,0.0554,-0.6079,-0.3848,1165.6222028416541,-1030.1669735024725,-1108.7918459152438,1910.3241794577193
2017-07-04 19:23:37.970995008,0.0283,-0.5983,0.375,1172.1745072096935,-1036.2774440588873,-1115.8512969566893,1921.7148938740713
2017-07-04 19:23:38.170624971,1.3412,-0.7292,-1.6434,1178.7625183171237,-1042.4004282938058,-1122.9571247508597,1933.1612533684704
2017-07-04 19:23:38.370755016,-0.0919,0.7859,-0.1021,1185.3633519054883,-1048.5072739842826,-1130.084842274734,1944.619636427051
2017-07-04 19:23:38.570098996,1.0036,-0.9901,-0.9726,1191.978140009922,-1054.6294779988984,-1137.2232129565075,1956.1011881323686
2017-07-04 19:23:38.770891010,0.1085,-0.7386,0.2924,1198.645352354358,-1060.8259321388073,-1144.4016479215195,1967.6781928924154
2017-07-04 19:23:38.970963001,1.1478,-0.4804,-1.4338,1205.3346017036472,-1067.0193961600773,-1151.6117349280153,1979.2855988638473
2017-07-04 19:23:39.169979989,-0.0949,0.8997,-0.1839,1211.984819082475,-1073.1445662184203,-1158.791086170099,1990.8147184200188
2017-07-04 19:23:39.370854020,2.6728,-1.3183,-2.0634,1218.8049386429554,-1079.3800846162767,-1166.1206874637485,2002.5943930955227
2017-07-04 19:23:39.570195972,-0.1806,-0.4988,0.3707,1225.5658641773116,-1085.5878652413019,-1173.3796548373687,2014.2821339082839
2017-07-04 19:23:39.770834982,1.7381,-0.6655,-1.7268,1232.4407499914144,-1091.862828400037,-1180.7553682059342,2026.1435975340594
2017-07-04 19:23:39.971091985,-0.0812,0.7686,-0.1501,1239.2992900016209,-1098.0950212677349,-1188.1230580122856,2037.967567679126
2017-07-04 19:23:40.170917987,2.1322,-0.9281,-1.7566,1246.22820845734,-1104.3508603978485,-1195.5450325820163,2049.8788977273252
2017-07-04 19:23:40.370884001,0.1001,-0.4164,0.2318,1253.165984434729,-1110.6277331438828,-1202.9629386544327,2061.8047380750418
2017-07-04 19:23:40.570029020,1.989,-0.9546,-1.8437,1260.1541574059088,-1116.9166933368474,-1210.4235080489102,2073.7927739095207
2017-07-04 19:23:40.770839989,0.0706,0.636,-0.2634,1267.2036369685127,-1123.232617171523,-1217.9571105413781,2085.875378094894
2017-07-04 19:23:40.970963001,1.6898,-1.0905,-1.1323,1274.296640936515,-1129.570576997916,-1225.510251445518,2098.0078631691417
2017-07-04 19:23:41.171230018,-0.2002,-0.4376,0.4133,1281.3867195084372,-1135.9306482785942,-1233.0522512843022,2110.1441223358433
2017-07-04 19:23:41.370829999,1.1056,-0.3413,-1.3489,1288.497230192864,-1142.2831333027984,-1240.6228711155118,2122.3055805367985
2017-07-04 19:23:41.570087015,0.0135,0.6376,-0.1323,1295.5960591545484,-1148.599388234039,-1248.185735395041,2134.4360691274087
2017-07-04 19:23:41.771000027,1.177,-1.0351,-1.0431,1302.8013962756143,-1155.0099195251782,-1255.8535593512624,2146.743476728061
2017-07-04 19:23:41.970932006,0.2198,-0.6182,0.0567,1309.9803366612239,-1161.4138601799064,-1263.4816758287498,2159.0082404224563
2017-07-04 19:23:42.170951008,0.6823,-0.5013,-1.2684,1317.189698960487,-1167.8406440437427,-1271.16385818468,2171.3355400036826
2017-07-04 19:23:42.370836019,0.2048,0.4752,-0.2376,1324.4024143530899,-1174.2441365114628,-1278.8503873876602,2183.655046154821
2017-07-04 19:23:42.570097029,1.0708,-1.1254,-1.1335,1331.6351291523404,-1180.6723225081225,-1286.5579263457714,2196.012419858418
2017-07-04 19:23:42.770841002,0.0118,-0.7164,0.1447,1338.9221476041241,-1187.177218672706,-1294.3169960875587,2208.474304184095
2017-07-04 19:23:42.970840990,0.7063,-0.4198,-1.0434,1346.2104113516846,-1193.6747987880904,-1302.089045635967,2220.940764554211
2017-07-04 19:23:43.170871973,0.0486,0.7695,-0.1035,1353.5017492003433,-1200.1425963287074,-1309.866440940622,2233.396366459266
2017-07-04 19:23:43.370361983,2.0981,-0.9895,-1.8487,1360.8568645609123,-1206.6322804631902,-1317.6963740527606,2245.9333472456724
2017-07-04 19:23:43.570110976,-0.1423,-0.7683,0.5333,1368.215850797488,-1213.1610445794538,-1325.5151936942361,2258.487295331296
2017-07-04 19:23:43.770879983,1.1871,-0.6711,-1.3519,1375.6602653986424,-1219.7501985204387,-1333.428432620228,2271.1809917986175
2017-07-04 19:23:43.970961987,0.1863,0.5991,-0.2739,1383.086664383544,-1226.2928216579053,-1341.3255585537863,2283.829472547137
2017-07-04 19:23:44.170890986,1.9346,-1.3983,-1.3387,1390.584713382426,-1232.8863338712956,-1349.2701554518303,2296.57669363174
2017-07-04 19:23:44.370844006,-0.1173,-0.5296,0.2954,1398.07897345834,-1239.501812328629,-1357.2038964250507,2309.327169385841
2017-07-04 19:23:44.570065975,0.794,-0.6583,-1.5159,1405.5773470443994,-1246.1192313711085,-1365.1687958889916,2322.099622881476
2017-07-04 19:23:44.770843029,0.0144,0.7282,-0.1321,1413.134831850057,-1252.7589498218595,-1373.2011928306772,2334.959647475359
2017-07-04 19:23:44.971006989,3.4743,-1.4182,-2.358,1420.8084390272882,-1259.4352142384191,-1381.3035367079995,2347.950838454025
2017-07-04 19:23:45.170832991,-0.405,-0.392,0.4725,1428.4529182167244,-1266.1158591400974,-1389.3733334118788,2360.9077423575827
2017-07-04 19:23:45.370889008,2.2906,-1.7204,-2.436,1436.1978721181406,-1272.8730485286828,-1397.5499136591072,2374.0294620572754
2017-07-04 19:23:45.570083022,0.0538,1.3002,-0.3038,1443.9115891890604,-1279.549532817013,-1405.7033168445182,2387.0755118584734
2017-07-04 19:23:45.770187973,2.817,-1.809,-1.9511,1451.7733802598748,-1286.3289853937897,-1413.9721324043292,2400.334434513542
2017-07-04 19:23:45.971099019,-0.5867,-0.3683,0.5404,1459.6431591727555,-1293.1506145745757,-1422.2524443588245,2413.627701112803
2017-07-04 19:23:46.170982003,1.9203,-1.3963,-1.791,1467.5493905639457,-1299.9931241361555,-1430.5619421439899,2426.971529881773
2017-07-04 19:23:46.370889008,-0.0446,0.9516,-0.1493,1475.4547897476066,-1306.7984273878453,-1438.8784049732753,2440.2991682805896
2017-07-04 19:23:46.570170998,2.4942,-1.2851,-1.6777,1483.4345254150176,-1313.6334892398718,-1447.2354931651305,2453.711781754882
2017-07-04 19:23:46.771028995,-0.3917,-0.5392,0.3619,1491.461565517294,-1320.5443591269132,-1455.6440723058724,2467.2240820558704
2017-07-04 19:23:46.970843017,1.3099,-1.0539,-1.7589,1499.499183057053,-1327.4613868678937,-1464.0791724192675,2480.7618500625745
2017-07-04 19:23:47.170832991,0.0386,0.7824,-0.2223,1507.5454221979555,-1334.353212734807,-1472.5305914118583,2494.3011123297583
2017-07-04 19:23:47.371037006,2.1823,-1.1051,-1.3152,1515.687743075521,-1341.29670886677,-1481.0437709917007,2507.9626885820117
2017-07-04 19:23:47.570132017,-0.4669,-0.395,0.4482,1523.7664532630986,-1348.217399743783,-1489.4920268041958,2521.535416958319
2017-07-04 19:23:47.770835995,0.7806,-1.0189,-1.5001,1531.9418949595884,-1355.2350629303703,-1498.068983534131,2535.2946031487627
2017-07-04 19:23:47.970826029,0.0107,0.7799,-0.1132,1540.0886829399835,-1362.1965700010485,-1506.6199578704798,2548.991240490261
2017-07-04 19:23:48.170911014,2.0194,-1.2355,-1.7425,1548.3201835035134,-1369.2108442552233,-1515.2447512740807,2562.8110314523983
2017-07-04 19:23:48.370884001,-0.2356,-0.3984,0.3839,1556.5376550124604,-1376.2371239498214,-1523.84936507889,2576.6169642111536
2017-07-04 19:24:00.206270992,0.5654,-1.0716,-1.6868,2122.0873091248536,-1942.1928415834304,-2269.393666787996,3664.0844963379527
2017-07-04 19:24:00.405970990,0.5019,-1.0138,-0.5604,2131.649916567992,-1951.7827152059447,-2281.995679919798,3682.5115637773138
2017-07-04 19:24:00.605973005,0.7353,0.5294,-0.749,2141.2563986470554,-1961.3659156811336,-2294.6467123545362,3700.991590704055
2017-07-04 19:24:00.806007027,0.2825,0.4431,-0.2772,2150.8757219288027,-1970.9329197577872,-2307.3108611495327,3719.4793123966024
2017-07-04 19:24:01.206210017,0.0957,-0.8272,0.1233,2170.1361853792505,-1990.2058683226044,-2332.6279541393055,3756.536121725739
2017-07-04 19:24:01.406108021,0.7788,-0.0482,-0.9903,2179.787743981247,-1999.8344689331961,-2345.3131992731246,3775.0902657590736
2017-07-04 19:24:01.528401100,0.8492,-1.2856,-0.8367,2185.705049597923,-2005.7442559924343,-2353.0862587710258,3786.466892170263
2017-07-04 19:24:01.605970978,0.505,0.3379,-0.4273,2189.4614050822693,-2009.4907706922722,-2358.019241975878,3793.6854307349654
2017-07-04 19:24:01.805974006,0.3233,-0.7142,-0.5455,2199.1595721356075,-2019.1792011393368,-2370.7600665009986,3812.334030872056
2017-07-04 19:24:02.205978989,0.6906,0.5485,-0.8154,2218.6663529654306,-2038.4682478692694,-2396.372114448282,3849.7314833969217
2017-07-04 19:24:02.406921982,1.8487,0.0219,-1.7331,2228.5402551689517,-2048.157239832617,-2409.3083373571203,3868.605228302029
2017-07-04 19:24:02.530499200,0.192,-0.926,-0.34,2234.61550333193,-2054.129979858692,-2417.269131417345,3880.2250547602066
2017-07-04 19:24:02.605973005,-0.3145,-0.4717,0.1954,2238.3241214403665,-2057.780470363491,-2422.1300101447773,3887.3215872725423
2017-07-04 19:24:02.806219995,0.5853,-1.0717,-0.8924,2248.187291489719,-2067.5089204231963,-2435.0626707568267,3906.2090886380797
2017-07-04 19:24:03.205951988,1.0982,0.0421,-1.2543,2268.0515765200503,-2086.922074520351,-2461.0791993199055,3944.136473830554
2017-07-04 19:24:03.406067013,-0.1925,-0.5479,0.0099,2277.9883854001228,-2096.662686959978,-2474.1032751481684,3963.1316560274636
2017-07-04 19:24:03.606122016,1.0179,-1.4096,-1.1099,2287.962952256698,-2106.456792841833,-2487.1678649901974,3982.2027421577345
2017-07-04 19:24:03.649398500,0.4732,0.8218,-0.6495,2290.1215659986897,-2108.573943391375,-2489.995251736007,3986.3287891830005
2017-07-04 19:24:03.805954992,0.467,0.772,-0.7321,2297.9419874477203,-2116.214000280579,-2500.241516005453,4001.2631394368395
2017-07-04 19:24:04.206139028,-0.3498,-0.5236,0.2947,2317.876246068796,-2135.8270901639726,-2526.3854503194107,4039.422123863002
2017-07-04 19:24:04.405960977,2.1191,-1.8899,-1.8249,2327.914535649668,-2145.6958604370307,-2539.512640016264,4058.61075487512
2017-07-04 19:24:04.541001500,1.4648,0.361,-1.2746,2334.7251664515143,-2152.358634185212,-2548.407294177609,4071.605215394946
2017-07-04 19:24:04.605962991,0.1747,0.7897,-0.5595,2338.002170109837,-2155.560441173497,-2552.688444945402,4077.8564540636007
2017-07-04 19:24:04.806491017,2.9826,-0.5249,-2.0885,2348.237806749265,-2165.4651272879,-2565.9878054636515,4097.286105745457
2017-07-04 19:24:05.206094980,2.7799,-1.6849,-2.2872,2369.0788641180266,-2185.471826884236,-2592.8554491884147,4136.631618950561
2017-07-04 19:24:05.406041026,0.1094,0.914,-0.2878,2379.511280022112,-2195.4458491845794,-2606.310463114906,4156.309738048466
2017-07-04 19:24:05.533401900,-0.3689,-0.4429,0.3135,2386.150496885035,-2201.8062482675746,-2614.875901633532,4168.841677209463
2017-07-04 19:24:05.606113016,2.0563,-0.2179,-1.8638,2389.9517385978615,-2205.4385917250283,-2619.7758175540553,4176.009342534812
2017-07-04 19:24:05.806249022,-0.1869,-0.525,0.3078,2400.40710014641,-2215.4575786823766,-2633.2504170202938,4195.73763337414
2017-07-04 19:24:06.206201970,0.2104,0.9555,-0.3778,2421.3348110117468,-2235.3267359331,-2660.2385680427838,4235.1407440954
2017-07-04 19:24:06.406042993,1.5473,-0.2798,-1.4247,2431.853372557359,-2245.265759738244,-2673.780400986974,4254.906672322393
2017-07-04 19:24:06.536000700,1.0966,-1.4124,-1.5757,2438.7121709722633,-2251.753015148245,-2682.6133408010114,4267.800725235543
2017-07-04 19:24:06.606014013,-0.1581,-0.5744,0.1991,2442.40649965869,-2255.250769663399,-2687.371015897886,4274.747772761617
2017-07-04 19:24:06.806083977,1.4016,-1.2457,-1.625,2453.019512363906,-2265.2958118755164,-2701.0315883553667,4294.699230986068
2017-07-04 19:24:07.205793023,2.6691,-0.1432,-2.3602,2474.64911594709,-2285.3871414086475,-2728.7003959202843,4335.05345801747
2017-07-04 19:24:07.405986011,-0.5143,-0.4007,0.5272,2485.4616214998846,-2295.465878026811,-2742.537100335337,4355.24888104572
2017-07-04 19:24:07.550699200,-0.0087,1.0288,-0.2009,2493.277458114229,-2302.729933411077,-2752.5434242277775,4369.839005229771
2017-07-04 19:24:07.605971992,1.8697,-1.3928,-2.2624,2496.2684068221856,-2305.5086738751756,-2756.3722230679027,4375.421583837669
2017-07-04 19:24:07.805971026,0.1563,0.8281,-0.495,2507.097105587617,-2315.5301428518155,-2770.2461460663126,4395.620485107468
2017-07-04 19:24:08.205488026,-0.323,-0.4068,0.317,2528.676901022233,-2335.6139065558614,-2797.9100228148495,4435.944058036387
2017-07-04 19:24:08.405969977,1.0968,-1.1706,-1.2673,2539.5499594327857,-2345.739206310176,-2811.8429919309974,4456.261598217414
2017-07-04 19:24:08.515598000,2.1151,-0.7913,-1.8154,2545.5210113175553,-2351.285457176632,-2819.4836696673788,4467.405139867046
2017-07-04 19:24:08.606079995,0.3342,0.9913,-0.4168,2550.451982655035,-2355.854965174964,-2825.79335065662,4476.602058859342
2017-07-04 19:24:08.805738985,2.8615,-0.1624,-2.0112,2561.4468113972607,-2365.9445870951504,-2839.7965656364177,4497.015464841368
2017-07-04 19:24:09.206435024,2.9756,-1.9461,-2.5991,2583.9901102348663,-2386.505930737352,-2868.3169511922492,4538.684564907871
2017-07-04 19:24:09.405743002,-0.01,0.8897,-0.1516,2595.2028493196176,-2396.6978916493063,-2882.50913893157,4559.3966211525085
2017-07-04 19:24:09.606115996,2.3046,-1.4926,-1.7608,2606.568032614549,-2407.0042409110756,-2896.8478585622333,4580.348659225472
2017-07-04 19:24:09.607901800,-0.5404,-0.5145,0.5361,2606.669321935347,-2407.0960968450495,-2896.9756492379506,4580.535392903673
2017-07-04 19:24:09.806002974,-0.5383,-0.2465,0.5479,2617.8843310300153,-2417.295448861238,-2911.1301056251145,4601.229634523213
2017-07-04 19:24:10.206031978,-0.0704,0.9907,-0.13,2640.5197202718587,-2437.7326354737224,-2939.7332384501374,4642.942634628041
2017-07-04 19:24:10.405987024,2.6317,-1.9163,-2.0601,2651.9392712956087,-2448.0248087625328,-2954.112920561514,4663.945809117554
2017-07-04 19:24:10.536698100,1.5698,-1.6292,-2.1767,2659.4310788474577,-2454.780661753692,-2963.5501417715395,4677.729278533951
2017-07-04 19:24:10.606087028,-0.3584,-0.3284,0.5103,2663.4064338931203,-2458.368636773992,-2968.5575024743225,4685.04469902624
2017-07-04 19:24:10.805653989,1.1861,-1.7792,-1.8492,2674.8870460891494,-2468.7587408073573,-2983.0326377060683,4706.195294212501
2017-07-04 19:24:18.238821029,-0.1114,0.7841,-0.0807,3096.34438149533,-2812.4304828204313,-3526.639322617689,5471.224603445614
2017-07-04 19:24:19.838826000,2.168,-0.3053,-1.9771,3192.614081333298,-2887.188127068025,-3648.713221977021,5642.849291770972
2017-07-04 19:24:20.238390982,1.9424,-1.6123,-1.6179,3216.965365576595,-2906.1145617535312,-3679.4567131421345,5686.191142869012
2017-07-04 19:24:20.380660290,-0.3201,-0.5338,0.1565,3225.629417062212,-2912.8643219940786,-3690.400088387022,5701.624023638359
2017-07-04 19:24:20.439368009,0.3723,0.8526,-0.6342,3229.205938678616,-2915.6466857030973,-3694.918080247239,5707.993185874229
2017-07-04 19:24:20.638943970,1.3988,0.2131,-1.526,3241.419982266256,-2925.0967991750263,-3710.337703466641,5729.7120922211325
2017-07-04 19:24:20.838746011,-0.5699,-0.4877,0.3185,3253.6251110483768,-2934.5770871534046,-3725.7620792698694,5751.445219683107
2017-07-04 19:24:21.238924980,0.166,1.0072,-0.5045,3278.097069993603,-2953.403644342519,-3756.7360034174285,5794.9615085942605
2017-07-04 19:24:21.380589960,2.8589,-1.7511,-2.3049,3286.817617999988,-2960.1034648022664,-3767.7471552999646,5810.447590556211
2017-07-04 19:24:21.438582003,2.9775,-1.6365,-2.247,3290.3974792050585,-2962.8516101398577,-3772.2622424598826,5816.800465956849
2017-07-04 19:24:21.638952970,-0.6491,-0.2362,0.5505,3302.740361402377,-2972.356336193705,-3787.8404253831795,5838.726845153334
2017-07-04 19:24:21.838882982,1.0657,-1.5324,-1.9261,3315.0986788750233,-2981.901398370384,-3803.461315595038,5860.710979011857
2017-07-04 19:24:22.239435970,2.7614,-0.6205,-1.9524,3340.3011946165834,-3001.1241609163026,-3835.0704868582643,5905.262393760656
2017-07-04 19:24:22.380589960,0.0373,0.8706,-0.1229,3349.1832487899183,-3007.880873837995,-3846.211937847553,5920.956177511909
2017-07-04 19:24:22.438862979,-0.1973,-0.5701,0.7686,3352.8493834928036,-3010.6722035231123,-3850.808886028688,5927.434114536601
2017-07-04 19:24:22.638058006,2.0636,-0.9916,-1.9458,3365.463235663705,-3020.2531686828193,-3866.5998696149522,5949.694659833309
2017-07-04 19:24:22.839148998,0.03,0.8849,-0.1435,3378.1983613000257,-3029.889543533939,-3882.546956695967,5972.154191349684
2017-07-04 19:24:23.238804996,-0.4333,-0.5217,0.6648,3403.43943265692,-3049.1245752888863,-3914.1346278657666,6016.727560098809
2017-07-04 19:24:23.380499950,2.5535,-0.9053,-1.6826,3412.4397277713074,-3055.9623836805267,-3925.3675755715894,6032.591614678642
2017-07-04 19:24:23.439010977,2.2449,-1.3464,-2.0378,3416.163964188399,-3058.7905742164185,-3930.0130468562547,6039.153794663204
2017-07-04 19:24:23.639060974,-0.0273,0.7213,-0.0928,3428.896086598007,-3068.4313296920423,-3945.8996902080567,6061.577646364586
2017-07-04 19:24:23.838802993,2.232,-1.7621,-1.6853,3441.697657662748,-3078.127545456939,-3961.829114192665,6084.09745836855
2017-07-04 19:24:24.238808989,1.3299,-1.3508,-1.6858,3467.5470427343193,-3097.7614492365565,-3993.999324393582,6129.603502120515
2017-07-04 19:24:24.383149980,-0.2069,-0.3809,0.5213,3476.8704069362457,-3104.8542216498563,-4005.59698950258,6146.019427779096
2017-07-04 19:24:24.438799023,0.1595,0.5513,-0.3134,3480.4654189136613,-3107.5870528751975,-4010.0693091734565,6152.3485505802
2017-07-04 19:24:24.638800978,2.6865,-1.6479,-2.0148,3493.4933084822715,-3117.4747309397535,-4026.223362944216,6175.2424051834705
2017-07-04 19:24:24.838991999,-0.3354,-0.3553,0.4518,3506.520071945727,-3127.3859951925165,-4042.3745809395546,6198.146370529724
2017-07-04 19:24:25.238288998,-0.0741,0.7618,-0.2549,3532.491178953094,-3147.033344326687,-4074.6301174802065,6243.790787171059
2017-07-04 19:24:25.381469720,1.0629,-1.5372,-1.785,3541.825741018426,-3154.110044050249,-4086.2329665123784,6260.21082762649
2017-07-04 19:24:25.439025998,1.7083,-1.2518,-1.4454,3545.583739440335,-3156.9589069604117,-4090.9019077981316,6266.819928228892
2017-07-04 19:24:25.639005005,-0.3092,-0.3595,0.4568,3558.62852121213,-3166.8716442188866,-4107.105853343737,6289.771971503614
2017-07-04 19:24:25.838836014,0.6343,-0.3326,-1.1916,3571.6889781042455,-3176.7903269078197,-4123.345390359096,6312.759788368479
2017-07-04 19:24:26.238933026,0.8313,-0.9285,-0.9691,3597.9713945372623,-3196.7979154357176,-4156.014945985696,6359.038866000038
2017-07-04 19:24:26.381090040,0.2547,0.3514,-0.5118,3607.314851453702,-3203.8996376310365,-4167.63298973143,6375.488848914133
2017-07-04 19:24:26.438813984,0.2267,-0.8669,0.067,3611.1095890520137,-3206.786234862148,-4172.350362103618,6382.170317720372
2017-07-04 19:24:26.638862013,0.7094,0.1865,-1.0146,3624.289016614113,-3216.7825590760804,-4188.739485462096,6405.3648908860005
2017-07-04 19:24:26.838814973,0.277,0.3262,-0.303,3637.4732556938916,-3226.7610908651604,-4205.1329345025515,6428.556744732653
2017-07-04 19:24:27.239023983,0.0741,-0.7596,0.2368,3663.873587002327,-3246.854943011223,-4237.906754275165,6475.020489575363
2017-07-04 19:24:27.380629890,0.7148,-1.2775,-0.9944,3673.2291464642994,-3253.9903650833794,-4249.52305101611,6491.495345419849
2017-07-04 19:24:27.438847005,0.5884,-0.2113,-0.9782,3677.0774045390176,-3256.924600713009,-4254.302066032697,6498.272244431674
2017-07-04 19:24:27.638827025,0.1967,0.4998,-0.3415,3690.304317062833,-3266.983925292489,-4270.731987122162,6521.555153985934
2017-07-04 19:24:27.838859975,0.6968,-0.8468,-0.8249,3703.5626116233634,-3277.0797954999425,-4287.199263697746,6544.899199448293
2017-07-04 19:24:28.238816022,0.5161,0.2716,-0.7724,3730.154477480509,-3297.222545069723,-4320.248330282202,6591.682226328125
2017-07-04 19:24:28.383440250,0.1424,-0.9023,0.1062,3739.773082708517,-3304.5250420861703,-4332.196661494062,6608.609261999537
2017-07-04 19:24:28.438857972,0.5273,0.2003,-0.4799,3743.4603998539856,-3307.322628563387,-4336.776547302205,6615.097093460747
2017-07-04 19:24:28.638985991,0.192,-0.5352,-0.4392,3756.783964992335,-3317.4468870368823,-4353.3333140948625,6638.553347796671
2017-07-04 19:24:28.838808000,0.058,-0.8886,-0.1635,3770.0894733227415,-3327.591145560858,-4369.871292776007,6661.99764217174
2017-07-04 19:24:36.405875980,0.2242,0.7607,-0.5049,4286.794130461486,-3668.186418141125,-5025.059531586841,7555.356961202153
2017-07-04 19:24:39.605708003,2.787,-1.139,-1.5432,4533.825224496345,-3823.873645436375,-5317.915014423673,7966.040479634467
2017-07-04 19:24:39.805848002,-0.5128,-0.3307,0.539,4549.255745749744,-3833.6246660985717,-5336.210665766009,7991.717599502084
2017-07-04 19:24:40.205115973,-0.0327,0.7917,-0.0364,4580.033549485978,-3852.9511916702977,-5372.715257446928,8042.885641199538
2017-07-04 19:24:40.405771970,1.8417,-1.2166,-1.4859,4595.575385757329,-3862.7129085769066,-5391.120821110774,8068.70794167687
2017-07-04 19:24:40.565898400,1.0242,-1.2659,-1.7155,4608.004260133332,-3870.5353601857632,-5405.852717227254,8089.375182064963
2017-07-04 19:24:40.605665981,-0.4882,-0.5144,0.4469,4611.090213150777,-3872.4788884424656,-5409.510693627461,8094.507498280382
2017-07-04 19:24:40.805661022,0.7945,-0.2211,-1.0306,4626.641550087782,-3882.2619250427915,-5427.948235443231,8120.368940773992
2017-07-04 19:24:41.205021977,1.9483,-1.4057,-1.6826,4658.006036673598,-3902.0214175476626,-5465.033676341277,8172.477253821671
2017-07-04 19:24:41.405668020,-0.0973,-0.6905,0.4856,4673.76019509799,-3911.976736560416,-5483.646511404754,8198.656927248134
2017-07-04 19:24:41.572198600,0.2763,0.44,-0.2444,4686.843366563369,-3920.2271694477895,-5499.101419522217,8220.389177220683
2017-07-04 19:24:41.605853974,1.233,-0.3547,-1.0755,4689.488836274204,-3921.8949610949817,-5502.226032315198,8224.78309392349
2017-07-04 19:24:41.805667996,0.5813,0.2816,-0.5235,4705.218361165366,-3931.7854994516388,-5520.7979514039935,8250.892500825132
2017-07-04 19:24:42.204963028,0.0305,-0.8027,0.274,4736.656058781866,-3951.6780721938335,-5557.867151832713,8303.105291568547
2017-07-04 19:24:42.405650973,0.554,0.1431,-0.9253,4752.479136402228,-3961.670428495327,-5576.535609017013,8329.38412636778
2017-07-04 19:24:42.570797900,0.2039,-0.6593,-0.3969,4765.505572464593,-3969.9111606011334,-5591.908783293864,8351.02878841497
2017-07-04 19:24:42.605767011,0.5808,0.243,-0.4858,4768.264571304644,-3971.6558010106473,-5595.164577112395,8355.612692593759
2017-07-04 19:24:42.805675029,0.03,-0.7114,-0.323,4784.038146850294,-3981.6578217176157,-5613.789891170658,8381.840904119676
2017-07-04 19:24:43.205039024,0.5084,0.5046,-0.9388,4815.630715552939,-4001.5587666509336,-5651.1481336040215,8434.349232719384
2017-07-04 19:24:43.405189990,0.4586,0.1926,-0.4749,4831.48247039434,-4011.5248929312324,-5669.890148859135,8460.68609088321
2017-07-04 19:24:43.566697100,0.3761,-0.8279,-0.1123,4844.283481174841,-4019.588419303718,-5685.016506133719,8481.956506702734
2017-07-04 19:24:43.605663001,-0.0806,-0.5868,-0.3925,4847.371785793777,-4021.5347513702213,-5688.666552190858,8487.089143410885
2017-07-04 19:24:43.805649995,0.2303,-0.9066,-0.33,4863.2312847052335,-4031.5602856177957,-5707.413097328559,8513.463521309288
2017-07-04 19:24:44.204999029,0.6508,0.0893,-0.683,4895.004511375656,-4051.565783054104,-5744.956529754098,8566.258225711334
2017-07-04 19:24:44.405897021,-0.142,-0.5598,-0.0766,4910.98273637878,-4061.652415611753,-5763.8463583571765,8592.828208744922
2017-07-04 19:24:44.565797000,0.5916,0.6031,-0.8199,4923.715350608492,-4069.665210854125,-5778.902231404009,8613.992035193689
2017-07-04 19:24:44.605710029,0.6116,-0.8458,-0.9037,4926.894544228238,-4071.6666518822444,-5782.661804729614,8619.277041717287
2017-07-04 19:24:44.805743992,0.5635,0.7364,-0.7236,4942.850402756199,-4081.667899922173,-5801.532785095691,8645.783111194865
2017-07-04 19:24:45.204955995,-0.206,-0.6175,0.1588,4974.661016208457,-4101.726012890914,-5839.16869101776,8698.695276486711
2017-07-04 19:24:45.405987977,1.331,-1.6736,-1.3303,4990.7337409100855,-4111.894353347298,-5858.174841539623,8725.440442739586
2017-07-04 19:24:45.572502600,1.3335,0.234,-1.3612,5004.083739487483,-4120.310293119409,-5873.955362318222,8747.637542896697
2017-07-04 19:24:45.605727970,0.3512,0.8018,-0.5879,5006.747909106441,-4121.988676201706,-5877.104765654754,8752.066938647044
2017-07-04 19:24:45.805787026,1.8522,-0.5466,-2.0204,5022.863736082722,-4132.116557504754,-5896.149049764853,8778.845081962821
2017-07-04 19:24:46.205115020,1.0518,-0.7574,-1.4704,5055.199464826697,-4152.453097975406,-5934.3968782057855,8832.608599283014
2017-07-04 19:24:46.405655026,0.5075,1.054,-0.597,5071.4586741135045,-4162.623592667605,-5953.628706119564,8859.617544104542
2017-07-04 19:24:46.605951011,2.377,-1.1313,-1.7395,5087.793460507353,-4172.827097741265,-5972.906918467897,8886.717354631397
2017-07-04 19:24:46.612801300,-0.3579,-0.6568,0.3671,5088.352106970407,-4173.176096908422,-5973.566232110904,8887.644200221655
2017-07-04 19:24:46.805669009,-0.5648,-0.4488,0.6,5104.059611132832,-4183.018751949785,-5992.106679353563,8913.720483048284
2017-07-04 19:24:47.205247998,0.0935,0.7984,-0.2474,5136.616994097035,-4203.283068431551,-6030.557862375026,8967.722722568034
2017-07-04 19:24:47.405695974,2.8331,-1.1874,-1.9041,5153.0631703687295,-4213.496330023653,-6049.92332463959,8994.953229169765
2017-07-04 19:24:47.590097900,1.4949,-1.439,-2.0055,5168.243647364919,-4222.940942225969,-6067.80675850307,9020.10263015847
2017-07-04 19:24:47.605804026,-0.6071,-0.381,0.6565,5169.536469372902,-4223.745465278882,-6069.329788160772,9022.244573336286
2017-07-04 19:24:47.805648982,1.1685,-0.9002,-1.6291,5186.033021348031,-4234.018179491792,-6088.773900776756,9049.586513071157
2017-07-04 19:24:48.205020010,2.882,-1.0089,-1.5151,5219.459473442192,-4254.708132932666,-6127.872754109606,9104.730802275686
2017-07-04 19:24:48.405645012,-0.264,-0.4794,0.5109,5236.24070640742,-4265.1210771306305,-6147.493593737066,9132.42311892415
2017-07-04 19:24:48.571101900,0.0034,0.7175,-0.1036,5250.080403500962,-4273.689065142765,-6163.677878025071,9155.254636153017
2017-07-04 19:24:48.605238974,1.48,-1.2487,-1.5192,5252.937535249991,-4275.458268048474,-6167.018790811043,9159.968172285251
2017-07-04 19:24:48.805649995,0.0964,0.668,-0.1311,5269.714979769844,-4285.81802721008,-6186.63779781408,9187.634046462203
2017-07-04 19:24:49.564402300,1.7499,-1.092,-1.2618,5334.241491172756,-4325.6685478300715,-6261.641408968666,9293.744875255956
2017-07-04 19:24:56.405420005,-0.1927,-0.6098,0.2894,5907.003342907348,-4713.504806733721,-6924.340754596414,10249.698090284675
2017-07-04 19:24:56.605414986,0.6747,0.0062,-0.5626,5923.774840471361,-4724.8428286608705,-6943.737062469776,10277.681280759098
2017-07-04 19:24:56.805411994,0.293,-0.7651,-0.5006,5940.558227668108,-4736.211568586091,-6963.1535903305385,10305.699394085636
2017-07-04 19:24:57.204940974,0.6786,-0.5696,-1.2129,5974.194297524761,-4759.013535166346,-7002.135105683371,10361.906357939997
2017-07-04 19:24:57.404733002,0.4207,0.4077,-0.4456,5991.031443879024,-4770.399816007001,-7021.646337156451,10390.028366188872
2017-07-04 19:24:57.490802500,-0.0607,-0.7744,0.2052,5998.2843603735955,-4775.310710787922,-7030.050166921744,10402.144634733011
2017-07-04 19:24:57.605409026,0.4996,-1.0296,-0.6346,6007.948601208709,-4781.86337531286,-7041.248688673319,10418.293854113921
2017-07-04 19:24:57.805664002,0.2974,-0.7307,-0.1582,6024.847107967233,-4793.342319741771,-7060.822502341093,10446.536635563716
2017-07-04 19:24:58.204657018,0.4234,0.2697,-0.4378,6058.5835182547735,-4816.170320327728,-7099.891553350568,10502.875362081224
2017-07-04 19:24:58.405475974,0.5623,-0.768,-0.6611,6075.586218093676,-4827.690955305912,-7119.582232827704,10531.27717911879
2017-07-04 19:24:58.541299500,0.6302,-0.1623,-0.9715,6087.097588337569,-4835.485909381888,-7132.917909394684,10550.50704620111
2017-07-04 19:24:58.605397999,0.2132,-1.1133,-0.2655,6092.530966128626,-4839.169116145984,-7139.21243757938,10559.585481295439
2017-07-04 19:24:58.805399000,0.5906,0.2922,-0.7006,6109.50788902226,-4850.649819445347,-7158.880733588602,10587.939538675902
2017-07-04 19:24:59.204666018,-0.1036,-0.7114,0.2912,6143.382830982191,-4873.68244281656,-7198.098625153468,10644.555273888214
2017-07-04 19:24:59.405426025,1.0007,-1.1947,-1.0998,6160.4562100290805,-4885.31189097613,-7217.862547865524,10673.098554200576
2017-07-04 19:24:59.540399500,1.1053,0.0556,-1.0857,6171.9549934449715,-4893.129502171173,-7231.169860521119,10692.313235116022
2017-07-04 19:24:59.605458974,0.1388,-0.4419,-0.1156,6177.498187010119,-4896.899592056147,-7237.584697249687,10701.576599504198
2017-07-04 19:24:59.805625021,-0.1039,-0.4048,-0.2777,6194.548560140423,-4908.51510530253,-7257.332111611398,10730.089551403886
2017-07-04 19:25:00.204725027,0.2412,-0.494,-0.601,6228.58277426663,-4931.753319204949,-7296.801116259774,10787.06358132879
2017-07-04 19:25:00.405300974,2.1595,-0.7889,-1.5941,6245.774249394373,-4943.463901336736,-7316.701211116037,10815.805468432027
2017-07-04 19:25:00.539898800,0.5788,-1.5526,0.1701,6257.32118922724,-4951.350493317016,-7330.05222076685,10835.109862479101
2017-07-04 19:25:00.605601012,-0.2084,-0.5171,0.6254,6262.956781011209,-4955.202464807945,-7336.566646124451,10844.531767719564
2017-07-04 19:25:00.805451989,-0.0428,-1.0304,0.1162,6280.097242117366,-4966.960428363189,-7356.377384663229,10873.20585167781
2017-07-04 19:25:01.204702973,1.9378,-0.1121,-1.7514,6314.648374273994,-4990.46769215114,-7396.233333708984,10930.865446239535
2017-07-04 19:25:01.405417978,-0.3239,-0.6867,0.4849,6332.005177874708,-5002.313137588665,-7416.2505359004435,10959.844812330504
2017-07-04 19:25:01.565201000,0.2078,0.7696,-0.526,6345.827698902442,-5011.723282824904,-7432.199041995529,10982.917738361057
2017-07-04 19:25:01.605646014,1.8618,-1.8992,-2.1798,6349.329564580062,-5014.108328811177,-7436.239566983307,10988.763677059951
2017-07-04 19:25:01.805405020,0.1361,0.8195,-0.4662,6366.6308037205845,-5025.85543368464,-7456.214431063492,11017.6378717573
2017-07-04 19:25:02.204706013,-0.3013,-0.5855,0.4649,6401.166446206193,-5049.4302342000565,-7496.068334197471,11075.32022259617
2017-07-04 19:25:02.405502021,1.5747,-1.7816,-1.6626,6418.596833411661,-5061.357098053235,-7516.1766527541395,11104.442014766095
2017-07-04 19:25:02.581997600,2.7249,-0.5912,-2.6004,6434.00266932796,-5071.858983421636,-7533.932457226882,11130.151938167366
2017-07-04 19:25:02.605476975,0.1451,0.9374,-0.383,6436.052202346031,-5073.255542465193,-7536.294739950305,11133.572120298122
2017-07-04 19:25:02.804920971,2.5647,-1.0131,-2.2896,6453.56384323579,-5085.158819770743,-7556.452069597749,11162.76374295992
2017-07-04 19:25:03.204657018,0.9644,-1.5684,-1.3809,6488.815686614115,-5109.266601180775,-7597.073092293672,11221.62438270161
2017-07-04 19:25:03.405529975,0.2682,0.7594,-0.407,6506.541053035042,-5121.3504569239,-7617.502147023298,11251.206421418528
2017-07-04 19:25:03.541502200,-0.237,-0.4174,0.4632,6518.535088318572,-5129.53781538509,-7631.322144608776,11271.226001278757
2017-07-04 19:25:03.605650007,2.7948,-0.7845,-2.5661,6524.205031577905,-5133.403605123002,-7637.852583573288,11280.68597007972
2017-07-04 19:25:03.805455029,-0.4734,-0.4784,0.6902,6541.8466448297095,-5145.46371099403,-7658.165779310144,11310.13074323295
2017-07-04 19:25:04.204659998,0.0041,0.7511,-0.2689,6577.094758978096,-5169.4397739065025,-7698.79384194003,11368.936171221885
2017-07-04 19:25:04.405628979,2.2274,-1.6467,-1.7254,6594.929433341401,-5181.576384295151,-7719.316631306124,11398.669979931748
2017-07-04 19:25:04.556302000,1.7047,-1.3144,-1.961,6608.339372995172,-5190.705438208869,-7734.7477573504875,11421.028635143499
2017-07-04 19:25:04.605413019,-0.0909,-0.3723,0.7,6612.710047738738,-5193.681899646284,-7739.775757282861,11428.315476184658
2017-07-04 19:25:04.805480003,0.8929,-0.9094,-1.782,6630.55091026032,-5205.84371860686,-7760.3299991061385,11458.086048338926
2017-07-04 19:25:05.204784989,1.668,-1.3643,-1.5778,6666.4246646716765,-5230.334493853468,-7801.604887282012,11517.927571598932
2017-07-04 19:25:05.405874013,0.0423,-0.8186,0.3533,6684.492310998466,-5242.701090522106,-7822.376534696997,11548.0702643748
2017-07-04 19:25:05.555199300,-0.0304,0.623,-0.1287,6697.9083598170455,-5251.870423068243,-7837.804076324155,11570.449087051446
2017-07-04 19:25:05.605418980,0.7757,-0.3786,-1.1791,6702.422275854424,-5254.955121826225,-7842.995496138456,11577.9789276335
2017-07-04 19:25:05.805399000,0.3778,0.4282,-0.3477,6720.4122707650395,-5267.221590439486,-7863.6821782132365,11607.97405974831
2017-07-04 19:25:06.204879999,0.1357,-0.8993,0.1114,6756.3708222492205,-5291.868658875786,-7904.988210791398,11667.958656221037
2017-07-04 19:25:06.405403017,0.6146,0.0954,-0.893,6774.445247709749,-5304.236636719944,-7925.758045966711,11698.105629363472
2017-07-04 19:25:06.581198900,0.8277,-1.1299,-0.9929,6790.316437330789,-5315.114398287125,-7943.997371078202,11724.586671506217
2017-07-04 19:25:06.605503976,0.5319,0.12,-0.6665,6792.511060439666,-5316.618258077234,-7946.519485879022,11728.248298350883
2017-07-04 19:25:06.805680990,0.142,-0.6698,-0.3452,6810.591703269293,-5329.03091200382,-7967.305498175899,11758.430452700593
2017-07-04 19:25:07.517702100,0.5455,-1.1711,-0.5124,6875.18033381566,-5373.77591048661,-8041.5002318101215,11866.393644945969
2017-07-04 19:25:33.322579026,0.5942,0.7222,-0.859,9611.656884692598,-6514.5051044675765,-11302.446693594371,16203.950940642071
2017-07-04 19:25:33.522216022,1.0466,-1.1295,-1.7019,9632.869089549156,-6523.375264408207,-11327.742527375825,16237.74437855219
2017-07-04 19:25:33.722317993,-0.0816,0.8669,-0.1394,9654.12743247308,-6532.231372490875,-11353.102859430977,16271.606181413164
2017-07-04 19:25:33.922218024,1.6965,-1.1692,-1.1779,9675.432113964376,-6541.125264376203,-11378.484667118091,16305.527272555013
2017-07-04 19:25:34.121554970,-0.1502,-0.6535,0.4723,9696.67081549647,-6550.020070618537,-11403.776211548744,16339.34820342267
2017-07-04 19:25:34.322292983,0.6067,-0.7537,-1.2909,9718.083243579793,-6559.007766130283,-11429.297538843537,16373.471441228297
2017-07-04 19:25:34.522220015,0.3165,0.4391,-0.2964,9739.421816278664,-6567.941600191557,-11454.72760739934,16407.467164027734
2017-07-04 19:25:34.722207009,0.8425,-1.0683,-1.0893,9760.80048444706,-6576.920840125641,-11480.208869259832,16441.542187893843
2017-07-04 19:25:34.922334015,0.1772,-1.0129,0.2431,9782.201216944262,-6585.946933949329,-11505.698234338624,16475.656269940973
2017-07-04 19:25:35.121577978,1.1354,-1.1347,-1.8486,9803.552593858718,-6594.978246417933,-11531.1485158246,16509.717369636695
2017-07-04 19:25:35.322432994,0.3014,0.4907,-0.335,9825.08877369824,-6604.062788371029,-11556.81809880101,16544.06417095185
2017-07-04 19:25:35.522337973,0.7045,-1.2653,-0.8065,9846.551241411322,-6613.154924686894,-11582.398494926903,16578.30945250252
2017-07-04 19:25:35.722621977,0.1576,-1.0316,-0.1222,9868.060724433486,-6622.305681202513,-11608.032294036087,16612.644844689195
2017-07-04 19:25:35.922221004,0.6307,0.4622,-0.7881,9889.521771354819,-6631.406727927709,-11633.609822545965,16646.893811175218
2017-07-04 19:25:36.121658027,0.5462,0.3425,-0.6084,9910.987124650483,-6640.486764832716,-11659.190790312085,16681.14085258572
2017-07-04 19:25:36.322209000,0.5446,-1.244,-0.768,9932.594276275164,-6649.667552575624,-11684.94552936128,16715.635185089777
2017-07-04 19:25:36.522306025,0.2328,-0.9171,0.0944,9954.161841055287,-6658.8642791668135,-11710.638192782022,16750.07039771863
2017-07-04 19:25:36.722459971,0.7454,0.2313,-0.8856,9975.765403014022,-6668.054355674642,-11736.373643472416,16784.55571546048
2017-07-04 19:25:36.922240018,0.675,0.2563,-0.5615,9997.355548930791,-6677.217035131978,-11762.083429497137,16819.00567537942
2017-07-04 19:25:37.121472001,0.3651,-1.2066,-0.3865,10018.900957855021,-6686.40247230749,-11787.738026406474,16853.400909139295
2017-07-04 19:25:37.323210000,0.2622,-1.0348,-0.281,10040.728044237605,-6695.745561939454,-11813.726752837123,16888.26125091837
2017-07-04 19:25:37.522204995,0.5323,0.4633,-0.7057,10062.279429261824,-6704.94326863823,-11839.390059126456,16922.67379938363
2017-07-04 19:25:37.722272992,0.821,0.0359,-0.8793,10083.979883961016,-6714.189133364956,-11865.226940589846,16957.316897741388
2017-07-04 19:25:37.922219991,-0.459,-0.144,0.8327,10105.64886429381,-6723.435163284642,-11891.014905962073,16991.908511321126
2017-07-04 19:25:38.121490001,0.7196,-1.8083,-1.0526,10127.273051140293,-6732.721692552691,-11916.757354557134,17026.459017925998
2017-07-04 19:25:38.322205007,0.4067,0.9147,-0.5578,10149.0704291658,-6742.038712525425,-11942.708944981963,17061.272330102212
2017-07-04 19:25:38.522213995,1.9482,-0.1122,-1.9788,10170.869069596281,-6751.327448146098,-11968.648409418272,17096.068106182534
2017-07-04 19:25:38.722221016,-0.2574,-0.6266,0.1329,10192.657198923875,-6760.641158175936,-11994.58230237817,17130.86495927514
2017-07-04 19:25:38.922338008,2.3286,-1.634,-2.474,10214.550561145665,-6770.025425704365,-12020.629530527352,17165.83297545071
2017-07-04 19:25:39.121469974,-0.1385,0.844,-0.24,10236.330666735092,-6779.330033927908,-12046.55806453963,17200.620408287108
2017-07-04 19:25:39.322211980,2.4639,-0.3314,-2.3405,10258.386159475967,-6788.723227164376,-12072.790554263229,17235.820880337455
2017-07-04 19:25:39.522463977,-0.706,-0.347,0.661,10280.359503796017,-6798.107406720032,-12098.932504101711,17270.906854574827
2017-07-04 19:25:39.722222983,1.6289,-1.6383,-2.195,10302.343752042743,-6807.533857971099,-12125.09768483464,17306.03356865632
2017-07-04 19:25:39.922405004,-0.0595,0.9675,-0.1525,10324.37217038595,-6816.94150045262,-12151.32438476062,17341.223614177612
2017-07-04 19:25:40.121470987,2.2128,-1.4848,-1.9071,10346.365464953591,-6826.355532799409,-12177.480440948872,17376.34708689539
2017-07-04 19:25:40.322003006,-0.0847,-0.4902,0.3788,10368.517324699827,-6835.858607933395,-12203.813892608357,17411.72558782381
2017-07-04 19:25:40.522217988,0.6422,-0.6956,-1.4493,10390.659906065404,-6845.374542749676,-12230.163808318415,17447.11645780878
2017-07-04 19:25:40.722225010,0.3048,0.5909,-0.3626,10412.791681153014,-6854.856955861644,-12256.500859824057,17482.480024506876
2017-07-04 19:25:40.922101020,1.4003,-1.2321,-1.2487,10434.964901681278,-6864.382380553868,-12282.87054567512,17517.90931611395
2017-07-04 19:25:41.121639013,-0.0737,-0.6298,0.3058,10457.097689939554,-6873.916772227701,-12309.183461316636,17553.279504776405
2017-07-04 19:25:41.322207987,0.6082,0.2086,-0.9383,10479.369301403296,-6883.492035040643,-12335.670077449615,17588.871476344
2017-07-04 19:25:41.522207975,0.3239,0.4046,-0.3879,10501.590687432845,-6893.023950180218,-12362.097070772039,17624.376021048945
2017-07-04 19:25:41.722477018,0.6019,-1.2349,-1.0431,10523.866108157637,-6902.618217353569,-12388.601452001043,17659.992696869744
2017-07-04 19:25:41.922222971,0.2384,-0.9093,0.0125,10546.092858690035,-6912.223704568124,-12415.036106741809,17695.537083055977
2017-07-04 19:25:42.121487021,0.5892,0.1988,-1.0203,10568.28938028922,-6921.798124195794,-12441.447497972023,17731.036223031315
2017-07-04 19:25:42.322402000,0.6095,0.155,-0.6551,10590.694406586717,-6931.445612297502,-12468.104155380108,17766.86149885095
2017-07-04 19:25:42.522206008,-0.2774,-0.391,0.2508,10612.964468731712,-6941.055363417481,-12494.603400911159,17802.48236956434
2017-07-04 19:25:42.722285985,1.4746,-1.4469,-1.8921,10635.324321436632,-6950.736309808222,-12521.214991702796,17838.264588772945
2017-07-04 19:25:42.922212004,0.2829,0.5908,-0.6584,10657.678276260622,-6960.386192362068,-12547.83242186643,17874.036496391753
2017-07-04 19:25:43.121610999,1.1914,0.2407,-1.1137,10680.020673949128,-6970.001066685571,-12574.423966619275,17909.770924215307
2017-07-04 19:25:43.322562992,-0.3171,-0.6127,0.2469,10702.524278002702,-6979.715567311367,-12601.212646565633,17945.77987956421
2017-07-04 19:25:43.522213995,2.4933,-1.6947,-1.9332,10724.98157496473,-6989.434726592991,-12627.90495138876,17981.69655627482
2017-07-04 19:25:43.722217023,0.5076,0.6491,-0.7591,10747.498773287109,-6999.145057927177,-12654.674685050175,18017.701096648376
2017-07-04 19:25:43.922226011,0.9484,0.0995,-0.842,10770.054582021603,-7008.851698267125,-12681.478899464802,18053.75265438179
2017-07-04 19:25:58.788088023,0.1026,-0.6263,-0.3158,12469.210911339353,-7868.715605887059,-14743.517990814851,20851.120564211316
2017-07-04 19:25:58.987724006,0.6691,0.0042,-0.995,12492.055813756355,-7880.262685223828,-14771.249091115234,20888.748123186026
2017-07-04 19:25:59.187994003,0.2305,0.4513,-0.3759,12514.982513074478,-7891.828335583418,-14799.083337863463,20926.50494998879
2017-07-04 19:25:59.388137996,1.2025,-1.174,-1.0995,12537.942956872334,-7903.433736818951,-14826.944115472073,20964.316116329777
2017-07-04 19:25:59.587213993,-0.0577,-0.6653,0.2657,12560.778593846428,-7915.0035767023455,-14854.645694098106,21001.92703539437
2017-07-04 19:25:59.788088977,0.8921,-0.4771,-1.3329,12583.856586182199,-7926.697220927066,-14882.651386680549,21039.945050102164
2017-07-04 19:25:59.988117992,0.3841,0.2671,-0.5758,12606.852755849071,-7938.330931200079,-14910.562174201916,21077.82481025137
2017-07-04 19:26:00.188292026,0.3091,-0.879,-0.5161,12629.877983031825,-7950.008297011611,-14938.513876703373,21115.767725405694
2017-07-04 19:26:00.388081014,0.1926,-1.0027,-0.0784,12652.866607648768,-7961.7032241659335,-14966.414941920923,21153.659915825472
2017-07-04 19:26:00.587781012,0.5898,0.1456,-0.8678,12675.868513950414,-7973.387135625461,-14994.338187388952,21191.571972727925
2017-07-04 19:26:00.788093984,0.4516,0.3219,-0.6081,12698.959144590468,-7985.093994220455,-15022.371542726574,21229.624024467194
2017-07-04 19:26:00.988210976,0.5938,-0.9973,-0.7297,12722.050963869624,-7996.829337872134,-15050.406693256275,21267.689150887123
2017-07-04 19:26:01.187876999,0.3187,-1.264,-0.4937,12745.103450575865,-8008.5886268948725,-15078.398347924849,21305.709340442376
2017-07-04 19:26:01.388149976,0.6834,0.4841,-0.81,12768.25342396799,-8020.364245452246,-15106.507581423226,21343.877563273185
2017-07-04 19:26:01.589119017,0.7961,0.1194,-0.758,12791.516010186535,-8032.175968676148,-15134.745125230645,21382.217907325
2017-07-04 19:26:01.788088977,-0.2344,-0.5838,0.0788,12814.537918932116,-8043.893310308088,-15162.698664678917,21420.17816123909
2017-07-04 19:26:01.987240016,0.4374,-1.1098,-1.0097,12837.598127285899,-8055.665331612068,-15190.717689992567,21458.228574364755
2017-07-04 19:26:02.188311994,0.4095,0.8461,-0.68,12860.897322141976,-8067.516693809633,-15219.03446906492,21496.662896974543
2017-07-04 19:26:02.388100981,1.7051,-0.2591,-1.6942,12884.115910703953,-8079.3027775124565,-15247.238190787852,21534.94482504645
2017-07-04 19:26:02.587333023,-0.2426,-0.4668,0.3793,12907.260143971673,-8091.074534430659,-15275.348234240788,21573.110930581966
2017-07-04 19:26:02.788079977,1.8938,-1.6557,-1.8464,12930.656679250385,-8103.002524542399,-15303.746428329132,21611.690975302692
2017-07-04 19:26:02.987837016,0.2294,1.127,-0.4997,12953.946996230388,-8114.82672530749,-15332.024525894636,21650.083871097257
2017-07-04 19:26:03.187856972,2.1448,-0.7524,-2.0316,12977.35377667229,-8126.696590901595,-15360.421122854923,21688.64785082117
2017-07-04 19:26:03.388194024,-0.378,-0.3785,0.6644,13000.782493388677,-8138.600465125259,-15388.836071909469,21727.251059888837
2017-07-04 19:26:03.587383985,0.5845,-1.5129,-1.9245,13024.100252825761,-8150.496206869585,-15417.164680186377,21765.724030912406
2017-07-04 19:26:03.788088977,-0.1583,1.0294,-0.1083,13047.588989504187,-8162.440960358076,-15445.713117336443,21804.47372842145
2017-07-04 19:26:03.987653017,2.1767,-1.5748,-2.4225,13071.030888086294,-8174.380528927983,-15474.195742584841,21843.147195146896
2017-07-04 19:26:04.188153982,-0.4456,-0.429,0.7716,13094.564929669665,-8186.393398160353,-15502.78107092707,21881.976338984394
2017-07-04 19:26:04.388318002,0.8937,-0.7586,-1.6714,13118.095228586877,-8198.416473369185,-15531.385326881194,21920.820816501044
2017-07-04 19:26:04.587327003,0.2915,0.4976,-0.2964,13141.50129388009,-8210.350463832743,-15559.836264701216,21959.449346017802
2017-07-04 19:26:04.788079977,1.4765,-1.078,-1.565,13165.171978785602,-8222.43248057389,-15588.599598505043,21998.513280926727
2017-07-04 19:26:04.988094985,-0.221,-0.6503,0.5074,13188.746809154494,-8234.496099841825,-15617.236899524542,22037.424005317953
2017-07-04 19:26:05.187856018,1.0015,-0.4597,-1.4819,13212.331669008994,-8246.562745055713,-15645.896971914637,22076.35833410498
2017-07-04 19:26:05.388329029,0.1086,0.4968,-0.2379,13236.004953379901,-8258.65243147798,-15674.668754125696,22115.433698243833
2017-07-04 19:26:05.587424993,1.8255,-1.0192,-1.449,13259.587987574789,-8270.699474247189,-15703.300340472915,22154.34009345905
2017-07-04 19:26:05.788212001,-0.3567,-0.5769,0.3981,13283.356946416196,-8282.87209789864,-15732.159062854624,22193.56597608888
2017-07-04 19:26:05.988081991,1.1568,-0.3361,-1.2206,13307.063561474239,-8295.00255426612,-15760.934744584456,22232.680270886063
2017-07-04 19:26:06.188297986,0.2965,0.3996,-0.4652,13330.823101877702,-8307.137991733913,-15789.778889559388,22271.876965546493
2017-07-04 19:26:06.388027012,0.7147,-0.8604,-0.6155,13354.55336447946,-8319.278235973807,-15818.577432609465,22311.02592718987
2017-07-04 19:26:06.587351024,0.2387,-1.1068,-0.2862,13378.244990006859,-8331.437835247194,-15847.328948215692,22350.125955085514
2017-07-04 19:26:06.788112998,0.4574,0.2542,-0.7069,13402.125967182454,-8343.674910598018,-15876.316374686307,22389.535794274558
2017-07-04 19:26:06.988075017,0.6969,0.0447,-0.7518,13425.93965376799,-8355.861438848238,-15905.218358604565,22428.826251204995
2017-07-04 19:26:07.188854992,-0.1159,-0.4317,0.0053,13449.846079361381,-8368.115219733383,-15934.238354073399,22468.281283036984
2017-07-04 19:26:07.388167977,0.5127,-1.1828,-0.3372,13473.598201063323,-8380.326456428626,-15963.059711724454,22507.487539929793
2017-07-04 19:26:07.587243974,0.1929,0.6775,-0.5385,13497.32972578192,-8392.496323492007,-15991.868141507883,22546.657200606875
2017-07-04 19:26:07.788312017,1.761,0.0201,-1.8527,13521.369913391529,-8404.78715523331,-16021.039743310177,22586.31457135645
2017-07-04 19:26:07.988191008,-0.1677,-0.5647,0.3452,13545.261235147018,-8417.027863607464,-16050.025042307556,22625.73233828732
2017-07-04 19:26:08.188131988,2.0378,-1.5569,-2.1527,13569.241430280013,-8429.334607474999,-16079.105387778913,22665.295607807635
2017-07-04 19:26:08.388136982,0.1245,0.806,-0.4146,13593.23428326843,-8441.613049914706,-16108.211628572186,22704.874609545474
2017-07-04 19:26:08.587320983,2.7027,-0.5177,-2.4229,13617.235876533714,-8453.861630404104,-16137.294519028772,22744.431489422892
2017-07-04 19:26:08.788298010,-0.4718,-0.4332,0.6075,13641.434471887247,-8466.237968582822,-16166.614671524449,22784.32245490343
2017-07-04 19:26:08.988041996,1.4179,-1.0865,-1.8438,13665.541174098598,-8478.581723843776,-16195.828501342075,22824.07116343984
2017-07-04 19:26:09.188058972,-0.059,0.8032,-0.1921,13689.678462526457,-8490.910215854234,-16225.089942989951,22863.866609984678
2017-07-04 19:26:09.388243973,1.9722,-1.2333,-1.5157,13713.915061583766,-8503.298487766879,-16254.436706034321,22903.804577381212
2017-07-04 19:26:29.172435998,-0.1723,-0.625,0.3184,16041.766377450162,-9972.259639635076,-19030.137567320144,26812.876881455944
2017-07-04 19:26:29.372413992,2.7065,-1.2299,-2.4001,16065.40446189699,-9987.157038173245,-19058.290247657093,26852.54091130697
2017-07-04 19:26:29.572327971,-0.3633,-0.4105,0.5419,16089.020460049247,-10002.066073780255,-19086.412258675202,26892.17428948906
2017-07-04 19:26:29.772804021,2.2272,-1.9172,-2.4982,16112.79236870622,-10017.094080606752,-19114.713740808023,26932.07257397394
2017-07-04 19:26:29.971867978,0.023,0.9766,-0.2762,16136.39774659693,-10031.977535473226,-19142.82682064077,26971.68374784306
2017-07-04 19:26:30.172635972,2.7217,-1.5214,-2.5072,16160.314898100523,-10047.049720684206,-19171.28161511616,27011.794173319202
2017-07-04 19:26:30.372364997,-0.2542,-0.2341,0.5751,16184.098138518753,-10062.053246382871,-19199.56621508394,27051.67815381595
2017-07-04 19:26:30.572353005,1.4575,-1.5488,-1.8662,16207.97051100369,-10077.138171301573,-19227.962129944153,27091.724741692527
2017-07-04 19:26:30.772436976,0.0753,0.6845,-0.1728,16231.857353027612,-10092.202931631453,-19256.37858821254,27131.787067475623
2017-07-04 19:26:30.971674025,2.4305,-1.1107,-2.575,16255.73956571637,-10107.248015031986,-19284.77698002299,27171.826483234236
2017-07-04 19:26:31.172654986,-0.0051,-0.6621,0.2245,16279.830612221242,-10122.451531735544,-19313.414873240963,27212.219752178917
2017-07-04 19:26:31.372455000,1.4188,-1.236,-1.8287,16303.836740350487,-10137.61505504689,-19341.957494426177,27252.47972527463
2017-07-04 19:26:31.572306990,-0.0017,0.7873,-0.2345,16327.84904553744,-10152.751077593102,-19370.516906814144,27292.745082431677
2017-07-04 19:26:31.772361993,1.5292,-1.4499,-1.3005,16351.946944475192,-10167.96050346855,-19399.15737894823,27333.14648349563
2017-07-04 19:26:31.971796989,-0.1804,-0.5015,0.325,16375.962984335074,-10183.14273937507,-19427.69616237395,27373.41662804114
2017-07-04 19:26:32.172398984,0.6715,-1.0227,-1.552,16400.146576608066,-10198.45496915957,-19456.46439550462,27413.99821743891
2017-07-04 19:26:32.372515022,0.2119,0.5959,-0.3352,16424.280070127697,-10213.706241502317,-19485.176361344566,27454.48722599638
2017-07-04 19:26:32.572471976,1.2538,-1.2962,-1.2117,16448.444508928827,-10228.99721539623,-19513.91394949409,27495.027703644068
2017-07-04 19:26:32.772360980,0.0334,-0.7414,0.3116,16472.60207061199,-10244.31261615554,-19542.629321776873,27535.55738972115
2017-07-04 19:26:32.971674025,0.7876,-0.4001,-1.3064,16496.72131279243,-10259.599781457746,-19571.31385139621,27576.031759799687
2017-07-04 19:26:33.172357976,0.3294,0.44,-0.5125,16521.01971712848,-10274.974373669902,-19600.21631810362,27616.800513270482
2017-07-04 19:26:33.372358977,0.4782,-0.7529,-0.7924,16545.25455946001,-10290.326760721346,-19629.05212279153,27657.475671489196
2017-07-04 19:26:33.572427988,0.0179,-0.8188,0.2486,16569.49835930263,-10305.71714293226,-19657.88778218211,27698.170224148835
2017-07-04 19:26:33.772370994,0.5722,-0.1957,-1.1507,16593.74976517095,-10321.10565570138,-19686.75128242344,27738.8883930352
2017-07-04 19:26:33.971666991,0.5658,0.195,-0.5829,16617.945167236914,-10336.436626564224,-19715.54453346961,27779.501794803564
2017-07-04 19:26:34.172442972,0.2646,-0.6588,-0.6029,16642.33091209568,-10351.908003017339,-19744.575908419705,27820.450307174717
2017-07-04 19:26:34.372355997,0.4417,-1.3632,-0.7366,16666.629497129237,-10367.367362473644,-19773.511941887064,27861.27454620503
2017-07-04 19:26:34.572395980,0.1564,0.7574,-0.511,16690.94977187382,-10382.806231531757,-19802.48679982384,27902.131692505984
2017-07-04 19:26:34.772630989,2.5616,-0.5767,-2.3647,16715.39646224889,-10398.283274728881,-19831.58471678743,27943.16600406593
2017-07-04 19:26:34.971684992,-0.4317,-0.3878,0.4961,16739.681858580898,-10413.684398389756,-19860.491354622147,27983.939828458566
2017-07-04 19:26:35.172375023,1.9262,-1.887,-2.5372,16764.244437541824,-10429.288105863548,-19889.7377660773,28025.195991465975
2017-07-04 19:26:35.372422993,0.0159,0.9266,-0.2749,16788.729070558766,-10444.804811128697,-19918.901611727873,28066.314556152494
2017-07-04 19:26:35.572121977,2.7795,-1.3532,-2.521,16813.281835432168,-10460.348412510519,-19948.11511739592,28107.51913146488
2017-07-04 19:26:35.771803975,-0.4709,-0.3713,0.6064,16837.813735747262,-10475.905496592288,-19977.301959294284,28148.697322364227
2017-07-04 19:26:35.971835970,1.0128,-1.1198,-1.7673,16862.429159851345,-10491.534655026615,-20006.610673689418,28190.038794531883
2017-07-04 19:26:36.172398984,0.0001,0.9689,-0.2965,16887.10993381374,-10507.166329215117,-20036.009119926195,28231.483978711927
2017-07-04 19:26:36.371986985,2.216,-1.5642,-2.4837,16911.759000338523,-10522.784322383279,-20065.363588256896,28272.873895482786
2017-07-04 19:26:36.572369992,-0.3272,-0.3541,0.4766,16936.493111722823,-10538.478743996466,-20094.815845259953,28314.412531712722
2017-07-04 19:26:36.772367000,1.4674,-1.5544,-2.231,16961.23827188239,-10554.205107489954,-20124.300605531927,28355.99273572251
2017-07-04 19:26:36.971769988,0.0059,0.9709,-0.2757,16985.91016993541,-10569.846156921983,-20153.708754067095,28397.44299449995
2017-07-04 19:26:37.172560989,1.8264,-1.0084,-2.1145,17010.82744022694,-10585.636736940945,-20183.406858474536,28439.301463685224
2017-07-04 19:26:37.372358024,-0.2434,-0.3132,0.4867,17035.61164750876,-10601.361652199303,-20212.938521282445,28480.937778637166
2017-07-04 19:26:37.572383999,0.7262,0.0153,-1.0501,17060.45330963868,-10617.1039738949,-20242.54603823692,28522.668774730697
2017-07-04 19:26:37.772386014,0.2177,0.5214,-0.2879,17085.30070429941,-10632.823553485012,-20272.161524903517,28564.400392230502
2017-07-04 19:26:37.971670985,0.5474,-0.6476,-0.828,17110.080756198477,-10648.512494601771,-20301.70371821046,28606.028310363603
2017-07-04 19:26:38.172567009,0.1972,-0.9962,-0.2154,17135.069093013783,-10664.368473587114,-20331.493428918064,28648.018654226915
2017-07-04 19:26:38.372465014,0.6446,-0.0366,-0.9649,17159.959049516037,-10680.14714513697,-20361.17370579833,28689.843713421273
2017-07-04 19:26:38.572372019,0.496,0.2009,-0.5633,17184.869948191903,-10695.918498560677,-20390.877830023772,28731.69550066749
2017-07-04 19:26:38.772361993,-0.0904,-0.4441,-0.008,17209.787570199423,-10711.714159914112,-20420.594602556914,28773.56933675542
2017-07-04 19:26:38.971678972,0.7056,-1.4559,-1.0184,17234.649372381686,-10727.514505512434,-20450.251832120008,28815.369274955403
2017-07-04 19:26:39.172676980,0.4922,0.5385,-0.7828,17259.740742684255,-10743.426354893749,-20480.190814485595,28857.547992603955
2017-07-04 19:26:39.372543990,0.8153,0.0199,-1.0315,17284.723494710775,-10759.247874765255,-20510.00253799398,28899.537803012816
2017-07-04 19:26:39.572374999,0.0065,-0.5163,-0.1254,17309.702006285544,-10775.087161903793,-20539.8138991994,28941.53143679122
2017-07-04 19:26:39.772372007,1.0419,-1.4061,-1.3851,17334.742942185545,-10790.99584900627,-20569.705426952525,28983.645140605113
2017-07-04 19:26:58.255531013,0.3363,-0.8253,-0.0437,19763.844778508792,-12543.176710989223,-23347.125162969875,33060.990544862274
2017-07-04 19:26:58.455604970,0.5537,-0.2581,-1.1159,19790.161150293883,-12562.153808984605,-23377.23446307427,33105.18505939417
2017-07-04 19:26:58.555289980,0.3078,0.6409,-0.6536,19803.27609927607,-12571.602604935582,-23392.24263997664,33127.20863652903
2017-07-04 19:26:58.655523002,0.4789,0.3038,-0.4541,19816.467958200697,-12581.100292866206,-23407.33788556435,33149.358271413475
2017-07-04 19:26:58.854959011,0.8176,-0.6785,-1.0555,19842.748630994298,-12600.025053800548,-23437.41523412062,33193.489383398926
2017-07-04 19:26:59.255532026,0.5606,-0.3341,-1.2954,19895.624078568813,-12638.08959491113,-23498.034320289036,33282.34942131054
2017-07-04 19:26:59.455519974,0.1497,0.5336,-0.3351,19922.028379922333,-12657.072153354886,-23528.31208447159,33326.718407457316
2017-07-04 19:26:59.555340050,0.0189,-0.5914,0.188,19935.207759260058,-12666.552819175096,-23543.422765522228,33348.86541161371
2017-07-04 19:26:59.654927015,1.4357,-1.4371,-1.7444,19948.37059928394,-12676.02559721532,-23558.51545861925,33370.98687665135
2017-07-04 19:26:59.854755997,-0.1253,-0.3134,0.2408,19974.777856956356,-12695.045976846024,-23588.790504307308,33415.37041909138
2017-07-04 19:27:00.256106019,0.119,0.6613,-0.2902,20027.83514529995,-12733.14126833119,-23649.643696506206,33504.517816830106
2017-07-04 19:27:00.455227971,1.1278,-1.2747,-1.4071,20054.203196420207,-12752.092042296354,-23679.890606742363,33548.832117464146
2017-07-04 19:27:00.555300110,0.6893,-0.4916,-1.6402,20067.461813960675,-12761.621000624054,-23695.108133926642,33571.120679786894
2017-07-04 19:27:00.655676007,-0.2783,-0.333,0.5181,20080.757872618462,-12771.182238141224,-23710.36663222167,33593.472853114086
2017-07-04 19:27:00.854821979,1.2657,-1.2189,-1.9587,20107.18747502083,-12790.200092196776,-23740.717202393866,33637.9229417945
2017-07-04 19:27:01.255846977,1.4544,-1.3559,-1.1906,20160.643294462334,-12828.714856179344,-23802.026343645444,33727.791522293555
2017-07-04 19:27:01.455493986,-0.1354,-0.4728,0.3312,20187.25043922137,-12847.907961114808,-23832.535395934363,33772.52674396136
2017-07-04 19:27:01.555220240,0.0109,0.8274,-0.138,20200.54115933929,-12857.486935623858,-23847.77643320124,33794.87053145562
2017-07-04 19:27:01.655749976,0.603,0.5066,-0.7803,20213.945055188207,-12867.137966921724,-23863.14815149552,33817.40164255956
2017-07-04 19:27:01.854752004,0.3674,0.4545,-0.4172,20240.493072134475,-12886.224512256951,-23893.59351200091,33862.01637380957
2017-07-04 19:27:02.255515992,0.2446,-0.8221,-0.0282,20293.996582495172,-12924.794350562408,-23954.911004818507,33951.942029042024
2017-07-04 19:27:02.455510973,0.289,0.2371,-0.6237,20320.708229393953,-12944.03253975862,-23985.535484404205,33996.839173783526
2017-07-04 19:27:02.555220240,0.4682,-0.9933,-0.7465,20334.030212070833,-12953.633784496786,-24000.811011272697,34019.234883916695
2017-07-04 19:27:02.655631005,1.1121,0.2325,-1.3949,20347.457133231965,-12963.300234021985,-24016.208071937897,34041.80393135361
2017-07-04 19:27:02.854948997,-0.135,-0.6611,0.1853,20374.104559313364,-12982.51465284627,-24046.764278108152,34086.60580861785
2017-07-04 19:27:03.255666017,0.7568,0.6154,-0.8084,20427.7991539841,-13021.045286761982,-24108.32552930833,34176.804392197344
2017-07-04 19:27:03.454961001,1.6851,0.0938,-1.4556,20454.57087240801,-13040.204615608676,-24139.000582044842,34221.7438931926
2017-07-04 19:27:03.555149910,1.1843,-1.4331,-1.2496,20468.04134910258,-13049.850714638329,-24154.43398540304,34244.357221272425
2017-07-04 19:27:03.655620992,0.1161,-0.3826,-0.0902,20481.55093614063,-13059.527843165499,-24169.911766064168,34267.03709128447
2017-07-04 19:27:03.854793012,2.5058,-1.4478,-2.0928,20508.4314961487,-13078.769037778262,-24200.67765331101,34312.137223659476
2017-07-04 19:27:04.255562007,2.6933,-0.7059,-2.4169,20562.952478295276,-13117.599070677119,-24262.9722002862,34403.46261636349
2017-07-04 19:27:04.455560982,-0.2705,-0.6612,0.5081,20590.149702644503,-13137.003182037386,-24294.039225312827,34449.02697121081
2017-07-04 19:27:04.559129710,-0.0867,0.9224,-0.3687,20604.23275449387,-13147.04163508647,-24310.131123941,34472.62082318749
2017-07-04 19:27:04.655591011,2.2949,-1.3795,-2.2066,20617.370707322578,-13156.404033009385,-24325.1392443791,34494.62771536143
2017-07-04 19:27:04.854767024,0.2339,0.8474,-0.3874,20644.507601674013,-13175.70215883663,-24356.143803031213,34540.071836171446
2017-07-04 19:27:05.255529999,-0.4503,-0.4883,0.4018,20699.03754892524,-13214.610433211685,-24418.46368510365,34631.45179015875
2017-07-04 19:27:05.455600023,1.7156,-1.2793,-2.0041,20726.328815227997,-13234.085539648098,-24449.655412746204,34677.18812172785
2017-07-04 19:27:05.556570290,2.6188,-0.4643,-1.6328,20740.128723830945,-13243.918865481148,-24465.41373300019,34700.29964601746
2017-07-04 19:27:05.655515015,0.0695,0.9573,-0.2769,20753.65247595522,-13253.545555135355,-24480.85863997444,34722.94631256371
2017-07-04 19:27:05.854766011,2.8068,-0.8971,-2.0099,20780.997508786553,-13272.967019902293,-24512.04078119474,34768.68784165662
2017-07-04 19:27:06.255724012,1.8167,-1.843,-2.2857,20836.31670096899,-13312.345636597136,-24575.156887019377,34861.281904613345
2017-07-04 19:27:06.455148994,0.2462,1.0274,-0.346,20863.840668166024,-13331.890568360403,-24606.562783976042,34907.33569889158
2017-07-04 19:27:06.557219980,-0.2948,-0.6036,0.463,20877.925091964946,-13341.900470529901,-24622.632329819146,34930.90447097929
2017-07-04 19:27:06.655566990,1.9745,-1.4415,-1.5395,20891.514754771302,-13351.559112030733,-24638.130481745644,34953.64062735671
2017-07-04 19:27:06.854973971,-0.122,-0.45,0.3968,20919.064108244187,-13371.160727840806,-24669.53853335888,34999.73305360287
2017-07-04 19:27:07.255501985,0.2124,0.4137,-0.4183,20974.433696247484,-13410.466083128455,-24732.69171706851,35092.3568461363
2017-07-04 19:27:07.456215977,0.5217,0.1765,-0.6608,21002.2017141062,-13430.155809034106,-24764.365881287777,35138.80162152984
2017-07-04 19:27:07.555890200,1.3582,-1.0039,-1.5581,21016.00475763638,-13439.943666730027,-24780.110696374813,35161.88885515767
2017-07-04 19:27:07.655691027,0.1058,-0.4938,-0.4532,21029.826387277757,-13449.748875096213,-24795.8800241437,35185.01113903368
2017-07-04 19:27:07.854866027,0.309,-0.9641,-0.6186,21057.42281657731,-13469.355620529126,-24827.375805224845,35231.196202829306
2017-07-04 19:27:08.255590975,0.7305,0.2827,-1.0409,21113.06203700617,-13508.757504677616,-24890.910068981968,35324.28798943869
2017-07-04 19:27:08.455669999,0.168,-0.5663,-0.6051,21140.849016517146,-13528.453246007686,-24922.65648347247,35370.797991588515
2017-07-04 19:27:08.555089710,0.6657,0.3717,-0.8299,21154.663008259813,-13538.236429592875,-24938.43955024103,35393.91727144112
2017-07-04 19:27:08.655530989,0.4671,-0.994,0.0984,21168.623655316496,-13548.130166307508,-24954.38380015419,35417.28009473673
2017-07-04 19:27:15.938744008,0.7785,0.0577,-1.0635,22222.235860931283,-14262.485572548883,-26166.949191941192,37174.66195380474
2017-07-04 19:27:16.138733029,0.3124,0.4059,-0.3546,22251.179388190845,-14282.084752293269,-26200.2590867254,37222.92983160613
2017-07-04 19:27:16.338752985,0.9519,-0.8161,-1.1494,22280.16547613508,-14301.719614221967,-26233.62011917586,37271.27288039693
2017-07-04 19:27:16.538945972,0.0857,-0.7393,0.2233,22309.180073655036,-14321.401090752473,-26267.001061964824,37319.664917443115
2017-07-04 19:27:16.738099992,0.7385,-0.2871,-1.3611,22338.073381054957,-14340.991810874777,-26300.262747819233,37367.865728474535
2017-07-04 19:27:16.938772022,0.2661,0.3953,-0.3221,22367.197637318222,-14360.715938737243,-26333.79093466985,37416.44340942703
2017-07-04 19:27:17.138722002,1.3617,-0.918,-1.3375,22396.271540616457,-14380.405797673777,-26367.251954994255,37464.93060830281
2017-07-04 19:27:17.338725984,-0.2702,-0.4656,0.4222,22425.342487692782,-14400.119599140717,-26400.70512371644,37513.41974799556
2017-07-04 19:27:17.538873016,1.1238,-0.8187,-1.6496,22454.47924546814,-14419.880296791163,-26434.24830039443,37562.029619894754
2017-07-04 19:27:17.737972974,0.0359,0.5594,-0.1549,22483.464996700604,-14439.515440817977,-26467.62213549771,37610.381890256984
2017-07-04 19:27:17.938769996,2.103,-0.7917,-1.2669,22512.782604943914,-14459.349869400534,-26501.331519140127,37659.24523341604
2017-07-04 19:27:18.138830006,0.1595,-0.8384,0.2159,22541.998988701973,-14479.145053171424,-26534.908533567832,37707.93989019064
2017-07-04 19:27:18.338707983,0.853,-0.3419,-1.452,22571.222867085016,-14498.935884780447,-26568.513005689827,37756.656722227206
2017-07-04 19:27:18.538703024,0.2821,0.2638,-0.4332,22600.47514467157,-14518.727755954164,-26602.154486330062,37805.4170157003
2017-07-04 19:27:18.738077998,0.8981,-0.8713,-0.8899,22629.672427965845,-14538.492898681789,-26635.72703838763,37854.08570848796
2017-07-04 19:27:18.938588023,-0.0605,-0.7098,0.2112,22659.033500393547,-14558.399102277182,-26669.482229403686,37903.03504968462
2017-07-04 19:27:19.138745009,0.8082,-0.6609,-1.3026,22688.375255405095,-14578.296734437836,-26703.23017331483,37951.964495878616
2017-07-04 19:27:19.339110970,0.6123,0.1711,-0.624,22717.77222655021,-14598.208271761288,-26737.038403379513,38000.97475416817
2017-07-04 19:27:19.538706004,0.4499,-0.7888,-0.5697,22747.07401326246,-14618.07462191471,-26770.739248888778,38049.83523944225
2017-07-04 19:27:19.737859010,0.1822,-0.9643,-0.0972,22776.31813392944,-14637.93522155683,-26804.369314827356,38098.60928766449
2017-07-04 19:27:19.937774002,0.6194,-0.0151,-0.9878,22805.698901450854,-14657.872413992442,-26838.167532308653,38147.61280317267
2017-07-04 19:27:20.138814985,0.3111,0.3941,-0.3435,22835.25772558511,-14677.90597112578,-26872.169996548786,38196.903531759235
2017-07-04 19:27:20.338836014,0.7912,-0.7694,-0.8863,22864.698241713326,-14697.868673212328,-26906.035413381018,38245.999933139654
2017-07-04 19:27:20.538733005,0.5438,-1.0665,-0.4726,22894.142230646707,-14717.861611999975,-26939.898713960705,38295.1085861566
2017-07-04 19:27:20.737977981,0.6185,0.0614,-0.9652,22923.514734063065,-14737.786901228943,-26973.68987780264,38344.097800479205
2017-07-04 19:27:20.938705980,0.4182,0.2416,-0.5194,22953.122713310146,-14757.850764168308,-27007.753484033587,38393.472748946086
2017-07-04 19:27:21.138756990,0.309,-0.6288,-0.4999,22982.643200963805,-14777.87212318075,-27041.722211213943,38442.712354103634
2017-07-04 19:27:21.338844001,0.1272,-1.0165,-0.1821,23012.17409352598,-14797.937780605338,-27075.70434171518,38491.98468083179
2017-07-04 19:27:21.538697004,0.6904,0.3609,-0.8671,23041.698024208472,-14817.965555830415,-27109.681362089203,38541.234731214776
2017-07-04 19:27:21.737960994,0.6367,-0.0674,-0.9344,23071.160221940056,-14837.936980765751,-27143.59534574477,38590.38191214415
2017-07-04 19:27:21.938719987,0.2518,-0.5829,-0.7025,23100.853612084764,-14858.081737116396,-27177.792086984875,38639.93288344558
2017-07-04 19:27:22.138908982,0.3814,-1.0842,-0.3349,23130.477981149237,-14878.21274816913,-27211.90515764455,38689.37849752635
2017-07-04 19:27:22.338752985,0.7626,0.3298,-0.9254,23160.08175403872,-14898.295895387591,-27245.99639845384,38738.7780806886
2017-07-04 19:27:22.538709998,0.377,0.333,-0.4679,23189.717341115804,-14918.377085171807,-27280.125625510947,38788.22268885087
2017-07-04 19:27:22.737972021,0.0703,-0.5846,-0.1351,23219.252715156712,-14938.411690573788,-27314.14159390759,38837.509851938456
2017-07-04 19:27:22.938700973,0.547,-1.4722,-0.8344,23249.027562772186,-14958.653104966264,-27348.441601112718,38887.21953725581
2017-07-04 19:27:23.138714015,0.4501,0.507,-0.6502,23278.71422322988,-14978.802044681479,-27382.645286992523,38936.773229093
2017-07-04 19:27:23.338702023,1.0001,0.006,-1.3273,23308.437167253443,-14998.948222547142,-27416.89777750953,38986.3819134946
2017-07-04 19:27:23.538707971,0.1468,-0.4884,-0.2305,23338.168649934232,-15019.11574479534,-27451.162561207584,39036.01259926758
2017-07-04 19:27:23.738038003,0.6042,-1.2376,-0.6894,23367.823662032297,-15039.264284210194,-27485.33893933082,39085.528134081185
2017-07-04 19:27:23.938903987,0.3387,0.4685,-0.7015,23397.720848551653,-15059.549177018222,-27519.80696953243,39135.44605548919
2017-07-04 19:27:24.138704001,1.515,-0.2271,-1.433,23427.519853407925,-15079.735486345628,-27554.14928774637,39185.178981234574
2017-07-04 19:27:24.338815987,0.0286,-0.5746,-0.0855,23457.366532346932,-15099.976324752697,-27588.54865261887,39235.001547073756
2017-07-04 19:27:24.538819015,1.2879,-1.5272,-1.5985,23487.2484777731,-15120.267232174065,-27622.993229484953,39284.896298516345
2017-07-04 19:27:24.738174974,0.3056,0.5799,-0.6147,23517.04589165942,-15140.469445654673,-27657.350797846844,39334.645233691605
2017-07-04 19:27:24.938946008,1.2785,-0.1853,-1.4756,23547.10634959214,-15160.822528408127,-27692.011724198535,39384.82284472077
2017-07-04 19:27:25.138499975,-0.0354,-0.4534,0.1396,23576.983172386943,-15181.070286682032,-27726.456978103266,39434.69851690017
2017-07-04 19:27:25.338708996,0.2535,-1.079,-0.2527,23606.96822976877,-15201.42776031993,-27761.02543081766,39484.767796253305
2017-07-04 19:27:25.538766026,0.4255,-0.0098,-0.8504,23636.947553354454,-15221.770171569231,-27795.601675892394,39534.83336655127
2017-07-04 19:27:25.738893985,0.5379,0.1597,-0.845,23666.95904946696,-15242.113398919753,-27830.224023027946,39584.950937024
2017-07-04 19:27:25.938789010,0.3947,-0.7367,-0.6933,23696.951385869957,-15262.462385346827,-27864.83377523278,39635.05045246902
2017-07-04 19:27:26.138669013,0.4581,-1.1065,-0.2416,23726.95977038389,-15282.854049464144,-27899.450578940945,39685.180993028196
2017-07-04 19:27:26.338703989,0.3678,0.6948,-0.7244,23757.006138450306,-15303.233722132823,-27934.123208237517,39735.36891019867
2017-07-04 19:27:26.538712978,2.1088,-0.6567,-2.128,23787.132962707085,-15323.637017593026,-27968.87646078534,39785.670743511735
2017-07-04 19:27:32.972093999,-0.2043,-0.5174,0.2746,24747.720457690677,-16001.33274361472,-29075.365543350355,41398.90335387307
2017-07-04 19:27:33.172084987,0.2968,-0.9993,-0.035,24777.593585330935,-16022.43986742708,-29109.763762581082,41449.07802953436
2017-07-04 19:27:33.372254014,0.6849,-0.2728,-1.2411,24807.520749404586,-16043.576711994232,-29144.24233226165,41499.353013840766
2017-07-04 19:27:33.572085022,0.3638,0.3266,-0.5275,24837.41190385717,-16064.66482151935,-29178.683743447913,41549.56162115045
2017-07-04 19:27:33.771319985,0.6765,-1.2059,-0.9604,24867.240753986214,-16085.73789826743,-29213.060547342313,41599.68188569665
2017-07-04 19:27:33.972122013,0.1558,-0.816,0.0135,24897.310502383312,-16107.009625745795,-29247.707194611077,41650.21255020986
2017-07-04 19:27:34.172218978,0.6984,-0.3841,-1.3266,24927.302631938397,-16128.222042102965,-29282.28530484407,41700.62583964305
2017-07-04 19:27:34.372129976,0.2575,0.394,-0.3001,24957.27717811065,-16149.398997994644,-29316.84327203902,41751.00084523451
2017-07-04 19:27:34.571838974,1.3155,-0.9337,-1.0543,24987.27390349905,-16170.591795034077,-29351.408369515677,41801.400328268704
2017-07-04 19:27:34.771327972,0.1632,-0.718,0.2325,25017.244079093885,-16191.789819455751,-29385.926137445156,41851.75281664761
2017-07-04 19:27:34.972151994,1.0124,-0.2887,-1.4452,25047.45565204123,-16213.14134904665,-29420.733191158106,41902.51219855977
2017-07-04 19:27:35.172146022,0.0738,0.4201,-0.198,25077.54531413885,-16234.387831011392,-29455.404308869984,41953.06270380477
2017-07-04 19:27:35.372084975,1.7461,-0.7841,-1.3958,25107.696491417184,-16255.659806907597,-29490.121676659164,42003.6924015877
2017-07-04 19:27:35.572097003,-0.1563,-0.6176,0.3296,25137.852435793546,-16276.964264396567,-29524.838547593827,42054.33725562272
2017-07-04 19:27:35.771389007,1.7867,-1.2697,-1.8954,25167.970784585163,-16298.242456953858,-29559.505721319078,42104.91466667616
2017-07-04 19:27:35.972422003,0.0487,0.4783,-0.4438,25198.354211978658,-16319.68720320813,-29594.49367933335,42155.940287686615
2017-07-04 19:27:36.172066986,1.8158,-0.0768,-1.6968,25228.600234290716,-16340.98694737646,-29629.30769761086,42206.70561457839
2017-07-04 19:27:36.372250974,0.0328,-0.5441,0.1735,25258.92922975529,-16362.36600102639,-29664.208754606225,42257.61242690111
2017-07-04 19:27:36.572086989,1.2391,-1.3052,-1.6905,25289.25498811707,-16383.760014618205,-29699.116653443154,42308.52798272981
2017-07-04 19:27:36.771356999,-0.0044,0.5873,-0.3871,25319.494678681098,-16405.07011210941,-29733.941052161263,42359.3010643517
2017-07-04 19:27:36.972405016,2.3229,-0.7659,-1.8491,25350.098078296993,-16426.60130903191,-29769.150916317045,42410.64783074677
2017-07-04 19:27:37.172224998,-0.1506,-0.4829,0.3734,25380.508534055793,-16448.02027103658,-29804.130803593886,42461.674451691644
2017-07-04 19:27:37.371982991,1.0321,-0.6505,-1.6083,25410.950739904656,-16469.45854542814,-29839.16401566839,42512.765041095554
2017-07-04 19:27:37.572090029,0.1992,0.5399,-0.3143,25441.45411514852,-16490.912660637852,-29874.27102811304,42563.95020830594
2017-07-04 19:27:37.771360993,3.3666,-0.8217,-1.7845,25471.963727246362,-16512.30976649859,-29909.30221932126,42615.06387644696
2017-07-04 19:27:37.972211003,-0.0042,-0.4492,0.2605,25502.71493158268,-16533.89454653744,-29944.60049295181,42666.582197781914
2017-07-04 19:27:38.172119975,0.8068,-1.369,-1.5035,25533.35430062836,-16555.43290605996,-29979.7934696491,42717.94186324155
2017-07-04 19:27:38.371306002,0.3342,0.1173,-0.6794,25563.89612575926,-16576.888720998577,-30014.886130732473,42769.1409106825
2017-07-04 19:27:38.572089016,1.5389,-0.4152,-1.6519,25594.744860906463,-16598.533297634393,-30050.326743918584,42820.84083181744
2017-07-04 19:27:38.771354973,0.7076,-0.8516,-0.5022,25625.38860876324,-16620.048148672766,-30085.519519141802,42872.19409536904
2017-07-04 19:27:38.972216010,0.0988,-0.6603,-0.1025,25656.28163915877,-16641.76186125116,-30120.99814014077,42923.97412114578
2017-07-04 19:27:39.172124028,0.8415,-0.5767,-1.3276,25687.061721417493,-16663.39559625174,-30156.361482015578,42975.5748130387
2017-07-04 19:27:39.372371017,0.2736,0.421,-0.3194,25717.90496650322,-16685.04913254846,-30191.797594779706,43027.27207743704
2017-07-04 19:27:39.572081983,1.5295,-1.0138,-1.1251,25748.726653400816,-16706.685141333735,-30227.183725845196,43078.91466459219
2017-07-04 19:27:39.771367013,-0.059,-0.452,0.2733,25779.480261812663,-16728.292956621706,-30262.48353272862,43130.44513311239
2017-07-04 19:27:39.972100973,0.8388,-1.1104,-1.5005,25810.491267394766,-16750.102617181055,-30298.100453182346,43182.430318608574
2017-07-04 19:27:40.172095000,0.002,0.5973,-0.3328,25841.38804213802,-16771.807993757353,-30333.599395970843,43234.22407814276
2017-07-04 19:27:40.372789025,1.4688,-0.9857,-1.5072,25872.452118974605,-16793.629043318444,-30369.283295554593,43286.2925529419
2017-07-04 19:27:40.572084009,-0.1528,-0.4829,0.413,25903.293578689314,-16815.317158081245,-30404.70203841288,43337.990440204965
2017-07-04 19:27:40.771331012,1.5611,-1.7867,-1.8697,25934.189587892928,-16837.070982211862,-30440.186479987362,43389.792598919164
2017-07-04 19:27:40.972907006,0.1118,0.6272,-0.3904,25965.451282184997,-16859.053601061485,-30476.101560990803,43442.204306029555
2017-07-04 19:27:41.172086000,2.0996,-1.0941,-2.3576,25996.42453028905,-16880.81822349533,-30511.683096449164,43494.12509330252
2017-07-04 19:27:41.372906029,-0.0699,-0.4389,0.3427,26027.650147895452,-16902.779864832897,-30547.543967407455,43546.46922335879
2017-07-04 19:27:41.572560012,1.4004,-2.1795,-1.9997,26058.750278705862,-16924.700866198265,-30583.27632645345,43598.63250560106
2017-07-04 19:27:41.770998001,0.2605,0.8352,-0.4196,26089.671251822958,-16946.455469348137,-30618.807580169003,43650.48312028415
2017-07-04 19:27:41.974655985,1.7141,-0.1334,-1.7491,26121.476709176346,-16968.787869484793,-30655.34604517667,43703.79329505787
2017-07-04 19:27:42.172104001,0.1675,-0.4582,-0.0317,26152.318880141844,-16990.45717018011,-30690.771609998217,43755.48970903446
2017-07-04 19:27:42.372274994,1.6597,-1.7808,-2.0874,26183.652892588823,-17012.496662917605,-30726.76936248827,43808.02525749027
2017-07-04 19:27:42.572396993,0.096,1.1384,-0.2756,26214.98308038598,-17034.48516968218,-30762.769341595125,43860.54035765212
2017-07-04 19:27:42.771113991,2.4883,-1.4201,-1.7613,26246.19156673047,-17056.37537878605,-30798.58612584116,43912.81612662103
2017-07-04 19:27:42.972091972,0.1444,-0.878,0.312,26277.76097287443,-17078.550116902443,-30834.79782768276,43965.69518291665
2017-07-04 19:27:43.172233998,1.041,-0.8315,-1.3623,26309.240767262352,-17100.665927874892,-30870.913478697283,44018.43050286748
2017-07-04 19:27:43.372125983,0.0916,0.6252,-0.1352,26340.684893425514,-17122.729128175644,-30906.98941194547,44071.09628726881
2017-07-04 19:27:43.572088003,1.8923,-0.6709,-1.7317,26372.215699740413,-17144.826884441078,-30943.147226604488,44123.88480288663
2017-07-04 19:28:25.288685023,0.1882,-0.6117,0.0477,33277.77422777027,-22819.444198079287,-38403.47353057374,55704.255405464166
2017-07-04 19:28:25.488717019,0.6109,-0.8104,-1.0636,33310.91097591269,-22846.68653870355,-38439.28851614145,55759.90295427461
2017-07-04 19:28:25.687891006,0.2391,-0.8212,0.2449,33343.9150738165,-22873.844604386195,-38474.9401631352,55815.32459810951
2017-07-04 19:28:25.888689994,0.6499,0.0557,-1.0372,33377.21464640554,-22901.221998768528,-38510.92450140197,55871.24244673453
2017-07-04 19:28:26.288827002,0.8461,-1.0262,-1.0662,33443.70698018233,-22955.941900303962,-38582.80207291515,55982.93865906088
2017-07-04 19:28:26.488690018,0.2398,-0.8216,-0.0089,33476.92857918995,-22983.30656898604,-38618.7043018814,56038.74953901394
2017-07-04 19:28:26.688683986,0.5149,-0.2582,-1.1478,33510.19254003812,-23010.699494615932,-38654.67596353341,56094.64563706337
2017-07-04 19:28:26.880870220,0.2924,0.3156,-0.4408,33542.168680883864,-23037.01134774913,-38689.25957819209,56148.37289149096
2017-07-04 19:28:26.888522028,0.1909,0.348,-0.3829,33543.44180764924,-23038.058921907937,-38690.63653158986,56150.512040515256
2017-07-04 19:28:27.288730025,0.0903,-0.831,0.0979,33610.04386836779,-23092.98267307062,-38762.63883204996,56262.44810525307
2017-07-04 19:28:27.488696992,0.632,-0.3278,-1.1569,33643.347365784524,-23120.438850389954,-38798.66158935654,56318.430870673874
2017-07-04 19:28:27.688862979,0.2491,0.3416,-0.3941,33676.693989531865,-23147.90866717479,-38834.73598900749,56374.481044745335
2017-07-04 19:28:27.881249900,0.8345,-1.1284,-1.0635,33708.7755480214,-23174.352687539027,-38869.44778955247,56428.41609418147
2017-07-04 19:28:27.888741016,0.8013,-0.9204,-1.05,33710.02477705321,-23175.382410140723,-38870.79944827776,56430.516301678756
2017-07-04 19:28:28.288682997,0.9957,-0.9677,-1.662,33776.87892965171,-23230.51289072972,-38943.22878029652,56542.98672009841
2017-07-04 19:28:28.488821029,0.0625,0.5339,-0.3686,33810.33643199789,-23258.079771571232,-38979.48846181288,56599.272478100436
2017-07-04 19:28:28.689207971,1.5964,-1.0167,-1.6872,33843.89964848519,-23285.721762626166,-39015.860988584536,56655.730426001304
2017-07-04 19:28:28.879889720,0.0342,-0.4767,0.1968,33875.83856595321,-23312.042322098732,-39050.464756032154,56709.457354447986
2017-07-04 19:28:28.888792991,-0.1145,-0.5569,0.185,33877.3298419064,-23313.27132011575,-39052.08045299606,56711.96597341632
2017-07-04 19:28:29.288833975,0.2951,0.4867,-0.3784,33944.382946627346,-23368.414662204406,-39124.73736228151,56824.72183055119
2017-07-04 19:28:29.488846004,0.9555,-0.9833,-1.22,33977.94630505472,-23396.02450340439,-39161.11308571349,56881.170661169774
2017-07-04 19:28:29.688688993,0.0931,-0.5941,0.229,34011.48501559283,-23423.634736872595,-39197.448920609626,56937.57791771723
2017-07-04 19:28:29.879399770,0.6328,-0.5875,-1.438,34043.51412518465,-23450.00463503529,-39232.17662015809,56991.466499205846
2017-07-04 19:28:29.888490021,0.5535,-0.6476,-1.3604,34045.040842094146,-23451.261612760427,-39233.83203234284,56994.035241524005
2017-07-04 19:28:30.288695991,1.0686,-1.0362,-1.3811,34112.42699429782,-23506.767080445275,-39306.93415412956,57107.45000972011
2017-07-04 19:28:30.488717019,-0.0758,-0.5036,0.1915,34146.10323795074,-23534.528595722815,-39343.46258304422,57164.13605210075
2017-07-04 19:28:30.688694000,0.6238,-0.69,-1.3847,34179.79701195247,-23562.311591232923,-39380.03834321705,57220.87443594225
2017-07-04 19:28:30.879719850,0.2788,0.3603,-0.4202,34211.99279910365,-23588.83784978781,-39414.99227632306,57275.084797249394
2017-07-04 19:28:30.888688981,0.1095,0.6203,-0.356,34213.50447888578,-23590.083272622916,-39416.6334776353,57277.63012072218
2017-07-04 19:28:31.288706004,-0.2471,-0.375,0.3116,34280.88480953642,-23645.688272543273,-39489.780057834825,57391.117485401555
2017-07-04 19:28:31.488682985,1.147,-1.1608,-1.6826,34314.61553318847,-23673.532810868786,-39526.41487081753,57447.94572025883
2017-07-04 19:28:31.688694000,0.0796,0.6765,-0.3156,34348.35518180921,-23701.355025064066,-39563.06854405453,57504.78350834308
2017-07-04 19:28:31.879319900,1.8868,-1.0858,-2.0969,34380.58022819039,-23727.91119381516,-39598.07851496486,57559.064347207175
2017-07-04 19:28:31.888701021,1.868,-0.6566,-2.1256,34382.166258195306,-23729.218139238354,-39599.801619918726,57561.73588802426
2017-07-04 19:28:32.288685977,1.1955,-1.468,-1.5953,34449.98144015305,-23785.17752613376,-39673.52526034688,57676.03053054163
2017-07-04 19:28:32.488694012,0.3542,0.3887,-0.7725,34483.90583787151,-23813.14384681447,-39710.420850448354,57733.20626661913
2017-07-04 19:28:32.688896000,1.5472,-0.2992,-1.8136,34517.92514603133,-23841.149279350753,-39747.424909768524,57790.52986696866
2017-07-04 19:28:32.879769920,-0.039,-0.365,0.27,34550.35796203761,-23867.863144818584,-39782.6949915888,57845.18084679579
2017-07-04 19:28:32.888620018,0.1814,-0.7276,-0.0186,34551.86176261975,-23869.101822187436,-39784.33033264875,57847.714847506744
2017-07-04 19:28:33.288682997,0.5734,0.6012,-0.7491,34619.93187210337,-23924.999212417726,-39858.374765548295,57962.36114146977
2017-07-04 19:28:33.489275991,0.8703,0.3573,-1.1354,34654.09748472386,-23953.011984894485,-39895.54659205453,58019.892222478644
2017-07-04 19:28:33.688987016,0.1703,-0.4731,-0.0108,34688.11967001439,-23980.920459926343,-39932.555411907044,58077.18290405949
2017-07-04 19:28:33.879340170,1.1775,-1.0683,-1.3372,34720.590341725,-24007.559935063866,-39967.87855989338,58131.86427676267
2017-07-04 19:28:33.888840019,0.599,-0.9551,-0.5528,34722.21089153893,-24008.889502730195,-39969.64146248511,58134.59334157608
2017-07-04 19:28:34.288754999,0.4245,0.0704,-0.8321,34790.49904032044,-24064.849030705187,-40043.987421985235,58249.60696002405
2017-07-04 19:28:34.488738000,0.4716,-0.604,-0.4737,34824.66633167796,-24092.856520303438,-40081.18408912194,58307.155979405434
2017-07-04 19:28:34.688721001,0.4331,-1.0427,-0.4787,34858.85094409069,-24120.905710812047,-40118.39990100381,58364.74614070621
2017-07-04 19:28:34.880479810,0.6859,0.2293,-1.161,34891.65495446708,-24147.792961945954,-40154.127924533575,58420.00924147822
2017-07-04 19:28:34.889123022,0.4603,0.3301,-0.8568,34893.13357550972,-24149.0048357788,-40155.73837026637,58422.500197596084
2017-07-04 19:28:35.288851022,0.6987,-0.7489,-0.8436,34961.62792233869,-24205.17077960461,-40230.35244799469,58537.910601077565
2017-07-04 19:28:35.488771021,0.1204,-0.7958,-0.1431,34995.8895034634,-24233.293426498953,-40267.67565917281,58595.652530079016
2017-07-04 19:28:35.688723981,0.5619,0.0511,-1.1908,35030.17919875604,-24261.418666962167,-40305.052633460735,58653.449670216505
2017-07-04 19:28:35.881680250,0.9899,-0.0398,-1.2782,35063.30589590806,-24288.561239707742,-40341.16931453448,58709.28009360183
2017-07-04 19:28:35.888517022,0.4134,0.0886,-0.5444,35064.47965100393,-24289.522943534357,-40342.44901601893,58711.25829540905
2017-07-04 19:29:16.305607020,0.8518,-1.1151,-1.0712,43394.84290276209,-31796.40959898613,-49657.53671092677,73211.98676541253
2017-07-04 19:29:16.505716025,2.7336,-1.4164,-2.105,43436.196817321805,-31833.633654125908,-49703.740922060395,73284.00430670744
2017-07-04 19:29:16.705730974,-0.2638,-0.3591,0.528,43477.52074097893,-31870.85457922025,-49749.90229295661,73355.9742594343
2017-07-04 19:29:16.905632972,1.6251,-1.7818,-1.8164,43518.8862687982,-31908.125687351243,-49796.11018074937,73428.02282568779
2017-07-04 19:29:17.104870975,0.0656,0.7558,-0.3967,43560.11700081523,-31945.24299359996,-49842.180331617696,73499.83185868086
2017-07-04 19:29:17.305656015,2.1411,-0.5357,-2.5407,43601.75419758693,-31982.670103693206,-49888.71063393553,73572.32907000439
2017-07-04 19:29:17.505589008,-0.0966,-0.6504,0.4657,43643.21084225068,-32019.964387491822,-49935.0248657611,73644.51561617859
2017-07-04 19:29:17.704824984,1.1354,-1.2931,-2.1705,43684.56802823553,-32057.179983552087,-49981.26379239761,73716.55853739122
2017-07-04 19:29:17.905691027,0.1806,0.7336,-0.378,43726.270868443775,-32094.670463666174,-50027.89627818712,73789.1932619736
2017-07-04 19:29:18.104876995,2.1154,-0.6337,-2.5632,43767.70882817445,-32131.87250962,-50074.240417659734,73861.35065410001
2017-07-04 19:29:18.305588006,-0.3768,-0.4114,0.4026,43809.44887322114,-32169.375961700145,-50120.92316666276,73934.04830941628
2017-07-04 19:29:18.505744993,1.5904,-1.5694,-2.2581,43851.13741883915,-32206.838767329442,-50167.56752280153,74006.6723172007
2017-07-04 19:29:18.705604016,0.0136,0.7328,-0.1817,43892.764447974325,-32244.216533205356,-50214.14969950673,74079.18129117023
2017-07-04 19:29:18.905386984,2.5023,-1.2935,-2.6688,43934.47551111119,-32281.63170299374,-50260.82067011922,74151.81709356853
2017-07-04 19:29:19.104885995,-0.1931,-0.412,0.3649,43976.11960382041,-32319.010091117765,-50307.41078303667,74224.34296356206
2017-07-04 19:29:19.305817008,1.2288,-1.6632,-2.1859,44018.1122281069,-32356.72392978154,-50354.42357127594,74297.50844267782
2017-07-04 19:29:19.505582988,-0.0142,0.7416,-0.3297,44059.860805174365,-32394.18950242099,-50401.17692833851,74370.24595529979
2017-07-04 19:29:19.705735027,2.0302,-1.5056,-2.2534,44101.77139523156,-32431.787794987056,-50448.11091198903,74443.26023465578
2017-07-04 19:29:19.905601978,-0.2251,-0.3319,0.5827,44143.613297613345,-32469.345792496282,-50494.95476788226,74516.15575277885
2017-07-04 19:29:20.104873001,0.8138,-1.604,-1.9196,44185.362758331146,-32506.855499337875,-50541.73517831584,74588.93303550573
2017-07-04 19:29:20.305797994,0.0326,0.8109,-0.234,44227.46005995959,-32544.64380388223,-50588.913317750244,74662.30785575636
2017-07-04 19:29:20.505595982,2.3771,-1.3142,-2.4216,44269.416126337186,-32582.272612542878,-50635.92349949789,74735.41624565871
2017-07-04 19:29:20.705748975,-0.4992,-0.634,0.6238,44311.426742518495,-32619.9936796257,-50682.992219672895,74808.63738871219
2017-07-04 19:29:20.904815018,1.5848,-1.0496,-1.8147,44353.27201735304,-32657.551491643677,-50729.87724029676,74881.56550774195
2017-07-04 19:29:21.104861021,-0.1651,0.741,-0.0988,44395.31668058121,-32695.264539184747,-50776.99701977281,74954.83902192293
2017-07-04 19:29:21.305867016,1.7661,-1.1669,-1.7752,44437.63446656426,-32733.205712956656,-50824.4146444278,75028.57613722551
2017-07-04 19:29:21.505587995,-0.0671,-0.4737,0.4168,44479.67904165181,-32770.92322686551,-50871.51250630974,75101.83780353914
2017-07-04 19:29:21.705614984,1.2724,-0.9395,-1.8927,44521.83894665163,-32808.73612122321,-50918.75825938408,75175.31012068548
2017-07-04 19:29:21.905588984,0.0036,0.6731,-0.2239,44563.987827065124,-32846.512081595145,-50966.000450292915,75248.75792248295
2017-07-04 19:29:22.104974985,1.5459,-1.271,-1.5316,44606.07423077995,-32884.22749471471,-51013.164619755466,75322.08999176984
2017-07-04 19:29:22.305585980,0.3519,-0.7972,-0.0915,44648.43336840402,-32922.20670811034,-51060.62224032612,75395.89803400212
2017-07-04 19:29:22.505591988,0.4943,0.2045,-1.1371,44690.684535830886,-32960.06320626343,-51107.98222863696,75469.52297666062
2017-07-04 19:29:22.705694019,0.2692,0.1672,-0.4443,44732.96676705714,-32997.93118451758,-51155.382744643124,75543.19931000889
2017-07-04 19:29:22.905597984,1.509,-0.8341,-1.6531,44775.26744831956,-33035.795012065384,-51202.8024029449,75616.89825074002
2017-07-04 19:29:23.104918003,0.0572,-0.7707,0.2857,44817.446836149094,-33073.578853081905,-51250.07219171045,75690.38947394583
2017-07-04 19:29:23.305589973,0.6708,0.0897,-1.1771,44859.9393316082,-33111.615362786375,-51297.71000367411,75764.4262196298
2017-07-04 19:29:23.505586028,0.3729,0.3122,-0.5833,44902.3036167844,-33149.511268199385,-51345.21069026856,75838.23328798235
2017-07-04 19:29:23.705600023,0.7891,-1.0436,-1.1515,44944.70327052946,-33187.45232278444,-51392.76170420497,75912.115629445
2017-07-04 19:29:23.905628979,0.2035,-0.7704,0.06,44987.11423811589,-33225.42704027522,-51440.31387425109,75986.02069435806
2017-07-04 19:29:24.104864001,0.5514,-0.0419,-1.1479,45029.37876012703,-33263.25269569471,-51487.72287062444,76059.67747645821
2017-07-04 19:29:24.305606007,0.149,0.3631,-0.2888,45071.96896898651,-33301.349826763035,-51535.5020994531,76133.89694261334
2017-07-04 19:29:24.505855023,0.4881,-0.5035,-0.6517,45114.47415580824,-33339.37358760311,-51583.19012315337,76207.97276433907
2017-07-04 19:29:24.705785989,0.7948,-1.0409,-0.5441,45156.94360286825,-33377.37856361247,-51630.824154256305,76281.98318200083
2017-07-04 19:29:24.905597984,0.5826,0.3439,-0.8989,45199.41103825013,-33415.347194215516,-51678.46572866647,76355.9821257222
2017-07-04 19:29:25.104866981,0.2922,0.3887,-0.3988,45241.77466920054,-33453.197208821664,-51725.993670578784,76429.79131150225
2017-07-04 19:29:25.305665016,0.7684,-0.879,-1.1202,45284.49434805363,-33491.37309666352,-51773.93147189303,76504.23178043874
2017-07-04 19:29:25.505692005,0.1901,-0.7382,0.2979,45327.057593318474,-33529.43192857448,-51821.673277239744,76578.39627972046
2017-07-04 19:29:25.705596983,0.9379,-0.0865,-1.1882,45369.632356526236,-33567.47100235048,-51869.433444237824,76652.57187783206
2017-07-04 19:29:25.905776023,0.2481,0.4164,-0.3374,45412.27542986504,-33605.54554039246,-51917.27260875334,76726.85739633108
2017-07-04 19:29:26.104961991,0.5609,-0.9336,-0.9102,45454.72920810719,-33643.46823436234,-51964.910559279735,76800.82871722702
2017-07-04 19:29:26.305742025,-0.0379,-0.5257,-0.0378,45497.521211974294,-33681.71561232262,-52012.93127552501,76875.40193648366
2017-07-04 19:29:26.505586981,0.4301,0.014,-1.1931,45540.13110114382,-33719.78430446672,-52060.77599847624,76949.67051139755
2017-07-04 19:29:26.705600976,0.1468,0.4036,-0.3727,45582.78290474062,-33757.86905078206,-52108.676101007295,77024.00888807431
2017-07-04 19:29:26.905591011,0.1432,-0.6841,-0.8576,45625.435326438084,-33795.976596137276,-52156.60476608927,77098.37743778845
2017-07-04 19:29:36.755384981,0.4856,-0.6836,-0.4541,47773.23997872149,-35739.14926892787,-54561.21583648748,80848.5962901459
2017-07-04 19:29:36.955385029,2.3853,-0.3419,-2.5213,47816.9465601846,-35778.61906239375,-54610.142311789095,80924.8886540185
2017-07-04 19:29:37.155377984,-0.1887,-0.4396,0.3909,47860.64404412592,-35818.10503882497,-54659.051417015224,81001.17158843283
2017-07-04 19:29:37.355385005,1.8394,-1.8798,-2.5137,47904.4181825854,-35857.66898968207,-54708.06451719949,81077.60498438324
2017-07-04 19:29:37.554690003,-0.0707,0.8471,-0.3527,47948.035865799146,-35897.06042248211,-54756.919591924394,81153.76352061417
2017-07-04 19:29:37.754885971,1.638,-1.0814,-2.3749,47991.91418529472,-35936.671290947386,-54806.08824987747,81230.38520095576
2017-07-04 19:29:37.955380976,-0.1773,-0.4294,0.131,48035.850919625576,-35976.35858814152,-54855.32508613639,81307.12171231215
2017-07-04 19:29:38.155369997,1.6925,-1.3868,-1.9575,48079.74446453663,-36016.00119345168,-54904.51595608316,81383.78242692855
2017-07-04 19:29:38.355367004,0.1747,0.6883,-0.4942,48123.646750003994,-36055.61785060199,-54953.728557737544,81460.45198441583
2017-07-04 19:29:38.554642975,2.143,-1.3098,-2.5678,48167.47585794695,-36095.14369378822,-55002.86570613098,81536.9877091851
2017-07-04 19:29:38.755360007,-0.299,-0.4911,0.6423,48211.60986947288,-36134.975152584106,-55052.33231247775,81614.06158578071
2017-07-04 19:29:38.955657005,0.8808,-0.9513,-1.772,48255.68685990538,-36174.76142248019,-55101.76649233593,81691.06039751547
2017-07-04 19:29:39.155429005,-0.0973,0.8178,-0.1877,48299.6444371085,-36214.41077121675,-55151.0785912707,81767.84618686029
2017-07-04 19:29:39.355423986,1.5941,-1.027,-1.9816,48343.714839567445,-36254.1454536002,-55200.524991279715,81844.82748697752
2017-07-04 19:29:39.554674983,-0.3151,-0.5057,0.3436,48387.6087897683,-36293.752399209945,-55249.77380877062,81921.5152052691
2017-07-04 19:29:39.755509972,1.5196,-1.8502,-2.2633,48431.912977702945,-36333.748836665916,-55299.50543066547,81998.94389613754
2017-07-04 19:29:39.955381989,-0.0297,1.1337,-0.3801,48476.00354758535,-36373.50820755091,-55349.01378184861,82075.99128791287
2017-07-04 19:29:40.155170977,2.0577,-0.2337,-2.6767,48520.157936179494,-36413.26039024775,-55398.60840891946,82153.13184562467
2017-07-04 19:29:40.355381011,-0.2374,-0.5327,0.6214,48564.39586213867,-36453.11770159828,-55448.282646126754,82230.42249694362
2017-07-04 19:29:40.554642021,0.8063,-1.0019,-2.2106,48608.456108146296,-36492.825864021,-55497.80919215641,82307.44297989305
2017-07-04 19:29:40.755448997,-0.0327,0.8575,-0.2116,48652.85687687528,-36532.80752476186,-55547.728522197955,82385.05114338893
2017-07-04 19:29:40.955412983,2.0798,-1.2338,-2.2847,48697.154412707256,-36572.67067625803,-55597.52964540704,82462.4665587987
2017-07-04 19:29:41.155367970,-0.366,-0.4495,0.5098,48741.43532160179,-36612.550005696234,-55647.30814458903,82539.8645435546
2017-07-04 19:29:41.355486989,1.4227,-1.3933,-2.3017,48785.80953185367,-36652.517848279625,-55697.21965690657,82617.44703031231
2017-07-04 19:29:41.554632008,0.041,0.874,-0.3262,48829.96939423488,-36692.25650149453,-55746.90118140281,82694.64668007521
2017-07-04 19:29:41.755685985,2.3877,-0.0532,-2.4563,48874.64908010754,-36732.37823071739,-55797.15823176122,82772.71168645097
2017-07-04 19:29:41.955375015,-0.0636,-0.5117,0.042,48919.02290137553,-36772.24797960693,-55847.07241433717,82850.25359255835
2017-07-04 19:29:42.155561983,1.6654,-1.2077,-1.9374,48963.57411235417,-36812.26554475422,-55897.1887022382,82928.10252988503
2017-07-04 19:29:42.355212986,-0.0394,0.781,-0.4117,49008.00447488503,-36852.1448389202,-55947.18722326977,83005.73980174326
2017-07-04 19:29:42.554709970,2.1552,0.1363,-2.4197,49052.48633691106,-36891.98794394744,-55997.24347513774,83083.43076151265
2017-07-04 19:29:42.755366027,-0.3429,-0.4834,0.3165,49097.212831424855,-36932.081999583985,-56047.577809512666,83161.56544312763
2017-07-04 19:29:42.955374002,1.8172,-1.2539,-2.11,49141.86756142,-36972.096718826804,-56097.83398001609,83239.5702803653
2017-07-04 19:29:43.155412971,-0.1927,0.7518,-0.1009,49186.521500278686,-37012.087555183505,-56148.10197598066,83317.57244420334
2017-07-04 19:29:43.355367004,2.6949,-1.41,-2.0278,49231.26422565198,-37052.117785617884,-56198.42970301094,83395.68520456873
2017-07-04 19:29:43.554660975,-0.1706,-0.3235,0.537,49275.85247630932,-37092.028722312585,-56248.56996614406,83473.5278710566
2017-07-04 19:29:43.755613029,0.9173,-0.4693,-1.3821,49320.84873378688,-37132.290660566585,-56299.183197074955,83552.08649806236
2017-07-04 19:29:43.955362975,-0.2007,0.709,-0.1909,49365.56781284497,-37172.28346020978,-56349.50127334907,83630.16343931148
2017-07-04 19:29:44.155358016,1.5869,-1.4394,-1.9128,49410.405235471946,-37212.38290452662,-56399.95759856612,83708.45121065564
2017-07-04 19:29:44.355377018,-0.19,-0.3676,0.6033,49455.24042853532,-37252.50185987069,-56450.39583226732,83786.73457226728
2017-07-04 19:29:44.554636001,0.2986,-0.5029,-1.5727,49499.91711544867,-37292.48834106977,-56500.70485680227,83864.77884321041
2017-07-04 19:29:44.755735993,0.4376,0.2625,-0.5497,49545.02427973369,-37332.83365264044,-56551.50093089735,83943.56530998912
2017-07-04 19:29:44.955431997,0.7793,-0.9859,-1.1276,49589.847603776194,-37372.936607939206,-56601.987337067745,84021.86826399641
2017-07-04 19:29:45.155278027,0.0873,-0.7463,0.2983,49634.70808894877,-37413.0994975167,-56652.499758621976,84100.23775226146
2017-07-04 19:29:45.355426013,0.8964,-0.2975,-1.6662,49679.67226484784,-37453.33498855593,-56703.15524824225,84178.79752772632
2017-07-04 19:29:45.554647028,0.1804,0.5071,-0.3246,49724.43535229853,-37493.36400551425,-56753.589013659686,84256.99781909098
2017-07-04 19:29:45.755443990,1.4572,-1.1087,-1.2441,49769.611293669615,-37533.75437599279,-56804.47189908793,84335.90548286414
2017-07-04 19:29:45.955377995,0.0475,-0.677,0.2294,49814.59498296694,-37573.99822453766,-56855.12693724765,84414.48142910752
2017-07-04 19:29:46.155376970,0.7485,-0.1477,-1.425,49859.623229732344,-37614.261058551434,-56905.8554355439,84493.1420083473
2017-07-04 19:29:46.355599999,0.1841,0.4203,-0.4523,49904.7093009833,-37654.55214852489,-56956.65889611909,84571.90018280594
2017-07-04 19:29:46.554678022,0.5312,-0.6339,-0.9369,49949.55859319323,-37694.637950503275,-57007.208960614815,84650.25698338763
2017-07-04 19:29:46.755407989,-0.0228,-0.7904,0.0558,49994.77912493608,-37735.08823057966,-57058.17623984311,84729.27651843708
2017-07-04 19:29:46.955729007,0.5474,0.0638,-0.9723,50039.92949482201,-37775.45354073106,-57109.078699917205,84808.17356840098
2017-07-04 19:29:47.155369997,0.4181,0.4596,-0.4445,50084.943257156985,-37815.663505059856,-57159.82607808257,84886.81678963584
2017-07-04 19:29:47.355372011,0.3863,-0.8193,-1.0551,50130.05387316534,-37855.97895638536,-57210.70743093666,84965.65476014989
2017-07-04 19:29:55.322615981,0.2091,-0.6127,0.0904,51940.34522985028,-39500.870309817925,-59231.86945993734,88127.933015294
2017-07-04 19:29:55.522581994,1.3484,-1.6016,-1.6141,51985.83477699647,-39542.21868662962,-59282.66217275201,88207.41528018525
2017-07-04 19:29:55.722796976,0.1295,0.9082,-0.4781,52031.38615234464,-39583.582138369246,-59333.537290503176,88286.99659204042
2017-07-04 19:29:55.922554016,2.2981,-1.0404,-2.0416,52076.9250410424,-39624.892496446715,-59384.37750977916,88366.52374801938
2017-07-04 19:29:56.121955990,-0.3412,-0.3066,0.3257,52122.3694183496,-39666.14161657271,-59435.114410904025,88445.8987718829
2017-07-04 19:29:56.322641015,1.2918,-1.7995,-2.1001,52168.158233846596,-39707.72862788037,-59486.26235879819,88525.90499801071
2017-07-04 19:29:56.522643029,0.0137,0.7168,-0.2191,52213.79175979445,-39749.1454294621,-59537.24499404853,88605.63274300941
2017-07-04 19:29:56.722868025,1.846,-0.3388,-2.176,52259.55016873488,-39790.6219890937,-59588.37170572304,88685.55815157776
2017-07-04 19:29:56.922632992,-0.1626,-0.2441,0.2039,52305.196956249536,-39832.01299489376,-59639.372813853035,88765.295456542
2017-07-04 19:29:57.121845006,0.8179,-1.0798,-1.6159,52350.74985135064,-39873.33228197335,-59690.29687768466,88844.89393664376
2017-07-04 19:29:57.322522997,0.1587,0.5286,-0.175,52396.644355782395,-39914.934345067464,-59741.60273305284,88925.07756887983
2017-07-04 19:29:57.522714972,2.4644,-0.6633,-2.0147,52442.526475024184,-39956.46223633354,-59792.86507509369,89005.19182281177
2017-07-04 19:29:57.722733974,-0.2596,-0.451,0.5057,52488.35856450673,-39997.972289449885,-59844.06289280043,89085.22568631277
2017-07-04 19:29:57.922528982,1.0058,-0.6603,-1.7757,52534.179477870355,-40039.4622148539,-59895.27425840754,89165.2534699345
2017-07-04 19:29:58.122049987,-0.1188,0.9096,-0.1053,52579.93282222172,-40080.85903018624,-59946.41958353916,89245.15570647371
2017-07-04 19:29:58.322521984,1.7794,-0.8862,-1.8325,52625.975756530774,-40122.48877378967,-59997.88233286979,89325.54681701495
2017-07-04 19:29:58.522732019,-0.4027,-0.4951,0.4659,52671.942383483525,-40164.083964335856,-60049.259159317655,89405.82017254875
2017-07-04 19:29:58.722559988,1.0209,-1.3794,-1.7464,52717.86205691007,-40205.654858822614,-60100.60767791344,89486.03637290363
2017-07-04 19:29:58.922513008,0.0555,0.84,-0.2596,52763.812685516794,-40247.21818387918,-60151.998709189225,89566.2963919095
2017-07-04 19:29:59.121852993,0.952,-1.3441,-1.3156,52809.66026339381,-40288.70748987289,-60203.2844581968,89646.39216328884
2017-07-04 19:29:59.322530984,-0.0852,-0.3584,0.4465,52855.812147353085,-40330.48971294708,-60254.8964651246,89727.01837387272
2017-07-04 19:29:59.522566020,0.7788,-1.3875,-1.711,52901.847327566305,-40372.19358882366,-60306.41157560796,89807.47598596239
2017-07-04 19:29:59.722555994,0.331,0.6519,-0.2823,52947.88537608234,-40413.861996660045,-60357.92637212261,89887.91956223268
2017-07-04 19:29:59.922716021,1.9184,-1.3746,-2.1698,52994.03942994956,-40455.62090748582,-60409.57190300778,89968.56037315435
2017-07-04 19:30:00.121855020,-0.291,-0.3963,0.4564,53039.946509294416,-40497.18251947396,-60460.93588786648,90048.77837128664
2017-07-04 19:30:00.321991980,0.8044,-0.8638,-1.7364,53086.115866496526,-40538.98701179073,-60512.626828280365,90129.48003506927
2017-07-04 19:30:00.522561013,0.2713,0.5201,-0.3107,53132.39581194428,-40580.860832715516,-60564.44186239259,90210.36175930385
2017-07-04 19:30:00.721831023,1.4936,-0.7117,-1.6907,53178.43532530676,-40622.49171054278,-60615.98844193118,90290.81277302407
2017-07-04 19:30:00.923483014,-0.1785,-0.495,0.4809,53225.017915155295,-40664.6403529622,-60668.13163021293,90372.2175372786
2017-07-04 19:30:01.121836006,0.699,-0.5827,-1.4927,53270.86592159604,-40706.12237505083,-60719.48049171777,90452.3568849003
2017-07-04 19:30:01.322511970,0.2516,0.5785,-0.3177,53317.2610000784,-40748.066908988825,-60771.44350934759,90533.43925633079
2017-07-04 19:30:01.522517979,1.2522,-0.7289,-1.3921,53363.551279995445,-40789.900569208825,-60823.28873623086,90614.33135188691
2017-07-04 19:30:01.722724974,-0.1473,-0.5401,0.3752,53409.88217280343,-40831.79791680828,-60875.17102329077,90695.30132232163
2017-07-04 19:30:01.922370970,0.5086,-0.598,-1.4894,53456.103514098046,-40873.601699460814,-60926.967296543844,90776.10733420031
2017-07-04 19:30:02.121834993,0.2209,0.4478,-0.3371,53502.29151434599,-40915.349562746705,-60978.72977044172,90856.8462557686
2017-07-04 19:30:02.322533011,0.961,-0.8972,-1.4427,53548.803967949694,-40957.39184039564,-61030.87058720784,90938.16315166105
2017-07-04 19:30:02.522840023,0.0078,-0.5482,0.2495,53595.22611753126,-40999.37420537022,-61082.899810981115,91019.32540477125
2017-07-04 19:30:02.722519993,0.7166,-0.3518,-1.4409,53641.53151934032,-41041.23917555605,-61134.8236139259,91100.29569167935
2017-07-04 19:30:02.922520995,0.1441,0.7197,-0.3678,53687.9171319118,-41083.14266513135,-61186.84560860951,91181.3968566965
2017-07-04 19:30:03.121955990,1.2091,-0.8024,-1.5477,53734.21956336085,-41124.95948187081,-61238.78193867576,91262.35290524602
2017-07-04 19:30:03.322601974,0.0777,-0.7504,-0.0249,53780.80627585937,-41167.06042466599,-61291.034633715484,91343.81705491032
2017-07-04 19:30:03.522677004,0.8449,-0.0829,-1.2112,53827.294243548684,-41209.04488439063,-61343.18712394047,91425.10373189667
2017-07-04 19:30:03.722651004,0.2402,0.3053,-0.377,53873.76834214969,-41250.99593479371,-61395.328355294034,91506.36002404614
2017-07-04 19:30:03.922523021,0.4138,-0.5322,-0.6974,53920.23527065262,-41292.94685170938,-61447.47085590406,91587.61327782161
2017-07-04 19:30:04.121908009,0.3351,-0.9829,-0.4901,53966.60229468236,-41334.83462121974,-61499.50578427791,91668.70746392377
2017-07-04 19:30:04.322507977,0.4928,0.1699,-0.5215,54013.27169302882,-41376.97080281186,-61551.878780025465,91750.31887221233
2017-07-04 19:30:04.522563993,0.9699,0.1661,-0.8801,54059.853359177,-41418.98607913487,-61604.144983541875,91831.75285375172
2017-07-04 19:30:04.722586989,0.269,-0.5229,-0.519,54106.43809932,-41461.015341488164,-61656.423325098505,91913.20348125407
2017-07-04 19:30:04.922729015,0.5881,-1.0259,-0.667,54153.07411860571,-41503.11070898369,-61708.75949443909,91994.75329256494
2017-07-04 19:30:05.121873021,0.7089,0.1666,-0.9976,54199.5056984284,-41544.98955837136,-61760.87424954404,92075.93694026224
2017-07-04 19:30:05.322517991,0.8219,0.238,-1.0579,54246.320325093926,-41587.17447043294,-61813.42438701323,92157.77657743229
2017-07-04 19:30:05.522539019,0.7406,-0.4859,-0.7326,54293.01900339927,-41629.24764093087,-61865.84042044171,92239.40796959281
2017-07-04 19:30:05.722522020,0.4522,-0.974,-0.3277,54339.72688851021,-41671.351766064996,-61918.25959456727,92321.06123495998
2017-07-04 19:30:05.922581017,0.6074,0.213,-0.9077,54386.47683352799,-41713.46336625723,-61970.735018047504,92402.78073223241
2017-07-04 19:30:12.854803025,0.4122,0.1698,-0.7916,56026.21252829864,-43164.50787288692,-63827.095962229316,95268.09229299301
2017-07-04 19:30:13.254849970,0.8871,0.2588,-1.3158,56120.980903773656,-43248.20380825023,-63934.434026863935,95433.66012354915
2017-07-04 19:30:13.454886972,0.0559,-0.6074,0.0132,56168.370533384295,-43290.07891150092,-63988.10616113568,95516.46198759825
2017-07-04 19:30:13.547900190,0.4336,0.7433,-0.608,56190.409517667904,-43309.543569062764,-64013.06789365333,95554.96610371038
2017-07-04 19:30:13.654049992,0.4182,-0.8148,-0.5035,56215.56585742115,-43331.76646967654,-64041.560732797654,95598.91908983725
2017-07-04 19:30:13.855107009,0.6979,0.1621,-1.0088,56263.242378875424,-43373.85203604214,-64095.569443963046,95682.21102051545
2017-07-04 19:30:14.254791021,0.3871,-0.6719,-0.6006,56358.081030409565,-43457.62184701983,-64203.03004864829,95847.93822225087
2017-07-04 19:30:14.454784989,0.5807,-0.9777,-0.6774,56405.55964093832,-43499.57770788009,-64256.82830245341,95930.91473900541
2017-07-04 19:30:14.547990200,0.5682,0.2269,-0.7167,56427.69151392183,-43519.12885079459,-64281.90667274035,95969.5913870914
2017-07-04 19:30:14.653864026,0.4454,0.2238,-0.9334,56452.836582327385,-43541.33491055312,-64310.404201629215,96013.53390309536
2017-07-04 19:30:14.854551017,0.6281,0.3264,-1.1413,56500.52510541874,-43583.4140124619,-64364.468082699015,96096.86813699234
2017-07-04 19:30:15.255026996,0.6335,-0.9209,-0.8373,56595.79036376942,-43667.53162211694,-64472.488215193975,96263.38110375432
2017-07-04 19:30:15.454739987,0.5834,0.5027,-0.9259,56643.321375330655,-43709.46010378647,-64526.39360370775,96346.44897708534
2017-07-04 19:30:15.546180000,0.1477,-0.6088,-0.3718,56665.08502190641,-43728.662447598545,-64551.07767785854,96384.48738966673
2017-07-04 19:30:15.654612004,2.1824,-0.7157,-2.5443,56690.918593514565,-43751.44151341449,-64580.378625344325,96429.6333544365
2017-07-04 19:30:15.854807019,0.0387,-0.5643,-0.2388,56738.615954487796,-43793.5204897034,-64634.4857262771,96513.00286703988
2017-07-04 19:30:16.255212008,0.5929,0.7089,-0.7329,56834.10929667478,-43877.56793271875,-64742.821472714386,96679.83181348885
2017-07-04 19:30:16.455196022,1.4103,-0.0025,-1.6944,56881.86026492346,-43919.54589382439,-64796.99799782923,96763.23417625473
2017-07-04 19:30:16.542349810,0.6622,-1.1047,-0.8095,56902.675347015975,-43937.848438751695,-64820.61448071156,96799.5921930028
2017-07-04 19:30:16.654060006,-0.1871,-0.3434,0.5161,56929.35294144351,-43961.312184989394,-64850.87869157719,96846.19074815075
2017-07-04 19:30:16.854842007,1.4641,-1.6918,-2.2977,56977.360862287205,-44003.55288435292,-64905.36661246906,96930.07238404578
2017-07-04 19:30:17.254795014,2.1276,-1.1695,-2.0404,57073.33184351142,-44087.88243652755,-65014.23165212195,97097.6668245557
2017-07-04 19:30:17.454931020,-0.4142,-0.4803,0.4117,57121.33901710744,-44130.10008164025,-65068.69109725887,97181.51915582201
2017-07-04 19:30:17.548530220,0.2397,0.9955,-0.42,57143.79301432421,-44149.8356226051,-65094.1642592733,97220.73485723214
2017-07-04 19:30:17.654143989,0.6067,-0.7859,-2.2102,57169.13601606495,-44172.11322079167,-65122.93185734123,97265.00888248396
2017-07-04 19:30:17.854803025,0.0168,0.7884,-0.0022,57217.28668607466,-44214.407410240005,-65177.58844148142,97349.11275097619
2017-07-04 19:30:18.254791021,-0.3773,-0.4907,0.4919,57313.20849318226,-44298.793947792044,-65286.46061725292,97516.7111470646
2017-07-04 19:30:18.455040991,1.0031,-0.9841,-1.9372,57361.27100618089,-44341.08068212536,-65341.044059618784,97600.71150511313
2017-07-04 19:30:18.547170040,2.2845,-0.9414,-2.1719,57383.40252770078,-44360.54353993535,-65366.17471086591,97639.38501007717
2017-07-04 19:30:18.653900027,-0.1047,0.8582,-0.1537,57409.04033847133,-44383.08116438193,-65395.28990757494,97684.18371632183
2017-07-04 19:30:18.854865014,0.8979,-0.9277,-1.0517,57457.350779122346,-44425.55537784865,-65450.154230540385,97768.60343682389
2017-07-04 19:30:19.254791975,0.843,-0.6354,-1.5958,57553.62498221749,-44510.182092234805,-65559.59127990025,97936.89839516667
2017-07-04 19:30:19.454789996,0.1253,0.6252,-0.2737,57601.77541058193,-44552.47775087995,-65614.33020411541,98021.05963683756
2017-07-04 19:30:19.547860260,-0.0997,-0.5452,0.3821,57624.18163408924,-44572.1650087822,-65639.79997703197,98060.22406456852
2017-07-04 19:30:19.654181003,1.0202,-0.9261,-0.9748,57649.78937985276,-44594.66562417767,-65668.90691868449,98104.9833268853
2017-07-04 19:30:19.855130970,-0.0951,-0.4619,0.3906,57698.18508539074,-44637.21123551288,-65723.90429573772,98189.575744613
2017-07-04 19:30:20.255033016,0.337,0.456,-0.4429,57794.549229498094,-44721.80653624994,-65833.42308333304,98357.96610023905
2017-07-04 19:30:20.454842984,0.4852,-0.7705,-0.8358,57842.71668275339,-44764.105109296,-65888.17721573803,98442.14989672806
2017-07-04 19:30:20.549049970,0.7258,-0.2669,-1.3061,57865.433255427284,-44784.050532508314,-65914.00444522945,98481.85381044721
2017-07-04 19:30:20.654070973,-0.0104,-0.6707,0.2918,57890.75734806772,-44806.29288765833,-65942.7931632107,98526.11653177784
2017-07-04 19:30:20.854795992,0.8505,-0.0793,-1.207,57939.19316182077,-44848.807552142374,-65997.86522537617,98610.76947980275
2017-07-04 19:30:21.254859983,0.7325,-0.7604,-0.9411,58035.84756770297,-44933.665011652556,-66107.77969012054,98779.71648996862
2017-07-04 19:30:21.454783976,0.2893,-0.9506,-0.0903,58084.160240730846,-44976.10882813264,-66162.71085890241,98864.17118648015
2017-07-04 19:30:21.548189870,0.8091,0.2688,-0.6058,58106.73932009029,-44995.93653217198,-66188.38037224961,98903.63570224187
2017-07-04 19:30:21.654105007,0.8776,0.0884,-0.8246,58132.3521134144,-45018.41863979629,-66217.49688670159,98948.39702090321
2017-07-04 19:30:21.855064988,-0.0026,0.5187,-0.1776,58180.94890027972,-45061.05452145772,-66272.7487989247,99033.32107370792
2017-07-04 19:30:22.254839003,0.2604,-0.9899,-0.1424,58277.6651511632,-45146.029203488746,-66382.68537523228,99202.37459829496
2017-07-04 19:30:22.454779028,0.8227,0.2747,-0.9121,58326.06899125233,-45188.516832323025,-66437.7047051511,99286.96280965758
2017-07-04 19:30:22.547959800,0.9035,-0.6454,-0.8539,58348.635136639015,-45208.323524236825,-66463.35352667213,99326.3967945686
2017-07-04 19:30:22.654061973,0.5832,0.2546,-0.6684,58374.337100534285,-45230.873948877874,-66492.56660132726,99371.30674061821
2017-07-04 19:30:22.854997992,0.8516,-0.5965,-0.8946,58423.04579643804,-45273.60396821186,-66547.92636578435,99456.41256343927
2017-07-04 19:30:23.254786014,0.7435,0.0323,-1.0699,58520.07683799648,-45358.61566824233,-66658.24273128754,99625.92399816214
2017-07-04 19:30:23.454780995,0.1483,0.3671,-0.4704,58568.622796525495,-45401.12830545109,-66713.44759046832,99710.73220619676
2017-07-04 19:30:23.549029700,0.4463,-1.0612,-0.4183,58591.504303661,-45421.17203967423,-66739.46689144985,99750.7077016426
2017-07-04 19:30:29.905393004,1.2518,-0.5659,-1.0991,60185.26605799728,-46795.83478358338,-68538.67954912563,102516.66692739325
2017-07-04 19:30:30.105406999,-0.1924,-0.4923,0.3553,60235.40883853093,-46839.11062561055,-68595.28068172792,102603.70019618292
2017-07-04 19:30:30.305512011,1.5824,-1.6605,-2.1121,60285.637799181044,-46882.47265021357,-68651.99214359594,102690.89731780723
2017-07-04 19:30:30.505554974,0.4005,0.4889,-0.6106,60335.867211608536,-46925.80166462236,-68708.71045474418,102778.08436820665
2017-07-04 19:30:30.704580008,1.7334,-0.3538,-2.0672,60385.90969070912,-46968.92421145156,-68765.22203560742,102864.92936060349
2017-07-04 19:30:30.905423998,0.0956,-0.451,0.1162,60436.41338101727,-47012.45906215986,-68822.24540729777,102952.57564691997
2017-07-04 19:30:31.104641020,1.162,-1.7023,-1.7757,60486.554075105974,-47055.708811932534,-68878.8773252457,103039.6171249697
2017-07-04 19:30:31.305413007,0.5888,0.3637,-0.8165,60537.109870645734,-47099.28148200737,-68935.98418957622,103127.36738517812
2017-07-04 19:30:31.505421996,1.0574,-0.1212,-1.5875,60587.5158377357,-47142.69341038454,-68992.93753519867,103214.85381043376
2017-07-04 19:30:31.704648017,0.2721,-0.4841,-0.2459,60637.73528232125,-47185.95461006283,-69049.6776876249,103302.019541714
2017-07-04 19:30:31.905483007,0.7364,-1.1468,-0.8183,60688.39000656369,-47229.611447283765,-69106.90908499922,103389.95000643209
2017-07-04 19:30:32.105392992,0.4384,0.4903,-0.8372,60738.82894569674,-47273.04761566684,-69163.91034409316,103477.49932547398
2017-07-04 19:30:32.305393993,0.7356,0.1325,-1.2222,60789.32027321231,-47316.49825982897,-69220.98644348973,103565.13617555557
2017-07-04 19:30:32.505400002,0.5546,-0.4853,-0.5685,60839.83505035745,-47359.96940515628,-69278.08671343114,103652.81245429728
2017-07-04 19:30:32.704645991,0.276,-1.1678,-0.2346,60890.16882897936,-47403.32172119766,-69334.9793165329,103740.18954604346
2017-07-04 19:30:32.905659019,0.6511,-0.0208,-0.9979,60940.97530777282,-47447.0593533491,-69392.41680047837,103828.384472427
2017-07-04 19:30:33.105412006,0.513,0.2312,-0.6082,60991.48377781492,-47490.51359297745,-69449.5185081186,103916.05071284101
2017-07-04 19:30:33.305473029,0.1202,-0.8298,-0.6036,61042.074947124005,-47534.06805497628,-69506.73243015702,104003.88643133901
2017-07-04 19:30:33.505460023,0.0674,-0.7611,0.1132,61092.650091725955,-47577.63684046675,-69563.92065379674,104091.70225950352
2017-07-04 19:30:33.704886972,0.8203,-0.375,-1.3713,61143.11622957323,-47621.09852978604,-69621.00326524873,104179.33472194217
2017-07-04 19:30:33.905493974,0.3273,0.3475,-0.2689,61193.8941582168,-47664.8034069527,-69678.43446842153,104267.49443638034
2017-07-04 19:30:34.105404019,1.0315,-0.6503,-1.5146,61244.536895009725,-47708.382431464895,-69735.7266712879,104355.42452639293
2017-07-04 19:30:34.305558025,0.2658,-0.9028,0.1376,61295.25208224345,-47752.050805445004,-69793.08327843685,104443.48116307879
2017-07-04 19:30:34.505481004,0.7813,-0.2699,-1.8199,61345.93995959928,-47795.67956305698,-69850.44642188278,104531.50816743007
2017-07-04 19:30:34.704693019,0.0096,0.5986,-0.1043,61396.44796223765,-47839.12941284241,-69907.60971030996,104619.21439567143
2017-07-04 19:30:34.905394017,1.9721,-0.6084,-1.9823,61447.41291798828,-47882.92852949002,-69965.28010673921,104707.68748897323
2017-07-04 19:30:35.105499982,-0.1179,-0.5646,0.2692,61498.22205319011,-47926.6203996148,-70022.76874409214,104795.89878053845
2017-07-04 19:30:35.305405974,1.4501,-1.059,-1.7477,61549.038362502455,-47970.3109270891,-70080.26977330369,104884.12208379983
2017-07-04 19:30:35.505457997,0.128,0.6111,-0.1359,61599.89691570951,-48014.008913704056,-70137.81824575132,104972.4054228793
2017-07-04 19:30:35.704613983,1.8159,-0.8131,-2.0403,61650.59969667821,-48057.543426237746,-70195.18988208007,105060.40455712163
2017-07-04 19:30:35.905399978,-0.2359,-0.5668,0.319,61701.7079485309,-48101.457101219734,-70253.01822092535,105149.12033952521
2017-07-04 19:30:36.105552971,1.2801,-1.2698,-1.8689,61752.70635784077,-48145.28320279728,-70310.73911939196,105237.65995455456
2017-07-04 19:30:36.305396020,0.0841,0.6235,-0.2185,61803.62915302946,-48189.01653723224,-70368.37936129041,105326.05900367352
2017-07-04 19:30:36.505447983,2.1297,-0.3378,-2.2861,61854.69041469012,-48232.80910909624,-70426.1713512662,105414.66791699144
2017-07-04 19:30:36.704647004,0.0529,-0.4898,0.1282,61905.536070525784,-48276.43440223865,-70483.71185217531,105502.90588999575
2017-07-04 19:30:36.905394017,2.111,-1.9286,-1.9575,61956.861924096826,-48320.476432479365,-70541.77839106007,105591.96787974368
2017-07-04 19:30:37.105470001,0.0484,0.5677,-0.1799,62008.01815026418,-48364.348519931846,-70599.65803471983,105680.7278424042
2017-07-04 19:30:37.305401980,1.5292,-0.3795,-1.9028,62059.19868305834,-48408.20420005746,-70657.5720796529,105769.51766576756
2017-07-04 19:30:37.505654990,0.0634,-0.4895,0.0931,62110.46393891106,-48452.14992886789,-70715.57538380398,105858.45816607538
2017-07-04 19:30:37.704805016,1.6544,-1.7983,-1.9453,62161.512442903244,-48495.92492860207,-70773.336360554,105947.0315934993
2017-07-04 19:30:37.905407011,0.3859,0.6413,-0.4942,62212.94866192767,-48539.9932777649,-70831.53834995223,106036.26150349635
2017-07-04 19:30:38.105477988,1.2636,-0.0734,-1.6252,62264.299302874366,-48583.947910705356,-70889.6513257195,106125.32981032445
2017-07-04 19:30:38.305540025,0.2264,-0.5732,-0.263,62315.656710880656,-48627.92352179679,-70947.7722312856,106214.41710960156
2017-07-04 19:30:38.505401015,1.0746,-1.3593,-1.2245,62367.00543290035,-48671.909237216285,-71005.88364173676,106303.4977185939
2017-07-04 19:30:38.704648971,0.5046,0.473,-0.6746,62418.2166853788,-48715.74125718527,-71063.84358839656,106392.32625512056
2017-07-04 19:30:38.905457973,0.4458,0.0416,-0.7685,62469.84713870606,-48759.91500996072,-71122.28862247024,106481.88133297539
2017-07-04 19:30:39.105409979,0.7046,-0.5904,-0.9229,62521.28541834278,-48803.92384632574,-71180.52112796066,106571.10631502281
2017-07-04 19:30:39.305534005,0.3597,-0.9845,-0.061,62572.78235651351,-48848.00997263303,-71238.80617427819,106660.43631665136
2017-07-04 19:30:39.505667984,0.7814,0.0211,-1.0748,62624.31315373163,-48892.09744639554,-71297.13716897299,106749.81760722512
2017-07-04 19:30:39.704858005,0.4708,0.0807,-0.7843,62675.61957900111,-48935.9737739343,-71355.22415633564,106838.80771150415
2017-07-04 19:30:39.905533015,0.7119,-0.8371,-1.1136,62727.33716926706,-48980.210915930686,-71413.78903536129,106928.52357581235
2017-07-04 19:30:40.105560004,0.1752,-0.8177,0.2218,62778.89476265791,-49024.33792389904,-71472.15592191792,107017.96301847868
2017-07-04 19:30:40.305450022,0.8007,-0.4682,-1.3891,62830.44904412198,-49068.453422751154,-71530.53834392027,107107.40573908863
2017-07-04 19:30:40.505421996,0.1259,0.4179,-0.2985,62882.02949771196,-49112.57029788344,-71588.9566396887,107196.88851722743
2017-07-04 19:30:53.105481982,1.6257,-1.0628,-2.0672,66390.16756192864,-52061.067926368734,-75598.03439393258,113283.14943874555
2017-07-04 19:30:53.305495977,-0.0954,-0.5055,0.3164,66445.85210799088,-52107.89275096851,-75661.66204095216,113379.76385626622
2017-07-04 19:30:53.505529999,0.9543,-0.8462,-1.7061,66501.58041462296,-52154.756123560765,-75725.36432610032,113476.47150960982
2017-07-04 19:30:53.705551028,-0.0005,0.6333,-0.4276,66557.30508147717,-52201.59111486448,-75789.07958113037,113573.17270547317
2017-07-04 19:30:53.904727995,1.3386,-1.2923,-1.8397,66612.84770190947,-52248.279736199795,-75852.59894989544,113669.56928661096
2017-07-04 19:30:54.105616986,0.1184,-0.6292,0.1656,66668.87251668017,-52295.395061438605,-75916.65761586052,113766.80452065569
2017-07-04 19:30:54.305552005,1.0293,-0.9868,-1.503,66724.67242874943,-52342.326094036805,-75980.47216404654,113863.66040985091
2017-07-04 19:30:54.505620002,0.1179,0.5025,-0.5817,66780.51417288766,-52389.26822708117,-76044.35243950183,113960.58983923992
2017-07-04 19:30:54.705527007,1.6012,-0.9004,-1.7976,66836.37497038521,-52436.20856894332,-76108.25314851546,114057.54330856935
2017-07-04 19:30:54.904609024,0.1988,-0.5182,0.0588,66892.01311742372,-52482.975732795705,-76171.88781786167,114154.10923137069
2017-07-04 19:30:55.105476021,0.6344,-1.0212,-0.8282,66948.17571554697,-52530.203416456185,-76236.12645489411,114251.59727312622
2017-07-04 19:30:55.305554986,0.5088,0.3664,-0.9936,67004.13834726838,-52577.23115110347,-76300.15284930282,114348.7346497696
2017-07-04 19:30:55.505868017,0.8521,-0.1151,-1.2495,67060.2006386648,-52624.318520420886,-76364.30428272366,114446.04133835778
2017-07-04 19:30:55.705533027,0.5059,-0.6626,-0.3558,67116.10173448127,-52671.27997542558,-76428.2623679491,114543.06672543289
2017-07-04 19:30:55.904848992,0.4915,-0.8839,-0.2752,67171.92463237423,-52718.19444918475,-76492.11957748175,114639.95744178897
2017-07-04 19:30:56.105543971,0.6633,-0.0757,-1.2523,67228.16047072074,-52765.4365607553,-76556.46903874881,114737.56929360573
2017-07-04 19:30:56.305638015,0.4864,0.1049,-0.6996,67284.2473980724,-52812.53301673077,-76620.65383066345,114834.91709844464
2017-07-04 19:30:56.505576014,0.7315,-0.8443,-0.9317,67340.31982742985,-52859.62649520865,-76684.82581243274,114932.24655229121
2017-07-04 19:30:56.705529987,0.2565,-0.6854,0.1243,67396.40699195919,-52906.751139591746,-76748.99795149581,115029.5991392268
2017-07-04 19:30:56.904808998,0.6616,-0.6524,-1.7398,67452.3311029354,-52953.74261883523,-76813.02256308445,115126.69657311807
2017-07-04 19:30:57.105551004,0.1757,0.5367,-0.2802,67508.67285768916,-53001.05745563775,-76877.52849886722,115224.50863647218
2017-07-04 19:30:57.305535972,0.8936,-0.9208,-1.2412,67564.83787511558,-53048.23068525097,-76941.84081048347,115322.02288909104
2017-07-04 19:30:57.505531013,0.3358,-0.9576,0.207,67621.01915283965,-53095.44459302302,-77006.14808184335,115419.56207767499
2017-07-04 19:30:57.705482006,0.7285,-0.4985,-1.7471,67677.21718261341,-53142.66803237539,-77070.51103957475,115517.15267908524
2017-07-04 19:30:57.904725015,0.2315,0.6241,-0.152,67733.22541713456,-53189.69948817607,-77134.65213580447,115614.39580416621
2017-07-04 19:30:58.105513989,2.0834,-0.8237,-1.9796,67789.75222516422,-53237.12907859254,-77199.37072516515,115712.51124939501
2017-07-04 19:30:58.305472016,-0.0424,-0.6117,0.2931,67846.04340682561,-53284.38684367198,-77263.80976342039,115810.2231516068
2017-07-04 19:30:58.505577027,1.1697,-0.8617,-2.0566,67902.42280383152,-53331.71385092311,-77328.37851956332,115908.10519274269
2017-07-04 19:30:58.705802023,0.1359,0.7561,-0.2367,67958.841454735,-53379.038923843116,-77392.99548110382,116006.04155750305
2017-07-04 19:30:58.904716014,2.2198,-0.5615,-2.1594,68014.97852587925,-53426.07634506743,-77457.27479330929,116103.45540039286
2017-07-04 19:30:59.105472981,0.03,-0.6131,0.165,68071.636926777,-53473.57428694524,-77522.1430155268,116201.77949856101
2017-07-04 19:30:59.305428981,0.9458,-1.1063,-1.752,68128.10709105298,-53520.92695717629,-77586.82247992752,116299.80060471802
2017-07-04 19:30:59.505536973,0.4264,0.4493,-0.6936,68184.63725426247,-53568.297630047746,-77651.57888291961,116397.91652554192
2017-07-04 19:30:59.705540001,1.5054,-0.2223,-2.1432,68241.19798314605,-53615.65234752866,-77716.38704939303,116496.07759421368
2017-07-04 19:30:59.904724001,0.2874,-0.7175,-0.244,68297.53849381708,-53662.841610033545,-77780.93950189053,116593.86297646514
2017-07-04 19:31:00.105647027,0.6692,-0.9057,-1.0052,68354.39791512999,-53710.47943342672,-77846.09612579402,116692.56187664595
2017-07-04 19:31:00.305476009,0.4655,0.126,-1.2215,68410.96631993515,-53757.85283319017,-77910.9467424795,116790.76451659913
2017-07-04 19:31:00.505523025,0.3803,0.2732,-0.4878,68467.61166584892,-53805.266989073294,-77975.88763904167,116889.09126213362
2017-07-04 19:31:00.705519974,0.7868,-0.6942,-1.3589,68524.27430582253,-53852.69704547612,-78040.8666367869,116987.46092480254
2017-07-04 19:31:00.904724001,0.2666,-0.7474,0.0707,68580.72287638641,-53899.96871584385,-78105.5852086832,117085.45861296153
2017-07-04 19:31:01.105678975,0.5168,-0.7743,-1.8212,68637.68848378774,-53947.687159291556,-78170.94618384413,117184.39340420607
2017-07-04 19:31:01.305558979,0.1982,0.3883,-0.1824,68694.35728311344,-53995.13482873206,-78235.96481028174,117282.80137133763
2017-07-04 19:31:01.505572021,0.9403,-0.6323,-1.7457,68751.10141749341,-54042.639374134254,-78301.0965495313,117381.35515276782
2017-07-04 19:31:01.705471992,0.1978,-0.732,0.1641,68807.8213774728,-54090.14631507424,-78366.18491119171,117479.86699275512
2017-07-04 19:31:01.904716014,0.7175,-0.8324,-1.7602,68864.38370080439,-54137.53041216059,-78431.12956953938,117578.1341371477
2017-07-04 19:31:02.105967998,0.0314,0.7604,-0.2334,68921.51732553882,-54185.36124360311,-78496.7381871291,117677.38452894424
2017-07-04 19:31:02.305509984,1.8739,-1.0904,-2.1414,68978.24011033433,-54232.82908246455,-78561.87460550322,117775.91222545279
2017-07-04 19:31:02.505527973,0.036,-0.4413,0.0246,69035.09964633909,-54280.42780998266,-78627.16542118759,117874.68332337314
2017-07-04 19:31:02.705379009,1.0343,-1.3241,-1.6052,69091.95303265564,-54328.039692454615,-78692.4658516748,117973.46334031489
2017-07-04 19:31:02.904833972,0.2814,0.7636,-0.6089,69148.70493932789,-54375.526837989586,-78757.66109051573,118072.05636450856
2017-07-04 19:31:03.104663014,1.5031,-0.1181,-1.8502,69205.62330580449,-54423.10776188313,-78823.05248495634,118170.92095203725
2017-07-04 19:31:03.305836021,0.4167,-0.6117,-0.1539,69262.9413450543,-54471.03345065211,-78888.88990247823,118270.475939669
2017-07-04 19:31:03.505726993,0.6644,-1.1144,-0.4396,69319.9206550328,-54518.69824608539,-78954.32531625044,118369.44430135703
2017-07-04 19:31:03.705438971,0.6931,0.0405,-1.2806,69376.87658663005,-54566.31874435172,-79019.75321191792,118468.37360198333
2017-07-04 19:31:37.238825023,0.5958,0.1916,-0.8418,79610.24508208828,-62346.76458141605,-90952.26254006497,136004.50079669268
2017-07-04 19:31:37.388829700,0.2309,0.2795,-0.5257,79656.02713817384,-62381.56250986452,-91005.65198516307,136082.95519224383
2017-07-04 19:31:37.438883006,0.1766,-0.6966,-0.3966,79671.30405937885,-62393.17556877768,-91023.46787819419,136109.13544891455
2017-07-04 19:31:37.638990998,0.3203,-1.0614,-0.4887,79732.39245186093,-62439.645891013104,-91094.71356332622,136213.841529696
2017-07-04 19:31:37.838326990,0.5708,0.5419,-0.6702,79793.2678510479,-62485.91540229944,-91165.71101881524,136318.16490687706
2017-07-04 19:31:38.238878011,-0.1076,-0.4837,-0.0894,79915.57522676904,-62578.96818892473,-91308.38952941561,136527.83021007598
2017-07-04 19:31:38.392519830,1.0681,0.1502,-1.4132,79962.51463257734,-62614.65747308575,-91363.15096310127,136608.28829446415
2017-07-04 19:31:38.438831984,0.7387,-0.9169,-1.3618,79976.66513164663,-62625.41723747882,-91379.66058740257,136632.54450831524
2017-07-04 19:31:38.638827979,0.4725,0.8117,-0.5397,80037.79203163416,-62671.85010654734,-91450.97790263589,136737.30401183525
2017-07-04 19:31:38.838235020,2.1463,0.2279,-1.5941,80098.82426704324,-62718.13717673187,-91522.14858703934,136841.84324200742
2017-07-04 19:31:39.238900005,1.7653,-1.5803,-2.3638,80221.73862906465,-62811.39464467482,-91665.5300311406,137052.42807688226
2017-07-04 19:31:39.389860270,-0.424,-0.4802,0.3671,80268.03993793232,-62846.54260416632,-91719.54410700864,137131.76482482933
2017-07-04 19:31:39.438818991,0.2206,0.7808,-0.4434,80283.05668876957,-62857.93975303697,-91737.06276009687,137157.49511105314
2017-07-04 19:31:39.638876020,1.9566,0.0332,-2.1014,80344.49702845022,-62904.50989705413,-91808.73226531947,137262.73670704785
2017-07-04 19:31:39.838892996,-0.2266,-0.3681,0.3434,80405.91600174998,-62951.085443859665,-91880.37368340816,137367.9495182312
2017-07-04 19:31:40.238835990,0.0215,0.7149,-0.2288,80528.72945700494,-63044.10100577614,-92023.6605381167,137578.3014810858
2017-07-04 19:31:40.388950100,0.8754,-1.7872,-2.2569,80574.84583427715,-63079.05362524676,-92077.49250694479,137657.31878051657
2017-07-04 19:31:40.439052999,2.6199,-1.2747,-2.4606,80590.24446305112,-63090.722800851,-92095.46593348552,137683.70147426293
2017-07-04 19:31:40.638893008,-0.2701,-0.4475,0.5421,80651.65251983362,-63137.28424962814,-92167.13294476757,137788.9186830958
2017-07-04 19:31:40.838088989,0.8393,-1.1602,-1.8359,80712.89597838168,-63183.7416796057,-92238.64184022765,137893.88615301985
2017-07-04 19:31:41.238470971,2.2266,-0.3822,-2.5321,80836.35167040411,-63277.181930299506,-92382.77993387735,138105.37836280192
2017-07-04 19:31:41.388799900,0.0342,0.6235,-0.355,80882.70558302177,-63312.25126889073,-92436.90658870438,138184.78542464
2017-07-04 19:31:41.438066005,-0.1807,-0.3758,0.4176,80897.89634377044,-63323.7451765985,-92454.64407348346,138210.80835735213
2017-07-04 19:31:41.638832986,1.3819,-1.6479,-2.4169,80959.85673894586,-63370.651046868676,-92527.02448025187,138316.98404918957
2017-07-04 19:31:41.838199019,-0.0857,0.8264,-0.2944,81021.38136941414,-63417.19676214109,-92598.91151944392,138422.4096696845
2017-07-04 19:31:42.238820016,-0.132,-0.4623,0.4579,81144.99237141272,-63510.8033966729,-92743.29321344967,138634.23232060458
2017-07-04 19:31:42.389519920,1.1714,-1.0136,-1.69,81191.51720163417,-63546.038027327995,-92797.64304457445,138713.96457856047
2017-07-04 19:31:42.438834011,0.8049,-0.6316,-1.7564,81206.74365256997,-63557.56952275471,-92815.43241364034,138740.0603734374
2017-07-04 19:31:42.638800024,0.0584,0.5458,-0.2044,81268.48843550311,-63604.307298070395,-92887.5755311294,138845.87429056055
2017-07-04 19:31:42.838060021,1.9683,-1.1117,-2.1115,81330.09336782558,-63650.924196802414,-92959.54777050715,138951.43669650744
2017-07-04 19:31:43.238831996,0.5809,-0.2392,-1.3187,81454.09277735949,-63744.723265342625,-93104.51746665926,139163.9685660669
2017-07-04 19:31:43.390509960,-0.2453,-0.3476,0.6525,81501.01650811665,-63780.23087960991,-93159.3683382704,139244.39468825373
2017-07-04 19:31:43.438825011,0.0672,0.3503,-0.2747,81515.96361169229,-63791.54055254297,-93176.84101427443,139270.0135384816
2017-07-04 19:31:43.638822972,1.0161,-0.5786,-1.1729,81577.87711179139,-63838.37957392637,-93249.21527869842,139376.1274063255
2017-07-04 19:31:43.838081002,0.0395,-0.7035,0.137,81639.56311926362,-63885.07323692036,-93321.31634116787,139481.85879331848
2017-07-04 19:31:44.238928973,-0.2429,0.7245,-0.1044,81763.61801482878,-63978.89060549981,-93466.37903766683,139694.4941091028
2017-07-04 19:31:44.388749830,1.0459,-0.6852,-1.8795,81810.00822421223,-64013.97114650362,-93520.6398297277,139774.01769196134
2017-07-04 19:31:44.438939988,0.7239,-0.4748,-0.7835,81825.55082081606,-64025.724363803165,-93538.81923064217,139800.66112326653
2017-07-04 19:31:44.638956010,0.0284,-0.4433,0.2901,81887.49175691359,-64072.58059972962,-93611.25552289978,139906.84061732318
2017-07-04 19:31:44.838087022,0.7642,-0.5488,-1.8116,81949.1889261724,-64119.25127273223,-93683.44314228282,140012.62610360043
2017-07-04 19:31:45.238828003,0.6877,-0.5766,-1.0701,82073.4617650498,-64213.26621421009,-93828.88888659778,140225.73613174443
2017-07-04 19:31:45.386490220,0.2558,0.3749,-0.3884,82119.25852381192,-64247.90000397293,-93882.49017980721,140304.26664140602
2017-07-04 19:31:45.439063012,0.2443,-0.8606,0.1334,82135.56440913677,-64260.23319450297,-93901.57370200011,140332.22742738575
2017-07-04 19:31:45.638845026,0.7951,0.1934,-1.0414,82197.56018429999,-64307.09286720385,-93974.1346133343,140438.52416487393
2017-07-04 19:31:45.838087022,0.3944,0.2946,-0.5295,82259.40403928755,-64353.81418167076,-94046.52040966324,140544.5514909524
2017-07-04 19:31:46.239067018,0.5011,-0.8765,-0.4258,82383.94706746552,-64447.983039861945,-94192.26727758128,140758.09201325726
2017-07-04 19:31:46.390030140,0.3432,-0.7355,-0.7415,82430.84352315469,-64483.4530038858,-94247.15574697265,140838.51050631457
2017-07-04 19:31:46.438827991,0.5968,0.4209,-0.9634,82446.00391970234,-64494.91743766414,-94264.9003831232,140864.50717572126
2017-07-04 19:31:46.638824999,0.5694,0.0627,-0.8977,82508.16127446423,-64541.90168032543,-94337.66232337675,140971.09023500263
2017-07-04 19:31:46.838155984,0.2103,-0.607,-0.3984,82570.11999080662,-64588.753575549585,-94410.19778394076,141077.34491881425
2017-07-04 19:31:47.238829970,0.4288,0.6911,-0.7139,82694.7316645489,-64682.819332803345,-94556.1154759918,141290.99311640824
2017-07-04 19:31:47.389429920,0.6306,-1.1325,-0.6796,82741.58332704917,-64718.20119022956,-94610.97646948913,141371.3268144438
2017-07-04 19:31:47.438861012,1.0713,0.1217,-1.5419,82756.96396334624,-64729.81420249348,-94628.98714085041,141397.69849054527
2017-07-04 19:31:47.638833999,0.176,-0.5216,-0.0994,82819.19321135018,-64776.81538551836,-94701.85310616076,141504.40119448345
2017-07-04 19:31:58.505455017,1.3479,-1.492,-1.6536,86359.92289931867,-67507.06107788185,-98856.68485283703,147607.19399352552
2017-07-04 19:31:58.705527007,-0.1849,-0.2546,0.4822,86425.10603270974,-67557.33948855856,-98933.16269337229,147719.54424533926
2017-07-04 19:31:58.905448019,1.4417,-1.54,-2.4404,86490.2976001688,-67607.6415095757,-99009.68036123409,147831.93692395027
2017-07-04 19:31:59.105455994,-0.1086,0.594,-0.1006,86555.51318075231,-67657.94164941277,-99086.2353375918,147944.3677995055
2017-07-04 19:31:59.304782986,1.3457,-0.9811,-1.5855,86620.56018302408,-67708.10950870735,-99162.59265505218,148056.50719146326
2017-07-04 19:31:59.505580008,-0.2876,-0.2851,0.499,86686.07530892278,-67758.65884938516,-99239.49298581098,148169.45862630536
2017-07-04 19:31:59.705488979,0.4668,-1.4141,-2.0168,86751.31934064544,-67809.04114153772,-99316.13381341625,148282.00127972983
2017-07-04 19:31:59.905641019,-0.2317,0.748,0.0327,86816.6334203861,-67859.45472793154,-99392.86651849252,148394.66078395396
2017-07-04 19:32:00.105642020,1.534,-0.883,-2.4887,86881.95957334283,-67909.86559151097,-99469.64086842877,148507.35402146002
2017-07-04 19:32:00.304727017,-0.2381,-0.569,0.6305,86946.97709565549,-67960.06812570425,-99546.03860230261,148619.51919964593
2017-07-04 19:32:00.505446970,1.2734,-1.0983,-2.2437,87012.57986809891,-68010.72718962016,-99623.1541365373,148732.71633462323
2017-07-04 19:32:00.705572009,-0.128,0.7307,-0.1318,87077.98307403819,-68061.20684054556,-99700.04638658374,148845.56514159552
2017-07-04 19:32:00.905457973,2.205,-0.9391,-2.826,87143.39624691714,-68111.663708236,-99776.95969011617,148958.42348640144
2017-07-04 19:32:01.105459988,-0.1612,-0.4498,0.2394,87208.84094964107,-68162.1678628419,-99853.90807224586,149071.34541836858
2017-07-04 19:32:01.304859995,1.1813,-0.9843,-2.0253,87274.13563209325,-68212.55913557895,-99930.70536566369,149184.0267891739
2017-07-04 19:32:01.505488991,0.1235,0.7873,-0.3459,87339.83772520367,-68263.2293012597,-100007.9899173793,149297.40043221085
2017-07-04 19:32:01.705506026,1.4571,-0.7628,-1.9394,87405.39770692092,-68313.77542938369,-100085.11632403237,149410.5283148292
2017-07-04 19:32:01.905493021,-0.0259,-0.511,0.3772,87470.9468065023,-68364.3344034677,-100162.2160612479,149523.6378635673
2017-07-04 19:32:02.105677008,0.7715,-0.5772,-1.9472,87536.5913903278,-68414.96630985565,-100239.46977492864,149636.93978484967
2017-07-04 19:32:02.304817974,-0.2109,0.979,-0.1469,87601.88558171268,-68465.29558389694,-100316.32679830096,149749.63265118672
2017-07-04 19:32:02.505457997,1.4501,-0.7045,-1.7428,87667.72965862145,-68516.03207810411,-100393.83253082618,149863.26796601128
2017-07-04 19:32:02.705461025,-0.1365,-0.4595,0.4411,87733.35923258697,-68566.6258738735,-100471.07455243742,149976.53592373486
2017-07-04 19:32:02.905453026,0.9508,-1.2003,-1.8399,87799.02321707859,-68617.2648883558,-100548.38590548743,150089.8911547034
2017-07-04 19:32:03.105551004,0.038,0.9058,-0.4209,87864.72351881192,-68667.89446925742,-100625.75507880189,150203.3020777418
2017-07-04 19:32:03.304814994,1.5899,-1.6136,-1.9005,87930.21311716503,-68718.37710104433,-100702.87724679377,150316.3571139688
2017-07-04 19:32:03.505675971,0.0891,-0.7265,-0.0013,87996.23117197274,-68769.29363301252,-100780.61755733527,150430.33378442208
2017-07-04 19:32:03.705475986,0.6848,-0.0056,-1.0756,88061.927851956,-68819.94144378125,-100857.99017601581,150543.75330671773
2017-07-04 19:32:03.905454993,0.254,0.3978,-0.393,88127.69354455754,-68870.61871902467,-100935.44782610475,150657.2836609005
2017-07-04 19:32:04.105535984,0.9067,-0.6689,-0.8651,88193.5290733012,-68921.34861601134,-101012.97960957668,150770.9286137674
2017-07-04 19:32:04.304714977,0.2483,-0.8387,-0.2357,88259.07765528311,-68971.88308741649,-101090.17121777713,150884.08849850617
2017-07-04 19:32:04.505463004,0.8317,0.1994,-1.0392,88325.17611402652,-69022.80760872208,-101168.01278296711,150998.18381761768
2017-07-04 19:32:04.705465972,0.409,0.2231,-0.5566,88391.04561452281,-69073.53420379112,-101245.58771055775,151111.8761153047
2017-07-04 19:32:04.905655026,0.4457,-0.6547,-0.7153,88456.99426278943,-69124.33423323845,-101323.26348123486,151225.71586765052
2017-07-04 19:32:05.105466008,0.1586,-0.7829,0.1441,88522.82469411608,-69175.06957986609,-101400.78680229976,151339.35478694882
2017-07-04 19:32:05.304781019,0.7142,0.2164,-0.9208,88588.52009373407,-69225.67039436162,-101478.15427504398,151452.748832817
2017-07-04 19:32:05.505491018,0.543,0.1531,-0.7732,88654.69716408504,-69276.61919189099,-101556.0943838136,151566.9673854035
2017-07-04 19:32:05.705538988,0.1915,-0.4891,-0.3348,88720.66361730818,-69327.4195114803,-101633.79081058102,151680.8316279459
2017-07-04 19:32:05.905514001,0.4174,-1.0127,-0.5396,88786.62270455738,-69378.24180219758,-101711.48048026086,151794.69710214552
2017-07-04 19:32:06.105445981,0.7531,0.6294,-0.7334,88852.5977014594,-69429.02799749211,-101789.18274780328,151908.56385154728
2017-07-04 19:32:06.304785013,1.2032,0.19,-1.5809,88918.42484351831,-69479.65602384703,-101866.71738867147,152022.1595340231
2017-07-04 19:32:06.505510985,-0.0057,-0.6014,0.0441,88984.70976103467,-69530.66053547725,-101944.78971502093,152136.5553566768
2017-07-04 19:32:06.705578029,0.654,-0.9205,-1.2009,89050.80326099179,-69581.53445805405,-102022.65381966827,152250.64003600477
2017-07-04 19:32:06.905736029,0.4249,0.8406,-0.6203,89116.94383174244,-69632.39783217326,-102100.57817470505,152364.78782637752
2017-07-04 19:32:07.105457007,1.4421,0.1819,-2.0605,89182.99751531592,-69683.14289624545,-102178.4145810546,152478.77182091048
2017-07-04 19:32:07.304714024,-0.0475,-0.6523,0.0706,89248.89586724075,-69733.79597570533,-102256.06736680202,152592.49990752112
2017-07-04 19:32:07.505452990,2.3566,-0.9948,-2.2808,89315.37929173464,-69784.86586766478,-102334.38959279466,152707.20931090406
2017-07-04 19:32:07.705456972,0.1808,0.928,-0.4928,89381.62652665259,-69835.71165126347,-102412.44476321782,152821.49922300712
2017-07-04 19:32:07.904826998,1.1795,0.1318,-1.4754,89447.71065983741,-69886.39102928298,-102490.31116564895,152935.4912249455
2017-07-04 19:32:08.105507016,0.155,-0.6088,-0.1054,89514.23525140845,-69937.42792197748,-102568.69344619833,153050.2499581314
2017-07-04 19:32:08.304790973,1.0966,-1.1108,-1.4869,89580.34060503975,-69988.15388319998,-102646.58949940657,153164.29558729767
2017-07-04 19:32:08.505446970,0.2491,0.7726,-0.3883,89646.91111353552,-70039.1979779563,-102725.03748925413,153279.12856211755
2017-07-04 19:32:08.705452024,2.5572,-0.836,-2.6991,89713.36795551296,-70090.10992355732,-102803.33895743605,153393.73650776976
2017-07-04 19:32:08.905448973,-0.2566,-0.5721,0.6043,89779.8118407081,-70141.0426893057,-102881.61308126863,153508.32809297292
2017-07-04 19:32:09.105503976,1.3674,-1.0265,-2.2833,89846.3297389526,-70192.03132212086,-102960.00130832,153623.06499382004
2017-07-04 19:32:15.405288994,0.0042,0.7213,-0.3867,91941.16265489039,-71769.05042780144,-105443.81441049988,157233.4951181753
2017-07-04 19:32:15.605468988,1.6628,-0.0533,-1.7096,92007.79404075193,-71819.16342841,-105522.80778420065,157348.3058773225
2017-07-04 19:32:15.805341005,-0.2019,-0.3544,0.226,92074.31484853255,-71869.21348801022,-105601.67059813066,157462.93575101407
2017-07-04 19:32:16.204603016,0.1869,0.7794,-0.4028,92207.22583239617,-71969.06865929763,-105759.27024624417,157691.92300942782
2017-07-04 19:32:16.405390977,1.7847,-0.6832,-2.1008,92274.13841675434,-72019.3131425234,-105838.61144775963,157807.19172225648
2017-07-04 19:32:16.541800200,1.9738,-1.8613,-2.1784,92319.63351527911,-72053.4823476494,-105892.55397718963,157885.5662770682
2017-07-04 19:32:16.605291008,-0.2305,-0.3471,0.5584,92340.80799128035,-72069.38758672863,-105917.6589345563,157922.0438120835
2017-07-04 19:32:16.805288970,0.8086,-1.0014,-1.9267,92407.54057328668,-72119.52962519413,-105996.81737461429,158037.03806927733
2017-07-04 19:32:17.204679012,2.2241,-0.6507,-2.2986,92541.15834642945,-72219.76559450687,-106155.26110413238,158267.1791329806
2017-07-04 19:32:17.405434012,-0.2164,-0.4446,0.3729,92608.31313236813,-72270.16752340345,-106234.88844885975,158382.85355058237
2017-07-04 19:32:17.565499000,0.0708,0.7701,-0.2439,92661.8584695477,-72310.3340105731,-106298.38278015328,158475.07880240073
2017-07-04 19:32:17.605359971,1.3548,-1.5772,-2.2306,92675.19501316723,-72320.33917362874,-106314.19831252737,158498.0504351794
2017-07-04 19:32:17.805369019,0.0305,0.7779,-0.1483,92742.11455779495,-72370.51062358277,-106393.56130773464,158613.304953626
2017-07-04 19:32:18.205007016,-0.1853,-0.486,0.2662,92875.79687818284,-72470.83579653142,-106552.09396105407,158843.58474389388
2017-07-04 19:32:18.405285000,0.8649,-0.4408,-1.5809,92942.82626518156,-72521.1312878315,-106631.60577487425,158959.06009899155
2017-07-04 19:32:18.528997100,2.6719,-1.3131,-2.1115,92984.271340401,-72552.21900714777,-106680.75269265883,159030.44423832404
2017-07-04 19:32:18.605288982,0.1556,0.6069,-0.2442,93009.83096496074,-72571.38692693219,-106711.06247392517,159074.46593008895
2017-07-04 19:32:18.805417001,0.7215,-0.778,-0.8798,93076.90758567961,-72621.69916144462,-106790.60599315964,159189.9979370399
2017-07-04 19:32:19.204648017,0.7303,0.0656,-1.0287,93210.83367112631,-72722.05548399732,-106949.4495828881,159420.64368696633
2017-07-04 19:32:19.405345022,0.1806,0.6353,-0.196,93278.1667874049,-72772.47991613709,-107029.30957189052,159536.5893448869
2017-07-04 19:32:19.528800400,0.1053,-0.9291,0.2087,93319.58722325558,-72803.51181581942,-107078.43091649331,159607.9166575806
2017-07-04 19:32:19.605275988,0.7839,-0.9271,-0.9643,93345.2500841053,-72822.74023833193,-107108.86523233211,159652.1099780445
2017-07-04 19:32:19.805526971,0.4277,-1.0135,-0.4135,93412.4653207098,-72873.13041795585,-107188.57393292518,159767.86972348156
2017-07-04 19:32:20.204533994,0.745,0.2733,-1.0242,93546.51261779941,-72973.49108588134,-107347.55934043662,159998.6841213448
2017-07-04 19:32:20.405296027,-0.018,-0.4781,-0.2318,93613.958343945,-73024.00724081832,-107427.56284821518,160114.83407178792
2017-07-04 19:32:20.528699100,0.6772,0.5616,-0.7568,93655.42574754062,-73055.04962318733,-107476.75039779136,160186.23824620078
2017-07-04 19:32:20.605364024,0.3368,-0.7026,-0.1413,93681.18960860054,-73074.33902518539,-107507.30929834077,160230.60214272243
2017-07-04 19:32:20.805670022,0.6087,0.4595,-0.8544,93748.52846431707,-73124.71890297174,-107587.18623393081,160346.54266805385
2017-07-04 19:32:21.204535007,0.2558,-0.6611,-0.6917,93882.65956178035,-73225.1444363817,-107746.35348639272,160577.55831291247
2017-07-04 19:32:21.405382990,0.1865,-0.8426,-0.3398,93950.20863782012,-73275.74758323726,-107826.51567224937,160693.91515857118
2017-07-04 19:32:21.534397300,0.9606,-0.0892,-1.1971,93993.6146439087,-73308.25390059328,-107878.02762128875,160768.68018131205
2017-07-04 19:32:21.605343997,0.4381,0.5966,-0.768,94017.48639315506,-73326.12655692852,-107906.35859765911,160809.79699426398
2017-07-04 19:32:21.805281996,0.4179,0.1244,-0.7635,94084.77712251418,-73376.48930084267,-107986.22988601745,160925.6981134637
2017-07-04 19:32:22.204585015,1.3667,-1.3736,-2.3143,94219.3836511895,-73477.28947072393,-108146.11256762697,161157.6432784509
2017-07-04 19:32:22.405296027,-0.1225,0.5559,-0.206,94287.03914284798,-73527.93462240117,-108226.48643657511,161274.2238752592
2017-07-04 19:32:22.529199800,-0.05,-0.2415,0.2608,94328.80375023,-73559.20280972752,-108276.099170323,161346.19049265978
2017-07-04 19:32:22.605297029,1.834,0.3406,-1.9817,94354.46468622093,-73578.40463040744,-108306.58099779807,161390.40281755253
2017-07-04 19:32:22.805330991,-0.1079,-0.4004,0.4326,94421.91431894936,-73628.89576531321,-108386.6901366623,161506.61532598353
2017-07-04 19:32:23.204590022,-0.0463,0.6323,-0.3176,94556.53345246337,-73729.57306663237,-108546.63509870031,161738.5543226633
2017-07-04 19:32:23.405341029,1.7162,-0.4061,-2.1051,94624.29031974218,-73780.21087921587,-108627.14169181928,161855.28025996248
2017-07-04 19:32:23.539898800,0.8098,-1.3455,-1.9769,94669.7205100707,-73814.17634646848,-108681.13879715222,161933.5621216563
2017-07-04 19:32:23.605298995,-0.2848,-0.3015,0.414,94691.80009249662,-73830.68614509946,-108707.3816735253,161971.6087829192
2017-07-04 19:32:23.805451989,0.5627,-0.8386,-1.6742,94759.3957443044,-73881.24689293992,-108787.76334059489,162088.12164045373
2017-07-04 19:32:24.204622983,1.9764,-0.6825,-1.5408,94894.51865244485,-73982.19042505106,-108948.31636706254,162320.88531543087
2017-07-04 19:32:24.405390024,0.0562,-0.6003,0.2277,94962.48233487415,-74032.98517995501,-109029.05893839701,162437.96243135154
2017-07-04 19:32:24.541597600,0.0954,0.6,-0.3061,95008.59310949623,-74067.43503569707,-109083.84327952658,162517.39156793448
2017-07-04 19:32:24.605436027,0.7278,-0.5593,-1.3802,95030.20749690877,-74083.58344042582,-109109.5254948908,162554.62536021636
2017-07-04 19:32:24.805348992,0.1043,0.4409,-0.1461,95097.89811178662,-74134.13529056025,-109189.95637030012,162671.22306267597
2017-07-04 19:32:25.204704999,0.1261,-0.5581,0.1632,95233.14033650118,-74235.20917043377,-109350.6030292636,162904.17944851317
2017-07-04 19:32:25.405501008,0.8171,0.5101,-0.776,95301.17300698244,-74286.00850207178,-109431.40738000229,163021.3408018861
2017-07-04 19:32:25.542098200,0.7144,-0.7089,-0.9711,95347.46749449389,-74320.57941841836,-109486.39495570837,163101.06916602468
2017-07-04 19:32:25.605895996,1.2169,-0.0977,-0.8843,95369.09431412004,-74336.72618216078,-109512.08053337163,163138.31184772245
2017-07-04 19:32:25.805284023,0.087,-0.4691,-0.4027,95436.68833500553,-74387.20850841777,-109592.37199090383,163254.7281662018
2017-07-04 19:32:26.528097100,0.7657,-1.2202,-0.9091,95682.12737903293,-74570.8524153438,-109883.91616801448,163677.59945132292
2017-07-04 19:32:42.788823008,0.5654,0.3401,-0.7874,101353.13186359257,-78612.26153975938,-116650.82161255517,173377.5048437325
2017-07-04 19:32:42.988906025,-0.5567,-0.2914,0.6539,101422.88946842538,-78662.0014485138,-116734.06003598418,173496.84075652552
2017-07-04 19:32:43.189137995,0.8304,-1.568,-1.6836,101492.7322978206,-78711.84125201705,-116817.42792706436,173616.35905079535
2017-07-04 19:32:44.197426974,0.1361,0.884,-0.4782,101844.5715189015,-78961.91606765412,-117237.72180241463,174218.20900917408
2017-07-04 19:32:44.396250009,2.1403,-0.5108,-2.2848,101914.03478972576,-79011.24814849708,-117320.68925896833,174337.00682673263
2017-07-04 19:32:44.597007989,-0.2188,-0.4476,0.3965,101984.16525836622,-79061.078368924,-117404.4481740417,174456.9532215731
2017-07-04 19:32:44.797133028,0.3944,-2.3603,-2.3496,102054.09041845736,-79110.84601689485,-117488.03711921553,174576.63702447037
2017-07-04 19:32:44.996990025,0.2541,0.7797,-0.1987,102123.93207217324,-79160.51586402394,-117571.52204428213,174696.15785571633
2017-07-04 19:32:45.196812987,1.7024,-1.3437,-1.8343,102193.829807579,-79210.23090542648,-117655.06599429726,174815.7718426854
2017-07-04 19:32:45.396299004,-0.1598,-0.4992,0.439,102263.60332100309,-79259.88198194983,-117738.45160117102,174935.17782718656
2017-07-04 19:32:45.596943974,0.8838,-0.911,-1.584,102333.81777766623,-79309.85819151126,-117822.38542233533,175055.3580268812
2017-07-04 19:32:45.797071993,-0.0696,0.8735,-0.3001,102403.84854298382,-79359.67065530598,-117906.11501188503,175175.2193665784
2017-07-04 19:32:45.996625006,2.2969,-1.2737,-2.1893,102473.76956232997,-79409.3907189073,-117989.6912113432,175294.87161582825
2017-07-04 19:32:46.197008013,0.0694,-0.633,0.2164,102543.98418841524,-79459.34299853344,-118073.60633723532,175415.02899259503
2017-07-04 19:32:46.396178007,0.7794,-0.497,-1.6324,102613.80468997451,-79509.0126087513,-118157.07824039373,175534.5297577583
2017-07-04 19:32:46.597023010,-0.0803,1.0169,-0.2771,102684.20913901977,-79559.05891729577,-118241.2633156525,175655.02273716274
2017-07-04 19:32:46.797340989,1.6287,-0.8416,-1.9374,102754.49419975952,-79609.00767378364,-118325.30522907726,175775.3055426366
2017-07-04 19:32:46.997111022,0.3006,-0.9196,-0.1721,102824.59900044199,-79658.85650084804,-118409.12412402437,175895.28775508172
2017-07-04 19:32:47.197107970,0.6327,-0.152,-1.226,102894.80873906848,-79708.76803006619,-118493.08726577135,176015.45698061318
2017-07-04 19:32:47.396263003,0.3391,0.3609,-0.3911,102964.73636965506,-79758.45513547423,-118576.71246507479,176135.13232826392
2017-07-04 19:32:47.597166001,2.3445,-0.7904,-1.691,103035.37237722392,-79808.61024207118,-118661.13988705674,176255.97393841625
2017-07-04 19:32:47.797015011,0.179,-0.88,-0.0403,103105.64495960387,-79858.53736915028,-118745.12599097128,176376.20292966822
2017-07-04 19:32:47.997017979,0.5074,-0.2204,-1.2319,103175.99197458739,-79908.5117749314,-118829.22607285694,176496.5737432277
2017-07-04 19:32:48.197296977,0.3661,0.3597,-0.5146,103246.45076244781,-79958.5407236949,-118913.46286521715,176617.12680344086
2017-07-04 19:32:48.396260023,0.3176,-0.9053,-0.7873,103316.45916682022,-80008.27679001514,-118997.17733809659,176736.93248472802
2017-07-04 19:32:48.597021996,0.3005,-0.8762,-0.0529,103387.11266486613,-80058.49786119886,-119081.65084863883,176857.84606232893
2017-07-04 19:32:48.797134995,0.7957,0.0992,-0.9945,103457.56963561125,-80108.55261755269,-119165.89111892624,176978.4125919157
2017-07-04 19:32:48.996793985,0.54,0.2689,-0.8203,103527.88828258139,-80158.48309216708,-119249.97296819501,177098.73550311738
2017-07-04 19:32:49.196784973,0.3811,-0.8067,-0.4772,103598.339099796,-80208.52885752499,-119334.21371716144,177219.29502516903
2017-07-04 19:32:49.396381974,0.1851,-0.9109,-0.2996,103668.65850141815,-80258.51232084681,-119418.30044560332,177339.64598125135
2017-07-04 19:32:49.597055971,0.6767,0.5307,-0.7978,103739.3845869124,-80308.7441162528,-119502.87302108719,177460.67439377992
2017-07-04 19:32:49.796594977,0.7971,0.1346,-1.0512,103809.74239029925,-80358.6864467037,-119587.00911737258,177581.06276351228
2017-07-04 19:32:49.997242987,-0.0151,-0.4828,-0.1657,103880.4906225207,-80408.92578551508,-119671.61949885092,177702.13333394125
2017-07-04 19:32:50.197013974,0.642,-1.0694,-1.0698,103950.9552387749,-80458.98820863657,-119755.90274639433,177822.73791957868
2017-07-04 19:32:50.396313011,0.6387,0.4557,-0.8912,104021.2787547643,-80508.91426107562,-119840.0222771029,177943.08822949577
2017-07-04 19:32:50.597230017,0.5009,0.2252,-0.8017,104092.19339817479,-80559.23653729972,-119924.8570779802,178064.44525252536
2017-07-04 19:32:50.797013998,0.2684,-0.4351,-0.412,104162.71884767113,-80609.29239910675,-120009.22991703245,178185.1432754786
2017-07-04 19:32:50.997427999,0.4783,-1.1028,-0.6493,104233.48591089035,-80659.55040719177,-120093.8949059818,178306.2709236977
2017-07-04 19:32:51.197184979,0.4026,0.6372,-0.7705,104304.03704199912,-80709.61822740415,-120178.31308124753,178427.02024280516
2017-07-04 19:32:51.396254003,1.5166,-0.0513,-2.2255,104374.40529804565,-80759.51564874886,-120262.52871646645,178547.44933047946
2017-07-04 19:32:51.597001016,-0.0475,-0.3663,0.1228,104445.3647866977,-80809.84842618767,-120347.44927182574,178668.89593413973
2017-07-04 19:32:51.797026991,1.663,-1.5723,-1.7693,104516.13594214835,-80860.0633279778,-120432.13560208493,178790.02153185505
2017-07-04 19:32:51.997072994,0.3853,0.7333,-0.5962,104586.92960279301,-80910.25391214005,-120516.85427070405,178911.17124196765
2017-07-04 19:32:52.196988999,0.9706,0.1947,-1.46,104657.71605024456,-80960.40409896678,-120601.57623665611,179032.3008607318
2017-07-04 19:32:52.396245002,-0.0694,-0.4372,-0.1035,104728.2660481809,-81010.40607827387,-120686.0226110618,179153.03976238615
2017-07-04 19:32:52.597253978,1.542,-1.5933,-2.1054,104799.49902011454,-81060.9123312522,-120771.29697807036,179274.9638867826
2017-07-04 19:32:52.797013998,0.1037,0.6478,-0.2919,104870.2935287321,-81111.07891710883,-120856.05314642683,179396.12919467306
2017-07-04 19:32:52.997009992,1.7071,-0.3802,-2.7695,104941.23994727714,-81161.31997151335,-120941.02021174152,179517.55922763445
2017-07-04 19:32:53.197000980,-0.0528,-0.3818,0.1249,105012.18247818809,-81211.57503898282,-121025.9801547382,179638.98870111603
2017-07-04 19:32:53.396448016,0.8447,-1.0947,-1.6402,105082.96565516939,-81261.73696477366,-121110.77426238068,179760.17136131937
2017-07-04 19:32:53.597100019,0.2175,0.6823,-0.4925,105154.18522827522,-81312.17447554911,-121196.1004855657,179882.09238796364
2017-07-04 19:32:53.797505974,1.6185,-0.3853,-2.129,105225.38247200057,-81362.56561233799,-121281.40758417746,180003.96669240427
2017-07-04 19:32:53.997002005,-0.0943,-0.3871,0.2612,105296.25269846137,-81412.74335907152,-121366.31695868568,180125.28558118772
2017-07-04 19:32:54.197094976,1.7801,-1.5087,-2.0865,105367.4062558617,-81463.13165378416,-121451.5639400307,180247.09291250425
2017-07-04 19:33:03.130388021,0.1282,0.6342,-0.3103,108554.33828518366,-83662.14139746073,-125282.23916628267,185685.31905958653
2017-07-04 19:33:03.330385982,1.1058,-0.7923,-1.2261,108625.73133518868,-83711.40437035193,-125368.04910737975,185807.14858893762
2017-07-04 19:33:03.529483020,0.0891,-0.7094,0.3328,108696.80631560211,-83760.473550608,-125453.45931171914,185928.4353882181
2017-07-04 19:33:03.730454027,0.873,-0.5148,-1.6514,108768.5855377902,-83810.0253791037,-125539.74012490037,186050.93900479274
2017-07-04 19:33:03.929717004,0.1639,0.4723,-0.2943,108839.76122420648,-83859.1373191603,-125625.29933254559,186172.40495746877
2017-07-04 19:33:04.130384027,0.9032,-1.03,-1.2052,108911.47479784663,-83908.63678684633,-125711.5099372358,186294.7997147763
2017-07-04 19:33:04.330385029,0.1608,-0.6989,0.5714,108982.95678364486,-83957.99992031534,-125797.41154962794,186416.7894061904
2017-07-04 19:33:04.530385017,0.744,-0.1954,-1.3741,109054.46816702765,-84007.37061951357,-125883.3676904945,186538.83672495064
2017-07-04 19:33:04.730499982,0.2807,0.2507,-0.3572,109126.03190214653,-84056.75966165592,-125969.387550691,186660.9661483136
2017-07-04 19:33:04.929818987,0.4673,-0.7171,-0.7797,109197.329556459,-84105.98074720614,-126055.09624169434,186782.65462353334
2017-07-04 19:33:05.130389988,0.2383,-0.861,0.1066,109269.08464407416,-84155.54564543664,-126141.33901213593,186905.12601212846
2017-07-04 19:33:05.330448985,0.8354,-0.0952,-1.1757,109340.68999590284,-84204.98782801538,-126227.40868365222,187027.33802010366
2017-07-04 19:33:05.530378997,0.1689,0.3959,-0.2365,109412.25593254084,-84254.38230857914,-126313.43231643524,187149.474672003
2017-07-04 19:33:05.730494022,1.6828,-0.8438,-1.3456,109483.95548494514,-84303.85628907791,-126399.58944045607,187271.81556378098
2017-07-04 19:33:05.929733991,0.1073,-0.3674,0.1845,109555.34577148949,-84353.1285159988,-126485.36249559441,187393.62583393583
2017-07-04 19:33:06.130773007,0.7702,-0.7744,-1.7175,109627.41180903332,-84402.87694757308,-126571.97945836808,187516.6153731026
2017-07-04 19:33:06.330380976,0.2866,0.3311,-0.4479,109698.97628123983,-84452.25806499051,-126657.99770533771,187638.74246048738
2017-07-04 19:33:06.530560970,0.5121,-0.8076,-0.771,109770.766359668,-84501.81305813634,-126744.2933539713,187761.26718548362
2017-07-04 19:33:06.730373024,0.0833,-0.6911,0.2379,109842.42781038363,-84551.30455900307,-126830.4208891257,187883.57488833717
2017-07-04 19:33:06.929624021,0.5883,-0.4215,-1.3746,109913.91139728877,-84600.67382546661,-126916.36115767312,188005.59741635076
2017-07-04 19:33:07.130638003,0.0761,0.5094,-0.4284,109986.0305502839,-84650.45933108464,-127003.07914116587,188128.70406322594
2017-07-04 19:33:07.330386996,0.7608,-0.7877,-0.909,110057.72621023646,-84699.96296349399,-127089.28767372355,188251.09260240453
2017-07-04 19:33:07.530466020,0.1779,-0.8357,0.1829,110129.54744943368,-84749.58184164221,-127175.63132070214,188373.6978603155
2017-07-04 19:33:07.730376005,0.7967,-0.2321,-1.3671,110201.33984897459,-84799.16807437145,-127261.95665407268,188496.2594377877
2017-07-04 19:33:07.929629981,0.1134,0.2584,-0.4161,110272.9011624054,-84848.58132975575,-127348.01522903191,188618.42822804867
2017-07-04 19:33:08.130384027,0.5302,-0.7457,-0.5452,110345.02258853448,-84898.39664281168,-127434.74366286916,188741.55783770976
2017-07-04 19:33:08.330420970,0.0934,-0.6557,0.2101,110416.89013087972,-84948.06025089053,-127521.15389151106,188864.25616401358
2017-07-04 19:33:08.530381023,0.4209,0.1424,-0.9023,110488.74687812614,-84997.69907559654,-127607.56698345949,188986.93919496765
2017-07-04 19:33:08.730385005,0.3821,0.153,-0.6367,110560.63469610947,-85047.34268515663,-127694.02452841742,189109.6727893026
2017-07-04 19:33:08.929820001,0.3033,-0.6622,-0.656,110632.33006590515,-85096.8714034876,-127780.26220456141,189232.09396806755
2017-07-04 19:33:09.130411982,0.4795,-0.8574,-0.4019,110704.46065675098,-85146.72195278335,-127867.01634383619,189355.26329437373
2017-07-04 19:33:09.330260992,0.6613,-0.0151,-0.9808,110776.35049576574,-85196.3884641251,-127953.48832794908,189478.01880899392
2017-07-04 19:33:09.530483007,0.474,0.1255,-0.7314,110848.39351454233,-85246.14264358416,-128040.15102730748,189601.03231644293
2017-07-04 19:33:09.730359971,0.225,-0.6338,-0.3812,110920.32136749182,-85295.8364003955,-128126.67960644486,189723.86098349167
2017-07-04 19:33:09.929620981,0.2809,-0.8411,-0.1945,110992.0387159588,-85345.4104134906,-128212.94925603378,189846.3381103316
2017-07-04 19:33:10.130378007,0.9034,-0.1252,-1.1922,111064.33091551896,-85395.36166538701,-128299.91465240535,189969.79100764586
2017-07-04 19:33:10.330376029,0.5785,0.0578,-0.7949,111136.37293881411,-85445.12175415544,-128386.58305324578,190092.8113571515
2017-07-04 19:33:10.530463993,0.5445,-0.5054,-0.8199,111208.46915961074,-85494.92445454141,-128473.32325497323,190215.9312688837
2017-07-04 19:33:10.730373978,0.2962,-0.8018,-0.2197,111280.513087884,-85544.71489837409,-128559.99508105477,190338.96914554219
2017-07-04 19:33:10.929627001,0.4828,-0.0286,-0.927,111352.33942699592,-85594.34285188564,-128646.41888199918,190461.63948489432
2017-07-04 19:33:11.130383014,0.5312,0.2458,-0.7519,111424.72896993782,-85644.33524866798,-128733.52489208618,190585.26390398524
2017-07-04 19:33:11.330606997,0.2557,-0.844,-0.4552,111496.9369219336,-85694.22899464247,-128820.41830852558,190708.59445537155
2017-07-04 19:33:11.530523002,0.1435,-0.838,0.1301,111569.0395411925,-85744.07948753507,-128907.17286871617,190831.75041987636
2017-07-04 19:33:11.730392992,0.6655,0.0139,-1.0106,111641.15214987396,-85793.91795097927,-128993.94783192691,190954.92082687095
2017-07-04 19:33:11.929618000,0.53,0.2249,-0.7299,111713.05308663078,-85843.58665890057,-129080.47174183352,191077.72184505142
2017-07-04 19:33:12.130870997,0.3063,-0.9005,-0.6579,111785.69833704275,-85893.79743670039,-129167.90305911146,191201.81477037622
2017-07-04 19:33:12.330528974,0.2277,-0.933,-0.4306,111857.77691823398,-85943.64746409844,-129254.65860924168,191324.95803923294
2017-07-04 19:33:12.530387997,0.6193,0.2059,-0.8773,111929.95281618646,-85993.53946368823,-129341.53656059274,191448.25997324128
2017-07-04 19:33:12.730636000,0.6216,0.0157,-1.1796,112002.29411376253,-86043.52793711632,-129428.63090114934,191571.84835866943
2017-07-04 19:33:12.929652988,-0.2468,-0.5556,0.3675,112074.18092148373,-86093.2311148724,-129515.1752775697,191694.6715487937
2017-07-04 19:33:13.130881011,1.4247,-1.5442,-2.2255,112146.92406581486,-86143.54901286436,-129602.77125953499,191818.9821996425
2017-07-04 19:33:13.330375015,-0.0639,0.722,-0.3467,112219.03782596736,-86193.40457819265,-129689.6262086798,191942.21679847554
2017-07-04 19:33:13.530496001,1.1873,0.177,-1.5879,112291.4257791474,-86243.40974408323,-129776.81772375834,192065.90651728172
2017-07-04 19:33:13.730682015,-0.0714,-0.2185,-0.108,112363.83439300234,-86293.4399150892,-129864.04189918657,192189.64183917627
2017-07-04 19:33:42.896517992,0.8331,-1.3315,-1.2628,123621.98458878403,-94715.15450160755,-143646.24828253113,211866.9398740151
2017-07-04 19:33:43.296478986,0.987,-1.0279,-2.2008,123776.52930737326,-94830.80876005074,-143835.60040923033,212137.19957270136
2017-07-04 19:33:43.496473014,-0.1205,0.5879,-0.0916,123853.80207532702,-94888.61628735266,-143930.28654229487,212272.327856435
2017-07-04 19:33:43.695695996,2.7176,-0.6516,-2.027,123930.88479108304,-94946.22680855771,-144024.68807885592,212407.0643045907
2017-07-04 19:33:43.896472990,-0.0325,-0.9556,0.1936,124008.56747004588,-95004.32523443803,-144119.81817758278,212542.86299653378
2017-07-04 19:33:43.964689850,-0.0604,-0.7543,0.4568,124034.96099201521,-95024.06851710177,-144152.13786570172,212589.00253090673
2017-07-04 19:33:44.296276986,0.4932,0.4725,-0.5876,124163.30831815417,-95119.98431552912,-144309.30135991235,212813.32901790133
2017-07-04 19:33:44.496517002,1.0407,-0.9444,-1.2384,124240.85688475161,-95177.94415486958,-144404.25946330273,212948.87115021216
2017-07-04 19:33:44.695662975,0.0979,-0.7018,0.4606,124317.98563511706,-95235.61515422953,-144498.6804810854,213083.67513010587
2017-07-04 19:33:44.896462976,0.3211,-0.0922,-1.2279,124395.7679334565,-95293.76886375423,-144593.93523235986,213219.64161397715
2017-07-04 19:33:44.964609980,0.7565,-0.074,-1.2306,124422.16900925117,-95313.50526844643,-144626.26826742207,213265.7916790341
2017-07-04 19:33:45.296463012,1.0728,-1.0048,-1.3139,124550.85152896373,-95409.72558867442,-144783.86398884613,213490.74365188956
2017-07-04 19:33:45.496492028,0.1736,-0.6753,0.5102,124628.42364784871,-95467.75074057268,-144878.8365809915,213626.33896941037
2017-07-04 19:33:45.695788979,0.3021,-0.2449,-1.4258,124705.72386794844,-95525.57325961639,-144973.51822475233,213761.4878748507
2017-07-04 19:33:45.896569013,0.5164,0.1722,-0.906,124783.62014079085,-95583.81912737835,-145068.940972203,213897.67639975215
2017-07-04 19:33:45.969470140,0.1041,0.43,-0.2427,124811.90401467595,-95604.96530651966,-145103.5892620133,213947.12522431463
2017-07-04 19:33:46.296729981,0.2016,-0.951,-0.0627,124938.89450811964,-95699.99429403224,-145259.13532583677,214169.1683328826
2017-07-04 19:33:46.496510028,0.6177,0.3784,-0.9763,125016.44216820486,-95757.99087869673,-145354.12941952932,214304.75162447974
2017-07-04 19:33:46.695860981,0.8658,0.0549,-1.2833,125093.8576765224,-95815.86071466432,-145448.9704812289,214440.09747930864
2017-07-04 19:33:46.896615982,0.2082,-0.6567,-0.4258,125171.82682073105,-95874.16460016926,-145544.496678513,214576.42503504694
2017-07-04 19:33:46.968269700,0.0729,-0.6057,-0.3717,125199.65603636218,-95894.97760338744,-145578.59391289868,214625.08615451792
2017-07-04 19:33:47.296482026,0.2709,0.6324,-0.7302,125327.15790039366,-95990.24415804964,-145734.85613028958,214848.02017293152
2017-07-04 19:33:47.496460974,0.9784,-0.2717,-1.6357,125404.88359449412,-96048.30069685739,-145830.1317221073,214983.92547860346
2017-07-04 19:33:47.695649981,0.0875,-0.4608,-0.2519,125482.30573438722,-96106.14618814507,-145925.04095827905,215119.311002594
2017-07-04 19:33:47.896506011,0.9363,-1.3812,-1.228,125560.41359742031,-96164.53151326317,-146020.7940360904,215255.91019726024
2017-07-04 19:33:47.963249800,0.8586,-1.4002,-1.3266,125586.37240468393,-96183.93899962747,-146052.61837420083,215301.31070017192
2017-07-04 19:33:48.296522021,1.1569,-0.0848,-1.9282,125716.1211929784,-96280.85595363648,-146211.74122662292,215528.23393581982
2017-07-04 19:33:48.496468007,-0.024,-0.7301,0.0997,125793.96275313442,-96339.03026980603,-146307.2026699901,215664.38596017918
2017-07-04 19:33:48.695733010,0.9212,-1.1777,-1.6999,125871.57577546085,-96397.05321625812,-146402.40648459987,215800.16237588352
2017-07-04 19:33:48.896458029,-0.069,0.7308,-0.1792,125949.75468887038,-96455.47185290242,-146498.31507825493,215936.9238396258
2017-07-04 19:33:48.965589880,0.2804,0.7776,-0.603,125976.6816858633,-96475.58814207582,-146531.34990919774,215984.02705328123
2017-07-04 19:33:49.296477019,-0.2153,-0.4692,0.3976,126105.53932911078,-96571.92250381915,-146689.42163893333,216209.45790213323
2017-07-04 19:33:49.496455013,1.0398,-1.3672,-1.9391,126183.45850214254,-96630.19870049137,-146785.03286999773,216345.80276747845
2017-07-04 19:33:49.695647001,-0.1568,0.7896,-0.1436,126261.06519536526,-96688.21451544673,-146880.27400238838,216481.59806660243
2017-07-04 19:33:49.896546006,1.9475,-0.916,-2.3123,126339.41555711917,-96746.76447908097,-146976.42464876696,216618.6828577348
2017-07-04 19:33:49.966889850,2.2764,-1.3376,-2.5474,126366.86083288502,-96767.27209292389,-147010.10395165422,216666.7005539612
2017-07-04 19:33:50.296486973,0.919,-0.6039,-1.8745,126495.55591389547,-96863.4264255768,-147168.11245911967,216891.91402550877
2017-07-04 19:33:50.496474027,0.1152,0.7633,-0.1415,126573.6478234007,-96921.73870568728,-147263.99169770503,217028.55804662558
2017-07-04 19:33:50.695640027,1.5601,-0.8153,-1.6308,126651.48100841533,-96979.84392323003,-147359.54198974802,217164.73559127262
2017-07-04 19:33:50.896591007,-0.0996,-0.593,0.4884,126730.00773368026,-97038.4938416851,-147455.9289073375,217302.12865309717
2017-07-04 19:33:50.964570040,-0.0793,-0.41,0.4553,126756.57190972086,-97058.33622054839,-147488.53321038143,217348.60611643002
2017-07-04 19:33:51.296891987,0.4979,0.3049,-0.6676,126886.48838950695,-97155.30389810263,-147647.9961649142,217575.88281532418
2017-07-04 19:33:51.496469020,0.2296,-0.5118,-0.7211,126964.51930187033,-97213.5585397463,-147743.7908863284,217712.40862885796
2017-07-04 19:33:51.695724010,0.1795,-0.6951,0.1621,127042.4314280112,-97271.74677733818,-147839.42459495692,217848.72634198135
2017-07-04 19:33:51.896659016,0.6131,-0.3478,-1.3421,127121.02522312322,-97330.43967072247,-147935.91882514663,217986.25098596115
2017-07-04 19:33:51.964840050,0.5157,-0.4925,-1.4035,127147.69597615434,-97350.35756493156,-147968.6676601939,218032.92255803366
2017-07-04 19:33:52.296464979,0.3405,-0.6681,-0.8633,127277.45698451232,-97447.3094505653,-148128.04927512957,218260.04709440944
2017-07-04 19:33:52.496479988,0.2403,-0.8884,-0.0133,127355.73016316057,-97505.82018655975,-148224.17863335623,218397.0560863369
2017-07-04 19:33:52.695653021,0.652,0.1061,-1.0931,127433.6997106194,-97564.08040888481,-148319.9466920527,218533.53105347705
2017-07-04 19:33:52.896530985,0.5623,0.1555,-0.7042,127512.35937116064,-97622.83306686132,-148416.56294590948,218671.20406006227
2017-07-04 19:33:52.965510010,0.5986,0.2137,-0.7097,127539.37298043846,-97643.00699101167,-148449.74315735605,218718.48279917985
2017-07-04 19:33:53.296452999,0.2194,-0.9007,-0.1125,127669.00111193089,-97739.8947532493,-148608.94529550834,218945.38015938553
2017-07-04 19:33:53.496591985,0.5424,0.4839,-1.1222,127747.41592589728,-97798.46859978995,-148705.26832268017,219082.63181532352
2017-07-04 19:33:53.964800110,0.1408,-0.6321,-0.7211,127930.89157572464,-97935.63569710244,-148930.7659259282,219403.907891448
2017-07-04 19:34:00.446941018,0.48,0.0289,-0.9627,130491.20205808931,-99833.44107178926,-152093.13451236134,223890.57893666442
2017-07-04 19:34:00.646942019,0.9204,0.2747,-1.225,130570.23509910205,-99891.985270928,-152190.7557334799,224029.06317245946
2017-07-04 19:34:00.846948027,0.4998,-0.5984,-0.5075,130649.2901118982,-99950.55487315152,-152288.39969975312,224167.58710684642
2017-07-04 19:34:01.246150970,0.6508,0.4632,-0.966,130807.18405414904,-100067.38333236016,-152483.44658332964,224444.20707403583
2017-07-04 19:34:01.446932017,2.0618,-0.3871,-2.1411,130886.68069190782,-100126.15837498422,-152581.6326690761,224583.44863644498
2017-07-04 19:34:01.469440220,1.7791,-1.3897,-1.8988,130895.59342274797,-100132.7479508935,-152592.64060796192,224599.05956481906
2017-07-04 19:34:01.646948993,-0.1863,-0.3565,0.3318,130965.87694507017,-100184.72723910601,-152679.44320193,224722.16818199467
2017-07-04 19:34:01.847009003,1.7942,-1.7565,-2.3055,131045.16130401463,-100243.38043125786,-152777.36572827946,224861.0528756671
2017-07-04 19:34:02.246299982,2.1428,-0.3537,-2.3062,131203.74310420934,-100360.50015053854,-152973.17267883295,225138.72113532503
2017-07-04 19:34:02.446937978,-0.2849,-0.3739,0.3733,131283.41671786233,-100419.36618298409,-153071.5478385925,225278.23544987798
2017-07-04 19:34:02.470079770,0.0185,0.7589,-0.3263,131292.60636398935,-100426.15544504777,-153082.89470504603,225294.32712476043
2017-07-04 19:34:02.647189021,1.1778,-1.5459,-2.181,131362.9737025607,-100478.16366008502,-153169.8031958172,225417.56995302706
2017-07-04 19:34:02.846929013,-0.1079,0.6698,-0.3512,131442.32816398292,-100536.79068050007,-153267.83072808455,225556.55576727458
2017-07-04 19:34:03.246577978,-0.3357,-0.356,0.4897,131601.05060331838,-100654.15118014229,-153463.89050984714,225834.58627967164
2017-07-04 19:34:03.447053015,1.1442,-1.4815,-1.9674,131680.71617939507,-100713.08201296288,-153562.31862002195,225974.16135926984
2017-07-04 19:34:03.469329950,2.239,-0.8824,-2.4572,131689.5697885049,-100719.63088877403,-153573.25724413962,225989.67272427972
2017-07-04 19:34:03.646992981,-0.1005,0.618,-0.2375,131760.17592722666,-100771.8399820788,-153660.50246501277,226113.3735795997
2017-07-04 19:34:03.847028017,1.3454,-0.7875,-1.571,131839.7268945004,-100830.65495414322,-153758.79679814805,226252.73956112028
2017-07-04 19:34:04.246146976,0.6562,-0.4083,-1.416,131998.55511551097,-100948.07028937212,-153955.14366425684,226531.0524153644
2017-07-04 19:34:04.446985006,0.2993,0.3335,-0.2988,132078.49009398295,-101007.14063701747,-154053.95813354343,226671.10980842737
2017-07-04 19:34:04.469269750,-0.1382,-0.4887,0.3943,132087.35951352507,-101013.69525377653,-154064.92227128567,226686.65034918874
2017-07-04 19:34:04.645909011,0.6855,-0.7429,-1.0265,132157.68405270006,-101065.67337883833,-154151.86116230497,226809.8765254588
2017-07-04 19:34:04.846975982,-0.1907,-0.4893,0.4565,132237.72616893062,-101124.85941864853,-154250.80450842896,226950.13572648086
2017-07-04 19:34:05.246360003,0.3001,0.33,-0.391,132396.76356224495,-101242.36939447852,-154447.40035541423,227228.7830335555
2017-07-04 19:34:05.447009027,0.5047,-0.7768,-0.8695,132476.68366732803,-101301.43723658733,-154546.20437265292,227368.82413313692
2017-07-04 19:34:05.469430080,0.7686,-0.5146,-1.4583,132485.61453777275,-101308.03789229084,-154557.24572813668,227384.47354229086
2017-07-04 19:34:05.646933019,0.2166,-0.8036,0.1396,132556.32525612245,-101360.31926690748,-154644.65350652,227508.3790664598
2017-07-04 19:34:05.846974015,0.7314,-0.1474,-1.2101,132636.04358507748,-101419.2448559479,-154743.20812493612,227648.06993658125
2017-07-04 19:34:06.246146023,0.3789,-0.7112,-0.5672,132795.17797858053,-101536.94130365115,-154939.95941471556,227926.96366840342
2017-07-04 19:34:06.446994006,0.4373,-0.959,-0.4105,132875.26591804385,-101596.20030982408,-155038.9736467137,228067.33119763373
2017-07-04 19:34:06.469390150,0.3295,0.289,-0.5698,132884.19652413132,-101602.80801432306,-155050.01480514606,228082.98352427644
2017-07-04 19:34:06.646928012,0.5804,0.4173,-0.8547,132955.00917950852,-101655.17520526625,-155137.5667967541,228207.08521768978
2017-07-04 19:34:06.846928000,0.7084,0.07,-1.0415,133034.80940227985,-101714.16510373804,-155236.2375439406,228346.93197468226
2017-07-04 19:34:07.246285974,0.7633,-0.992,-1.1089,133194.2754245619,-101832.1137534033,-155433.43915911237,228626.4385546641
2017-07-04 19:34:07.447136998,0.342,0.599,-0.4733,133274.49023373923,-101891.4100699535,-155532.6378080585,228767.0225723961
2017-07-04 19:34:07.470039840,0.3025,-0.5751,-0.3446,133283.63720712168,-101898.17187146896,-155543.94951184432,228783.05358494155
2017-07-04 19:34:07.647006988,1.8025,0.0857,-1.8568,133354.37107708084,-101950.41670905829,-155631.41166001096,228906.99431822132
2017-07-04 19:34:07.847032010,0.0153,-0.3878,0.0345,133434.32180457813,-102009.4842857676,-155730.26827850277,229047.09030631764
2017-07-04 19:34:08.246141016,0.0356,0.8189,-0.4727,133593.85279392038,-102127.21110883958,-155927.5917299369,229326.61994607394
2017-07-04 19:34:08.447220981,2.1925,-1.2858,-2.0994,133674.31669265186,-102186.57648111568,-156027.0925445582,229467.58586799665
2017-07-04 19:34:08.469390150,1.4353,-1.5887,-1.526,133683.18858405668,-102193.12232457804,-156038.06331025437,229483.12870897847
2017-07-04 19:34:08.646973013,-0.4839,-0.2601,0.5257,133754.2403033107,-102245.56504193117,-156125.92643468708,229607.61589056422
2017-07-04 19:34:08.847039997,1.7829,-1.895,-2.357,133834.35938644112,-102304.72348726325,-156225.0084279708,229748.0042535822
2017-07-04 19:34:09.246226012,2.0093,-0.94,-2.3847,133994.53811511697,-102422.90986318405,-156423.08294710066,230028.62775794015
2017-07-04 19:34:09.447504997,-0.2045,-0.396,0.4469,134075.29571552563,-102482.51825909143,-156522.9386766591,230170.1149191785
2017-07-04 19:34:09.469840160,-0.1087,0.8053,-0.3031,134084.25702489458,-102489.13237421447,-156534.0194381724,230185.8151107652
2017-07-04 19:34:09.647033989,1.2209,-1.6143,-2.2936,134155.38902883642,-102541.65549423834,-156621.99958846474,230310.46496428802
2017-07-04 19:34:09.846988976,-0.2144,0.8925,-0.1703,134235.64961168743,-102600.88970610808,-156721.28790120312,230451.11038258954
2017-07-04 19:34:10.246150970,-0.2706,-0.4251,0.3923,134395.82742848495,-102719.20428125815,-156919.43060945152,230731.83798764404
2017-07-04 19:34:10.446942985,0.9555,-1.2565,-2.0195,134476.4408238407,-102778.77118240405,-157019.18453000646,230873.15403242776
2017-07-04 19:34:10.470899930,1.7218,-1.082,-2.3768,134486.05997678262,-102785.87886378268,-157031.08775780426,230890.01655393897
2017-07-04 19:34:10.646929979,-0.2693,0.9321,-0.1141,134556.73092629365,-102838.07556760899,-157118.55343733582,231013.90317091567
2017-07-04 19:34:10.846984982,1.9568,-1.3543,-2.358,134637.12551176533,-102897.45038995043,-157218.05098998832,231154.83213619769
2017-07-04 19:34:11.471640220,-0.4137,-0.3215,0.5453,134887.98954728083,-103082.96882042818,-157528.5111145653,231594.689055929
2017-07-04 19:34:22.214681982,0.8179,-1.2321,-2.0585,139296.83422485305,-106415.78070816988,-163105.49171578963,239439.61208756795
2017-07-04 19:34:22.414408981,0.0112,1.1678,-0.1241,139378.8007791837,-106477.69539410355,-163209.17992687668,239585.4464183634
2017-07-04 19:34:22.613534986,2.884,-1.622,-2.5608,139460.63504377002,-106539.48808814572,-163312.65767081606,239731.006347533
2017-07-04 19:34:22.814540028,-0.4264,-0.4866,0.684,139543.22430315445,-106601.88354423383,-163417.08423873698,239877.91987840258
2017-07-04 19:34:23.136449930,1.6132,-1.2532,-2.3519,139675.6583059533,-106701.93983282341,-163584.56727522335,240113.52343820818
2017-07-04 19:34:23.214532017,0.0038,0.8655,-0.3047,139707.78136498944,-106726.20409164467,-163625.19362115528,240170.6701520809
2017-07-04 19:34:23.414404988,2.2539,-0.9154,-2.745,139790.09937316904,-106788.35182756191,-163729.29779280964,240317.09661306697
2017-07-04 19:34:23.614486992,-0.4187,-0.5762,0.6694,139872.4867101928,-106850.58762630356,-163833.4840416902,240463.65860108298
2017-07-04 19:34:23.814665019,2.0098,-1.287,-2.8831,139954.99412158423,-106912.90486482829,-163937.8358208495,240610.43954872843
2017-07-04 19:34:24.137659900,0.3111,1.062,-0.6385,140088.15543227398,-107013.34531197094,-164106.2780082702,240847.29155422063
2017-07-04 19:34:24.214420020,2.4138,0.132,-2.6302,140119.8155995042,-107037.21432667291,-164146.3239931303,240903.5982606131
2017-07-04 19:34:24.414409995,-0.4047,-0.4529,0.3857,140202.28646568581,-107099.42051004588,-164250.6439365411,241050.2873621234
2017-07-04 19:34:24.614422976,2.2995,-1.8235,-2.8729,140284.85881090703,-107161.70679882346,-164355.09081139427,241197.15771802698
2017-07-04 19:34:24.814454972,0.0254,0.9003,-0.1819,140367.44002250957,-107223.96298556229,-164459.55489421778,241344.03173231008
2017-07-04 19:34:25.134440060,2.9156,-1.3786,-2.4148,140499.84119965206,-107323.69346570637,-164626.91015642846,241579.38675288734
2017-07-04 19:34:25.214419007,-0.3012,-0.356,0.5249,140532.9323986556,-107348.6229632212,-164668.73655324828,241638.21042771364
2017-07-04 19:34:25.414416015,1.8194,-1.0673,-2.2128,140615.75370868781,-107411.0048707119,-164773.417015022,241785.42783469145
2017-07-04 19:34:25.614830017,-0.0096,0.7818,-0.1253,140698.74731565872,-107473.48544295334,-164878.3207684545,241932.9415951405
2017-07-04 19:34:25.814436972,2.1288,-0.6843,-2.1108,140781.4915333768,-107535.74167674496,-164982.88618550834,242079.9802346949
2017-07-04 19:34:26.136680000,-0.074,-0.4558,0.4156,140915.06510272855,-107636.29471004051,-165151.65216036988,242317.34507276348
2017-07-04 19:34:26.214547991,0.5913,-0.59,-1.6441,140947.34589682193,-107660.59629241761,-165192.4433603962,242374.71331138277
2017-07-04 19:34:26.414430975,-0.1854,0.9099,-0.0343,141030.2015679768,-107722.94080613978,-165297.15356785624,242521.95510481668
2017-07-04 19:34:26.614574015,2.1874,-1.3514,-2.2982,141113.2526589736,-107785.42056599309,-165402.09206715244,242669.52635791354
2017-07-04 19:34:26.814507007,-0.2706,-0.4926,0.531,141196.20577198203,-107847.85444479933,-165506.89920883556,242816.93087277535
2017-07-04 19:34:27.136640070,0.7633,-0.8744,-1.884,141329.93946089334,-107948.5389670502,-165675.96051564222,243054.6497105562
2017-07-04 19:34:27.214048027,0.0342,0.4719,-0.1266,141362.07561468572,-107972.73043695457,-165716.58638189593,243111.77252895787
2017-07-04 19:34:27.414478003,0.759,-0.6983,-0.9896,141445.31523247674,-108035.3966974548,-165821.81740748556,243259.73622675953
2017-07-04 19:34:27.614481985,0.3035,-0.8962,0.0401,141528.39007321396,-108097.9656164721,-165926.82317092182,243407.4074771147
2017-07-04 19:34:27.814418017,0.7552,0.3105,-1.0441,141611.4668785156,-108160.50086606595,-166031.83499664892,243555.0691967581
2017-07-04 19:34:28.136560200,0.3163,0.384,-0.3469,141745.35523216875,-108261.21945191204,-166201.06880653,243793.01187593892
2017-07-04 19:34:28.214461982,0.0763,-0.455,-0.7549,141777.73314184355,-108285.57840658505,-166241.9982217845,243850.5568549317
2017-07-04 19:34:28.414584994,0.4624,-0.9555,-0.6072,141860.9277400202,-108348.19274380436,-166347.16670518086,243998.42942311955
2017-07-04 19:34:28.614376008,0.6096,0.2668,-1.024,141944.00865395227,-108410.69255603092,-166452.20159170084,244146.09410751535
2017-07-04 19:34:28.814414024,0.2651,0.3624,-0.3909,142027.2028890034,-108473.25513537956,-166557.38197498996,244293.95189095862
2017-07-04 19:34:29.136640070,0.2506,-0.5701,-0.835,142161.24018289702,-108574.09163575343,-166726.89576314535,244532.22559753357
2017-07-04 19:34:29.214441001,0.3583,-0.9181,-0.0202,142193.60542841937,-108598.44399458505,-166767.82470138054,244589.760248479
2017-07-04 19:34:29.414659976,0.3094,0.8307,-0.5652,142276.9090749788,-108661.08095057197,-166873.1770761284,244737.83237733686
2017-07-04 19:34:29.614656984,2.1846,0.1683,-2.2157,142360.20775073522,-108723.64173410309,-166978.5012803486,244885.84873893688
2017-07-04 19:34:29.814417004,-0.0774,-0.4344,-0.2583,142443.4046325075,-108786.14572007646,-167083.7109870593,245033.70278624352
2017-07-04 19:34:30.137919780,0.518,-1.1218,-1.053,142578.19262140308,-108887.48564275648,-167254.2037907705,245273.30516481408
2017-07-04 19:34:30.214416027,0.5509,0.6743,-0.7512,142610.06813817847,-108911.44477961375,-167294.52332630078,245329.96529843836
2017-07-04 19:34:30.414710998,0.7741,0.066,-1.3618,142693.56087906877,-108974.17585811735,-167400.14915397778,245478.37635335297
2017-07-04 19:34:30.614398002,-0.0231,-0.5637,0.0627,142776.79926846595,-109036.73900280286,-167505.45186926724,245626.3448159431
2017-07-04 19:34:30.814629971,0.5308,-0.7132,-1.6414,142860.2861046973,-109099.50148252957,-167611.10777416365,245774.78719131206
2017-07-04 19:34:31.136700270,0.2723,1.0364,-0.286,142994.60174914927,-109200.34654123789,-167781.0834740855,246013.54390736762
2017-07-04 19:34:31.214443027,1.7999,0.2722,-2.0189,143027.03433351347,-109224.68732354895,-167822.1251643963,246071.19003626038
2017-07-04 19:34:31.414416015,-0.2553,-0.5095,0.3711,143110.44849786157,-109287.31801901603,-167927.67938010592,246219.46277870945
2017-07-04 19:34:31.614412009,1.4973,-1.3056,-2.6732,143193.93214823783,-109350.0081417731,-168033.35266307357,246367.88364531778
2017-07-04 19:34:31.814984023,-0.1468,0.878,-0.1206,143277.650339055,-109412.84350079068,-168139.33515339316,246516.7163407668
2017-07-04 19:34:32.136730070,2.3207,-1.0468,-2.2051,143412.18646826627,-109513.74872188499,-168309.57441970543,246755.80890441325
2017-07-04 19:34:32.214491009,-0.2781,-0.4955,0.6059,143444.70004468682,-109538.13891664188,-168350.71489846057,246813.59171458622
2017-07-04 19:34:32.414534986,0.8276,-0.9861,-2.0138,143528.3759949472,-109600.92339652663,-168456.6314633307,246962.33277382737
2017-07-04 19:34:32.614409983,-0.2431,0.7058,0.005,143611.97155109065,-109663.62664474575,-168562.45835921803,247110.93004918372
2017-07-04 19:34:32.814490973,3.3802,-0.6975,-2.1421,143695.78857910598,-109726.42243810675,-168668.4800746817,247259.8301526964
2017-07-04 19:34:45.730920970,-0.1527,-0.4498,0.6031,149081.2057358543,-113855.31018544895,-175412.2011052321,256822.26900653163
2017-07-04 19:34:45.930619001,2.0234,-0.004,-2.4249,149164.54915600453,-113919.14615358788,-175516.56096886567,256970.2273797767
2017-07-04 19:34:46.130622982,0.0155,-0.4652,-0.3324,149248.02088356458,-113983.09853120381,-175621.0940149329,257118.43020568741
2017-07-04 19:34:46.330604016,0.4176,-0.9428,-0.7641,149331.49973501867,-114047.08127623763,-175725.64562584332,257266.66338909534
2017-07-04 19:34:46.529882013,-0.0992,0.8152,-0.3594,149414.6811756338,-114110.80671576128,-175829.84395603646,257414.3686466283
2017-07-04 19:34:46.730795025,1.4577,-0.0063,-2.2333,149498.60393609552,-114175.05525732666,-175934.98735112487,257563.38170651437
2017-07-04 19:34:46.930631995,0.0509,-0.4738,0.2189,149582.07925902275,-114238.97862019765,-176039.5588816263,257711.60036536213
2017-07-04 19:34:47.130616009,1.7327,-1.7519,-2.7369,149665.68530166656,-114303.01908394304,-176144.3168164306,257860.07421710095
2017-07-04 19:34:47.330735027,-0.2386,1.0353,-0.1561,149749.33822921006,-114367.06131843542,-176249.15172202236,258008.62872670282
2017-07-04 19:34:47.530040979,2.1947,-0.376,-2.3846,149832.7384620199,-114430.85829074815,-176353.65541573497,258156.70168073717
2017-07-04 19:34:47.730938971,-0.3176,-0.3147,0.5958,149916.79207088033,-114495.17756946493,-176458.9698301027,258305.93927548
2017-07-04 19:34:47.930732011,0.9756,-1.3726,-1.9853,150000.4223227123,-114559.19787840209,-176563.78425608747,258454.45716095733
2017-07-04 19:34:48.130612015,-0.1861,0.8972,-0.153,150084.0815412487,-114623.21020853712,-176668.65041734968,258603.02374658806
2017-07-04 19:34:48.330609023,2.1462,-1.0608,-2.0096,150167.87557691467,-114687.3024403778,-176773.65834583863,258751.800923792
2017-07-04 19:34:48.530103981,-0.273,-0.5312,0.5838,150251.44840053676,-114751.25492311076,-176878.37944002013,258900.19190069297
2017-07-04 19:34:48.730607986,0.6529,-0.7229,-1.724,150335.47018392192,-114815.55993990474,-176983.69952228447,259049.40898664296
2017-07-04 19:34:48.930603027,0.0794,0.765,-0.266,150419.28186031288,-114879.67112487541,-177088.76289709038,259198.2429291404
2017-07-04 19:34:49.130725026,0.5968,-0.9751,-0.9264,150503.17064196957,-114943.8620595933,-177193.9300679514,259347.22796163964
2017-07-04 19:34:49.330601990,0.0305,-0.8885,0.1306,150586.95792634372,-115008.0098934131,-177298.96325159815,259496.04352907842
2017-07-04 19:34:49.529946982,0.5854,0.2377,-0.8467,150670.54547396125,-115071.97755212257,-177403.75053623537,259644.49540766323
2017-07-04 19:34:49.730737984,0.6187,0.0537,-0.9517,150754.7642936198,-115136.40705482666,-177509.33629727378,259794.06394184267
2017-07-04 19:34:49.930625975,-0.0975,-0.5978,-0.0769,150838.60046302105,-115200.57068599721,-177614.45028337603,259942.97033289474
2017-07-04 19:34:50.130605995,0.446,-1.4035,-0.638,150922.49306726904,-115264.81998706998,-177719.63817915804,260091.99802151232
2017-07-04 19:34:50.330624997,0.4614,0.3805,-0.8648,151006.42048416537,-115329.06658933291,-177824.88117773464,260241.082447954
2017-07-04 19:34:50.530008018,0.6866,-0.1668,-1.0793,151090.10834001732,-115393.11554381126,-177929.83245141583,260389.7410215972
2017-07-04 19:34:50.730764985,-0.0676,-0.4696,-0.0377,151174.37016337042,-115457.62478532245,-178035.50846249852,260539.43192703178
2017-07-04 19:34:50.930626988,0.3928,-1.0987,-0.8423,151258.27204227218,-115521.89033540187,-178140.74702100395,260688.507144216
2017-07-04 19:34:51.130693018,0.4532,0.3219,-0.6844,151342.2777114865,-115586.20860578112,-178246.12040525186,260837.75816066854
2017-07-04 19:34:51.330913007,1.7303,-0.339,-2.0788,151426.4173908447,-115650.58996154928,-178351.65821365837,260987.22733084532
2017-07-04 19:34:51.530050992,-0.227,-0.4167,0.4779,151510.09337109898,-115714.63992021885,-178456.60673617473,261135.87798878722
2017-07-04 19:34:51.730611026,1.1736,-1.7226,-2.0824,151594.4140907522,-115779.2165515647,-178562.38846167954,261285.70558289695
2017-07-04 19:34:51.930608987,0.0221,0.8265,-0.2696,151678.4993840971,-115843.57914644685,-178667.88451583026,261435.1065986217
2017-07-04 19:34:52.130778014,2.2792,-1.2209,-2.3442,151762.74792101284,-115908.04571172943,-178773.56473140113,261584.77433524627
2017-07-04 19:34:52.330604970,-0.1381,-0.5775,0.4467,151846.84697025386,-115972.42516945038,-178879.04651182276,261734.1812134409
2017-07-04 19:34:52.529886007,0.8344,-0.8097,-1.8007,151930.74940083205,-116036.66090070958,-178984.311631448,261883.2623453969
2017-07-04 19:34:52.730674028,0.0592,0.6708,-0.2429,152015.28869704396,-116101.35534541427,-179090.38256960895,262033.4670220899
2017-07-04 19:34:52.930674016,1.197,-1.1916,-1.4557,152099.54408176732,-116165.84354774427,-179196.09543901772,262183.17096570105
2017-07-04 19:34:53.130909979,-0.0549,-0.7008,0.3799,152183.8966761339,-116230.43593628073,-179301.91780452768,262333.05238542025
2017-07-04 19:34:53.331122994,0.6787,-0.2035,-1.2451,152268.26680914944,-116295.02907956888,-179407.7779524344,262482.97021999373
2017-07-04 19:34:53.530645012,0.1694,0.6866,-0.2136,152352.35249840803,-116359.37195907011,-179513.28124745967,262632.36833783065
2017-07-04 19:34:53.730660974,0.9848,-1.1975,-1.1011,152436.68575156014,-116423.92203580157,-179619.0897813287,262782.2105831963
2017-07-04 19:34:53.930607974,0.0699,-0.7422,0.1798,152520.99272260218,-116488.47952906475,-179724.85464607994,262932.01110103726
2017-07-04 19:34:54.130457997,0.6243,0.049,-1.1197,152605.2837381845,-116553.00375400877,-179830.61293429442,263081.7832105024
2017-07-04 19:34:54.330639004,0.4388,0.1642,-0.5132,152689.73193712265,-116617.62826162385,-179936.56694053367,263231.82479089004
2017-07-04 19:34:54.529868006,0.6382,-0.8675,-0.9218,152773.80385555464,-116681.97986609639,-180042.0536473559,263381.20785569533
2017-07-04 19:34:54.730822980,0.2224,-0.5697,-0.1949,152858.61309176032,-116746.91197118095,-180148.4620832325,263531.9059281001
2017-07-04 19:34:54.930662989,0.5017,-0.2462,-1.3685,152942.9718140359,-116811.49364361125,-180254.33478218905,263681.8212966717
2017-07-04 19:34:55.130653977,0.3342,0.3026,-0.5874,153027.40763606795,-116876.11200454488,-180360.31096178506,263831.8684604762
2017-07-04 19:34:55.330621004,0.3968,-0.7621,-0.9395,153111.84920857745,-116940.75309747626,-180466.3120119425,263981.9461142501
2017-07-04 19:34:55.529873013,0.2776,-0.9321,-0.1963,153195.99986618522,-117005.20006021704,-180571.94182969505,264131.51533332485
2017-07-04 19:34:55.730614006,0.5485,0.3849,-1.0362,153280.80147344046,-117070.11311632107,-180678.4027608484,264282.2368408816
2017-07-04 19:34:55.930683970,0.6225,0.0575,-1.0804,153365.34452668298,-117134.80688203585,-180784.5510648802,264432.4976034721
2017-07-04 19:34:56.130604028,0.0411,-0.5036,-0.2858,153449.8258772163,-117199.47230268893,-180890.63125825892,264582.663541639
2017-07-04 19:34:56.330820024,0.373,-1.0507,-0.8231,153534.4472361894,-117264.27556520757,-180996.9014753578,264733.1017376474
2017-07-04 19:35:05.247008025,0.2003,0.8424,-0.4836,157318.8006660054,-120083.17977853592,-185767.8620567839,271438.526524631
2017-07-04 19:35:05.447058022,1.611,-0.3361,-2.4378,157403.77360944825,-120146.44018853696,-185875.00431533257,271589.087162384
2017-07-04 19:35:05.470290180,0.2917,0.6438,-0.8553,157413.64182426105,-120153.78638373272,-185887.44739589366,271606.57229545375
2017-07-04 19:35:05.647022008,-0.0711,-0.5406,0.4652,157488.7091533576,-120209.68729422319,-185982.0899515888,271739.58160880185
2017-07-04 19:35:05.846283018,1.3949,-1.4798,-2.1587,157573.4011987893,-120272.77302109562,-186088.88293463824,271889.6633699047
2017-07-04 19:35:06.246998012,2.0389,-1.4301,-2.3099,157744.04476219785,-120399.86840175079,-186304.01512107183,272192.0241655323
2017-07-04 19:35:06.447055995,-0.1232,-0.3178,0.4449,157829.23406569267,-120463.3338141419,-186411.40260764243,272342.969326416
2017-07-04 19:35:06.470190040,-0.0277,0.9704,-0.3244,157839.08506081536,-120470.67222566415,-186423.82071584443,272360.4240150026
2017-07-04 19:35:06.647006988,0.6183,-0.9146,-1.775,157914.39701292187,-120526.78939106295,-186518.7896585098,272493.8946849044
2017-07-04 19:35:06.846355974,0.0695,0.8593,-0.3161,157999.308837338,-120590.02349896435,-186625.8731919529,272644.3689226245
2017-07-04 19:35:07.246999025,-0.0182,-0.637,0.4565,158169.95806265104,-120717.21094773556,-186841.01181446578,272946.77933325066
2017-07-04 19:35:07.447018027,0.6164,-0.9699,-1.7379,158255.17847964366,-120780.74743690739,-186948.48820486877,273097.83541640866
2017-07-04 19:35:07.472649930,1.2724,-1.0116,-1.5697,158266.10008533092,-120788.89013358558,-186962.26204966594,273117.1943445732
2017-07-04 19:35:07.647059977,-0.1809,0.8164,-0.1482,158340.40969530022,-120844.2715685368,-187055.98948258444,273248.9094483536
2017-07-04 19:35:07.846260011,1.1879,-1.3534,-1.6208,158425.32852992136,-120907.57841580188,-187163.10329410812,273399.4412446152
2017-07-04 19:35:08.247105002,0.5551,-0.2555,-1.4662,158596.29765976177,-121035.0101729722,-187378.88118496106,273702.58389917144
2017-07-04 19:35:08.447085976,0.3315,0.2031,-0.5384,158681.60716361128,-121098.57756596549,-187486.55398792695,273853.8403360352
2017-07-04 19:35:08.471240280,0.0098,-0.4855,0.287,158691.91110799293,-121106.2557102901,-187499.55886572922,273872.1095659731
2017-07-04 19:35:08.647068977,0.5411,-0.8366,-0.9853,158766.93430799516,-121162.17381255946,-187594.25695719075,274005.14052817447
2017-07-04 19:35:08.846262991,0.1594,-0.8331,0.1243,158851.93342743794,-121225.55574976218,-187701.5342451978,274155.8645706399
2017-07-04 19:35:09.247235000,0.1772,0.368,-0.2734,159023.06278032888,-121353.08265968446,-187917.52439857094,274459.28868072975
2017-07-04 19:35:09.447023987,0.9943,-0.8944,-1.4822,159108.36966738725,-121416.6601326671,-188025.20317830233,274610.5527583152
2017-07-04 19:35:09.472649930,0.6043,-0.3113,-1.3565,159119.3119557575,-121424.81510439761,-188039.01549240877,274629.95559072786
2017-07-04 19:35:09.647004008,0.0175,-0.7281,0.2719,159193.76175191576,-121480.32212615808,-188132.9836042455,274761.97328676353
2017-07-04 19:35:09.846252977,0.7419,-0.2615,-1.3231,159278.87120643648,-121543.76501810194,-188240.42134221565,274912.89866913675
2017-07-04 19:35:10.247143983,0.2949,-0.7248,-0.4707,159450.159712006,-121671.52926432088,-188456.66284066718,275216.6932341562
2017-07-04 19:35:10.447008013,0.4061,-0.798,-0.9756,159535.5717410248,-121735.25794818847,-188564.50891302322,275368.20023390005
2017-07-04 19:35:10.470200180,0.6203,0.1406,-0.9833,159545.48326299508,-121742.65293148857,-188577.0238704534,275385.7815942157
2017-07-04 19:35:10.647004008,0.6615,0.5539,-1.0182,159621.06372075976,-121799.01074360232,-188672.4625827231,275519.8380126122
2017-07-04 19:35:10.846431016,0.8262,0.0431,-1.359,159706.34804014763,-121862.57818390404,-188780.16733728143,275671.1032114916
2017-07-04 19:35:11.247007012,0.2113,-0.84,-0.1747,159877.68698357564,-121990.39673368422,-188996.5348705121,275975.0385152986
2017-07-04 19:35:11.447001993,0.6173,-0.0344,-1.2628,159963.25581347008,-122054.21388662126,-189104.61087608652,276126.8335249634
2017-07-04 19:35:11.472419850,0.5871,-0.7613,-1.0517,159974.13134709786,-122062.32505834743,-189118.34720252582,276146.12643946917
2017-07-04 19:35:11.646990001,0.7734,0.125,-1.2947,160048.8482134803,-122118.02887506608,-189212.7279152107,276278.6694551512
2017-07-04 19:35:11.846261024,-0.1241,-0.5513,0.094,160134.13224430356,-122181.63641672302,-189320.4593312223,276429.971074935
2017-07-04 19:35:12.246994972,0.5895,0.1534,-0.9595,160305.7330628179,-122309.52652354476,-189537.26124987053,276734.3884184305
2017-07-04 19:35:12.447127997,0.6114,0.1608,-0.9708,160391.45777983745,-122373.39047398593,-189645.57452362604,276886.4575258895
2017-07-04 19:35:12.469989770,1.1971,-1.3688,-1.6294,160401.2509873285,-122380.68655276463,-189657.94831308647,276903.8300886345
2017-07-04 19:35:12.647071003,0.4518,-1.0062,-0.637,160477.12074381142,-122437.2315969746,-189753.8123808494,277038.4292411824
2017-07-04 19:35:12.846265017,0.6732,-1.1364,-1.0115,160562.49134557886,-122500.88271796137,-189861.68747980235,277189.8992864945
2017-07-04 19:35:13.246994018,0.7225,0.0186,-1.0981,160734.35186543586,-122628.93001541401,-190078.88178720916,277494.8065240193
2017-07-04 19:35:13.447007000,0.1766,-0.6432,-0.4302,160820.13843465358,-122692.86707270416,-190187.3056288311,277647.0201154981
2017-07-04 19:35:13.470060110,0.4592,0.2715,-0.9438,160830.02627297328,-122700.23619015176,-190199.80285298513,277664.5643891181
2017-07-04 19:35:13.647202014,0.4893,-1.2261,-0.8336,160906.0205514384,-122756.89954026838,-190295.85866058597,277799.41982986423
2017-07-04 19:35:13.846221983,0.2143,0.8326,-0.5531,160991.40905759216,-122820.52816833869,-190403.7998320002,277950.93617464765
2017-07-04 19:35:14.247062027,-0.1289,-0.4861,-0.4712,161163.36673043072,-122948.75874873763,-190621.27655917735,278256.1753686573
2017-07-04 19:35:14.447012007,0.8461,-1.1691,-1.4851,161249.17774907855,-123012.7704109431,-190729.8192746414,278408.51813381485
2017-07-04 19:35:14.479390020,1.1203,-0.2222,-1.7516,161263.07435016189,-123023.1360884362,-190747.39749402142,278433.18913635623
2017-07-04 19:35:14.647217988,0.2757,0.797,-0.7253,161335.1136612547,-123076.84302077141,-190838.53274339205,278561.07726619
2017-07-04 19:35:14.846258997,1.3015,-0.1984,-1.9753,161420.60257514205,-123140.54635502757,-190946.69579731292,278712.83739406086
2017-07-04 19:35:15.247327983,0.3186,-0.8373,-0.5577,161592.91456651327,-123269.04369154634,-191164.73479571476,279018.78610632074
2017-07-04 19:35:15.446394979,0.4397,0.4985,-0.7289,161678.45750310365,-123332.80243827836,-191272.98538266763,279170.66234663787
2017-07-04 19:35:15.470079770,0.1819,-0.8498,-0.3152,161688.63541771652,-123340.38886655973,-191285.86510546276,279188.73282806866
2017-07-04 19:35:15.647094011,1.4621,0.0542,-1.7823,161764.74843528055,-123397.08624759754,-191382.18079899764,279323.85121594404
2017-07-04 19:35:24.864211022,0.0139,-0.6812,0.1054,165729.12789532897,-126407.1857417573,-196388.37677907394,286379.6692749277
2017-07-04 19:35:25.264151990,1.535,-0.5722,-1.7475,165901.39226093295,-126537.88883476115,-196605.88071324237,286686.2075438998
2017-07-04 19:35:25.464224994,0.1803,-0.5569,0.0632,165987.57581887467,-126603.2961776757,-196714.68590496728,286839.56766800646
2017-07-04 19:35:25.641559950,0.0863,0.7702,-0.4177,166063.96743660996,-126661.24583643102,-196811.1386577125,286975.49856628804
2017-07-04 19:35:25.663421988,0.702,-1.2102,-1.8065,166073.38541029606,-126668.39050910757,-196823.0303169027,286992.25731530273
2017-07-04 19:35:25.864139974,0.1732,0.7371,-0.4943,166159.85993111102,-126733.95690752096,-196932.2289766152,287146.1260324816
2017-07-04 19:35:26.264217972,0.2755,-0.4208,0.0036,166332.26801946896,-126864.71346376039,-197149.88692732528,287452.87756813224
2017-07-04 19:35:26.464146971,1.321,-1.7422,-2.0063,166418.4774631567,-126930.12542936702,-197258.73625344358,287606.2854163234
2017-07-04 19:35:26.639259810,1.7251,-0.9095,-2.2121,166494.03907062946,-126987.44603294531,-197354.1425046124,287740.7410495659
2017-07-04 19:35:26.663438975,0.0969,0.7092,-0.537,166504.4724946175,-126995.3603111574,-197367.31628717703,287759.30643451674
2017-07-04 19:35:26.863627016,0.9369,-0.1044,-1.4152,166590.89212706516,-127060.88966311631,-197476.4435061417,287913.0784829137
2017-07-04 19:35:27.263875007,0.5092,-1.1786,-0.894,166763.75766911716,-127192.09524775327,-197694.77133606633,288220.7532067341
2017-07-04 19:35:27.464296996,0.569,0.1837,-0.842,166850.34199851647,-127257.78834649696,-197804.13162321266,288374.8529381107
2017-07-04 19:35:27.641400210,0.2841,-0.453,-0.3354,166926.86129186326,-127315.85236780395,-197900.7785374287,288511.04212943703
2017-07-04 19:35:27.663596987,1.1434,-0.2274,-1.8894,166936.45220454794,-127323.12978500086,-197912.89246139312,288528.1120711194
2017-07-04 19:35:27.864148974,0.1107,-0.4945,0.1712,167023.1123276219,-127388.90248516231,-198022.33711985414,288682.3488306633
2017-07-04 19:35:28.264389991,0.2868,0.4608,-0.81,167196.10562644023,-127520.09105465001,-198240.88526256898,288990.2419614216
2017-07-04 19:35:28.464154005,1.4148,-0.1854,-1.9706,167282.50464932286,-127585.5758883016,-198350.04331128675,289144.004292134
2017-07-04 19:35:28.641499750,1.137,-1.4134,-1.7312,167359.2434092657,-127643.75622118925,-198447.00568207382,289280.5885657682
2017-07-04 19:35:28.663649976,0.2344,-0.4753,-0.1897,167368.8280839429,-127651.02309347212,-198459.11623444443,289297.64798138145
2017-07-04 19:35:28.864036977,1.0674,-1.1281,-1.5711,167455.58086035628,-127716.80978666681,-198568.74015751877,289452.06793372054
2017-07-04 19:35:29.264141976,0.9277,0.0603,-1.6149,167628.94529421427,-127848.1538875048,-198787.88053785227,289760.651575788
2017-07-04 19:35:29.464219987,0.3778,-0.4935,-0.4012,167715.6536889998,-127913.85406809038,-198897.48076137237,289914.9916925679
2017-07-04 19:35:29.640429850,0.385,0.3611,-0.8416,167792.03022865957,-127971.70538549713,-198994.03244456372,290050.9398986253
2017-07-04 19:35:29.663478970,0.351,-0.95,-0.2494,167802.02084357862,-127979.27312811537,-199006.66201388193,290068.7230217987
2017-07-04 19:35:29.864407002,0.6544,0.4185,-1.0562,167889.1392906188,-128045.22715150754,-199116.80146151746,290223.7824718907
2017-07-04 19:35:30.264145016,0.6075,-0.932,-0.8643,168062.554912549,-128176.58887946421,-199336.0574467195,290532.4837241278
2017-07-04 19:35:30.464146018,0.1931,-0.8221,0.0808,168149.32771008398,-128242.34600391009,-199445.75460644145,290686.9531789699
2017-07-04 19:35:30.641509890,0.5227,0.0979,-0.7587,168226.29556439962,-128300.65732303886,-199543.0595511831,290823.96359978936
2017-07-04 19:35:30.663438022,0.7949,0.0113,-1.128,168235.81175866481,-128307.8665552507,-199555.09025309005,290840.9032855864
2017-07-04 19:35:30.864220023,0.4768,0.128,-0.6628,168322.96473715972,-128373.871763421,-199665.27448200952,290996.03647372
2017-07-04 19:35:31.263773977,0.2115,-0.7811,0.1061,168496.43196183722,-128505.34609267917,-199884.5229367324,291304.81298446545
2017-07-04 19:35:31.464190006,0.798,-0.1851,-1.3937,168583.4750729367,-128571.30097396414,-199994.5538132078,291459.75546676974
2017-07-04 19:35:31.641499750,0.4659,-0.5851,-0.9196,168660.49749164758,-128629.67020615235,-200091.9279647625,291596.8708819237
2017-07-04 19:35:31.663590013,0.333,0.2815,-0.3554,168670.09354801866,-128636.94204189401,-200104.059567455,291613.9536626506
2017-07-04 19:35:31.864143013,0.6116,-0.6188,-1.1655,168757.23878944086,-128702.98644704893,-200214.24679636143,291769.10217577865
2017-07-04 19:35:32.264144003,0.6958,-0.0264,-1.2251,168931.16044664657,-128834.71558890166,-200434.21015985822,292078.7453977609
2017-07-04 19:35:32.464258015,0.2485,0.308,-0.4591,169018.18058412516,-128900.60520942771,-200544.27265034808,292233.667951148
2017-07-04 19:35:32.643360010,0.1386,-0.827,0.1095,169096.06803322327,-128959.602932851,-200642.77504169062,292372.3355403612
2017-07-04 19:35:32.663433015,1.0932,-0.6657,-1.3143,169104.79777431692,-128966.21541998355,-200653.81530866298,292387.87756671663
2017-07-04 19:35:32.864175975,0.1757,-0.809,0.2521,169192.10788011897,-129032.37714501387,-200764.2149199008,292543.319378541
2017-07-04 19:35:33.264315009,0.3553,0.2634,-0.4434,169366.19917161134,-129164.21450931228,-200984.34440890123,292853.22335450124
2017-07-04 19:35:33.464151978,0.5918,-0.6131,-1.1033,169453.16727449378,-129230.08105583943,-201094.32528126822,293008.0500760771
2017-07-04 19:35:33.643370150,0.7681,-0.1533,-1.3177,169531.18684525258,-129289.1565416923,-201193.00086057096,293146.9476349768
2017-07-04 19:35:33.663432002,0.2637,-0.9428,0.0843,169539.92053606774,-129295.7698870145,-201204.04666449374,293162.4961693084
2017-07-04 19:35:33.864192008,0.746,-0.0506,-1.3164,169627.34910569846,-129361.9520201965,-201314.63566108662,293318.1459208724
2017-07-04 19:35:34.264138996,0.4252,-0.5998,-0.8084,169801.58922588307,-129493.89366924867,-201535.0764609992,293628.39652424457
2017-07-04 19:35:34.464343011,0.3647,-0.9946,-0.1335,169888.8243320789,-129559.98040736238,-201645.42926927845,293783.7304911279
2017-07-04 19:35:34.643479820,0.1921,0.4857,-0.2745,169966.88596691674,-129619.09733856311,-201744.17860493608,293922.72168230737
2017-07-04 19:35:34.663432002,0.7417,-0.0962,-1.2962,169975.58073404292,-129625.68179564619,-201755.177780168,293938.20300867397
2017-07-04 19:35:34.864139020,0.3638,0.2946,-0.3611,170063.05954626825,-129691.90562843434,-201865.83745096112,294093.94916854403
2017-07-04 19:35:35.264239013,0.0599,-0.7635,0.2378,170237.45402955887,-129824.04194299087,-202086.3942288543,294404.4553896927
2017-07-04 19:35:35.464146971,0.7414,-0.2753,-1.3366,170324.6189885642,-129890.07419275254,-202196.6477332916,294559.65705096
2017-07-04 19:35:35.644019840,0.906,-0.6722,-1.3068,170403.07745165576,-129949.51033543283,-202295.89373917284,294699.3597976495
2017-07-04 19:36:24.154839750,0.4613,0.2014,-0.7518,192648.5126203397,-145505.18843590803,-230831.25956013618,334018.3822287589
2017-07-04 19:36:24.215478003,-0.3363,-0.2111,0.3871,192676.31805304773,-145524.63372256327,-230866.92718411505,334067.5390186854
2017-07-04 19:36:24.415404975,1.441,-2.1007,-2.072,192768.05137859998,-145588.8296497028,-230984.60771969118,334229.7382856474
2017-07-04 19:36:24.615458011,0.6547,0.5905,-0.8439,192859.8687485135,-145653.04242307076,-231102.39623266234,334392.06821524515
2017-07-04 19:36:24.814772009,1.3365,-0.1605,-1.6472,192951.4000196393,-145717.0243569797,-231219.81504686968,334553.87731619563
2017-07-04 19:36:25.156440130,-0.244,-0.5239,0.1454,193108.27630781423,-145826.76465176608,-231421.07979973048,334831.2527872061
2017-07-04 19:36:25.215624988,0.2447,-0.9579,-0.4709,193135.45178345343,-145845.77757626818,-231455.94518126518,334879.30382777884
2017-07-04 19:36:25.415481984,0.4757,0.6259,-0.5997,193227.23765013082,-145909.95592307215,-231573.7034787465,335041.5806287861
2017-07-04 19:36:25.615487992,1.2061,-0.0789,-1.642,193319.1401986169,-145974.18527699917,-231691.61525994964,335204.0532514198
2017-07-04 19:36:25.814781010,-0.1485,-0.3773,0.0338,193410.7092308749,-146038.20064885996,-231809.10536171682,335365.94911014184
2017-07-04 19:36:26.154650210,0.5653,-0.9781,-0.5992,193566.9340076778,-146147.4838030864,-232009.5391812765,335642.1773767629
2017-07-04 19:36:26.215529978,0.6176,0.1041,-1.127,193594.92038049886,-146167.0589865501,-232045.44647762904,335691.66144083993
2017-07-04 19:36:26.415583014,0.4305,0.3796,-0.8847,193686.90180452733,-146231.36852848934,-232163.47450963265,335854.295742568
2017-07-04 19:36:26.615526974,0.1974,-0.7435,-0.5992,193778.84096860164,-146295.67272992485,-232281.46214314352,336016.87565060257
2017-07-04 19:36:26.814729988,0.1112,-0.6249,0.0021,193870.44384005174,-146359.76343206782,-232399.01245848383,336178.86658490007
2017-07-04 19:36:27.150790210,0.6329,-0.0828,-1.493,194025.0515401517,-146467.89532190742,-232597.49125016062,336452.3115109425
2017-07-04 19:36:27.215538024,0.301,0.5554,-0.4637,194054.84064942453,-146488.72647225665,-232635.73356606925,336504.9965375854
2017-07-04 19:36:27.415543019,0.2032,-0.7516,-0.7504,194146.8668751699,-146553.10363867268,-232753.8935053308,336667.7784485224
2017-07-04 19:36:27.615585029,-0.0351,-0.406,0.2827,194238.90872765376,-146617.50896621836,-232872.063999746,336830.58915524685
2017-07-04 19:36:27.814790010,-0.314,-0.4162,-1.3272,194330.55299219087,-146681.66132064397,-232989.79270414714,336992.75526093476
2017-07-04 19:36:28.157229900,0.1392,0.6126,-0.1989,194488.10880927995,-146791.86948349513,-233192.19552883727,337271.5189135146
2017-07-04 19:36:28.215479016,0.8527,-0.5332,-1.9382,194514.9119886793,-146810.61773031583,-233226.6308791669,337318.9437543758
2017-07-04 19:36:28.415513992,-0.1551,-0.3524,0.4465,194606.95135703558,-146875.01572855443,-233344.86844664576,337481.7971270823
2017-07-04 19:36:28.615526974,0.429,-1.5435,-2.1956,194698.99776782005,-146939.46839419878,-233463.1808492145,337644.7303246363
2017-07-04 19:36:28.814729988,0.2248,0.4285,-0.2775,194790.68035004122,-147003.6430501328,-233581.025148293,337807.0092975726
2017-07-04 19:36:29.155130020,0.7158,-1.366,-1.7589,194947.4313722944,-147113.46360267492,-233782.60243096232,338084.5713297553
2017-07-04 19:36:29.215538024,0.0007,-0.4452,0.4436,194975.24869414704,-147132.95418071395,-233818.37308057942,338133.82764718705
2017-07-04 19:36:29.415480971,0.188,-0.7095,-1.7175,195067.3280702164,-147197.4939230475,-233936.83812310992,338296.9242081831
2017-07-04 19:36:29.615715980,0.0418,0.4898,-0.2111,195159.54362502001,-147262.10830223552,-234055.4846745462,338460.2575130235
2017-07-04 19:36:29.814714014,1.3003,-1.174,-1.3615,195251.24099969756,-147326.37000925472,-234173.45218884142,338622.66923829156
2017-07-04 19:36:30.154849880,0.2014,-0.6697,0.2745,195407.99733574147,-147436.2863191672,-234375.05550187468,338900.29593946866
2017-07-04 19:36:30.215460002,0.5687,-0.2767,-1.3948,195435.93244110068,-147455.87374690233,-234410.98509780614,338949.7725712598
2017-07-04 19:36:30.415606021,0.1997,0.387,-0.3288,195528.18741113457,-147520.5396135777,-234529.64455040864,339113.16083736107
2017-07-04 19:36:30.615471005,0.4711,-1.1506,-1.1857,195620.33165993346,-147585.16064156816,-234648.1847513463,339276.38350973063
2017-07-04 19:36:30.814897000,0.0923,-0.63,0.0836,195712.2771913841,-147649.66478969686,-234766.4612624626,339439.25861580356
2017-07-04 19:36:31.154849880,0.5025,-0.0445,-1.157,195869.07084040507,-147759.62736770065,-234968.21583445306,339717.033491333
2017-07-04 19:36:31.215489983,0.2953,0.5189,-0.4917,195897.04045835818,-147779.2403605031,-235004.20621256565,339766.5835238496
2017-07-04 19:36:31.415486991,0.2838,-0.9676,-0.9546,195989.2983536223,-147843.96463748437,-235122.94419280486,339930.05432701553
2017-07-04 19:36:31.615491986,0.062,-0.7274,0.0499,196081.56241338444,-147908.7205967217,-235241.68491881655,340093.5445880689
2017-07-04 19:36:31.814845979,0.7143,0.4107,-0.929,196173.55454793072,-147973.2494578829,-235360.07607256182,340256.53772995586
2017-07-04 19:36:32.155460230,0.7716,0.2237,-1.0398,196330.82091422004,-148083.47687544918,-235562.47865671248,340535.15048415685
2017-07-04 19:36:32.215599000,-0.083,-0.5607,-0.0202,196358.5875257355,-148102.9406295755,-235598.21488120715,340584.34311259957
2017-07-04 19:36:32.415602028,0.3375,-0.8793,-0.6105,196450.94422472303,-148167.7062545854,-235717.08697888147,340747.9827634199
2017-07-04 19:36:32.615513980,0.4298,0.7037,-0.8434,196543.27604381985,-148232.41426384985,-235835.93865170216,340911.5691147137
2017-07-04 19:36:32.814803004,0.8449,0.0947,-1.0119,196635.3537120251,-148296.91688107818,-235954.46017004558,341074.6914680482
2017-07-04 19:36:33.155270090,-0.2525,-0.5356,-0.0302,196792.63072462418,-148407.17579380388,-236156.94685407635,341353.3841666878
2017-07-04 19:36:33.215487003,2.0272,-1.5929,-2.5428,196820.4549674765,-148426.6825777439,-236192.76900187257,341402.6885122768
2017-07-04 19:36:33.415543973,0.1721,1.121,-0.486,196912.90156112696,-148491.4445562369,-236311.7993751298,341566.4890347583
2017-07-04 19:36:33.615606009,1.0459,-0.1981,-1.7695,197005.39235774023,-148556.2161036002,-236430.90358648368,341730.3705141934
2017-07-04 19:36:33.814728975,-0.4801,-0.5313,0.8259,197097.42997641012,-148620.70468620423,-236549.41598839048,341893.4585059773
2017-07-04 19:36:34.159530040,0.8286,-1.459,-2.1233,197256.90070578063,-148732.54648795238,-236754.8843414578,342176.1688376006
2017-07-04 19:36:34.215303003,-0.0267,1.0499,-0.2337,197282.69565641912,-148750.6340846494,-236788.1204032645,342221.89747320296
2017-07-04 19:36:34.415490984,1.6226,-1.5361,-2.4176,197375.3474630769,-148815.61813118172,-236907.51272820786,342386.1644006691
2017-07-04 19:36:34.615499019,-0.5155,-0.3906,0.7456,197467.89536474625,-148880.5593897761,-237026.76790676886,342550.2581641478
2017-07-04 19:36:55.263698995,0.1836,1.0335,-0.3627,207100.5269463003,-155144.25968833955,-249492.93364503482,359453.88231939287
2017-07-04 19:36:55.463689982,1.7128,-1.828,-2.7603,207193.89363306333,-155205.0007343749,-249613.78681366856,359617.77539388405
2017-07-04 19:36:55.636829730,0.558,-1.3467,-2.2049,207274.7414261778,-155257.62692170113,-249718.4800616106,359759.73709536757
2017-07-04 19:36:55.663673996,-0.2703,-0.3603,0.5515,207287.27619051942,-155265.786551948,-249734.71171621105,359781.74714687624
2017-07-04 19:36:55.862932026,1.1179,-1.3269,-2.9163,207380.3628827603,-155326.40605567745,-249855.3108700643,359945.2509723319
2017-07-04 19:36:56.263689994,1.3556,-1.1185,-2.14,207567.8013305131,-155448.5067490528,-250098.20977155722,360274.5410525583
2017-07-04 19:36:56.463680028,-0.3201,-0.4482,0.622,207661.32583592067,-155509.45651884598,-250219.39860267623,360438.8502253943
2017-07-04 19:36:56.639860030,-0.0491,0.8495,-0.0817,207743.71415512112,-155563.12347924043,-250326.1617010181,360583.5872437157
2017-07-04 19:36:56.664044976,0.9171,-1.206,-2.156,207755.02447147472,-155570.4912667439,-250340.8187671669,360603.4573976442
2017-07-04 19:36:56.863016009,-0.1076,0.759,0.0026,207848.07087748055,-155631.07645768602,-250461.40324574927,360766.9151165308
2017-07-04 19:36:57.263261020,-0.0355,-0.5824,0.4257,208035.23494701082,-155753.04136728376,-250703.89968508887,361095.71333917533
2017-07-04 19:36:57.463738977,0.4379,-0.4699,-1.5258,208129.00079915524,-155814.1510232059,-250825.42458620938,361260.46594055847
2017-07-04 19:36:57.638319840,1.6965,-1.6258,-2.7144,208210.70598856115,-155867.41628335626,-250931.3340244792,361404.04527676344
2017-07-04 19:36:57.663514971,-0.2427,0.8631,-0.0883,208222.4973499873,-155875.1028621304,-250946.61870065253,361424.7660748166
2017-07-04 19:36:57.863426983,1.9583,-1.9419,-2.7127,208316.1347530151,-155936.17000893506,-251068.00413162733,361589.33033778897
2017-07-04 19:36:58.263669013,0.5469,-0.3876,-1.2959,208503.6929601135,-156058.4940819598,-251311.23639942403,361919.02560343733
2017-07-04 19:36:58.463964998,0.3642,0.6722,-0.1285,208597.5686678505,-156119.68262607994,-251432.96402008345,362084.0183622181
2017-07-04 19:36:58.636839860,0.055,-0.6453,0.3439,208678.5941524582,-156172.5135596588,-251538.01648552035,362226.42557723215
2017-07-04 19:36:58.663284003,0.5948,-1.2567,-1.5382,208690.98879088202,-156180.59582603833,-251554.08711799735,362248.2105695781
2017-07-04 19:36:58.862807989,0.0607,-0.5766,0.5552,208784.51012619102,-156241.60037482934,-251675.31971645931,362412.57692125347
2017-07-04 19:36:59.263915002,0.0829,0.6776,-0.1295,208972.53125269583,-156364.13000820664,-251919.05684036925,362742.982248759
2017-07-04 19:36:59.463666975,1.1776,-1.2622,-1.6561,209066.21307993736,-156425.2003363685,-252040.50442140442,362907.61995424505
2017-07-04 19:36:59.635160200,0.6173,-1.0858,-1.9244,209146.65997056288,-156477.66302852693,-252144.8275090924,363049.0303571976
2017-07-04 19:36:59.663682997,-0.0858,-0.5076,0.4359,209160.03984816401,-156486.38904984936,-252162.1781970657,363072.5496925306
2017-07-04 19:36:59.862935006,0.4625,-0.6191,-1.6194,209253.5261645441,-156547.3710897294,-252283.44937656904,363236.9150248098
2017-07-04 19:37:00.263683021,1.5011,-0.8688,-1.4432,209441.7927251096,-156670.16148399786,-252527.58928074,363567.85802277934
2017-07-04 19:37:00.463685989,0.0227,-0.7138,0.3134,209535.75260355903,-156731.47154636338,-252649.42065528894,363733.02785103465
2017-07-04 19:37:00.629760020,-0.1455,0.6711,-0.0986,209613.76891159435,-156782.36232752926,-252750.5870108342,363870.1698252348
2017-07-04 19:37:00.663690984,0.7161,0.359,-1.1338,209629.709425856,-156792.75952576363,-252771.25784499783,363898.1908531769
2017-07-04 19:37:00.862994015,0.5448,0.1928,-0.5852,209723.362146334,-156853.8227265333,-252892.69703051719,364062.8057701831
2017-07-04 19:37:01.263908982,0.3076,-0.6916,-0.0566,209911.80198578266,-156976.7677017497,-253136.99135943665,364394.0265777075
2017-07-04 19:37:01.463684976,0.4913,0.1791,-1.0014,210005.72119677818,-157038.02405516122,-253258.763230042,364559.11055319797
2017-07-04 19:37:01.637410280,0.5527,-0.7271,-0.8867,210087.41007024434,-157091.31455486108,-253364.68287047427,364702.70564482146
2017-07-04 19:37:01.663905978,0.1884,0.4072,-0.2689,210099.86897317073,-157099.44186442456,-253380.83738300248,364724.6061476642
2017-07-04 19:37:01.862971007,0.5638,-0.9442,-1.0458,210193.4963925974,-157160.54063106887,-253502.24941503306,364889.20498649497
2017-07-04 19:37:02.263693988,0.6768,0.0316,-1.2426,210382.07945589596,-157283.52893249848,-253746.8544677613,365220.7469215437
2017-07-04 19:37:02.463784992,0.3171,0.2231,-0.7441,210476.25639023475,-157344.9311344509,-253869.02167773046,365386.3188809358
2017-07-04 19:37:02.637840030,0.2968,-0.8448,0.1268,210558.18795485326,-157398.3692370095,-253975.28857286178,365530.36037922994
2017-07-04 19:37:02.663815021,0.5135,-0.9338,-1.0682,210570.41530535623,-157406.3446677108,-253991.1479649275,365551.8573172103
2017-07-04 19:37:02.862953007,0.1259,-1.028,0.1543,210664.16161842181,-157467.52929378883,-254112.7283133671,365716.6805918837
2017-07-04 19:37:03.263530015,0.2347,0.4929,-0.2811,210852.77514200375,-157590.526441556,-254357.33897493052,366048.2518734639
2017-07-04 19:37:03.463671028,0.4018,-0.6929,-0.8277,210947.02855165172,-157652.00748343326,-254479.58739565779,366213.96030106785
2017-07-04 19:37:03.637040130,0.9626,0.0912,-1.1562,211028.70306388623,-157705.2617576928,-254585.5179785504,366357.5426646694
2017-07-04 19:37:03.664187014,0.2774,-0.7788,0.0576,211041.49221677336,-157713.60111627792,-254602.10500503553,366380.02577534434
2017-07-04 19:37:03.863058984,0.7658,0.155,-1.1033,211135.21296346426,-157774.68725245912,-254723.6614681499,366544.77734988846
2017-07-04 19:37:04.263776004,0.3461,-0.5911,-0.858,211324.1111303477,-157897.8676607395,-254968.72940190657,366876.91332334146
2017-07-04 19:37:04.463689982,0.3523,-0.9072,-0.3125,211418.36474110346,-157959.357472538,-255091.0039940175,367042.64586232364
2017-07-04 19:37:04.638020030,0.4004,0.2796,-0.5325,211500.56844348286,-158012.96964722296,-255197.64671590665,367187.18376052735
2017-07-04 19:37:04.663771986,0.6176,0.3081,-0.9718,211512.71194686217,-158020.88900914692,-255213.40057510886,367208.5354556296
2017-07-04 19:37:04.862971007,0.3709,0.3785,-0.5807,211606.66026622968,-158082.1326045547,-255335.2843929786,367373.71540962864
2017-07-04 19:37:05.263459980,0.4465,-0.8324,-0.1843,211795.6146664133,-158205.39616041485,-255580.3609658929,367705.9296199257
2017-07-04 19:37:05.463729023,0.5547,0.2073,-1.165,211890.12570022428,-158267.0271820854,-255702.96100499586,367872.0994164062
2017-07-04 19:37:05.635300270,0.1721,-0.766,-0.8046,211971.0987265954,-158319.84926008256,-255808.01660720378,368014.487113764
2017-07-04 19:37:05.663551986,0.3182,0.4165,-0.4991,211984.43237404153,-158328.54685560733,-255825.31594748978,368037.9336399793
2017-07-04 19:37:24.296902000,-0.0129,0.577,-0.1767,220774.12795040416,-163864.68925750183,-267296.4039609529,383458.23700655584
2017-07-04 19:37:24.496948003,1.0681,-0.6663,-1.3268,220868.5360908529,-163924.15145851424,-267419.6096469708,383623.8851923177
2017-07-04 19:37:24.696699023,0.0153,-0.7555,0.3497,220962.8056298172,-163983.55612280758,-267542.6197036682,383789.29311327066
2017-07-04 19:37:24.896124005,0.5484,0.4767,-0.8311,221056.94311001585,-164042.84486699055,-267665.46203376644,383954.4590377223
2017-07-04 19:37:24.969250200,0.1341,-0.7352,-0.7929,221091.46265050065,-164064.58910510922,-267710.510741576,384015.0281130694
2017-07-04 19:37:25.296936988,0.0938,-0.4735,-0.2795,221246.1587054531,-164162.0783503641,-267912.40913179,384286.49426831177
2017-07-04 19:37:25.496890008,0.281,-0.9306,-0.2864,221340.5647845873,-164221.6030605559,-268035.61808177317,384452.17269696505
2017-07-04 19:37:25.696892976,0.5273,0.4164,-0.835,221435.01553886128,-164281.12598344724,-268158.8912101805,384617.9213143329
2017-07-04 19:37:25.896153986,0.6719,0.3255,-0.9483,221529.14258362725,-164340.41516811008,-268281.74468015943,384783.0916244814
2017-07-04 19:37:25.975409740,0.5185,0.2399,-0.787,221566.58472490107,-164363.99584133338,-268330.6143985533,384848.792669396
2017-07-04 19:37:26.297182023,1.4158,-1.6163,-1.5571,221718.7435352339,-164459.89891368654,-268529.1829254309,385115.802932238
2017-07-04 19:37:26.497042000,0.28,0.4446,-0.5319,221813.26396705923,-164519.4487023373,-268652.5395343005,385281.6632948812
2017-07-04 19:37:26.696902990,1.0509,0.1876,-1.55,221907.82685555203,-164578.99129924676,-268775.95868225285,385447.5891251563
2017-07-04 19:37:26.896214008,0.0113,-0.5257,-0.0635,222002.1299773686,-164638.39093183875,-268899.0407313031,385613.06978541124
2017-07-04 19:37:26.968999860,-0.0464,-0.3437,-0.2442,222036.56803374158,-164660.084743977,-268943.9900258688,385673.50287922384
2017-07-04 19:37:27.296907007,0.0687,0.728,-0.2202,222191.7221215264,-164757.73914254288,-269146.51452556386,385945.7478298619
2017-07-04 19:37:27.497093975,1.4272,-0.6321,-2.4065,222286.50072354818,-164817.3823813451,-269270.2519594553,386112.0647289683
2017-07-04 19:37:27.696690022,-0.0038,-0.4974,0.1725,222380.99940239376,-164876.8693782321,-269393.61726740433,386277.894754011
2017-07-04 19:37:27.896164000,0.8258,-1.2712,-1.7963,222475.4731461868,-164936.37057492684,-269516.9786021074,386443.7142002158
2017-07-04 19:37:27.968980190,1.0637,-1.2598,-1.6787,222509.96558058748,-164958.0976338406,-269562.01945382275,386504.257531108
2017-07-04 19:37:28.296934008,1.9174,-0.7383,-1.9165,222665.52084874592,-165056.03264022747,-269765.0832044179,386777.233303696
2017-07-04 19:37:28.496908009,-0.106,-0.6549,0.5391,222760.3684080068,-165115.77594198074,-269888.8823440485,386943.6780865052
2017-07-04 19:37:28.696915984,0.6832,-0.9403,-1.8178,222855.25941129672,-165175.56700864772,-270012.775233972,387110.23413681035
2017-07-04 19:37:28.896160006,-0.2063,0.7328,-0.0763,222949.77977797145,-165235.100605771,-270136.1979300117,387276.1394758625
2017-07-04 19:37:28.970299830,-0.0293,0.8201,-0.2243,222984.9511782993,-165257.24888507897,-270182.1254440252,387337.87275517534
2017-07-04 19:37:29.296895027,0.0492,-0.8022,0.3123,223139.89084333612,-165354.9003915999,-270384.4085758692,387609.83265393885
2017-07-04 19:37:29.496972978,0.6258,-0.1926,-1.3044,223234.8346535911,-165414.7311287551,-270508.3829901592,387776.49483325466
2017-07-04 19:37:29.696905016,0.2874,0.2794,-0.4631,223329.7207113405,-165474.50706409907,-270632.28550370707,387943.050715014
2017-07-04 19:37:29.896158993,0.7775,-0.7624,-0.9719,223424.31583548186,-165534.11054081886,-270755.80639366916,388109.09980955
2017-07-04 19:37:29.968610040,0.8448,-0.9262,-1.4064,223458.71614947912,-165555.78791501513,-270800.7273980754,388169.4870731878
2017-07-04 19:37:30.296904981,0.6776,-0.3165,-1.246,223614.666140925,-165654.0479678196,-271004.4106934167,388443.2688781312
2017-07-04 19:37:30.496913015,0.2167,0.3625,-0.3707,223709.68465380723,-165713.89671012195,-271128.5160594155,388610.07551444107
2017-07-04 19:37:30.696165025,0.8403,-0.9615,-0.9921,223804.37736079202,-165773.55739894503,-271252.19169880514,388776.31507070805
2017-07-04 19:37:30.896030008,0.0573,-0.8445,0.3743,223899.3636665309,-165833.4353605562,-271376.2328584878,388943.0717910083
2017-07-04 19:37:30.970029830,0.0946,-0.742,0.2241,223934.53277493143,-165855.60918270514,-271422.15775404463,389004.81460562226
2017-07-04 19:37:31.296904981,0.1867,0.4082,-0.2838,224089.9031999741,-165953.51271487822,-271625.0494729905,389277.5624150274
2017-07-04 19:37:31.497000992,0.4046,-0.7493,-0.8455,224185.0291139846,-166013.47417937394,-271749.28311092797,389444.57084320363
2017-07-04 19:37:31.696892976,0.2792,-0.8945,0.1263,224280.06918922366,-166073.4102457937,-271873.3850280493,389611.42759523954
2017-07-04 19:37:31.896147012,0.5629,0.5056,-0.8038,224374.82829586967,-166133.13495501882,-271997.12279101874,389777.77888096194
2017-07-04 19:37:31.969120260,0.6145,0.3164,-0.8257,224409.5354061573,-166155.00638302267,-272042.44394361187,389838.7064340365
2017-07-04 19:37:32.296902000,0.096,-0.5918,-0.2776,224565.4433584816,-166253.3121980847,-272246.04763582547,390112.43587067735
2017-07-04 19:37:32.497031986,1.2413,-1.3987,-1.4905,224660.68402837685,-166313.38968736277,-272370.41933459725,390279.65853462456
2017-07-04 19:37:32.697031974,0.3999,0.6497,-0.6318,224755.87882899525,-166373.40216423984,-272494.73551751196,390446.78882103343
2017-07-04 19:37:32.896162986,0.5658,0.1717,-0.7405,224850.6824553614,-166433.14708564317,-272618.5409246624,390613.22392536193
2017-07-04 19:37:32.969200130,0.9262,0.2852,-1.3277,224885.459408968,-166455.05876795962,-272663.9572744696,390674.2761426727
2017-07-04 19:37:33.296908020,1.3428,-1.5202,-1.5887,225041.6431519279,-166553.5368119224,-272867.904972035,390948.4816966394
2017-07-04 19:37:33.496930003,0.3861,0.4792,-0.4264,225136.98795492458,-166613.6253583093,-272992.4049146816,391115.8608923402
2017-07-04 19:37:33.696874022,1.4443,-0.0395,-1.851,225232.35333435814,-166673.69206266903,-273116.930328652,391283.26088203705
2017-07-04 19:37:33.896243989,-0.0111,-0.5716,0.1406,225327.44447251264,-166733.60903187492,-273241.09263361315,391450.1862522461
2017-07-04 19:37:33.974479910,0.0702,-0.5401,-0.2607,225364.760165295,-166757.1247019245,-273289.8174770013,391515.6932995494
2017-07-04 19:37:34.296881020,-0.0923,0.7417,-0.338,225518.5241912416,-166853.9529426987,-273490.64200900693,391785.6271387437
2017-07-04 19:37:34.497016012,2.5522,-1.2063,-2.4147,225614.07758382303,-166914.108742715,-273615.4033605903,391953.3398984536
2017-07-04 19:37:34.696900010,-0.3034,-0.3773,0.5186,225709.49901872166,-166974.2041744259,-273739.9875260851,392120.8277785642
2017-07-04 19:37:34.969510070,1.2048,-1.6421,-2.1101,225839.7282527245,-167056.2868433411,-273910.0573762059,392349.4684117535
2017-07-04 19:37:49.297110021,0.5171,0.2804,-0.9542,232790.3522321366,-171312.7550723476,-283044.3173843541,404541.0903065538
2017-07-04 19:37:49.497103989,0.8146,-0.9912,-0.9506,232887.406148831,-171372.20927264047,-283171.85735405044,404711.35251072334
2017-07-04 19:37:49.697311997,0.2279,-0.9133,-0.1472,232984.57307073168,-171431.76371076657,-283299.539721393,404881.82239301427
2017-07-04 19:37:49.896337985,0.6994,-0.1339,-1.1297,233081.19402722045,-171490.97184585218,-283426.51300612657,405051.3358928738
2017-07-04 19:37:49.971080060,0.7195,-1.0802,-1.7235,233117.4830104525,-171513.2128603103,-283474.2060893889,405115.0066201005
2017-07-04 19:37:50.297101020,0.6722,-0.3905,-0.8693,233275.8450751405,-171610.26848979545,-283682.3331821868,405392.8592197325
2017-07-04 19:37:50.497102975,0.2026,-1.0333,0.0885,233373.002523732,-171669.84990751333,-283810.0080142322,405563.3320743488
2017-07-04 19:37:50.697099983,0.7764,0.3371,-1.0913,233470.1886242283,-171729.41636790268,-283937.72333896544,405733.843987913
2017-07-04 19:37:50.896529018,0.8161,0.3266,-0.7842,233567.1311830706,-171788.8006755397,-284065.1071531474,405903.90723490104
2017-07-04 19:37:50.970950120,0.656,0.4363,-0.7893,233603.31095316543,-171810.95875149898,-284112.64745057735,405967.3741531044
2017-07-04 19:37:51.297240972,0.6885,-1.1327,-0.942,233762.01033924622,-171908.2289074966,-284321.1827648996,406245.8019632813
2017-07-04 19:37:51.497111976,0.5962,0.2229,-0.8739,233859.2462157211,-171967.80329691528,-284448.95696850424,406416.389349423
2017-07-04 19:37:51.696910023,0.4148,0.0952,-0.5598,233956.4631576233,-172027.35214015117,-284576.7068787155,406586.938594331
2017-07-04 19:37:51.896439015,0.2562,-0.58,-0.6061,234053.55938359784,-172086.84388369817,-284704.30888639716,406757.291264047
2017-07-04 19:37:51.971599810,0.2878,-0.569,-0.4603,234090.1362933572,-172109.25710823675,-284752.3780270286,406821.46585970547
2017-07-04 19:37:52.296250998,0.6415,0.4642,-0.8333,234248.19501344944,-172206.02035643323,-284960.09675686137,407098.7436209293
2017-07-04 19:37:52.497119009,0.3593,0.2335,-0.4816,234346.00351800758,-172265.88024083237,-285088.6358108856,407270.31947899493
2017-07-04 19:37:52.697329998,0.2621,-0.951,-0.2724,234443.5026054854,-172325.58244899695,-285216.7653437131,407441.36450960033
2017-07-04 19:37:52.896359980,0.7184,-1.0627,-0.6995,234540.45502210007,-172384.97458171964,-285344.166773752,407611.4547155424
2017-07-04 19:37:52.971860280,0.4545,-0.9335,-0.5192,234577.23567248404,-172407.50979413628,-285392.4983624881,407675.98292117
2017-07-04 19:37:53.297366976,0.7672,0.0845,-0.9964,234735.89047623973,-172504.6575746192,-285600.97735618893,407954.30311423383
2017-07-04 19:37:53.497099995,0.2429,-0.2631,-0.2491,234833.25178249707,-172564.2785784765,-285728.9113557565,408125.09990026033
2017-07-04 19:37:53.697094023,0.2908,-0.9321,-0.0682,234930.75195078662,-172624.01477620544,-285857.0152659608,408296.14480959944
2017-07-04 19:37:53.896432995,0.6249,0.1173,-1.01,235027.9576002317,-172683.5506542825,-285984.7397208472,408466.67045611836
2017-07-04 19:37:53.971519940,0.697,0.6182,-0.806,235064.57692522745,-172705.97312578122,-286032.8554749952,408530.90812022873
2017-07-04 19:37:54.297174990,0.5793,-0.5513,-0.8188,235223.45782142028,-172803.27873746704,-286241.6222383468,408809.6311897809
2017-07-04 19:37:54.497188985,0.1162,-0.8154,-0.1554,235321.04548859518,-172863.0754677215,-286369.850862212,408980.8415963396
2017-07-04 19:37:54.696933984,0.6406,0.1811,-0.9538,235418.52747019348,-172922.78455265757,-286497.94508798415,409151.86060106906
2017-07-04 19:37:54.896355986,0.6425,0.1192,-0.7255,235515.87737054014,-172982.39234473146,-286625.8610319131,409322.63651941787
2017-07-04 19:37:54.970950120,0.7401,0.1173,-0.6059,235552.29538201168,-173004.688086545,-286673.7115764761,409386.52013554354
2017-07-04 19:37:55.297213971,0.9481,-1.4354,-1.3747,235711.68337042083,-173102.3592015513,-286883.14920618,409666.16376864194
2017-07-04 19:37:55.497403025,0.5004,0.6882,-0.6437,235809.50074543804,-173162.2606882693,-287011.6817952633,409837.76626298163
2017-07-04 19:37:55.697098970,1.066,0.1271,-1.2348,235907.11968552333,-173222.00955609756,-287139.9470226755,410009.0034245071
2017-07-04 19:37:55.896610021,0.2008,-0.3947,-0.0883,236004.65623519538,-173281.71881468725,-287268.09700693964,410180.09629680176
2017-07-04 19:37:55.971140260,0.4435,-0.5258,-0.7077,236041.09488771218,-173304.02699261034,-287315.97321833397,410244.0160612264
2017-07-04 19:37:56.297155976,0.4636,0.3037,-0.799,236200.53682665474,-173401.57680493192,-287525.481826606,410523.6937562295
2017-07-04 19:37:56.497107982,0.7675,0.138,-1.0055,236298.35646493128,-173461.400552556,-287654.0178771747,410695.2699393602
2017-07-04 19:37:56.697179973,0.0019,-0.2568,-0.3643,236396.2348777949,-173521.27047795267,-287782.645640735,410866.96424105606
2017-07-04 19:37:56.896844983,0.2175,-1.0446,-0.1559,236493.92285993468,-173581.0602617212,-287911.0179683262,411038.33677507733
2017-07-04 19:37:56.971050260,0.5708,-1.1259,-1.0266,236530.23163198555,-173603.2872674737,-287958.7330527728,411102.03571292595
2017-07-04 19:37:57.297676980,0.5406,0.0199,-0.7987,236690.10833228158,-173701.1209625652,-288168.8440467465,411382.5099408542
2017-07-04 19:37:57.497238993,0.0972,-0.532,-0.0582,236787.79348342767,-173760.91646655469,-288297.2197349666,411553.8872869007
2017-07-04 19:37:57.696982979,1.5336,-1.6166,-1.8024,236885.62889699434,-173820.8309943442,-288425.7843956303,411725.5342697651
2017-07-04 19:37:57.896360993,0.167,0.3553,-0.6182,236983.2916945087,-173880.6216226745,-288554.1380738692,411896.88238417864
2017-07-04 19:37:57.971519940,0.6138,0.0582,-1.0081,237020.11082101785,-173903.16039225738,-288602.5288793001,411961.48097067286
2017-07-04 19:37:58.297169983,0.2887,-0.6016,-0.3873,237179.67201338665,-174000.88057862376,-288812.23850742384,412241.44911712024
2017-07-04 19:37:58.497923970,0.9351,-1.3288,-0.8788,237278.07463563376,-174061.1758469642,-288941.5539446151,412414.1113443502
2017-07-04 19:37:58.697215020,0.4885,0.2464,-0.685,237375.7795787608,-174121.0219446108,-289069.9542388045,412585.54198770056
2017-07-04 19:37:58.896362006,1.3325,0.095,-1.7377,237473.46673901347,-174180.82101290987,-289198.33063102775,412756.92635442223
2017-07-04 19:37:58.973020190,1.3753,0.1652,-1.6211,237511.0778018036,-174203.8386580275,-289247.75642671424,412822.90886002715
2017-07-04 19:37:59.297098994,1.6755,-1.6672,-1.9011,237670.25764887515,-174301.32275490486,-289456.90772698214,413102.1712795261
2017-07-04 19:37:59.497102975,0.3464,0.5217,-0.6543,237768.50873265773,-174361.46381958845,-289586.01081640547,413274.53523151035
2017-07-04 19:37:59.697292983,1.155,0.2056,-1.6802,237866.8974892185,-174421.65258283413,-289715.3013225019,413447.1303942759
2017-07-04 19:37:59.972539780,0.1333,-0.5295,-0.0219,238002.1850196828,-174504.44789892022,-289893.06808613136,413684.4610751541
2017-07-04 19:38:18.697109997,0.0325,-0.442,0.2798,247216.9598188265,-180291.84147221362,-301888.13732080243,429834.6435299611
2017-07-04 19:38:18.896815001,2.2896,-1.0867,-2.2714,247315.33037861742,-180353.6096710913,-302016.1601029744,430007.04427372175
2017-07-04 19:38:19.296805977,1.3448,-1.9617,-1.9191,247512.5728293271,-180477.63961846154,-302272.88514449686,430352.8194451878
2017-07-04 19:38:19.496192991,0.1463,0.5137,-0.4488,247610.89982183848,-180539.44549315795,-302400.8749722907,430525.18889556796
2017-07-04 19:38:19.696305990,1.8208,-0.8361,-2.4875,247709.6577455776,-180601.50989007927,-302529.4304343502,430698.31227198924
2017-07-04 19:38:19.896811008,0.192,-0.3076,0.1794,247808.61685375648,-180663.7082366365,-302658.2305227547,430871.7797256503
2017-07-04 19:38:19.970219960,-0.1593,-0.4638,0.4564,247844.84693104663,-180686.4828116404,-302705.38438684784,430935.2885966807
2017-07-04 19:38:20.296872973,0.1824,0.5132,-0.3324,248006.0819344871,-180787.76969151004,-302915.24374344567,431217.9022706236
2017-07-04 19:38:20.496104001,1.7357,-0.3089,-2.3635,248104.49070162605,-180849.5584812769,-303043.3342200229,431390.3841352685
2017-07-04 19:38:20.696819007,0.1351,-0.2866,0.0897,248203.63791198455,-180911.81905272318,-303172.37516847154,431564.15654106543
2017-07-04 19:38:20.897745013,2.0664,-2.3314,-2.0301,248302.9727732043,-180974.23919663866,-303301.63372785115,431738.25700625184
2017-07-04 19:38:20.968980190,1.0573,-1.7637,-1.7558,248338.1957618739,-180996.37823348097,-303347.4692408043,431799.99479238165
2017-07-04 19:38:21.296527981,0.656,0.1006,-1.1207,248500.22562119807,-181098.16535702773,-303558.3466017572,432083.9934793469
2017-07-04 19:38:21.496141016,0.107,-0.4223,0.1317,248598.97355769455,-181160.21293836084,-303686.8535016299,432257.0732741478
2017-07-04 19:38:21.696860015,0.9336,-1.7602,-1.8302,248698.3062240663,-181222.67521194147,-303816.1461344293,432431.21554955904
2017-07-04 19:38:21.896929979,0.3188,0.5547,-0.4127,248797.33045417807,-181284.9133070859,-303945.0372125356,432604.8047352373
2017-07-04 19:38:21.968229770,0.5167,0.7632,-0.5471,248832.62277042062,-181307.0894840891,-303990.9734600147,432666.66938552744
2017-07-04 19:38:22.296872973,0.1946,-0.4611,-0.4083,248995.31719448796,-181409.35627325252,-304202.7521979695,432951.8875961609
2017-07-04 19:38:22.496088981,0.7501,-1.2892,-1.0139,249093.96860990257,-181471.39923098986,-304331.1678734921,433124.8476778123
2017-07-04 19:38:22.696855008,0.6544,0.2482,-0.8577,249193.4139688884,-181533.91491563356,-304460.6172706407,433299.18912788865
2017-07-04 19:38:22.897050023,0.3606,0.283,-0.8779,249292.59094086243,-181596.2414531774,-304589.73367667064,433473.0633720555
2017-07-04 19:38:22.975810280,0.7004,0.0114,-1.2827,249331.61325912358,-181620.76174384417,-304640.53830952744,433541.4767335762
2017-07-04 19:38:23.296809017,0.3062,-0.8055,-0.371,249490.68587152121,-181720.78070832547,-304847.63811394805,433820.3855762636
2017-07-04 19:38:23.496149003,0.4236,0.2738,-0.6178,249589.48668235424,-181782.8815338695,-304976.27149347827,433993.6106156192
2017-07-04 19:38:23.696832001,1.1158,-0.1268,-1.7491,249688.99808060806,-181845.40585760513,-305105.8419565141,434168.0805748027
2017-07-04 19:38:23.896812021,0.1027,-0.5668,-0.2475,249788.16500482388,-181907.73383063573,-305234.968441629,434341.9585573524
2017-07-04 19:38:23.969290130,0.6419,-0.6787,-0.5688,249824.10912296665,-181930.32672068744,-305281.7703221029,434404.9822121947
2017-07-04 19:38:24.296833992,0.6311,-0.1305,-1.1079,249986.61588191075,-182032.4427569216,-305493.3967526716,434689.9283347006
2017-07-04 19:38:24.496128976,0.2406,0.3413,-0.2705,250085.5031326841,-182094.56199043288,-305622.1721933692,434863.3124555448
2017-07-04 19:38:24.697045028,0.0921,-0.5797,-0.1264,250185.19845147003,-182157.20990350057,-305752.0001976032,435038.12277645804
2017-07-04 19:38:24.896809995,0.3856,-1.0731,-0.63,250284.33798521562,-182219.5417183303,-305881.10953413876,435211.9763914726
2017-07-04 19:38:24.968220230,0.2448,-1.0285,-0.4088,250319.7787678672,-182241.82879564006,-305927.26449634216,435274.1285298131
2017-07-04 19:38:25.296822011,0.3087,0.026,-0.5183,250482.89662664413,-182344.382341586,-306139.7074227307,435560.1861222898
2017-07-04 19:38:25.496073007,0.6174,-0.7796,-0.8384,250581.8292928286,-182406.59766683826,-306268.5576138372,435733.6909477994
2017-07-04 19:38:25.696940004,0.1458,-0.84,-0.1079,250681.57022305764,-182469.3514738711,-306398.4571822679,435908.6239574378
2017-07-04 19:38:25.896872997,0.5754,-0.1458,-1.1722,250780.87037221447,-182531.8193123967,-306527.79959209985,436082.79251641355
2017-07-04 19:38:25.968970060,0.5773,-0.0115,-1.1068,250816.68161557495,-182554.3456577159,-306574.447011173,436145.6046498371
2017-07-04 19:38:26.296814024,1.02,-0.6208,-0.7311,250979.63421842473,-182656.84549176358,-306786.64345189824,436431.3744426475
2017-07-04 19:38:26.496086001,0.1127,-0.7258,0.2014,251078.68546863395,-182719.1763430705,-306915.61389814876,436605.08214475104
2017-07-04 19:38:26.696859002,0.5985,-0.0811,-1.0571,251178.50695169307,-182781.97997308968,-307045.5984308428,436780.1438631558
2017-07-04 19:38:26.896813988,0.3257,0.5023,-0.4214,251277.93475145462,-182844.5076375824,-307175.0702123676,436954.5036112561
2017-07-04 19:38:26.968289970,0.3202,0.1184,-0.7029,251313.47788475262,-182866.85819438347,-307221.35483345465,437016.83360955125
2017-07-04 19:38:27.296827018,0.1933,-0.7078,0.2449,251476.87161574775,-182969.66820600844,-307434.07416912087,437303.3574091155
2017-07-04 19:38:27.496074974,0.7247,-0.4205,-1.367,251575.99382819512,-183032.03611644875,-307563.13639406883,437477.1877299817
2017-07-04 19:38:27.696808993,0.1037,0.3437,-0.3439,251675.85950829732,-183094.85534012414,-307693.1750687195,437652.3212495632
2017-07-04 19:38:27.897123992,1.3815,-1.2472,-1.3376,251775.57215909954,-183157.59347777875,-307822.99596825184,437827.18009676324
2017-07-04 19:38:27.969970220,0.634,-0.8219,-0.9076,251811.83686451006,-183180.41308874657,-307870.21124249464,437890.7762158741
2017-07-04 19:38:28.297195971,0.6829,-0.1545,-1.2125,251974.81129022312,-183282.9354795702,-308082.43240560254,438176.59125026804
2017-07-04 19:38:28.496254980,0.3226,0.1924,-0.4903,252073.96519377947,-183345.294602492,-308211.5508860182,438350.47745035467
2017-07-04 19:38:28.696892023,0.726,-0.7255,-0.9843,252173.93436206313,-183408.1772805534,-308341.7325723209,438525.7993672866
2017-07-04 19:38:28.896839022,0.1419,-0.7629,0.1759,252273.5653828572,-183470.87418823678,-308471.45949700876,438700.52973593416
2017-07-04 19:38:28.968760250,0.1938,-0.7735,0.0851,252309.40380922784,-183493.43035869123,-308518.12202137517,438763.3825320477
2017-07-04 19:38:29.296869993,0.104,0.4895,-0.2176,252472.91244832112,-183596.28051044044,-308731.02319292375,439050.12290074077
2017-07-04 19:38:29.970910190,0.6284,-0.2049,-1.2544,252809.09591543255,-183807.6600336096,-309168.9588052839,439639.78431592457
2017-07-04 19:39:35.896686971,1.9563,-1.3593,-2.4026,294192.6427868581,-210389.83483088634,-362444.2794123652,512034.2267357058
2017-07-04 19:39:36.296483993,-0.0528,-0.6458,0.4127,294443.5986834883,-210551.14168093028,-362767.2936682543,512473.3411839251
2017-07-04 19:39:36.496788024,0.3421,-0.5203,-1.58,294569.34490569594,-210631.9795971859,-362929.1918266034,512693.4055233319
2017-07-04 19:39:36.695879995,-0.0958,0.5738,0.0036,294694.3264274805,-210712.30561095203,-363090.1101800864,512912.1268550949
2017-07-04 19:39:36.896667003,0.4115,-0.7651,-1.298,294820.38861162384,-210793.34635280177,-363252.4508959519,513132.769845814
2017-07-04 19:39:36.958430170,0.6523,-0.8262,-1.0718,294859.1685079519,-210818.2780739431,-363302.3918646392,513200.6464900751
2017-07-04 19:39:37.296671986,0.424,-0.0686,-1.1927,295071.59250192967,-210954.82281061745,-363576.02666325466,513572.49647242937
2017-07-04 19:39:37.496761023,0.2124,0.3682,-0.3442,295197.26173217176,-211035.58195249317,-363737.9108000324,513792.47555542504
2017-07-04 19:39:37.695816993,0.4418,-0.8698,-0.9977,295322.29963315674,-211115.95859630045,-363898.99865524983,514011.3713303864
2017-07-04 19:39:37.896697998,0.1651,-0.8364,0.2207,295448.490600378,-211197.1059208637,-364061.55453070323,514232.28567905223
2017-07-04 19:39:37.968030090,0.4733,-0.9306,0.01,295493.30294816813,-211225.92576682824,-364119.2774619561,514310.7348896078
2017-07-04 19:39:38.296684980,0.7428,0.0752,-1.0873,295699.8512211245,-211358.70196382073,-364385.3470610854,514672.30745480565
2017-07-04 19:39:38.496667027,-0.0047,-0.5332,-0.389,295825.5328583401,-211439.5158046267,-364547.2623638834,514892.339457112
2017-07-04 19:39:38.695955991,0.6662,-1.3665,-0.6401,295950.80537628516,-211520.10383883383,-364708.64193486026,515111.66462509177
2017-07-04 19:39:38.896829009,0.5786,0.4463,-0.7932,296077.09697289526,-211601.31442113224,-364871.3362415439,515332.7620356947
2017-07-04 19:39:38.963879820,0.5462,0.3417,-0.8677,296119.25518471346,-211628.42073373817,-364925.647014218,515406.5672865948
2017-07-04 19:39:39.296666979,-0.135,-0.4538,-0.3634,296328.48023153003,-211763.00527357103,-365195.24295153155,515772.91909642844
2017-07-04 19:39:39.496774971,0.5026,-1.1707,-0.8424,296454.3093100932,-211843.97907884646,-365357.38721075864,515993.2648494119
2017-07-04 19:39:39.696110010,0.3853,0.6535,-0.6266,296579.6676609648,-211924.61414181165,-365518.93005632196,516212.7754894899
2017-07-04 19:39:39.896664023,0.8022,0.3198,-0.8359,296705.82486947405,-212005.72944149585,-365681.4943904903,516433.665795674
2017-07-04 19:39:39.960130090,0.7364,0.0402,-1.0441,296745.75075580535,-212031.39851933238,-365732.94268720853,516503.5720266951
2017-07-04 19:39:40.296827018,0.4636,-1.2634,-0.7666,296957.61607895,-212167.72002144958,-366005.9704613161,516874.58592943323
2017-07-04 19:39:40.496325016,0.3674,0.4387,-0.715,297083.1640943529,-212248.47510342614,-366167.771983857,517094.4389680321
2017-07-04 19:39:40.695813000,1.1952,0.0343,-1.7057,297208.75337127736,-212329.22476683708,-366329.6332637187,517314.35605222225
2017-07-04 19:39:40.896673023,0.0521,-0.5831,-0.3504,297335.2085284343,-212410.55333552614,-366492.62193033216,517535.8068079167
2017-07-04 19:39:40.966690180,0.2547,-0.6705,-0.4309,297379.29037838185,-212438.9066898498,-366549.4397440256,517613.0052444468
2017-07-04 19:39:41.296658992,0.343,0.4315,-0.69,297587.0716011112,-212572.4801386196,-366817.27933439414,517976.8729535091
2017-07-04 19:39:41.497389018,1.949,-1.1191,-2.4955,297713.54974458704,-212653.7820060073,-366980.31482247653,518198.35986828944
2017-07-04 19:39:41.695824980,-0.3126,-0.4029,0.4499,297838.57011023525,-212734.1705714645,-367141.4693268736,518417.3026371073
2017-07-04 19:39:41.896665990,1.3535,-1.5028,-1.8482,297965.1603216039,-212815.59406662328,-367304.65157827566,518639.0082846135
2017-07-04 19:39:41.966600170,0.7839,-1.2716,-1.1283,298009.2437118956,-212843.95249014747,-367361.4782454929,518716.21639204404
2017-07-04 19:39:42.296662986,1.8845,-0.7604,-2.309,298217.5059012669,-212977.87633696187,-367629.9301163444,519080.93988541194
2017-07-04 19:39:42.496703982,-0.3878,-0.4335,0.5596,298343.7117376656,-213059.06083894678,-367792.6082062871,519301.97033148713
2017-07-04 19:39:42.695958971,1.3662,-1.8062,-2.2757,298469.47592398257,-213139.9980591315,-367954.7374477602,519522.25711824273
2017-07-04 19:39:42.896767973,-0.056,0.5904,-0.1939,298596.21870176244,-213221.54271073712,-368118.1389730525,519744.2566685283
2017-07-04 19:39:42.966979860,0.1478,0.6999,-0.4779,298640.5344237398,-213250.05094968554,-368175.2738743901,519821.87845782575
2017-07-04 19:39:43.296724975,-0.2307,-0.5246,0.4759,298848.6349639544,-213383.99489948055,-368443.5521142853,520186.39639428526
2017-07-04 19:39:43.496649980,1.1379,-1.4335,-1.8435,298974.85214527004,-213465.26263331884,-368606.2833366274,520407.5063655788
2017-07-04 19:39:43.695878982,-0.075,0.6942,-0.2549,299100.62694722187,-213546.21989381488,-368768.45815698477,520627.84097917634
2017-07-04 19:39:43.896651983,0.9008,-1.0861,-1.1042,299227.41279868886,-213627.8483430814,-368931.9343213053,520849.9537486314
2017-07-04 19:39:43.966749780,1.2114,-0.8896,-1.4663,299271.6847073972,-213656.35243507722,-368989.0175221602,520927.5124769613
2017-07-04 19:39:44.296783983,0.5382,-0.1851,-1.0781,299480.18417547626,-213790.5754630224,-369257.89387847495,521292.79974133015
2017-07-04 19:39:44.496663987,0.1426,0.5019,-0.3318,299606.46428339125,-213871.8454686775,-369420.74785435555,521514.03496918874
2017-07-04 19:39:44.695860028,0.9919,-1.176,-1.0008,299732.35163510166,-213952.8840416744,-369583.0842762249,521734.58327926236
2017-07-04 19:39:44.897216975,0.2574,-0.748,0.0496,299859.61506627145,-214034.83205961267,-369747.17973487236,521957.54138087813
2017-07-04 19:39:44.966590040,0.0833,-0.7343,0.1106,299903.4612565146,-214063.06896346316,-369803.714649168,522034.3580033956
2017-07-04 19:39:45.296657025,0.3881,0.2167,-0.6987,300112.11735376454,-214197.392449757,-370072.77569381887,522399.9092884325
2017-07-04 19:39:45.496756017,0.2342,-0.6156,-0.5696,300238.6218869687,-214278.84903599022,-370235.9134021043,522621.5521670201
2017-07-04 19:39:45.695878982,0.7541,-1.6533,-1.1553,300364.53926642094,-214359.97385301563,-370398.30117780244,522842.1906793645
2017-07-04 19:39:45.896659016,0.5298,0.5389,-0.7362,300491.52586749755,-214441.75205313094,-370562.0699963692,523064.68993976974
2017-07-04 19:39:45.967209930,0.6458,0.0489,-0.9435,300536.1501560068,-214470.4873699816,-370619.6204534983,523142.8777766228
2017-07-04 19:39:46.296730995,-0.0322,-0.4209,-0.0261,300744.57263512013,-214604.74667390052,-370888.4233193117,523508.08763259335
2017-07-04 19:39:46.496807992,0.8367,-1.3738,-1.3443,300871.15507570695,-214686.3205791504,-371051.6875489577,523729.9142051494
2017-07-04 19:39:46.968859790,1.0464,-0.1141,-1.4568,301170.0406147433,-214878.807452829,-371437.20974240726,524253.65619846765
2017-07-04 19:39:53.530385017,0.2226,0.6399,-0.5188,305334.1366561499,-217526.82712438345,-376818.3087211714,531543.877129482
2017-07-04 19:39:53.730379998,0.2611,0.4101,-0.3585,305461.0685515553,-217607.5222365296,-376982.33870480047,531766.0969166054
2017-07-04 19:39:53.930384993,1.5318,-1.1267,-2.1468,305588.06807766075,-217688.26645943258,-377146.4627779063,531988.4426295712
2017-07-04 19:39:54.130648970,-0.1579,-0.3364,0.4901,305715.22571993165,-217769.12872777018,-377310.77971582365,532211.0644787495
2017-07-04 19:39:54.329773008,0.4425,-0.5247,-1.5056,305841.67710305756,-217849.55151791725,-377474.22102944483,532432.4803123443
2017-07-04 19:39:54.530407011,0.1722,0.5054,-0.2778,305969.09430347296,-217930.56381270557,-377638.9129071995,532655.5790136274
2017-07-04 19:39:54.730372011,0.7629,-1.0332,-1.0717,306096.11714359245,-218011.34729000847,-377803.09848198295,532877.9988892162
2017-07-04 19:39:54.930360019,0.05,-0.7225,0.1364,306223.1565987373,-218092.16895880364,-377967.2974926351,533100.4537348812
2017-07-04 19:39:55.130375027,0.6035,-0.3565,-1.456,306350.23734886,-218173.01580131857,-378131.5769202239,533322.9998900483
2017-07-04 19:39:55.329689979,0.1354,0.4585,-0.4261,306476.8786931127,-218253.56146390396,-378295.2982944048,533544.775044048
2017-07-04 19:39:55.530381977,0.9633,-0.8286,-1.4423,306604.4337881696,-218334.696981737,-378460.2088942255,533768.1598230938
2017-07-04 19:39:55.729453980,0.2292,-0.884,-0.2337,306730.9683357755,-218415.21260257548,-378623.7975895832,533989.7678173136
2017-07-04 19:39:55.930381000,0.5829,0.3734,-0.8584,306858.70550566906,-218496.4634191042,-378788.9453120985,534213.473025459
2017-07-04 19:39:56.130402982,0.7988,0.1803,-1.0807,306985.89926651143,-218577.34104301443,-378953.3923952379,534436.2169368409
2017-07-04 19:39:56.329730987,0.0264,-0.5926,-0.3948,307112.6527770498,-218657.96160668985,-379117.28461467626,534658.2096660958
2017-07-04 19:39:56.530355989,1.2254,-1.519,-1.7221,307240.2803762249,-218739.16789645096,-379282.3125710487,534881.7496297063
2017-07-04 19:39:56.730561017,0.2249,0.6345,-0.537,307367.64982338494,-218820.17876272253,-379447.0165937877,535104.8319662486
2017-07-04 19:39:56.930499970,1.8165,-0.8,-2.5393,307494.9226105979,-218901.11394500197,-379611.603232812,535327.7448691094
2017-07-04 19:39:57.130366981,-0.0937,-0.2536,0.2255,307622.14585952106,-218982.03013571198,-379776.12164229155,535550.5734431016
2017-07-04 19:39:57.329622983,1.3166,-1.8687,-2.1492,307749.0324499854,-219062.7731522434,-379940.22243578505,535772.8419578648
2017-07-04 19:39:57.530480027,0.1438,0.5595,-0.4487,307876.9443883582,-219144.1423748094,-380105.6598977972,535996.9036379248
2017-07-04 19:39:57.731357991,1.4757,-0.7937,-2.8487,308004.92919661204,-219225.55209962704,-380271.2295413478,536221.1177487181
2017-07-04 19:39:57.930392026,-0.0222,-0.5725,0.6131,308131.73830816173,-219306.23721547166,-380435.25507562654,536443.2655359514
2017-07-04 19:39:58.130369007,1.202,-1.3354,-2.4066,308259.1962609923,-219387.35798978098,-380600.1539410602,536666.5837418685
2017-07-04 19:39:58.329635977,0.1775,0.6949,-0.1881,308386.2087270459,-219468.16315511023,-380764.47480801557,536889.1074025838
2017-07-04 19:39:58.530448973,1.1174,-0.9899,-2.3255,308514.25168785476,-219549.635171241,-380930.1643470992,537113.4665113601
2017-07-04 19:39:58.729653000,0.2254,-0.5418,0.4354,308641.2776775942,-219630.47591099248,-381094.5090583386,537336.0299382156
2017-07-04 19:39:58.930419027,1.0738,-1.7535,-2.1851,308769.34298606066,-219712.0212180342,-381260.23050528957,537560.4550194369
2017-07-04 19:39:59.130379021,0.1443,0.8489,-0.1562,308896.89990917745,-219793.20519555346,-381425.2928612944,537783.9732252713
2017-07-04 19:39:59.329638004,0.9551,-1.232,-1.8396,309024.0475702393,-219874.15347733893,-381589.84958865214,538006.8016792726
2017-07-04 19:39:59.530381023,-0.0208,-0.4452,0.3259,309152.1413602331,-219955.7225842471,-381755.6187643905,538231.2875180693
2017-07-04 19:39:59.730499982,0.5066,-0.4946,-1.4773,309279.85722668114,-220037.05792067925,-381920.93176740466,538455.137468877
2017-07-04 19:39:59.930411994,0.239,0.4345,-0.3471,309407.450571199,-220118.2917819095,-382086.0876887373,538678.764433164
2017-07-04 19:40:00.130454003,1.1252,-1.205,-1.2345,309535.17191288824,-220199.6266874209,-382251.4004069356,538902.617694036
2017-07-04 19:40:00.329617023,-0.086,-0.5066,0.2893,309662.32863291673,-220280.62430031272,-382415.97526205634,539125.4857193506
2017-07-04 19:40:00.530371010,0.6451,-0.4423,-1.3404,309790.5271134584,-220362.28676925483,-382581.91880576673,539350.1948794605
2017-07-04 19:40:00.730575978,0.2555,0.3799,-0.4147,309918.385239672,-220443.7106817358,-382747.42515157413,539574.3012309411
2017-07-04 19:40:00.930553972,0.6416,-0.7565,-1.0081,310046.12407044106,-220525.07253660652,-382912.7841766184,539798.2094767159
2017-07-04 19:40:01.130438983,0.0759,-0.7078,-0.1668,310173.8065394864,-220606.42484042168,-383078.07297964185,540022.0319041281
2017-07-04 19:40:01.329630017,0.5183,0.2959,-0.9011,310301.0662747998,-220687.48295826302,-383242.82367259334,540245.1098920506
2017-07-04 19:40:01.530426979,1.1269,-0.0949,-1.4787,310429.39744592365,-220769.19841326293,-383408.9622472166,540470.0566156848
2017-07-04 19:40:01.730396986,-0.0485,-0.3421,-0.0886,310557.19816314103,-220850.5910141625,-383574.4201456354,540694.0841846762
2017-07-04 19:40:01.930469989,1.4986,-1.6004,-1.8023,310685.1246928121,-220932.08959965262,-383740.03540898167,540918.3392120696
2017-07-04 19:40:02.130387008,0.2167,0.475,-0.5857,310812.960147238,-221013.50566172184,-383905.5449613656,541142.433498294
2017-07-04 19:40:02.329631984,1.8412,-0.0346,-1.8889,310940.43896174355,-221094.6494083333,-384070.57312183554,541365.8704765667
2017-07-04 19:40:02.530906975,0.0023,-0.4003,0.2868,311069.2166921657,-221176.63610788906,-384237.27105924865,541591.5826566526
2017-07-04 19:40:02.730378985,1.3391,-1.8467,-1.959,311196.8941390682,-221257.9618655333,-384402.5536967859,541815.3891311159
2017-07-04 19:40:02.930371999,0.1316,0.6566,-0.4486,311324.9103322833,-221339.47377700507,-384568.2859813236,542039.7854658816
2017-07-04 19:40:03.130532026,2.0726,-0.8182,-2.2631,311453.11646779685,-221421.0865389935,-384734.2473368468,542264.4948689352
2017-07-04 19:40:03.329626023,-0.1565,-0.3583,0.3229,311580.63358830597,-221502.2788429514,-384899.31200143776,542488.0009171548
2017-07-04 19:40:03.530372977,1.0445,-1.7561,-2.1576,311709.2514989756,-221584.21600715577,-385065.83404792537,542713.477633071
2017-07-04 19:40:03.730345010,0.0618,0.6506,-0.3455,311837.37539162766,-221665.81086177277,-385231.7271041284,542938.0848345194
2017-07-04 19:40:03.930370986,1.5458,-0.5664,-2.0825,311965.59569411085,-221747.45038870932,-385397.74823207414,543162.8567870116
2017-07-04 19:40:04.130496978,-0.0543,-0.1162,-0.0332,312093.87793393864,-221829.1353904966,-385563.8537027575,543387.7429921114
2017-07-04 19:40:10.946996986,1.1713,-1.3017,-2.1053,316517.72888457717,-224671.89480837723,-391319.4013478845,551173.1187987165
2017-07-04 19:40:11.146643996,0.3354,-0.8253,-0.1753,316647.31147704885,-224755.1886761894,-391487.9813384428,551401.1735886692
2017-07-04 19:40:11.346952021,0.5412,-0.2254,-1.1086,316777.3448216695,-224838.7673670112,-391657.1639643242,551630.0314413288
2017-07-04 19:40:11.546944022,0.4584,0.1974,-0.5722,316907.19134849525,-224922.2063011865,-391826.1025586108,551858.5520421481
2017-07-04 19:40:11.746559977,0.5063,-0.5398,-1.0263,317036.8138985189,-225005.50985385635,-391994.76439127274,552086.692596088
2017-07-04 19:40:11.946931004,0.3658,-0.9362,-0.0935,317166.9414481839,-225089.16609957226,-392164.0679620338,552315.7227922515
2017-07-04 19:40:12.146997988,0.6928,-0.174,-1.1763,317296.8992728684,-225172.70236996227,-392333.1617150761,552544.4579055303
2017-07-04 19:40:12.346934974,0.3952,0.154,-0.6906,317426.7884525884,-225256.17820467224,-392502.17320226406,552773.0708122452
2017-07-04 19:40:12.546985983,0.2826,-0.7162,-0.51,317556.7630171837,-225339.73030782182,-392671.30148621165,553001.8470168331
2017-07-04 19:40:12.746155023,0.3523,-1.0309,-0.5088,317686.1785353859,-225422.9549471521,-392839.7043140479,553229.6538826091
2017-07-04 19:40:12.946972012,0.6236,0.4645,-0.8028,317816.69000162213,-225506.8494652219,-393009.5329023686,553459.3757011036
2017-07-04 19:40:13.147149026,0.812,0.2357,-1.0617,317946.81808401586,-225590.4671787746,-393178.8628144943,553688.4107291636
2017-07-04 19:40:13.346939980,0.0975,-0.4005,-0.3541,318076.69909414445,-225673.93961431357,-393347.8802925328,553917.0230804434
2017-07-04 19:40:13.546957015,0.7719,-1.5292,-1.1395,318206.7579572955,-225757.56768466008,-393517.13461644715,554145.9694099793
2017-07-04 19:40:13.746199011,0.3438,0.5924,-0.5435,318336.3265078721,-225840.84819080355,-393685.7546782349,554374.0424322188
2017-07-04 19:40:13.947036981,1.3327,-0.0004,-1.8101,318466.9866878415,-225924.7958090008,-393855.7984373143,554604.0253496785
2017-07-04 19:40:14.146933972,-0.1757,-0.5329,0.2039,318597.0276695529,-226008.37140445554,-394025.0373488144,554832.929846907
2017-07-04 19:40:14.347672998,1.136,-1.4361,-2.2733,318727.6622051184,-226092.35691842448,-394195.0807581733,555062.913736462
2017-07-04 19:40:14.546940982,0.1696,0.8376,-0.5835,318857.3461680465,-226175.6937163003,-394363.90123651066,555291.219300161
2017-07-04 19:40:14.746388018,1.4965,-0.3149,-2.3033,318987.2061877921,-226259.11792279748,-394532.965031527,555519.8346155279
2017-07-04 19:40:14.947974026,-0.1473,-0.4402,0.3342,319118.4529069744,-226343.45470151515,-394703.82837227255,555750.896178932
2017-07-04 19:40:15.146973013,1.3214,-1.5628,-2.2319,319248.067621122,-226426.771045816,-394872.5873509059,555979.1107292194
2017-07-04 19:40:15.346961975,0.0125,0.7006,-0.4696,319378.3276391331,-226510.47384919913,-395042.2046492565,556208.4630631785
2017-07-04 19:40:15.547034025,1.586,-0.7601,-2.4649,319508.7052610696,-226594.24185390415,-395211.99108435796,556438.0298611996
2017-07-04 19:40:15.746308028,-0.2929,-0.3529,0.4128,319638.5512019073,-226677.68973866085,-395381.0838833197,556666.6686020097
2017-07-04 19:40:15.947027981,0.7294,-1.207,-2.0237,319769.36870294396,-226761.79175695652,-395551.4851666003,556897.0612052176
2017-07-04 19:40:16.147009015,0.0314,0.7568,-0.3855,319899.70587564673,-226845.55390061444,-395721.27456138,557126.6052561885
2017-07-04 19:40:16.347109019,1.4375,-1.0189,-2.0912,320030.1781442863,-226929.40667167676,-395891.24869663204,557356.3952535231
2017-07-04 19:40:16.546949982,-0.2081,-0.3373,0.4928,320160.47319827956,-227013.1643610403,-396060.98310989625,557585.8747616698
2017-07-04 19:40:16.746224999,0.9616,-1.5213,-2.0815,320290.43744467973,-227096.7452617724,-396230.31949583907,557814.8098740024
2017-07-04 19:40:16.946951985,-0.0963,0.7759,-0.2801,320421.3447639337,-227180.90389239526,-396400.9009958194,558045.4063819456
2017-07-04 19:40:17.146924972,1.9144,-1.6949,-2.1794,320551.8369059778,-227264.814172194,-396570.92888597655,558275.2704016225
2017-07-04 19:40:17.347002983,-0.018,-0.347,0.2973,320682.3968607502,-227348.78241174106,-396741.03417196136,558505.2521832667
2017-07-04 19:40:17.546773016,0.2803,-1.1393,-1.7295,320812.767032174,-227432.6668671106,-396910.94663765014,558734.9541687199
2017-07-04 19:40:17.746195018,0.1,0.6278,-0.2401,320942.9140550488,-227516.38021542592,-397080.57263751375,558964.2551314104
2017-07-04 19:40:17.946936011,1.6071,-1.1007,-2.0467,321073.9866406128,-227600.6916045018,-397251.4030313055,559195.1867876588
2017-07-04 19:40:18.146930992,-0.1863,-0.5074,0.4158,321204.5646706453,-227684.70996287977,-397421.5819384308,559425.2526536358
2017-07-04 19:40:18.347191989,0.7295,-0.4435,-1.4772,321335.34564047115,-227768.8578615314,-397592.0464451158,559655.6909081178
2017-07-04 19:40:18.546943008,-0.0104,0.5761,-0.2313,321465.7931528604,-227852.76848528016,-397762.08608153154,559885.5395504835
2017-07-04 19:40:18.745894014,0.297,-1.1667,-0.7298,321595.72997202806,-227936.3892224484,-397931.47358712775,560114.5139515955
2017-07-04 19:40:18.946965992,0.1321,-0.9328,0.0025,321727.05735924235,-228020.93913456667,-398102.6667938099,560345.9479903376
2017-07-04 19:40:19.146944999,0.2883,0.2404,-0.8358,321857.68241711246,-228105.01984304356,-398272.962867113,560576.1507230386
2017-07-04 19:40:19.346975028,1.1516,-0.0106,-1.6327,321988.3868800729,-228189.12242772905,-398443.36771682074,560806.4854809458
2017-07-04 19:40:19.546938002,-0.2803,-0.5058,0.2292,322119.0363198241,-228273.2170436631,-398613.7062780136,561036.7385579754
2017-07-04 19:40:19.746196985,1.3053,-1.5333,-1.7418,322249.27762009023,-228357.0764738844,-398783.5143007898,561266.2849133713
2017-07-04 19:40:19.946677029,0.2744,0.5549,-0.5623,322380.32806907326,-228441.42749283725,-398954.3855088943,561497.2514960942
2017-07-04 19:40:20.147090971,1.3974,-0.1455,-2.1743,322511.3914359018,-228525.75654380632,-399125.287709969,561728.2388303138
2017-07-04 19:40:20.346934974,0.0149,-0.4079,0.0452,322642.0826786005,-228609.86206960696,-399295.7020926216,561958.5752173457
2017-07-04 19:40:20.547297000,1.006,-1.928,-1.9776,322773.1530766936,-228694.2630078856,-399466.6376033077,562189.6200019021
2017-07-04 19:40:20.746203005,0.2941,1.095,-0.5391,322903.28262829705,-228778.00728655132,-399636.35226277116,562418.9902555114
2017-07-04 19:40:20.946986973,1.0036,0.3161,-1.7659,323034.6812521309,-228862.52949011722,-399807.74046717555,562650.5949821337
2017-07-04 19:40:21.147199988,-0.1955,-0.3808,0.3649,323165.69839174434,-228946.8266092476,-399978.626681808,562881.532681375
2017-07-04 19:40:21.347063004,1.2089,-1.6973,-2.1576,323296.5347857411,-229031.04416482386,-400149.3003504089,563112.1834649106
2017-07-04 19:40:21.546943008,-0.1837,0.7383,-0.2601,323427.3749614128,-229115.23938216877,-400319.9989174867,563342.8452770794
2017-07-04 19:40:28.264342010,0.6783,-1.4385,-1.182,327855.1487364798,-232009.71148951538,-406110.02865683625,571176.7328543101
2017-07-04 19:40:28.464389026,0.4351,0.4559,-0.6689,327987.02714589785,-232095.89186255986,-406282.48498804466,571410.054692374
2017-07-04 19:40:28.647590160,1.9078,-0.9425,-2.3891,328107.8641561975,-232174.84665245836,-406440.49902270973,571623.8353892039
2017-07-04 19:40:28.664345979,1.5851,-0.0575,-1.6726,328118.9165146553,-232182.06797853508,-406454.951665752,571643.3886604036
2017-07-04 19:40:28.863617002,-0.0771,-0.5431,0.1718,328250.355239167,-232267.97021879395,-406626.82501052547,571875.9310570243
2017-07-04 19:40:29.264320015,-0.0022,0.692,-0.3943,328514.65770398924,-232440.59514472447,-406972.49886670016,572343.5379485027
2017-07-04 19:40:29.464321970,2.0753,-0.7731,-2.4514,328646.6613869378,-232526.78794370417,-407145.1323056459,572577.0637323668
2017-07-04 19:40:29.644549720,1.4794,-1.749,-2.1526,328765.6619119578,-232604.5156666938,-407300.7673872196,572787.6013629859
2017-07-04 19:40:29.664364993,-0.1358,-0.4579,0.4099,328778.7454591943,-232613.06167836094,-407317.8786401924,572810.7490166792
2017-07-04 19:40:29.864346981,1.6725,-1.7842,-2.2625,328910.8556344843,-232699.38208002094,-407490.66128850036,573044.4942689629
2017-07-04 19:40:30.264660000,1.965,-0.49,-2.0949,329175.6214587485,-232872.25206732072,-407836.8638639453,573512.8447315171
2017-07-04 19:40:30.464308023,-0.0869,-0.418,0.1953,329307.66459566593,-232958.48413886921,-408009.5176129289,573746.4246132313
2017-07-04 19:40:30.639240140,0.022,0.8267,-0.4045,329423.36180888006,-233034.01560618388,-408160.8096550324,573951.0870041619
2017-07-04 19:40:30.664395987,1.5363,-1.5512,-1.8228,329440.0004428382,-233044.87827557707,-408182.5671305185,573980.5199582265
2017-07-04 19:40:30.864094018,0.1758,0.3785,-0.4663,329572.09215106466,-233131.095765249,-408355.3060092835,574214.1827606412
2017-07-04 19:40:31.264482975,-0.1351,-0.5248,0.4405,329836.910667044,-233304.04354777193,-408701.57200426096,574682.6422756079
2017-07-04 19:40:31.464372992,0.5686,-1.0833,-1.1987,329969.14127223194,-233390.4292114167,-408874.4895914054,574916.580799385
2017-07-04 19:40:31.643349880,2.4771,-0.8687,-2.067,330087.6168394298,-233467.80475915287,-409029.38220254827,575126.1480360552
2017-07-04 19:40:31.664318025,-0.02,0.4772,-0.1937,330101.49690699566,-233476.8695281958,-409047.5288247648,575150.6999931168
2017-07-04 19:40:31.863595008,1.5311,-0.5229,-1.7984,330233.4710465025,-233563.04001351932,-409220.06204625015,575384.1310297973
2017-07-04 19:40:32.264364004,0.8253,-1.4024,-1.748,330499.0188182175,-233736.56404537588,-409567.32700980693,575853.9555872658
2017-07-04 19:40:32.464303016,0.235,0.3974,-0.3387,330631.5069212814,-233823.11728950063,-409740.5870192294,576088.3545072576
2017-07-04 19:40:32.643129940,-0.1348,-0.4772,0.1769,330750.0009450726,-233900.54640853955,-409895.54638985393,576298.0025001091
2017-07-04 19:40:32.663621008,1.6203,-1.3257,-2.3056,330763.57938565366,-233909.41926084916,-409913.30353765475,576322.0265477546
2017-07-04 19:40:32.863624989,-0.0151,-0.3237,0.1697,330896.1117551172,-233996.03607914565,-410086.6161806297,576556.5145290503
2017-07-04 19:40:33.264360010,0.2093,0.5249,-0.5496,331161.6918898994,-234169.500294224,-410433.95975609426,577026.3913934045
2017-07-04 19:40:33.464296996,1.602,-1.223,-1.9023,331294.26067432587,-234256.09493189995,-410607.3344237962,577260.9360168993
2017-07-04 19:40:33.642679920,0.6957,-1.4541,-1.6545,331412.5601144405,-234333.4005675069,-410762.0712079519,577470.2648329054
2017-07-04 19:40:33.664490997,-0.0159,-0.2566,0.1925,331427.0247099873,-234342.8529349659,-410780.99095375807,577495.8596897167
2017-07-04 19:40:33.863599002,1.1379,-1.0275,-1.5451,331559.11358757317,-234429.18202748275,-410953.765955056,577729.5950024499
2017-07-04 19:40:34.264401018,1.9231,-0.713,-1.7969,331825.31583839224,-234603.07598889657,-411301.8486098294,578200.531100209
2017-07-04 19:40:34.464354991,0.0893,-0.4734,0.2723,331958.1236251643,-234689.8479440544,-411475.4908158303,578435.4761863
2017-07-04 19:40:34.643630020,0.0619,0.7063,-0.3466,332077.19861659186,-234767.62337185882,-411631.1863414019,578646.1236313126
2017-07-04 19:40:34.664448976,0.8453,-1.3458,-1.8391,332091.0269936023,-234776.65590578754,-411649.26784007973,578670.586846475
2017-07-04 19:40:34.863667011,0.345,0.5379,-0.4127,332223.3653853371,-234863.0675018151,-411822.3073351234,578904.6880127559
2017-07-04 19:40:35.264813005,-0.0527,-0.407,0.2966,332489.83386170433,-235037.13162759502,-412170.69241933647,579376.0631528941
2017-07-04 19:40:35.464302003,0.7489,-1.4668,-1.8721,332622.37783708103,-235123.75169729805,-412344.0180377359,579610.5710403419
2017-07-04 19:40:35.643429750,1.6347,-0.3307,-1.899,332741.44589378877,-235201.54132420383,-412499.7137565147,579821.2213311763
2017-07-04 19:40:35.664305984,-0.2245,0.6613,-0.2273,332755.3224435102,-235210.60693718444,-412517.8592312224,579845.7712314144
2017-07-04 19:40:35.863727986,1.9891,-1.1211,-2.1861,332887.9584705024,-235297.2515619064,-412691.28236198187,580080.4116886064
2017-07-04 19:40:36.264295995,0.8792,-1.067,-1.7206,333154.518235931,-235471.46106010664,-413039.9039464333,580552.0685062412
2017-07-04 19:40:36.464438021,-0.0975,0.7002,-0.2073,333287.69973287923,-235558.4760140885,-413214.09947598306,580787.7223401519
2017-07-04 19:40:36.643879770,-0.2668,-0.3819,0.4011,333407.0979514716,-235636.50348775776,-413370.2654059959,580998.9940285455
2017-07-04 19:40:36.663877010,1.475,-1.0576,-1.7915,333420.4044461278,-235645.19940170387,-413387.66947250866,581022.539471577
2017-07-04 19:40:36.863790988,-0.2585,-0.3773,0.339,333553.42018661683,-235732.1482150453,-413561.6457432628,581257.9157741818
2017-07-04 19:40:37.264301002,0.177,0.5498,-0.4779,333819.93387729995,-235906.25429752065,-413910.2685087184,581729.5071143381
2017-07-04 19:40:37.464299976,1.7219,-1.1934,-2.1018,333953.08922441764,-235993.24377392384,-414084.4410994107,581965.1203208675
2017-07-04 19:40:37.643069740,0.5937,-1.01,-1.8063,334072.1295587328,-236071.03189186152,-414240.1835896109,582175.7892138333
2017-07-04 19:40:37.664309978,-0.2462,-0.3747,0.3929,334086.2730308696,-236080.27432929468,-414258.6877023677,582200.8193844625
2017-07-04 19:40:37.863690972,0.4598,-1.0275,-1.7913,334219.055336289,-236167.07344806122,-414432.45604215586,582435.854109306
2017-07-04 19:40:38.264297008,1.6969,-0.1247,-1.9784,334486.1203601428,-236341.49449147462,-414781.9173856497,582908.4882913951
2017-07-04 19:40:38.464354991,0.0589,-0.4846,0.0469,334619.49187623546,-236428.6177219111,-414956.43242851115,583144.5244835976
2017-07-04 19:40:38.643000000,0.4862,0.5517,-0.5197,334738.60364351544,-236506.39821152767,-415112.28504204843,583355.3105586946
2017-07-04 19:40:38.664475023,1.5917,-1.3085,-1.8031,334752.9228741027,-236515.74885398938,-415131.0210091537,583380.650547154
2017-07-04 19:41:02.162832021,0.2323,0.5256,-0.5892,350549.55265337304,-246457.16825547672,-435957.5939112091,611297.9210980837
2017-07-04 19:41:02.362721025,0.7959,-0.7491,-1.7256,350683.9586400117,-246541.7649677548,-436134.82430503075,611535.4983093174
2017-07-04 19:41:02.562820017,-0.1253,0.6154,0.0081,350818.50080627063,-246626.42591045258,-436312.24055914005,611773.3123690998
2017-07-04 19:41:02.762768983,0.9129,-1.0389,-1.2051,350952.97859570984,-246711.06491265018,-436489.5719732366,612011.0204701497
2017-07-04 19:41:02.961847007,-0.0178,-0.6993,0.3517,351086.86991845525,-246795.36295716368,-436666.11702475615,612247.6942902885
2017-07-04 19:41:03.162711024,0.5705,-0.3251,-1.3309,351221.9854409266,-246880.43038315405,-436844.29961569194,612486.5484808318
2017-07-04 19:41:03.363206028,-0.2873,0.8691,-0.111,351356.84118987154,-246965.3065930599,-437022.1593243262,612724.9466539007
2017-07-04 19:41:03.562925994,1.988,-1.36,-2.0725,351491.254934871,-247049.90895134662,-437199.414162482,612962.5498777039
2017-07-04 19:41:03.762987017,0.0769,-0.6262,0.2567,351625.90129287913,-247134.68084634058,-437376.96142021054,613200.5636969266
2017-07-04 19:41:03.962382018,0.4102,-0.0774,-1.2971,351760.1157093538,-247219.17360500447,-437553.9691769625,613437.8328276742
2017-07-04 19:41:04.162733018,0.0529,0.4176,-0.1107,351894.9757400583,-247304.0547013765,-437731.83004066517,613676.2374848707
2017-07-04 19:41:04.362972974,0.6441,-0.9232,-1.0947,352029.78685081477,-247388.9257692945,-437909.63621860003,613914.5713506255
2017-07-04 19:41:04.562774002,0.0605,-0.5613,0.2429,352164.3048694462,-247473.63320632596,-438087.0429469248,614152.3865902502
2017-07-04 19:41:04.762726008,0.7938,-0.368,-1.2184,352298.95627227245,-247558.41936477018,-438264.63244379405,614390.4407134033
2017-07-04 19:41:04.962026000,0.128,0.5908,-0.2483,352433.17368095653,-247642.90558119348,-438441.6527101041,614627.7193770997
2017-07-04 19:41:05.162922024,0.8396,-0.8873,-0.9445,352568.4998136088,-247728.10418993348,-438620.1287074366,614866.9595723008
2017-07-04 19:41:05.362478017,0.5559,-1.0409,-0.7222,352702.9454216112,-247812.7759521701,-438797.442981309,615104.6541858837
2017-07-04 19:41:05.562870025,0.5749,0.4674,-0.8738,352837.97735899244,-247897.78366685647,-438975.53518041584,615343.3756047569
2017-07-04 19:41:05.762727975,0.8071,0.1551,-0.8463,352972.6816654563,-247982.55863515145,-439153.18655592354,615581.5012259235
2017-07-04 19:41:05.962010979,-0.1634,-0.7229,-0.3557,353106.99196895637,-248067.11843413228,-439330.3409948789,615818.9600396005
2017-07-04 19:41:06.163105010,0.3774,-1.0349,-0.5448,353242.5381077254,-248152.48853852905,-439509.12739382114,616058.6184440006
2017-07-04 19:41:06.362730979,0.4985,0.5989,-0.7417,353377.11457422934,-248237.21154259963,-439686.63814199716,616296.5504202218
2017-07-04 19:41:06.562573015,0.9921,0.1062,-1.2369,353511.8763221455,-248322.02200609903,-439864.3904184375,616534.7964812571
2017-07-04 19:41:06.762705028,0.0279,-0.5284,-0.3526,353646.8347310164,-248406.9766961261,-440042.414741576,616773.4077910411
2017-07-04 19:41:06.961960017,0.648,-1.1145,-1.1643,353781.22744869685,-248491.60334387165,-440219.7051473195,617011.0393076509
2017-07-04 19:41:07.162717998,0.0022,0.8284,-0.2641,353916.6339871511,-248576.83494771493,-440398.3435091556,617250.4577973408
2017-07-04 19:41:07.362832009,1.9106,-0.601,-2.1931,354051.6826941364,-248661.81722214265,-440576.4966779861,617489.2248353935
2017-07-04 19:41:07.562436997,-0.2477,-0.4465,0.4827,354186.3780135555,-248746.6011196563,-440754.17745303514,617727.3726177627
2017-07-04 19:41:07.763122022,1.4265,-1.0726,-2.062,354321.8596036242,-248831.88697037622,-440932.9026819549,617966.9188829955
2017-07-04 19:41:07.961771011,-0.0464,0.6388,-0.2525,354455.964843609,-248916.28235145815,-441109.82463047124,618204.0310596573
2017-07-04 19:41:08.162724018,1.9713,-1.0478,-1.8553,354591.70510017243,-249001.69889951835,-441288.8735181843,618444.0098114316
2017-07-04 19:41:08.362845003,-0.2486,-0.4731,0.4341,354726.8733843304,-249086.78073743312,-441467.16369028116,618682.9847796869
2017-07-04 19:41:08.562709987,0.7845,-0.7708,-1.6088,354861.9000946536,-249171.78452639552,-441645.290053178,618921.7305677771
2017-07-04 19:41:08.762834012,-0.0512,0.6097,-0.1807,354997.09975984896,-249256.87406880854,-441823.654519051,619160.7802510005
2017-07-04 19:41:08.961872994,1.1157,-1.196,-1.657,355131.6105925119,-249341.54964960358,-442001.11756361765,619398.6254030471
2017-07-04 19:41:09.162491977,0.1274,-0.811,0.0915,355267.194319734,-249426.93003884362,-442179.9856534987,619638.3723599969
2017-07-04 19:41:09.362780988,0.567,0.1544,-1.2125,355402.57778856135,-249512.1638031547,-442358.6081868586,619877.7705495667
2017-07-04 19:41:09.562767028,0.6058,0.0549,-0.9053,355537.78069561475,-249597.2664412899,-442536.9967303749,620116.8457573678
2017-07-04 19:41:09.762708008,0.3184,-0.4447,-0.3716,355672.9658678112,-249682.36768196538,-442715.35993537545,620355.8924546348
2017-07-04 19:41:09.961847007,0.2482,-1.0065,-0.4637,355807.6186429985,-249767.16748812553,-442893.02609839017,620594.0154449058
2017-07-04 19:41:10.161922991,0.5351,0.3591,-0.9136,355942.9264041087,-249852.35191779135,-443071.56478460156,620833.2917431602
2017-07-04 19:41:10.362854003,1.1268,-0.0348,-1.4403,356078.8578977582,-249937.9017895047,-443250.9246084406,621073.6590445206
2017-07-04 19:41:10.562777996,-0.0941,-0.3083,-0.0493,356214.10437357484,-250023.03522799956,-443429.38749350543,621312.8261931787
2017-07-04 19:41:10.762709021,1.0335,-1.4987,-1.441,356349.39691795607,-250108.2315675821,-443607.9142559605,621552.0909563235
2017-07-04 19:41:10.961844027,0.0568,0.5761,-0.4967,356484.15305177635,-250193.06585555375,-443785.7499163189,621790.4095497399
2017-07-04 19:41:11.162972986,2.0847,-0.489,-2.604,356620.34284043696,-250278.7693767415,-443965.47159705486,622031.2462398993
2017-07-04 19:41:11.362832009,-0.6148,-0.3005,0.6274,356755.6481641792,-250363.94376565338,-444144.03344753804,622270.535444177
2017-07-04 19:41:11.562699019,1.1718,-1.8198,-2.3483,356891.00570483657,-250449.19425362992,-444322.6962410401,622509.9575510498
2017-07-04 19:41:11.763006985,-0.209,0.8893,-0.1751,357026.65349190217,-250534.59714360954,-444501.7602343887,622749.8940353241
2017-07-04 19:41:11.961888015,2.0987,-1.29,-1.9981,357161.4179746509,-250619.44267233496,-444679.62765982875,622988.2461096188
2017-07-04 19:41:12.162742018,-0.5166,-0.3094,0.6865,357297.49852981,-250705.1423818431,-444859.2319005693,623228.936330402
2017-07-04 19:41:12.362950980,0.9431,-1.5205,-1.8918,357433.17986624094,-250790.62781458697,-445038.3351739571,623468.9541936588
2017-07-04 19:41:12.562182009,-0.081,0.7294,-0.2557,357568.19524369814,-250875.66673639568,-445216.5737558811,623707.7937281147
2017-07-04 19:41:12.762700021,2.0723,-0.8157,-2.5016,357704.16610893066,-250961.28778576924,-445396.06429782195,623948.3091657247
2017-07-04 19:41:21.896274983,-0.4242,-0.5961,0.6398,363862.23743603565,-254911.04580622926,-453518.4666285826,634865.6304125498
2017-07-04 19:41:22.296422004,0.2973,-0.9561,-0.2401,364132.07358368114,-255084.2399998712,-453874.3520560231,635344.0516467736
2017-07-04 19:41:22.496030986,0.5773,0.6994,-0.8899,364266.70140798227,-255170.60816977915,-454051.9170812358,635582.734530708
2017-07-04 19:41:22.695383012,0.7707,0.0823,-1.1598,364401.1865548847,-255256.86188751674,-454229.29961944197,635821.1595535646
2017-07-04 19:41:22.896247982,0.2977,-0.6811,-0.7943,364536.70436226187,-255343.79769147854,-454408.06041584304,636061.4350970307
2017-07-04 19:41:22.962150090,0.1503,-0.6529,-0.6121,364581.1672683402,-255372.32343349754,-454466.7129887175,636140.2709444967
2017-07-04 19:41:23.296189010,0.5779,0.2606,-1.0325,364806.6014943254,-255516.88317560765,-454764.1212988675,636539.975258701
2017-07-04 19:41:23.496208012,0.5669,0.2003,-0.7179,364941.6118248706,-255603.4360195632,-454942.2349973166,636779.3446168737
2017-07-04 19:41:23.695396006,0.1923,-0.7104,-0.657,365076.06886505225,-255689.657452884,-455119.63476356945,637017.7540176243
2017-07-04 19:41:23.896916985,0.2625,-0.9802,-0.2959,365212.11139067065,-255776.9285594598,-455299.1243373915,637258.9866860554
2017-07-04 19:41:23.962150090,0.263,-0.8083,0.0703,365256.14999119856,-255805.18198716603,-455357.2254938483,637337.076473145
2017-07-04 19:41:24.296301007,1.3535,-0.0396,-1.8365,365481.8850266168,-255949.91213931533,-455655.04868139036,637737.3199018328
2017-07-04 19:41:24.496285021,-0.1266,-0.3637,-0.1705,365616.978795082,-256036.54538121694,-455833.2979454853,637976.8673469666
2017-07-04 19:41:24.695375978,1.228,-1.6345,-1.0873,365751.5179576419,-256122.8565370986,-456010.79430972843,638215.4299733216
2017-07-04 19:41:24.896200001,-0.1478,1.0936,-0.2749,365887.2223087524,-256209.87491738005,-456189.84684809187,638456.0562961866
2017-07-04 19:41:24.962769980,0.6113,0.3387,-0.9487,365932.2088581888,-256238.71862955435,-456249.2041294054,638535.8241112748
2017-07-04 19:41:25.296747982,-0.3857,-0.288,0.6615,366157.8609341571,-256383.45810512677,-456546.9226307092,638935.9508412338
2017-07-04 19:41:25.496231973,1.1244,-0.9082,-1.8938,366292.6869406811,-256469.94667113107,-456724.8242996848,639175.0395496484
2017-07-04 19:41:25.695379972,-0.0092,0.7701,-0.1701,366427.285494138,-256556.25902185202,-456902.43307403923,639413.7181409757
2017-07-04 19:41:25.896395981,1.8398,-1.0319,-2.004,366563.2209248228,-256643.4226796227,-457081.7887967766,639654.7529637789
2017-07-04 19:41:25.962489840,2.1363,-0.9779,-2.6077,366607.92568817426,-256672.08627336752,-457140.77216718905,639734.020220062
2017-07-04 19:41:26.296199023,0.471,-0.8132,-1.6527,366833.69336154877,-256816.89987659044,-457438.7644023255,640134.4404306206
2017-07-04 19:41:26.496290981,0.1732,0.6981,-0.2788,366969.0705467859,-256903.70213383492,-457617.45164793567,640374.5333480969
2017-07-04 19:41:26.695505023,1.274,-0.5761,-1.8963,367103.90431640524,-256990.14640397794,-457795.4301490688,640613.6649951024
2017-07-04 19:41:26.896194994,-0.0324,-0.5704,0.3872,367239.7357320887,-257077.25409265596,-457974.71165513195,640854.5658634224
2017-07-04 19:41:26.958099960,-0.4253,-0.8104,0.6444,367281.6327538189,-257104.1264956409,-458030.0104818793,640928.8729035602
2017-07-04 19:41:27.296302974,0.4601,0.1609,-0.6425,367510.579764123,-257250.91905485446,-458332.1959199717,641334.9073689599
2017-07-04 19:41:27.496203005,0.0049,-0.4938,-0.4664,367645.90256961016,-257337.7027600016,-458510.82585273706,641574.9218619578
2017-07-04 19:41:27.695365011,0.2974,-0.6571,-0.8444,367780.73756382434,-257424.19212648008,-458688.82978262793,641814.0916046626
2017-07-04 19:41:27.896247029,0.4697,0.5163,-0.7149,367916.7559802443,-257511.40760181413,-458868.3998469549,642055.3502262863
2017-07-04 19:41:27.962700240,0.4533,0.1233,-1.176,367961.7538488393,-257540.2585615118,-458927.80810421676,642135.1649978257
2017-07-04 19:41:28.296308994,0.18,-0.7387,-0.7202,368187.6724148523,-257685.17851226425,-459226.12989949266,642535.953644331
2017-07-04 19:41:28.496231019,0.2005,-0.7618,0.0424,368323.06685554725,-257772.05527275268,-459404.90378158883,642776.1505189702
2017-07-04 19:41:28.695384025,0.5944,0.444,-0.9615,368457.9640637506,-257858.58024366305,-459583.0281279551,643015.4573807246
2017-07-04 19:41:28.896205008,1.4831,0.4219,-2.058,368594.0508959163,-257945.81287703358,-459762.72732606524,643256.8555211494
2017-07-04 19:41:28.961959950,0.7522,0.2756,-1.4565,368638.6131460941,-257974.37432196218,-459821.57264611195,643335.902604407
2017-07-04 19:41:29.296461999,1.8437,-1.2729,-2.6138,368865.5121201779,-258119.81171159432,-460121.217210812,643738.4078624401
2017-07-04 19:41:29.496208012,0.4182,0.64,-0.5829,369001.02024908137,-258206.633293974,-460300.1715303691,643978.7778589904
2017-07-04 19:41:29.695375978,0.7965,0.249,-1.2362,369136.1678251104,-258293.1937451997,-460478.657009649,644218.5016693585
2017-07-04 19:41:29.896284997,-0.0981,-0.3302,-0.2391,369272.49285171967,-258380.52420434362,-460658.71239438397,644460.3312616585
2017-07-04 19:41:29.952870240,-0.2097,-0.4424,0.196,369310.88759327214,-258405.12190467285,-460709.4236649125,644528.4414012737
2017-07-04 19:41:30.296512007,-0.1634,0.9149,-0.1889,369544.0392821352,-258554.39551868563,-461017.41514718026,644942.0357520331
2017-07-04 19:41:30.496204018,2.3341,-1.7093,-2.8265,369679.6180130193,-258641.207350667,-461196.50330509595,645182.5391119246
2017-07-04 19:41:30.695415019,-0.3112,-0.415,0.3474,369814.85781738773,-258727.82654312032,-461375.14629615855,645422.4530569287
2017-07-04 19:41:30.895622014,1.4146,-1.105,-2.0018,369950.8304805497,-258814.92309654935,-461554.7626853009,645663.6743291399
2017-07-04 19:41:30.957779880,0.8886,-1.3004,-2.1886,369993.04907499085,-258841.96881381943,-461610.53628288757,645738.5758885696
2017-07-04 19:41:31.296190023,2.0717,-1.5277,-1.876,370223.13978928054,-258989.39053900965,-461914.40297720383,646146.7273963302
2017-07-04 19:41:31.496497988,-0.3312,-0.4169,0.5629,370359.3192349117,-259076.66749302825,-462094.2417831674,646388.2991458004
2017-07-04 19:41:31.695572972,0.97,-0.7,-1.5748,370494.69887986826,-259163.4349617465,-462273.0360152009,646628.4619052636
2017-07-04 19:41:31.896247982,-0.0287,0.8677,-0.1176,370631.1654563122,-259250.86486423833,-462453.27200648835,646870.5438724714
2017-07-04 19:41:31.962060090,0.389,0.8785,-0.5088,370675.9218570946,-259279.534017508,-462512.383266819,646949.9366103191
2017-07-04 19:41:32.296289980,-0.5047,-0.5302,0.7256,370903.16296649456,-259425.19089104582,-462812.50152984366,647353.0702327109
2017-07-04 19:41:32.496241986,1.4804,-1.4377,-2.2898,371039.16845041356,-259512.3871490475,-462992.13790773484,647594.3663841946
2017-07-04 19:41:32.956590170,2.6689,-1.034,-2.2052,371352.8585730777,-259713.35764421287,-463406.1808821731,648150.6477579332
2017-07-04 19:41:45.247384011,-0.1478,-0.4908,0.0507,379705.71511592256,-265153.19243913185,-474453.0172651145,663014.5632973143
2017-07-04 19:41:45.447380006,0.312,-0.9311,0.0952,379841.64541139046,-265241.7467608883,-474632.7677565084,663256.4542028998
2017-07-04 19:41:45.473759770,-0.2241,0.8782,-0.0313,379859.57466005185,-265253.42659420246,-474656.47713077883,663288.3596619822
2017-07-04 19:41:45.647383987,0.494,0.4317,-0.9055,379977.59484411136,-265330.28697149997,-474812.55288725503,663498.3753915352
2017-07-04 19:41:45.846684992,0.7403,0.1001,-1.0462,380113.09810042614,-265418.51003372157,-474991.75179617835,663739.4949002411
2017-07-04 19:41:46.247382998,0.465,-1.4324,-0.6177,380385.6043248775,-265596.11396135227,-475352.13337882055,664224.4759392489
2017-07-04 19:41:46.447382986,0.6953,0.8985,-0.7859,380521.6478913928,-265684.725289032,-475532.04170745064,664466.5683511444
2017-07-04 19:41:46.475590220,-0.1674,-0.1857,-0.3344,380540.834822927,-265697.2228398082,-475557.4155566589,664500.7123272673
2017-07-04 19:41:46.647396981,1.1313,-0.123,-1.5316,380657.73343449476,-265773.3475009566,-475712.0097316928,664708.7320536096
2017-07-04 19:41:46.846620976,-0.3671,-0.0521,0.2978,380793.27236788487,-265861.62234122463,-475891.26250535087,664949.9321328538
2017-07-04 19:41:47.247779011,-0.1459,0.7979,-0.134,381066.17049209215,-266039.24442058726,-476252.2279933644,665435.5645244916
2017-07-04 19:41:47.447431981,1.3629,-1.2529,-2.0147,381202.04391342064,-266127.6953733658,-476431.95778035664,665677.3684923741
2017-07-04 19:41:47.474159710,0.7817,-2.0343,-2.2852,381220.2339732761,-266139.53783802094,-476456.0200067777,665709.7410974049
2017-07-04 19:41:47.647571980,-0.1343,-0.3329,0.5532,381338.2489242346,-266216.38298438804,-476612.12158464466,665919.76776734
2017-07-04 19:41:47.846737027,1.5037,-1.8681,-2.2666,381473.8494601621,-266304.7142038487,-476791.4951050035,666161.1129701376
2017-07-04 19:41:48.247494995,3.213,-1.6732,-1.8391,381747.2195681334,-266482.72215097863,-477152.72412807605,666647.3603006616
2017-07-04 19:41:48.447413027,-0.0256,-0.7285,0.5804,381883.58916853374,-266571.55049583997,-477332.8999568489,666889.9193954072
2017-07-04 19:41:48.474259850,0.1501,0.6342,-0.3704,381901.90223472397,-266583.47872184997,-477357.0958830841,666922.4925340842
2017-07-04 19:41:48.647414982,0.9391,-0.3593,-1.7902,382020.04497782857,-266660.4234971895,-477513.2070849617,667132.6398589174
2017-07-04 19:41:48.846630990,-0.2103,0.7253,-0.0388,382155.96055942157,-266748.9201333166,-477692.8154899621,667374.4005834444
2017-07-04 19:41:49.247474014,-0.0322,-0.3373,0.3903,382429.43146464514,-266927.0386301709,-478054.14329581225,667860.8222710309
2017-07-04 19:41:49.447373986,0.9722,-0.711,-1.9005,382565.84995122976,-267015.89453878504,-478234.41301627504,668103.4884494134
2017-07-04 19:41:49.474410050,1.8837,-1.7748,-1.8507,382584.3016505326,-267027.913416706,-478258.79548150994,668136.3108442246
2017-07-04 19:41:49.647369027,-0.2778,0.7872,-0.069,382702.33519108867,-267104.7787532928,-478414.780540929,668346.2743470507
2017-07-04 19:41:49.846611976,1.6557,-2.0028,-2.0782,382838.37160436163,-267193.4045534319,-478594.5526052126,668588.2738972595
2017-07-04 19:41:50.247413992,0.1764,-0.8945,-1.84,383112.0541360091,-267371.8300869794,-478956.4820924393,669075.3719027013
2017-07-04 19:41:50.447374999,0.2252,0.4139,-0.3229,383248.603957264,-267460.830428414,-479137.06242033193,669318.3942141689
2017-07-04 19:41:50.474320050,-0.3268,-0.3932,0.604,383267.00401689816,-267472.82364578807,-479161.3954567056,669351.1415192755
2017-07-04 19:41:50.647370994,0.283,-0.6885,-0.7559,383385.1843850057,-267549.86907977506,-479317.6937268675,669561.4860266178
2017-07-04 19:41:50.846616983,0.2369,-0.8293,-0.0594,383521.26334111654,-267638.60994753125,-479497.65351658134,669803.6911642995
2017-07-04 19:41:51.247364997,0.2112,0.3912,-0.4541,383794.99597587594,-267817.03365784336,-479859.68368491606,670290.8909418333
2017-07-04 19:41:51.447381973,0.4793,-0.9161,-1.0129,383931.6375969679,-267906.1232034913,-480040.4167551343,670534.1116723719
2017-07-04 19:41:51.476850270,0.6425,0.1523,-1.0303,383951.7694255247,-267919.24854310066,-480067.044868663,670569.9460562052
2017-07-04 19:41:51.647417008,0.2756,-0.8065,0.0739,384068.3033604416,-267995.2433585498,-480221.17006658745,670777.3731195014
2017-07-04 19:41:51.846619009,0.6105,0.1855,-1.0228,384204.4255924757,-268083.98905395763,-480401.2108579073,671019.6638144595
2017-07-04 19:41:52.247520983,-0.4547,-0.6068,-0.1606,384478.3039344482,-268262.6908327448,-480763.57594502287,671507.2996212182
2017-07-04 19:41:52.447380006,0.3737,-0.9802,-0.4012,384614.853628975,-268351.81700733834,-480944.23945277673,671750.4334096017
2017-07-04 19:41:52.473750230,0.3277,0.2968,-0.3993,384632.8707868766,-268363.57647610706,-480968.077218974,671782.5137442314
2017-07-04 19:41:52.647149026,0.405,0.1445,-1.1058,384751.3557342468,-268440.89713729406,-481124.8569536338,671993.4887882997
2017-07-04 19:41:52.846678018,0.0862,0.4586,-0.1492,384887.69910990814,-268529.8513173693,-481305.268427761,672236.2556355962
2017-07-04 19:41:53.247381985,0.9859,-1.1528,-1.0981,385161.66890416003,-268708.6785888187,-481667.7559670272,672724.0833211626
2017-07-04 19:41:53.447453975,0.1916,0.7782,-0.5438,385298.4700333145,-268797.936117859,-481848.7682147042,672967.6640829493
2017-07-04 19:41:53.474029770,-0.2256,-0.3153,-0.1644,385316.64132698573,-268809.79252188426,-481872.8123980872,673000.0192924287
2017-07-04 19:41:53.647423028,0.6742,0.2722,-0.896,385435.2198493729,-268887.1412157748,-482029.71514373063,673211.1479269135
2017-07-04 19:41:53.846733987,-0.265,-0.4764,-0.3196,385571.5121940718,-268976.0704163017,-482210.0833914739,673453.8454835868
2017-07-04 19:41:54.247413992,0.0968,0.781,-0.3982,385845.5197803184,-269154.721715961,-482572.74630013696,673941.7518066356
2017-07-04 19:41:54.447377026,2.4993,-1.1571,-2.7197,385982.3657161677,-269243.9255536382,-482753.8453010722,674185.3997561457
2017-07-04 19:41:54.474479790,1.1296,-1.4828,-1.8407,386000.91448966134,-269256.01723034907,-482778.39260742004,674218.4254158359
2017-07-04 19:41:54.647558987,-0.2931,-0.3719,0.4485,386119.3588244639,-269333.24624070607,-482935.13912719925,674429.3183079893
2017-07-04 19:41:54.846620976,2.0064,-2.0199,-2.6471,386255.6636255856,-269422.1489737833,-483115.5214571104,674672.0233663678
2017-07-04 19:41:55.247371971,1.881,-1.4241,-2.2302,386530.37413066154,-269601.3563998857,-483479.02479200665,675161.1577335275
2017-07-04 19:41:55.447440981,-0.4149,-0.2808,0.5804,386667.5026818535,-269690.8342979181,-483660.4752263034,675405.3294360816
2017-07-04 19:41:55.476549860,-0.1679,0.763,-0.0897,386687.4539473745,-269703.85216590425,-483686.8752866762,675440.8547297235
2017-07-04 19:41:55.647625029,0.9801,-0.7518,-1.8135,386804.73778674053,-269780.38120160263,-483842.08359095425,675649.7029594457
2017-07-04 19:42:04.480244994,-0.098,0.6047,-0.0453,392852.4630889586,-273684.4035595076,-491859.0305840455,686412.0602625379
2017-07-04 19:42:04.680234014,-0.279,-0.199,-0.0823,392989.3851007734,-273772.8067635903,-492040.55435079715,686655.7460991191
2017-07-04 19:42:04.879812002,1.5273,-1.5657,-1.934,393126.0865349534,-273861.09063895035,-492221.7820705581,686899.0461668724
2017-07-04 19:42:05.279579997,1.5442,0.2518,-1.8256,393400.1553927074,-274037.8888766905,-492585.0850140377,687386.7272367764
2017-07-04 19:42:05.480660021,-0.154,-0.4433,-0.1609,393538.00355450384,-274126.83486482606,-492767.82992177847,687632.0353506599
2017-07-04 19:42:05.680188000,0.716,-0.8618,-1.264,393674.81623417966,-274215.1286289212,-492949.2146265475,687875.5162868649
2017-07-04 19:42:05.802249900,0.2093,0.8526,-0.48,393758.51496111363,-274269.12992767576,-493060.18447019864,688024.468493274
2017-07-04 19:42:05.880227029,0.2587,0.6373,-0.5032,393811.9860149937,-274303.6238462695,-493131.0786909431,688119.6256140078
2017-07-04 19:42:06.279506027,-0.0671,-0.2474,0.019,394085.7718665867,-274480.288118976,-493494.08689077245,688606.8820086804
2017-07-04 19:42:06.480237007,0.8441,-1.0843,-1.2293,394223.44723282737,-274569.1468796841,-493676.6328528438,688851.9148491153
2017-07-04 19:42:06.680517971,0.0049,0.8392,-0.5131,394360.814143125,-274657.7727667888,-493858.79014936014,689096.3999910543
2017-07-04 19:42:06.803300140,1.156,0.4229,-1.6397,394445.04430260335,-274712.098457844,-493970.48633011826,689246.3067577573
2017-07-04 19:42:06.880222976,2.8054,0.3615,-2.619,394497.8309650954,-274746.13127891003,-494040.4793088441,689340.2429023025
2017-07-04 19:42:07.279995024,2.5425,-1.8749,-2.6663,394772.5723790204,-274923.30129255384,-494404.6626439003,689829.0918338933
2017-07-04 19:42:07.480229973,-0.2628,0.6466,-0.2606,394910.17234629573,-275012.0150103142,-494587.08262275305,690073.9343866715
2017-07-04 19:42:07.680230975,2.0963,0.2635,-2.6016,395047.69539977337,-275100.6145381903,-494769.39353399107,690318.6094391164
2017-07-04 19:42:07.802260040,-0.2736,-0.3776,0.3621,395131.5999533473,-275154.6784779656,-494880.6237348244,690467.8921703554
2017-07-04 19:42:07.880380988,-0.2973,-0.47,0.5811,395185.31241815037,-275189.2921681591,-494951.827885846,690563.4580562337
2017-07-04 19:42:08.279537975,-0.0629,1.0212,-0.2689,395459.744862523,-275365.9872294437,-495315.6865183234,691051.7101061945
2017-07-04 19:42:08.480473995,1.3462,-1.2893,-2.0202,395597.9487782511,-275454.9877530045,-495498.9348780744,691297.6072726377
2017-07-04 19:42:08.680229008,-0.1083,-0.5281,0.516,395735.3360752588,-275543.4862458138,-495681.0856010708,691542.0505318176
2017-07-04 19:42:08.802220100,1.6827,-1.8359,-2.8799,395819.2640244608,-275597.559909506,-495792.3685491571,691691.3889246582
2017-07-04 19:42:08.880225002,0.6085,-0.6387,-1.8108,395872.93387056945,-275632.14017980854,-495863.53734886926,691786.8921449201
2017-07-04 19:42:09.279488980,1.4045,-0.8318,-2.0066,396147.8640418463,-275809.27006874466,-496228.13097331504,692276.1310416822
2017-07-04 19:42:09.480732977,-0.1899,-0.4037,0.4316,396286.43145327724,-275898.5665156338,-496411.88233431766,692522.7156433607
2017-07-04 19:42:09.680437028,1.0944,-1.1373,-2.0027,396423.98217487097,-275987.22501162614,-496594.3074764087,692767.5138392204
2017-07-04 19:42:09.803539750,-0.131,0.7369,-0.0053,396508.7699981617,-276041.8652254704,-496706.75911411946,692918.4083225555
2017-07-04 19:42:09.880226016,-0.2119,0.7892,-0.0746,396561.5869307349,-276075.8984504982,-496776.81077558943,693012.4051260832
2017-07-04 19:42:10.280027985,-0.2638,-0.6512,0.6892,396836.9045484882,-276253.43392423575,-497141.9132335774,693502.3939829622
2017-07-04 19:42:10.480557978,0.9336,-0.7965,-1.7971,396975.0340567985,-276342.5130067725,-497325.11114381027,693748.245643546
2017-07-04 19:42:10.680221021,-0.2271,0.7026,0.0306,397112.5573372973,-276431.1789649161,-497507.5158158435,693993.017394378
2017-07-04 19:42:10.803110000,2.2367,-1.1125,-2.5268,397197.23419831507,-276485.76805347233,-497619.82073973847,694143.7234348223
2017-07-04 19:42:10.880050003,0.6487,-0.9439,-0.9698,397250.2536790365,-276519.951519996,-497690.139874585,694238.0880973499
2017-07-04 19:42:11.279594004,0.7724,0.1407,-1.2193,397525.70339983545,-276697.44138643675,-498055.49681837595,694728.3187292237
2017-07-04 19:42:11.480304002,-0.0245,0.7257,0.0977,397664.0739383349,-276786.57377284346,-498239.0290920439,694974.5702057923
2017-07-04 19:42:11.680413007,1.0695,-1.1371,-1.4412,397802.0729757135,-276875.4848006068,-498422.0695194317,695220.1685303579
2017-07-04 19:42:11.802479980,0.5609,-0.9186,0.2361,397886.26107710134,-276929.73442824814,-498533.72110117855,695369.9919031615
2017-07-04 19:42:11.880249977,0.1148,-0.7078,0.3163,397939.8987891395,-276964.3016484494,-498604.85344308463,695465.4465269456
2017-07-04 19:42:12.279561996,0.3158,0.301,-0.5555,398215.3533342288,-277141.73992145684,-498970.17282844067,695955.6343692039
2017-07-04 19:42:12.480404973,0.7358,-0.8499,-1.088,398353.92908467556,-277231.0207819745,-499153.9623320858,696202.247779218
2017-07-04 19:42:12.680041015,0.273,-1.1205,-0.0334,398491.68296574155,-277319.80977990606,-499336.6487120999,696447.4043574744
2017-07-04 19:42:12.802369710,0.5724,-0.0844,-1.1688,398576.101402061,-277374.21726202394,-499448.6088467968,696597.6441889444
2017-07-04 19:42:12.879387974,0.7908,0.6542,-0.9987,398629.25602161995,-277408.46838449006,-499519.10497936147,696692.2407542381
2017-07-04 19:42:13.280315995,0.1657,-0.4081,-0.8216,398905.9855493156,-277586.8324033678,-499886.21331178927,697184.8112875136
2017-07-04 19:42:13.480011999,0.0998,-0.5967,0.258,399043.82419769606,-277675.6965391797,-500069.053966901,697430.1576603865
2017-07-04 19:42:13.680441975,0.4372,0.1072,-1.1721,399182.18702794384,-277764.88298392075,-500252.61372888443,697676.4480775197
2017-07-04 19:42:13.803760290,0.2677,0.2904,-0.3354,399267.3214343851,-277819.752206383,-500365.55742776295,697827.9872156179
2017-07-04 19:42:13.880240023,0.2902,0.5058,-0.7895,399320.1219125388,-277853.77812253835,-500435.6076340632,697921.9721210157
2017-07-04 19:42:14.279479026,0.3569,-0.9203,-0.3761,399595.8075108787,-278031.54667621164,-500801.3432110017,698412.7258930648
2017-07-04 19:42:14.480296015,0.5951,0.8413,-0.6292,399734.5012072346,-278120.93022902147,-500985.3333699925,698659.5934635804
2017-07-04 19:42:14.680516004,0.8797,0.3038,-1.0631,399872.817852649,-278210.0358786481,-501168.8191703262,698905.7732123806
2017-07-04 19:42:14.802410240,0.1667,-0.3699,-0.6707,399957.02771511336,-278264.2890306827,-501280.5355720307,699055.6586652033
2017-07-04 19:42:14.880237996,-0.3014,-0.4906,-0.0168,400010.7927027798,-278298.9318771654,-501351.8650256814,699151.3586680688
2017-07-04 19:42:15.804020160,1.1071,-1.1991,-1.5825,400649.90487204737,-278711.15092262457,-502199.8655847291,700289.1952014643
2017-07-04 19:42:27.547075986,0.2314,1.0364,-0.5038,408806.165064017,-283808.33240010403,-513049.06451786484,714764.9912640745
2017-07-04 19:42:27.747071981,0.6623,0.563,-1.1095,408945.10083008354,-283895.1199836223,-513233.88161349046,715011.574647217
2017-07-04 19:42:27.947140991,0.4254,0.3718,-0.6595,409084.10434688535,-283981.9243694871,-513418.7925807764,715258.271097226
2017-07-04 19:42:28.147144973,-0.0007,-0.5955,-0.7825,409223.06265567197,-284068.72436245764,-513603.6747480947,715504.9195393058
2017-07-04 19:42:28.346383988,0.5446,-0.6622,-0.3884,409361.5111009798,-284155.2186532007,-513787.86520370585,715750.6587417907
2017-07-04 19:42:28.547155022,0.7681,0.7512,-0.7677,409501.05508652324,-284242.34774889983,-513973.5029098661,715998.3156853237
2017-07-04 19:42:28.746325016,0.534,0.3814,-0.5576,409639.5074676173,-284328.766907725,-514157.6823753598,716244.0199507294
2017-07-04 19:42:28.947338998,0.1099,-0.5342,-0.4757,409779.2461317297,-284416.0077516649,-514343.5862625364,716492.0242089867
2017-07-04 19:42:29.147071003,0.6791,-0.7724,-1.2321,409918.1206965814,-284502.72302589513,-514528.35369012906,716738.5100827503
2017-07-04 19:42:29.346072971,0.5128,0.4943,-0.7361,410056.50797120534,-284589.10177346354,-514712.47492836264,716984.1200644867
2017-07-04 19:42:29.547065973,0.5581,0.377,-0.6046,410196.3023701684,-284676.3295186667,-514898.4627421947,717232.212048967
2017-07-04 19:42:29.747452974,0.06,-0.8336,-0.6405,410335.6776933781,-284763.3277423037,-515083.9155154447,717479.5894223587
2017-07-04 19:42:29.947064995,0.6873,-0.5745,-1.0836,410474.5413795993,-284850.0123985015,-515268.6942415714,717726.0660932086
2017-07-04 19:42:30.146180987,0.387,0.9111,-0.5495,410613.075337799,-284936.44552376884,-515453.03558504966,717971.9406215866
2017-07-04 19:42:30.346392989,0.9957,0.1408,-1.2256,410752.41175196995,-285023.34876581945,-515638.44074124127,718219.22466041
2017-07-04 19:42:30.547254979,-0.1877,-0.64,-0.0136,410892.1929487678,-285110.5599602756,-515824.44836372684,718467.3180854175
2017-07-04 19:42:30.746470987,1.4583,-0.6767,-2.0721,411030.8865713059,-285197.08335080475,-516009.01396515913,718713.4815492857
2017-07-04 19:42:30.947579026,-0.0247,0.7608,-0.2482,411170.89642150875,-285284.397717098,-516195.34249535995,718961.9776168809
2017-07-04 19:42:31.147471010,1.5547,0.4474,-2.2134,411310.1217845383,-285371.1662364165,-516380.6327793133,719209.0632848756
2017-07-04 19:42:31.346387028,-0.2115,-0.6267,0.1836,411448.65901579446,-285457.53590831324,-516565.01112497604,719454.9426693016
2017-07-04 19:42:31.547357976,0.5405,-0.5134,-1.6541,411588.64925590047,-285544.81857017404,-516751.3610251402,719703.4310949928
2017-07-04 19:42:31.746841013,0.1593,1.0163,-0.4116,411727.6094016325,-285631.41458292253,-516936.3476418724,719950.0794176937
2017-07-04 19:42:31.947067022,1.0162,0.6118,-1.9144,411867.12784255616,-285718.30859406415,-517122.09998804063,720197.7153248755
2017-07-04 19:42:32.147130012,-0.0787,-0.6029,0.1361,412006.52954107756,-285805.155989472,-517307.6956518728,720445.1537454464
2017-07-04 19:42:32.346359014,0.6983,-0.5091,-1.949,412145.37784296187,-285891.6615577712,-517492.59499668126,720691.6403719279
2017-07-04 19:42:32.547069013,0.2973,0.9336,-0.49,412285.2702699441,-285978.77256785013,-517678.88855636056,720939.9656683792
2017-07-04 19:42:32.747070014,1.7209,0.7876,-2.7353,412424.7373706367,-286065.5443583417,-517864.63345648354,721187.5194769327
2017-07-04 19:42:32.947079002,-0.5564,-0.8271,0.5845,412564.18778291973,-286152.35270102107,-518050.36239219055,721435.0670517685
2017-07-04 19:42:33.147065997,1.5431,-0.8696,-1.668,412703.6845772003,-286239.1862777265,-518236.1376164563,721682.6846725332
2017-07-04 19:42:33.346513986,0.3398,0.8053,-0.5047,412842.818916062,-286325.753785688,-518421.43221507507,721929.644627115
2017-07-04 19:42:33.547138988,1.5473,0.4384,-1.6522,412982.83661521063,-286412.81451330584,-518607.8868042369,722178.1386276763
2017-07-04 19:42:33.747711002,-0.3989,-0.5178,0.3233,413122.8012862341,-286499.87307755597,-518794.2791419336,722426.5570190782
2017-07-04 19:42:33.947223007,1.768,-1.3933,-2.6292,413262.0966291173,-286586.52700377395,-518979.7910646347,722673.8002057848
2017-07-04 19:42:34.147541999,0.0108,1.2017,0.0468,413401.9558277706,-286673.48320670315,-519166.05146876746,722922.0234947617
2017-07-04 19:42:34.346594989,2.4226,-1.6627,-2.6698,413541.02711456554,-286759.95573217364,-519351.2405032544,723168.8352872774
2017-07-04 19:42:34.547137022,-0.1679,-0.3922,0.5355,413681.13199060876,-286847.09090029664,-519537.79333327326,723417.4805909804
2017-07-04 19:42:34.747216999,1.1164,-1.8055,-2.8408,413820.9587517398,-286934.09758365393,-519724.0300618126,723665.6891701077
2017-07-04 19:42:34.946848988,-0.1843,1.0488,0.0058,413960.4650896157,-287020.86765740917,-519909.8495668562,723913.3213338832
2017-07-04 19:42:35.146938025,2.4652,0.2949,-2.5709,414100.38951647334,-287107.8245806406,-520096.19742445333,724161.6463942969
2017-07-04 19:42:35.346355020,-0.3076,-0.742,0.3873,414239.83174472285,-287194.5189475876,-520281.9039909399,724409.13131867
2017-07-04 19:42:35.546697974,1.8429,-0.9708,-2.6524,414379.99541834195,-287281.6548304163,-520468.57931454905,724657.8998801521
2017-07-04 19:42:35.747066974,0.0263,0.9014,-0.2226,414520.17837011477,-287368.76585235633,-520655.28784415574,724906.6937362207
2017-07-04 19:42:35.947318971,2.2468,-1.5523,-3.1565,414660.36956240365,-287455.8882554607,-520842.0139259971,725155.5097004046
2017-07-04 19:42:36.146969974,-0.058,-0.5321,0.5785,414800.1377025815,-287542.770397591,-521028.1565483475,725403.5697197607
2017-07-04 19:42:36.346318006,0.366,-0.8168,-2.1775,414939.7082888919,-287629.5531551444,-521214.1032317678,725651.3369179406
2017-07-04 19:42:36.547133028,-0.1711,0.7232,0.129,415080.2990667343,-287716.94537746377,-521401.41308334103,725900.9084551231
2017-07-04 19:42:36.747133970,1.5355,-0.7974,-2.1529,415220.38132701383,-287804.01521850197,-521588.04972006567,726149.5781559225
2017-07-04 19:42:36.947152018,-0.2362,-0.3939,0.5963,415360.4661187674,-287891.1082654324,-521774.67846344167,726398.253107981
2017-07-04 19:42:37.146717011,0.586,-0.374,-1.8253,415500.25694672286,-287978.01893545646,-521960.95717427606,726646.436533662
2017-07-04 19:42:37.346351027,-0.2221,0.5431,0.159,415640.08727223513,-288064.9380204706,-522147.29397607554,726894.6878819152
2017-07-04 19:42:37.547195017,0.968,-0.8192,-1.1845,415780.80415138975,-288152.4169638178,-522334.80793870357,727144.5138947474
2017-07-04 19:42:37.746922016,0.1494,-0.6442,0.3179,415920.7443953146,-288239.43509196414,-522521.2663637807,727392.9552607011
2017-07-04 19:42:37.946814000,0.6553,-0.6965,-2.0271,416060.8264209315,-288326.5529315734,-522707.9598097583,727641.6863099253
2017-07-04 19:42:38.147068977,-0.0899,0.7622,0.0414,416201.15922273346,-288413.79840666684,-522894.99062068167,727890.8539512716
2017-07-04 19:43:03.763530015,2.4776,-1.1573,-2.0029,435778.23091680766,-300333.5956014071,-548134.1357519147,761940.9202584873
2017-07-04 19:43:03.963527977,2.3014,-1.6091,-2.4302,435931.1690036031,-300426.72259061766,-548331.2850636628,762206.9259295377
2017-07-04 19:43:04.163519978,-0.5297,-0.4419,0.5439,436084.0813457272,-300519.8644787361,-548528.406745056,762472.9030960604
2017-07-04 19:43:04.363633990,1.8241,-1.9894,-2.1765,436237.1600237327,-300613.14285755384,-548725.7358456135,762739.1786342025
2017-07-04 19:43:04.562928974,-0.2187,0.8811,-0.1793,436389.60349384166,-300706.0044700213,-548922.2644378011,763004.3509426143
2017-07-04 19:43:04.763508021,1.4075,-1.4364,-1.6806,436543.0857878483,-300799.5221815613,-549120.126882873,763271.335791994
2017-07-04 19:43:04.963513016,-0.307,-0.3129,0.5937,436696.11653892,-300892.7847644756,-549317.3993016026,763537.5375834323
2017-07-04 19:43:05.163237988,0.7348,-1.6357,-1.7728,436848.962345912,-300985.9820204882,-549514.4662402639,763803.4602454088
2017-07-04 19:43:05.363559007,-0.1717,0.8612,-0.1932,437002.25740652374,-301079.4228500224,-549712.1290462812,764070.1647510492
2017-07-04 19:43:05.562756001,1.1969,-1.9654,-1.4291,437154.7398026909,-301172.4173579541,-549908.739448738,764335.4716557987
2017-07-04 19:43:05.763511002,-0.0337,-0.4948,0.248,437308.4134723164,-301266.1591584045,-550106.8776322912,764602.853752247
2017-07-04 19:43:05.963997006,0.9084,-0.5066,-1.3256,437461.9177432871,-301359.7957143106,-550304.8036071999,764869.9450375629
2017-07-04 19:43:06.163505017,0.1067,0.3617,-0.2188,437614.6774503986,-301452.96110378805,-550501.7727862091,765135.7366631213
2017-07-04 19:43:06.363517999,0.7721,-0.8486,-1.1939,437767.85469276085,-301546.39625084936,-550699.288272428,765402.2666532516
2017-07-04 19:43:06.563233017,0.0884,-0.7088,-0.1241,437920.807269346,-301639.7204766543,-550896.514465088,765668.4165214424
2017-07-04 19:43:06.763339996,0.2248,0.1758,-0.797,438074.06903251424,-301733.22082120285,-551094.1596482897,765935.1142912143
2017-07-04 19:43:06.963496029,0.5143,0.2892,-0.6723,438227.38897021045,-301826.7325002639,-551291.8802159863,766201.9042572991
2017-07-04 19:43:07.163698971,0.1505,-0.633,-0.4775,438380.7508725216,-301920.2914663349,-551489.6662606836,766468.7841830172
2017-07-04 19:43:07.363521993,0.486,-1.3311,-0.554,438533.84114948584,-302013.7260377616,-551687.099092664,766735.2058265053
2017-07-04 19:43:07.563046991,0.235,0.5869,-0.7552,438686.71245692694,-302106.99789253256,-551884.2675301506,767001.2481144969
2017-07-04 19:43:07.763616025,2.4096,-0.0279,-2.2894,438840.4806131551,-302200.75892466935,-552082.5597705209,767268.804867109
2017-07-04 19:43:07.963905990,-0.5003,-0.5603,0.5607,438994.0147484122,-302294.4119760275,-552280.5536167101,767535.9707531896
2017-07-04 19:43:08.163640975,1.6529,-1.5681,-2.3754,439147.189399488,-302387.86808364745,-552478.0936095355,767802.5271123232
2017-07-04 19:43:08.363628983,-0.0234,0.7966,-0.4115,439300.5571553432,-302481.4107206871,-552675.900302785,768069.4201203859
2017-07-04 19:43:08.562880992,2.1268,-0.4681,-2.7963,439453.4449216397,-302574.6276848566,-552873.0900416648,768335.4666188103
2017-07-04 19:43:08.763692021,-0.114,-0.5982,0.4848,439607.52434022404,-302668.59813482605,-553071.8031150014,768603.5877839242
2017-07-04 19:43:08.963290989,1.6219,-0.4774,-1.9192,439760.73837789753,-302762.0204147393,-553269.3932506838,768870.1903002018
2017-07-04 19:43:09.163523018,0.0978,0.8372,-0.5741,439914.4422802074,-302855.70543305256,-553467.6330933376,769137.6441977075
2017-07-04 19:43:09.363377988,2.6493,-1.3502,-1.9193,440067.9625594773,-302949.26796184166,-553665.5762891961,769404.7315928808
2017-07-04 19:43:09.562799990,-0.278,-0.2424,0.4915,440221.1391949101,-303042.63743578,-553863.0711122133,769671.2239910952
2017-07-04 19:43:09.763651013,1.063,-1.6589,-2.3379,440375.4563482665,-303136.74289992044,-554062.0754599599,769939.744988473
2017-07-04 19:43:09.963527023,-0.2977,0.8914,-0.1832,440529.0124898155,-303230.3559258514,-554260.1210781402,770206.9471367582
2017-07-04 19:43:10.163598001,1.9629,-1.1061,-2.4283,440682.796988632,-303324.1045415239,-554458.4570798291,770474.5424639194
2017-07-04 19:43:10.363291978,-0.2627,-0.5754,0.5166,440836.28122987226,-303417.6994488995,-554656.3987489849,770741.6219853698
2017-07-04 19:43:10.563216984,1.701,-1.6281,-2.6572,440990.01102834987,-303511.46771281736,-554854.6756281744,771009.1516489409
2017-07-04 19:43:10.763548970,0.0228,0.6868,-0.2416,441144.05468396854,-303605.39929407113,-555053.3658284425,771277.2227811525
2017-07-04 19:43:10.963522970,1.9286,-1.4548,-2.2902,441297.9001931002,-303699.2211998638,-555251.7925607056,771544.9480193102
2017-07-04 19:43:11.164054989,-0.2879,-0.2504,0.5608,441452.1634242778,-303793.3149810795,-555450.7504428822,771813.4016630766
2017-07-04 19:43:11.363537013,0.8103,-1.9177,-2.1011,441605.65117031644,-303886.99239405565,-555648.7501815485,772080.5585365953
2017-07-04 19:43:11.562765002,0.1033,1.0047,-0.325,441758.94755399483,-303980.51063301926,-555846.5106726977,772347.3713399547
2017-07-04 19:43:11.763320028,1.3786,-1.1907,-1.6529,441913.3204794957,-304074.69968000124,-556045.6549094658,772616.0599847721
2017-07-04 19:43:11.963518977,-0.3658,-0.4294,0.6484,442067.4046612458,-304168.7387084866,-556244.4195864057,772884.2514843078
2017-07-04 19:43:12.163882970,0.462,-1.0731,-1.6257,442221.63441731205,-304262.8983431232,-556443.4133898447,773152.7388296688
2017-07-04 19:43:12.363524019,-0.0181,0.6217,-0.1696,442375.3069673734,-304356.6934565484,-556641.6959528083,773420.2523463552
2017-07-04 19:43:12.562767982,1.2194,-1.1154,-1.4522,442528.72227070085,-304450.3462908389,-556839.6417814635,773687.3205956393
2017-07-04 19:43:12.763620018,-0.1709,-0.4118,0.4162,442683.368875303,-304544.7715980383,-557039.1684158904,773956.5350431221
2017-07-04 19:43:12.963522970,0.7826,-0.3773,-1.4448,442837.3160035686,-304638.76579569007,-557237.8099651509,774224.5429625203
2017-07-04 19:43:13.163286983,0.1299,0.5806,-0.1526,442991.1613173594,-304732.67149511573,-557436.3195417309,774492.3630521373
2017-07-04 19:43:13.363708972,0.8326,-0.7318,-1.0534,443145.54680636775,-304826.9158936367,-557635.5252764872,774761.1266435125
2017-07-04 19:43:13.562801003,0.7525,-1.0685,-1.0069,443298.93765319115,-304920.5772590437,-557833.4490351863,775028.1694383295
2017-07-04 19:43:13.763691008,0.1525,0.716,-0.5256,443453.7199070299,-305015.0555724835,-558033.1814289027,775297.6314944669
2017-07-04 19:43:13.963896989,1.7839,0.1927,-1.8626,443608.0466353325,-305109.20446642226,-558232.3083977912,775566.267851352
2017-07-04 19:43:14.163528025,-0.1891,-0.4319,0.3165,443761.9226370579,-305203.1001989577,-558430.8509070193,775834.1263429514
2017-07-04 19:43:14.364315986,2.4117,-1.9494,-2.5628,443916.7876285142,-305297.6186785947,-558630.6473542362,776103.6982727586
2017-07-04 19:43:21.546786010,-0.0893,0.9481,-0.3114,449451.9211292053,-308629.7682300711,-565793.7139890117,785736.5271094125
2017-07-04 19:43:21.747348010,0.4405,0.2988,-0.7786,449606.50091983675,-308722.80255504604,-565993.7654915391,786005.5451853457
2017-07-04 19:43:21.947118997,-0.0428,-0.6952,-0.4253,449760.46934241155,-308815.4976986323,-566193.0449675221,786273.5246538287
2017-07-04 19:43:22.147014021,0.3188,-0.8011,-0.2027,449914.54610197584,-308908.28240662965,-566392.4562748187,786541.6964526315
2017-07-04 19:43:22.346260011,0.9361,0.6288,-1.019,450068.1597558824,-309000.7408916417,-566591.2605719275,786809.0383658006
2017-07-04 19:43:22.547155976,0.0685,0.5768,-0.2453,450223.0482636766,-309093.94175498484,-566791.7210864444,787078.5939851272
2017-07-04 19:43:22.747075021,0.8396,-1.088,-1.2271,450377.2171340615,-309186.7328845064,-566991.2558427488,787346.9106482568
2017-07-04 19:43:22.946775019,-0.0577,-0.6659,0.2369,450531.21478384815,-309279.4489009335,-567190.5625255168,787614.9358824319
2017-07-04 19:43:23.147171020,0.8873,0.0194,-1.142,450685.784785538,-309372.48727612244,-567390.6097015581,787883.9486045369
2017-07-04 19:43:23.346296012,0.1015,0.3775,-0.1839,450839.378453578,-309464.9205884779,-567589.3953727924,788151.2570432744
2017-07-04 19:43:23.547212004,0.5434,-0.7287,-1.0124,450994.37553248095,-309558.2146940607,-567790.0098598462,788421.0235294027
2017-07-04 19:43:23.747062027,0.2054,-0.5649,-1.0199,451148.5584709635,-309651.0363856161,-567989.6007123867,788689.4018956581
2017-07-04 19:43:23.947009027,0.3476,0.968,-0.5082,451302.8301231763,-309743.8644193124,-568189.3087333925,788957.9181309534
2017-07-04 19:43:24.147005975,1.6537,0.6696,-1.7924,451457.2064593852,-309836.68885884434,-568389.1383365118,789226.5806509856
2017-07-04 19:43:24.346598982,0.0059,-0.4849,-0.1117,451611.2712312185,-309929.3451346706,-568588.5687864576,789494.7117196639
2017-07-04 19:43:24.547119021,1.0819,-0.8398,-1.5491,451766.0950754262,-310022.46552983107,-568788.9878000449,789764.1714052962
2017-07-04 19:43:24.747102975,0.3103,0.8847,-0.5995,451920.5174122058,-310115.30158776575,-568988.8949748734,790032.9214290467
2017-07-04 19:43:24.947041988,1.321,0.2057,-2.144,452074.95785450947,-310208.1085603175,-569188.8429336614,790301.7000208759
2017-07-04 19:43:25.146789014,-0.2214,-0.5543,0.0924,452229.24116519507,-310300.8485329796,-569388.5952102034,790570.221751733
2017-07-04 19:43:25.346884012,1.5437,-1.5771,-2.2344,452383.8550538757,-310393.81320850435,-569588.7849288178,790839.3360905924
2017-07-04 19:43:25.547083973,0.2877,0.6015,-0.5771,452538.5615787432,-310486.8025419872,-569789.1027903014,791108.6056459516
2017-07-04 19:43:25.747030973,1.6944,0.1911,-2.4067,452693.140365548,-310579.6667396199,-569989.2637587975,791377.6402744843
2017-07-04 19:43:25.947183012,-0.4113,-0.6864,0.4783,452847.86119073577,-310672.6536641591,-570189.6108246121,791646.9386109423
2017-07-04 19:43:26.147225975,0.9994,-0.81,-1.4813,453002.5376915544,-310765.62232793355,-570389.9079856029,791916.1687373737
2017-07-04 19:43:26.346258997,0.2273,0.9351,-0.5029,453156.44229371805,-310858.0845850221,-570589.2138441975,792184.0448402807
2017-07-04 19:43:26.547326982,1.107,0.3358,-1.2827,453311.96520888666,-310951.4786233337,-570790.6093127659,792454.7176585038
2017-07-04 19:43:26.747103989,-0.0821,-0.7124,-0.0635,453466.48629625246,-311044.3014479582,-570990.7142350309,792723.6639584744
2017-07-04 19:43:26.947000980,0.7887,-0.2525,-1.7595,453621.13170289306,-311137.190110608,-571191.0096457595,792992.8446697865
2017-07-04 19:43:27.147086977,0.1863,1.042,-0.5344,453775.930787802,-311230.12488521467,-571391.5158335873,793262.2834630467
2017-07-04 19:43:27.346252024,1.9589,0.6199,-2.6479,453930.0950711208,-311322.6073129501,-571591.2041708701,793530.5928071806
2017-07-04 19:43:27.547125995,-0.1711,-0.5182,0.3356,454085.57524808205,-311415.90419028286,-571792.5923806364,793801.1991250716
2017-07-04 19:43:27.747205018,1.8484,-1.3131,-2.7757,454240.5141149941,-311508.88441572624,-571993.2947230851,794070.8777820494
2017-07-04 19:43:27.947068989,0.0977,1.0463,-0.4102,454395.2903508259,-311601.72290765104,-572193.7977292561,794340.2644785525
2017-07-04 19:43:28.147186994,2.398,-1.7941,-2.8007,454550.359345815,-311694.75124921097,-572394.6677419004,794610.1577484884
2017-07-04 19:43:28.346364974,-0.1546,-0.5847,0.8051,454704.6937936558,-311787.3657999113,-572594.5622572784,794878.7660750753
2017-07-04 19:43:28.547233998,0.7283,-1.1161,-2.1785,454860.3679444556,-311880.81169162836,-572796.241799037,795149.7529692727
2017-07-04 19:43:28.747089028,-0.0723,0.7135,-0.0431,455015.25335877883,-311973.7573665094,-572996.9049767746,795419.360581256
2017-07-04 19:43:28.947090029,1.7409,-1.2218,-2.0382,455170.32153569255,-312066.8197999524,-573197.7962445868,795689.2831040346
2017-07-04 19:43:29.147194981,-0.1917,-0.4999,0.5659,455325.4626336133,-312159.9506198101,-573398.7692663543,795959.3333139865
2017-07-04 19:43:29.346837997,0.3566,-0.6877,-1.7791,455480.259806305,-312252.8938599822,-573599.3492583925,796228.830341381
2017-07-04 19:43:29.547055006,0.0342,0.5502,-0.0775,455635.50340682553,-312346.0822651831,-573800.5090440585,796499.0968296325
2017-07-04 19:43:29.747016012,1.1941,-0.9612,-1.4748,455790.5962539656,-312439.18995012325,-574001.4705902631,796769.1028711012
2017-07-04 19:43:29.946783006,0.0541,-0.6021,0.2552,455945.5407813602,-312532.2313253249,-574202.2269694658,797038.850516264
2017-07-04 19:43:30.147202014,0.6401,-0.8782,-1.8572,456101.0167393334,-312625.6116510567,-574403.7131914945,797309.5611235498
2017-07-04 19:43:30.346451997,0.0999,0.5076,-0.2013,456255.58978692576,-312718.42714623327,-574604.0321552871,797578.6930815941
2017-07-04 19:43:30.547013998,0.8793,-0.6788,-1.6252,456411.2160345158,-312811.8811161597,-574805.7355499457,797849.6755095223
2017-07-04 19:43:30.747020006,-0.0933,-0.4981,0.2295,456566.4071266617,-312905.0959405079,-575006.8706069096,798119.9060462271
2017-07-04 19:43:30.946934998,0.4663,-0.6784,-1.9472,456721.5462327145,-312998.29545886524,-575207.9919558844,798390.0912231298
2017-07-04 19:43:31.147008001,-0.0714,0.5777,-0.1226,456876.8051012271,-313091.5455164056,-575409.2771769335,798660.4830430996
2017-07-04 19:43:31.347028017,0.2682,-0.7635,-0.9877,457032.0335813876,-313184.8014238696,-575610.5486058492,798930.8500920301
2017-07-04 19:43:31.547022998,0.2956,-0.6695,-0.1134,457187.2544561741,-313278.07243784954,-575811.7993789072,799201.2040853816
2017-07-04 19:43:31.746977984,0.4349,0.6366,-0.807,457342.46167805744,-313371.2993469514,-576013.0421713031,799471.5274852392
2017-07-04 19:43:31.947013974,0.5929,0.2696,-0.7946,457497.7555006575,-313464.55323543475,-576214.3982848438,799741.9929039582
2017-07-04 19:43:32.147179007,0.009,-0.5368,-0.4397,457653.14986372826,-313557.88878935087,-576415.9019100327,800012.6543855313
2017-07-04 19:43:38.930630028,0.4282,-0.8087,-0.9078,462939.0583419839,-316758.1770210129,-583286.4894766504,809241.2762917081
2017-07-04 19:43:39.130631983,0.5986,-0.9723,-1.0097,463094.9309874051,-316852.5725916521,-583489.1009374604,809513.4333517781
2017-07-04 19:43:39.330717027,-0.0654,-0.5718,0.2315,463250.8657704794,-316947.03026953124,-583691.7873034893,809785.7044918215
2017-07-04 19:43:39.530623018,0.9207,-1.243,-1.8427,463406.6978033233,-317041.4530919704,-583894.3659273596,810057.8257811981
2017-07-04 19:43:39.729952991,-0.0936,0.6915,0.0011,463562.07709587127,-317135.5763653149,-584096.3607884811,810329.1502866884
2017-07-04 19:43:39.930388987,1.2241,-1.1843,-1.3325,463718.3677198207,-317230.2694795991,-584299.529991917,810602.0658643851
2017-07-04 19:43:40.130819976,0.2211,-0.7562,0.087,463874.6633217032,-317324.99060690386,-584502.6906250612,810874.989306879
2017-07-04 19:43:40.330627977,0.6562,0.456,-0.9585,464030.49931667396,-317419.39911303483,-584705.258052234,811147.1001139629
2017-07-04 19:43:40.530624985,0.6002,0.2558,-0.8234,464186.5067309106,-317513.88669254695,-584908.0500316815,811419.5020243952
2017-07-04 19:43:40.729948997,0.0034,-0.4859,-0.832,464341.98931054724,-317608.0756233242,-585110.1926653768,811691.0189837891
2017-07-04 19:43:40.930755019,0.219,-0.7773,-0.295,464498.6367619722,-317702.9962089128,-585313.8501613352,811964.5808436087
2017-07-04 19:43:41.130711972,0.4131,0.1527,-1.3921,464654.6383771661,-317797.5093359943,-585516.7021914258,812237.033414938
2017-07-04 19:43:41.329883992,0.3681,0.4968,-0.9829,464810.04220881464,-317891.6317430547,-585718.7969150079,812508.4454514834
2017-07-04 19:43:41.530625998,-0.1469,-0.2961,-0.885,464966.665101279,-317986.50800796686,-585922.5203261424,812782.0241342967
2017-07-04 19:43:41.729708015,0.3601,-1.025,-0.1198,465122.0071094961,-318080.6403403193,-586124.5638423568,813053.3682337628
2017-07-04 19:43:41.930620014,0.542,-0.0989,-1.7656,465278.7989153086,-318175.6419387355,-586328.5358325297,813327.2722432936
2017-07-04 19:43:42.130620002,0.2912,0.4541,-0.6632,465434.890635364,-318270.1941271198,-586531.6084493113,813599.9518194455
2017-07-04 19:43:42.331152975,0.0796,-0.8886,-0.0652,465591.4015291639,-318365.03402370214,-586735.2248613372,813873.3759989253
2017-07-04 19:43:42.530613005,0.6777,-1.1796,-1.1255,465747.1019800173,-318459.41341308365,-586937.7966097896,814145.4035265106
2017-07-04 19:43:42.729893982,0.9411,0.5539,-1.3319,465902.7000341647,-318553.6860821813,-587140.2394055097,814417.2379958745
2017-07-04 19:43:42.930755019,0.3852,0.312,-0.6311,466059.54733589065,-318648.69363319705,-587344.3127925018,814691.2503438186
2017-07-04 19:43:43.130873978,0.0193,-0.6989,-0.2968,466215.81594060065,-318743.3781695485,-587547.6441196434,814964.270548494
2017-07-04 19:43:43.330605983,0.3359,-0.7611,0.0284,466371.7957812443,-318837.9099844633,-587750.5811483285,815236.7817902239
2017-07-04 19:43:43.530362010,0.3653,1.0505,-0.5986,466527.80895813677,-318932.41125128407,-587953.5664701043,815509.3352027022
2017-07-04 19:43:43.729898989,2.0538,0.3005,-2.0138,466683.7328265215,-319026.79692571587,-588156.4093821666,815781.6898772004
2017-07-04 19:43:43.930841028,-0.2265,-0.7229,0.4559,466840.74550318747,-319121.8764155476,-588360.662225099,816055.9555097364
2017-07-04 19:43:44.130039989,0.5572,-0.911,-1.5879,466996.4182783025,-319216.167284058,-588563.2062785903,816327.9144591475
2017-07-04 19:43:44.330618023,0.0655,0.8412,-0.3685,467153.1714257363,-319311.0770942741,-588767.1673887944,816601.7554005461
2017-07-04 19:43:44.530604004,1.2004,0.6456,-2.1377,467309.50988884614,-319405.68093559786,-588970.6119560705,816874.8672804144
2017-07-04 19:43:44.729870021,-0.0118,-0.6259,0.1234,467465.2850536362,-319499.96904882573,-589173.3192083488,817147.0020868097
2017-07-04 19:43:44.930751025,0.5093,-0.6189,-1.6007,467622.3432779256,-319595.04631147766,-589377.7339310641,817421.4107871716
2017-07-04 19:43:45.130837023,0.3107,1.2054,-0.6196,467778.7923677939,-319689.69903919427,-589581.3644680643,817694.7398564251
2017-07-04 19:43:45.330711007,2.2429,0.6327,-2.6091,467935.1652849365,-319784.22619540186,-589784.8834677461,817967.8960697025
2017-07-04 19:43:45.530618011,-0.3683,-0.7578,0.6555,468091.5493172218,-319878.79925170005,-589988.4098939772,818241.0821769646
2017-07-04 19:43:45.729941010,1.8464,-0.9983,-2.6215,468247.54984863393,-319973.1356859605,-590191.4458927867,818513.6030054559
2017-07-04 19:43:45.930692970,-0.1151,0.9511,-0.2155,468404.66412045644,-320068.11009432946,-590395.9461563013,818788.0664170355
2017-07-04 19:43:46.130680024,2.8016,-1.2935,-2.9275,468561.2918042828,-320162.7743640924,-590599.7843168541,819061.6530523972
2017-07-04 19:43:46.330669999,-0.2045,-0.5838,0.5075,468717.9135966246,-320257.4633661755,-590803.6051566909,819335.2337317449
2017-07-04 19:43:46.530677020,1.6635,-0.7928,-2.5748,468874.6152831828,-320352.1921532333,-591007.54636828,819608.9627002558
2017-07-04 19:43:46.729924023,-0.1378,0.9671,-0.1325,469030.7160395596,-320446.5225817523,-591210.7178722817,819881.6374028499
2017-07-04 19:43:46.930763006,2.2574,-0.2817,-2.4443,469188.1550933525,-320541.6180714475,-591415.6113069875,820156.6186365767
2017-07-04 19:43:47.130622029,-0.2179,-0.6129,0.721,469344.8172460754,-320636.27404016326,-591619.4761993223,820430.2422049488
2017-07-04 19:43:47.331093013,1.0715,-0.7827,-2.2495,469502.002154667,-320731.2512976137,-591824.0557227725,820704.805955421
2017-07-04 19:43:47.530598998,-0.1019,0.7625,0.0069,469658.4263727856,-320825.74101740186,-592027.6501954757,820978.0339073042
2017-07-04 19:43:47.729875028,1.5124,-0.6406,-1.8086,469814.730351719,-320920.14726507996,-592231.0818218968,821251.0432578052
2017-07-04 19:43:47.930666983,-0.1046,-0.4551,0.4454,469972.2191431068,-321015.2900248105,-592436.0430282382,821526.1214806052
2017-07-04 19:43:48.130797982,0.6447,-0.04,-1.4526,470129.2153432785,-321110.12120089337,-592640.3877346062,821800.3518076416
2017-07-04 19:43:48.330618977,-0.0072,0.5166,0.0708,470285.9680680022,-321204.7848559445,-592844.4130829858,822074.147324754
2017-07-04 19:43:48.530791997,1.0099,-0.5844,-1.5191,470443.03741020145,-321299.6386965867,-593048.8587323615,822348.5016208455
2017-07-04 19:43:48.729961991,0.0623,-0.6812,0.5061,470599.32218146004,-321394.04426637245,-593252.2598701443,822621.4789127365
2017-07-04 19:43:48.930657029,0.3823,0.0722,-1.3461,470756.8190231767,-321489.16979119316,-593457.272668668,822896.593402345
2017-07-04 19:43:49.130756020,0.0255,0.5927,-0.0941,470913.8491338305,-321583.9890699128,-593661.6803645412,823170.885093374
2017-07-04 19:43:49.330675005,0.8011,-0.8381,-1.4442,471070.7700006369,-321678.7565475017,-593865.961899578,823445.0033037124
2017-07-04 19:43:49.530668020,0.1319,-0.592,0.3043,471227.7542508717,-321773.5827958335,-594070.3069089173,823719.2267468583
2017-07-04 19:43:56.944854021,0.5786,0.0788,-1.3338,477079.3153893074,-325284.67113828164,-601719.1502136657,833954.8705917642
2017-07-04 19:43:57.144931972,-0.1619,-0.6361,-0.4916,477237.2181328949,-325379.4462295555,-601925.580265724,834231.1134080921
2017-07-04 19:43:57.345076024,0.9553,-1.1339,-1.3515,477395.21131086117,-325474.2980536269,-602132.1326552681,834507.5264202381
2017-07-04 19:43:57.544876992,0.3339,0.8023,-0.595,477552.94698866835,-325568.95525593346,-602338.3547283879,834783.4781432267
2017-07-04 19:43:57.744195997,0.8201,0.3956,-0.9308,477710.334755009,-325663.36840824276,-602544.1163283017,835058.8036639094
2017-07-04 19:43:57.944863021,-0.1012,-0.3769,-0.2014,477868.7828791677,-325758.43526506727,-602751.2776291042,835336.0009482888
2017-07-04 19:43:58.144930005,1.1762,-1.2639,-1.8291,478026.8042869504,-325853.26844025764,-602957.8926835597,835612.4691023896
2017-07-04 19:43:58.345007002,0.1913,1.1062,-0.4919,478184.841261319,-325948.0620796051,-603164.5377698874,835888.9526777614
2017-07-04 19:43:58.544847011,1.4213,0.4597,-2.1837,478342.74780449976,-326042.7250788117,-603371.0252967253,836165.1972676204
2017-07-04 19:43:58.744176983,0.1069,-0.2821,-0.2666,478500.2555817878,-326137.157685108,-603576.996413259,836440.7515263759
2017-07-04 19:43:58.944850981,0.3463,-0.5811,-0.9891,478658.83933528623,-326232.2504248661,-603784.3961662742,836718.2098800936
2017-07-04 19:43:59.144931972,0.4776,1.3242,-0.7263,478816.9735811494,-326327.009147403,-603991.2121127037,836994.8598395771
2017-07-04 19:43:59.344923019,2.0766,0.6591,-2.2218,478975.11979623017,-326421.69891065767,-604198.0239515585,837271.4870640832
2017-07-04 19:43:59.544911980,-0.2218,-0.4352,0.1461,479133.2554907514,-326516.4050923323,-604404.8277899144,837548.1091658806
2017-07-04 19:43:59.744345009,1.9407,-1.4691,-3.2869,479291.0287860406,-326610.9064397884,-604611.1874838085,837824.1238534389
2017-07-04 19:43:59.944854021,-0.1882,1.0112,-0.0149,479449.6457349658,-326705.8769876779,-604818.6611305494,838101.6082226678
2017-07-04 19:44:00.145116984,2.2738,-1.3646,-2.4367,479608.15923288645,-326800.78572275816,-605025.9779063077,838378.8963787517
2017-07-04 19:44:00.345076978,-0.3774,-0.358,0.6284,479766.4178327693,-326895.56518887274,-605232.9559157188,838655.7441207437
2017-07-04 19:44:00.544835984,1.0525,-1.2714,-2.2052,479924.5593590382,-326990.3001217684,-605439.8138785866,838932.4211633669
2017-07-04 19:44:00.744225025,-0.2683,0.8844,0.0487,480082.3973317061,-327084.82444000215,-605646.2867926672,839208.5648469342
2017-07-04 19:44:00.944894015,2.0627,-1.8096,-1.9661,480241.3315832169,-327180.0284124247,-605854.164300643,839486.6145169957
2017-07-04 19:44:01.144846022,-0.3034,-0.2133,0.4369,480399.6858382536,-327274.9007524235,-606061.2816022326,839763.6547704014
2017-07-04 19:44:01.344837009,1.5262,-1.5747,-2.5542,480558.13200644037,-327369.8545698025,-606268.5414394651,840040.8824918639
2017-07-04 19:44:01.544858992,-0.1192,0.8042,0.0786,480716.5979626727,-327464.7909287155,-606475.8302545836,840318.1359091209
2017-07-04 19:44:01.744148015,1.4401,-0.8423,-1.865,480874.54043187114,-327559.41285598144,-606682.4335516966,840594.4728383166
2017-07-04 19:44:01.945122003,-0.0243,-0.5662,0.3296,481033.8173043818,-327654.85766952066,-606890.7703424045,840873.1451721219
2017-07-04 19:44:02.144986987,0.5603,-0.3113,-1.5662,481192.2376454538,-327749.7882397461,-607098.0200635288,841150.3428201728
2017-07-04 19:44:02.345094025,-0.009,0.5555,-0.0698,481350.84948704793,-327844.81153541605,-607305.5235772058,841427.869588344
2017-07-04 19:44:02.544852018,1.1524,-0.8216,-1.6808,481509.2306478713,-327939.70186727657,-607512.7322136656,841705.0000217513
2017-07-04 19:44:02.744322001,0.0383,-0.6047,0.3154,481667.3849794797,-328034.4794467363,-607719.6295486061,841981.7323419533
2017-07-04 19:44:02.944857001,0.7555,0.5832,-1.0728,481826.4141160331,-328129.73961293924,-607927.674698806,842259.9818482816
2017-07-04 19:44:03.145007014,0.2743,0.3839,-0.4476,481985.14893698954,-328224.8015196747,-608135.3383748914,842537.7106745938
2017-07-04 19:44:03.344825029,0.2179,-0.6871,-0.7478,482143.62915736856,-328319.7331768745,-608342.687447309,842815.0163001289
2017-07-04 19:44:03.544843971,0.428,-0.8363,-0.2964,482302.28586077224,-328414.79375093663,-608550.256877827,843092.6324236653
2017-07-04 19:44:03.744086980,0.6588,0.0938,-1.1956,482460.35324050375,-328509.48183309124,-608757.0685474148,843369.2196242638
2017-07-04 19:44:03.944833993,1.0102,0.2197,-1.3161,482619.65451666433,-328604.8758230879,-608965.4943917184,843647.9530587634
2017-07-04 19:44:04.144847989,-0.2367,-0.59,0.1365,482778.36464339495,-328699.9450903263,-609173.1537194152,843925.6688136654
2017-07-04 19:44:04.344834029,0.6119,-1.0269,-1.3381,482937.0770597597,-328795.04213997844,-609380.8375390506,844203.414642851
2017-07-04 19:44:04.544847011,0.4861,0.7968,-0.627,483095.8303042908,-328890.1201249106,-609588.5744209824,844481.2149703366
2017-07-04 19:44:04.744726002,1.122,0.4299,-1.5201,483254.5220239028,-328985.1172408082,-609796.2328680286,844758.892254197
2017-07-04 19:44:04.944886028,-0.3686,-0.7156,0.3903,483413.42210054863,-329080.2765949172,-610004.1676511967,845036.9516551212
2017-07-04 19:44:05.144838988,1.2478,-1.1443,-1.9542,483572.20768322964,-329175.3832569303,-610211.9654565951,845314.8264240846
2017-07-04 19:44:05.344900012,0.2234,0.8803,-0.4571,483731.0880225744,-329270.50608557323,-610419.8938608768,845592.8562366627
2017-07-04 19:44:05.545009970,1.0693,0.3569,-1.3242,483890.0500423585,-329365.63788911764,-610627.9261497419,845871.011529557
2017-07-04 19:44:05.744093000,-0.6392,-0.6422,0.6921,484048.1709638098,-329460.3069464941,-610834.8634239142,846147.7152606391
2017-07-04 19:44:05.945343017,2.3588,-1.5758,-2.2388,484208.1085413505,-329556.0702838201,-611044.143852194,846427.5760950651
2017-07-04 19:44:06.145025014,-0.1054,0.9322,-0.1756,484366.79577815515,-329651.0503208685,-611251.8006939839,846705.2448648743
2017-07-04 19:44:06.345076978,2.516,-1.9869,-2.9392,484525.87771995243,-329746.2858524244,-611459.9599075153,846983.6018388191
2017-07-04 19:44:06.544983029,-0.4013,-0.423,0.6223,484684.827594357,-329841.468825625,-611667.9424261979,847261.7355039208
2017-07-04 19:44:06.744098007,1.1383,-1.2274,-2.1532,484843.1935984453,-329936.3238009415,-611875.1872789244,847538.875184872
2017-07-04 19:44:06.944974005,-0.2066,0.923,0.0153,485002.95189241116,-330031.98045198707,-612084.2644368146,847818.4465064261
2017-07-04 19:44:07.145067989,1.7039,-1.0807,-1.99,485162.1564644351,-330127.3079785462,-612292.6073282656,848097.043107231
2017-07-04 19:44:07.345023989,-0.4538,-0.4418,0.5599,485321.23310561775,-330222.5874318547,-612500.7841611565,848375.4281869425
2017-07-04 19:44:07.544822990,1.6302,-1.6348,-2.9127,485480.2499219525,-330317.85733543924,-612708.9138142525,848653.7415261881
2017-07-04 19:44:14.862488985,-0.185,0.749,-0.0225,491294.35634978896,-333767.0230782943,-620332.8959276621,858826.7997947547
2017-07-04 19:44:15.262485980,0.6112,0.2529,-1.1709,491612.2638218949,-333955.52031713433,-620749.824062617,859383.064508573
2017-07-04 19:44:15.462423980,-0.0452,0.5194,-0.0365,491771.16766918916,-334049.71966419,-620958.2265309411,859661.105119275
2017-07-04 19:44:15.625529880,0.0513,-0.684,0.3648,491900.7999946803,-334126.58402972465,-621128.2278901926,859887.9268095292
2017-07-04 19:44:15.661881983,0.8552,-0.9013,-1.292,491929.6928304303,-334143.7163075855,-621166.1185207578,859938.4818893906
2017-07-04 19:44:15.862203001,0.3228,-0.7831,0.067,492088.92194453976,-334238.1564474958,-621374.9150228703,860217.0873364696
2017-07-04 19:44:16.262557029,0.3883,0.2761,-0.4995,492407.21348194056,-334426.8566934436,-621792.2878951501,860773.9747766494
2017-07-04 19:44:16.462508022,0.3942,-0.8463,-0.9594,492566.1953185259,-334521.1341205716,-622000.7770594487,861052.1544055502
2017-07-04 19:44:16.625039930,0.5879,0.1838,-1.2609,492695.4406208624,-334597.7634938271,-622170.2826031492,861278.3064132867
2017-07-04 19:44:16.661767005,0.2676,-0.7595,-0.4545,492724.6463358399,-334615.08033507335,-622208.5861125072,861329.4106940452
2017-07-04 19:44:16.862456977,0.5947,0.4189,-0.9359,492884.26083885046,-334709.6889237662,-622417.9279846333,861608.6974484348
2017-07-04 19:44:17.262484014,-0.0514,-0.8028,-0.4389,493202.4056139372,-334898.3967836687,-622835.2707305104,862165.4850071385
2017-07-04 19:44:17.463145017,0.4599,-0.9309,-1.0594,493362.01146899944,-334993.09363904793,-623044.6602717567,862444.8364038977
2017-07-04 19:44:17.629349940,0.6044,0.1977,-0.7942,493494.22763800476,-335071.52436278324,-623218.1168695488,862676.2430629793
2017-07-04 19:44:17.662715971,0.4256,0.5553,-0.748,493520.77082014905,-335087.26889767754,-623252.93952414,862722.69915292
2017-07-04 19:44:17.862542986,2.6001,-0.1943,-2.5607,493679.84005606896,-335181.56966371404,-623461.5924150919,863001.0581319002
2017-07-04 19:44:18.262939989,1.3276,-1.3874,-2.0896,493998.7827980487,-335370.7442385207,-623880.0089853076,863559.2620709713
2017-07-04 19:44:18.462471008,-0.0341,1.0327,-0.2041,494157.72111739137,-335464.97504762915,-624088.5278741228,863837.4230419343
2017-07-04 19:44:18.624809860,-0.34,-0.5645,0.3329,494287.0247042072,-335541.6563066589,-624258.1705024813,864063.7299106233
2017-07-04 19:44:18.662338018,1.3582,0.3099,-2.1558,494316.9179546778,-335559.3824117533,-624297.3901234589,864116.048812734
2017-07-04 19:44:18.862657010,-0.1341,-0.5664,0.2699,494476.4777139972,-335654.0241060485,-624506.7270297208,864395.3164012396
2017-07-04 19:44:19.262534022,-0.2893,1.0099,-0.0045,494794.9448373125,-335842.7864850192,-624924.6063325395,864952.7029095063
2017-07-04 19:44:19.463023006,2.261,-0.5885,-2.791,494954.70768940786,-335937.45118349144,-625134.2334308003,865232.3061344174
2017-07-04 19:44:19.625159740,1.7755,-1.8382,-3.1511,495083.9556128707,-336014.05545868096,-625303.8430538471,865458.5285898952
2017-07-04 19:44:19.661804020,-0.3617,-0.7075,0.4689,495113.16625645186,-336031.3696260216,-625342.1756406487,865509.6564500068
2017-07-04 19:44:19.862582027,1.5041,-1.7062,-2.8994,495273.27519169886,-336126.30461738585,-625552.3209448186,865789.9375797233
2017-07-04 19:44:20.262511014,2.7332,-1.1192,-3.7538,495592.63275829685,-336315.5842922342,-625971.5090119838,866348.9827874602
2017-07-04 19:44:20.462610006,-0.484,-0.2931,0.6552,495752.39956427773,-336410.29952114896,-626181.2177870595,866628.6683504841
2017-07-04 19:44:20.624799720,-0.1919,0.9417,-0.012,495881.89308248495,-336487.04593003844,-626351.197001234,866855.3546876616
2017-07-04 19:44:20.662213027,0.9079,-2.1558,-2.2552,495911.76542610384,-336504.75251764286,-626390.4103172675,866907.6500368594
2017-07-04 19:44:20.862556993,0.0129,0.8907,-0.1948,496071.7289162613,-336599.53351187083,-626600.4009439247,867187.6778722497
2017-07-04 19:44:21.262477993,0.1379,-0.792,0.2472,496391.06559940666,-336788.859341394,-627019.5388007069,867746.6956556175
2017-07-04 19:44:21.462481021,0.653,-0.075,-1.2917,496550.79402035323,-336883.54538934486,-627229.2039702022,868026.3178668212
2017-07-04 19:44:21.626779790,0.7317,-1.3179,-1.5104,496682.0277000259,-336961.36379281717,-627401.4807806667,868256.0770965545
2017-07-04 19:44:21.661732017,0.291,0.4253,-0.5518,496709.94615491456,-336977.91803211294,-627438.1308966624,868304.9556196099
2017-07-04 19:44:21.862510979,0.3313,-0.8002,-0.766,496870.33379474026,-337073.0441728594,-627648.6940616777,868585.7751947037
2017-07-04 19:44:22.262474000,0.6053,0.2213,-1.1317,497189.9318530345,-337262.5054111436,-628068.3288056677,869145.3569691153
2017-07-04 19:44:22.462463974,0.6638,0.2495,-0.9769,497349.76419444015,-337357.2300604199,-628278.1941295125,869425.1996790442
2017-07-04 19:44:22.627080200,0.2985,-0.7626,-0.0077,497481.3338626997,-337435.22070573765,-628450.9391857682,869655.5574927437
2017-07-04 19:44:22.661873996,-0.0698,-0.4682,-0.0183,497509.1427512783,-337451.70561718673,-628487.4511386927,869704.2468470939
2017-07-04 19:44:22.862689018,0.1813,-0.8904,-1.062,497669.651163669,-337546.8854357845,-628698.2254601012,869985.3103664721
2017-07-04 19:44:23.262543022,0.4764,0.4126,-1.0471,497989.324594886,-337736.33731970494,-629118.0773950142,870545.0914581044
2017-07-04 19:44:23.461919009,-0.087,-0.386,0.0157,498148.71732925053,-337830.8175331045,-629327.4241654254,870824.2145568487
2017-07-04 19:44:23.624909990,0.3175,0.9702,-0.679,498279.0302130171,-337908.02985994495,-629498.584355811,871052.407321066
2017-07-04 19:44:23.661858975,1.0874,-0.9135,-1.8578,498308.5727725259,-337925.53463450697,-629537.3877832496,871104.1403147884
2017-07-04 19:44:23.862932980,-0.0332,1.0544,-0.4527,498469.340143043,-338020.7518640361,-629748.5718479862,871385.6640420172
2017-07-04 19:44:24.262488007,-0.2819,-0.7105,0.5477,498788.7566782256,-338210.0718608222,-630168.1291813774,871945.036990675
2017-07-04 19:44:24.463469028,0.9944,-1.2612,-2.0968,498949.4672337685,-338305.3530577942,-630379.2563017305,872226.5127453665
2017-07-04 19:44:24.625259870,1.8943,0.271,-2.8045,499078.88971236337,-338382.047858601,-630549.288221623,872453.1811772488
2017-07-04 19:44:24.661728024,-0.0071,0.9939,-0.1291,499108.06192813534,-338399.33378106053,-630587.6141116509,872504.2725718593
2017-07-04 19:44:24.862926006,1.7617,-1.1706,-2.6189,499269.0788981762,-338494.74910749926,-630799.1673998416,872786.2842125301
2017-07-04 19:44:25.262308001,1.1756,-1.2229,-2.2474,499588.88830068393,-338684.34548763075,-631219.4633572756,873346.5257919935
2017-07-04 19:44:25.461651027,-0.0576,0.9426,-0.1372,499748.51207115065,-338778.94103043166,-631429.250594687,873626.1469928642
2017-07-04 19:44:25.629209870,-0.2827,-0.4435,0.579,499882.6767451335,-338858.46626981685,-631605.5721192721,873861.1728442482
2017-07-04 19:44:31.863961994,2.262,-0.5299,-3.061,504962.7830131224,-341838.1454135103,-638285.3653480302,882750.7788190133
2017-07-04 19:44:32.263979017,0.5504,0.156,-1.1825,505288.8068949645,-342029.29443181836,-638714.1250908339,883321.3176491404
2017-07-04 19:44:32.463968992,0.4525,0.4361,-0.4937,505451.8218263598,-342124.8426410136,-638928.5048398391,883606.5789912367
2017-07-04 19:44:32.639870160,0.2049,-0.6248,0.1809,505595.2079372963,-342208.9013935532,-639117.0569352544,883857.4879174366
2017-07-04 19:44:32.663326978,0.1794,-0.5469,-0.7126,505614.32889771624,-342220.11111895536,-639142.2011750839,883890.947664863
2017-07-04 19:44:32.864125013,0.4583,-0.8055,-0.4452,505778.0290521236,-342316.1025128323,-639357.4620433119,884177.4103548969
2017-07-04 19:44:33.263974010,1.0342,0.2077,-1.3199,506104.17041062465,-342507.2169063533,-639786.3218953316,884748.078621434
2017-07-04 19:44:33.463958978,-0.2063,-0.5779,-0.1386,506267.2821617474,-342602.82611802954,-640000.8222213441,885033.5077812024
2017-07-04 19:44:33.640169970,0.4093,0.9501,-0.6418,506411.01609008864,-342687.0399190221,-640189.8429308891,885285.0159907452
2017-07-04 19:44:33.663146972,0.6863,-0.7998,-1.3994,506429.75861328474,-342698.02138536936,-640214.4909926085,885317.8122840868
2017-07-04 19:44:33.863965988,0.3709,0.9699,-0.6133,506593.5832388836,-342793.96029569954,-640429.9398052352,885604.4633994108
2017-07-04 19:44:34.264010012,-0.1502,-0.5263,-0.0477,506919.9080890656,-342985.16082442296,-640859.1349316436,886175.5156785345
2017-07-04 19:44:34.463753998,1.4303,-1.497,-2.5972,507082.90078775835,-343080.6879334111,-641073.537831369,886460.776127076
2017-07-04 19:44:34.642979740,1.0224,0.319,-1.4627,507229.1832757588,-343166.391991794,-641265.9636683719,886716.7829238289
2017-07-04 19:44:34.663308024,0.1376,0.9276,-0.3091,507245.7751007846,-343176.11240203417,-641287.7892717299,886745.8199224804
2017-07-04 19:44:34.864022970,1.3531,-0.7185,-2.3418,507409.6519628147,-343272.11755602376,-641503.3826109762,887032.6327129944
2017-07-04 19:44:35.264138996,0.9462,-1.4287,-2.1992,507736.48444023606,-343463.7281456111,-641933.5101067083,887604.8116033011
2017-07-04 19:44:35.464100003,-0.2149,0.8421,-0.0047,507899.8128475044,-343559.45331457077,-642148.46976038,887890.7450063517
2017-07-04 19:44:35.639700290,-0.1835,-0.5579,0.4745,508043.2377290904,-343643.5337427732,-642337.2268172168,888141.837006179
2017-07-04 19:44:35.663259029,1.5824,-1.3006,-2.3056,508062.4806564845,-343654.8147927885,-642362.5519634206,888175.5255274966
2017-07-04 19:44:35.864323019,-0.3202,-0.4751,0.698,508226.6980537646,-343751.11304601876,-642578.6632827047,888463.0227765231
2017-07-04 19:44:36.263957023,-0.2286,0.8589,-0.0133,508553.059404381,-343942.3779067228,-643008.2074239342,889034.3797425542
2017-07-04 19:44:36.464046001,1.7514,-1.5943,-2.6882,508716.5323074021,-344038.204333562,-643223.3794499706,889320.5902007277
2017-07-04 19:44:36.639860030,1.356,-1.9244,-2.9146,508860.2144665928,-344122.4645087593,-643412.5367319515,889572.1898027243
2017-07-04 19:44:36.662981986,-0.3756,-0.3801,0.6284,508879.11044023803,-344133.54608058766,-643437.4131727552,889605.2783402844
2017-07-04 19:44:36.863987982,0.8376,-1.1156,-2.0395,509043.4125647549,-344229.9265331185,-643653.7538263557,889893.0233524287
2017-07-04 19:44:37.264096975,0.8812,-0.8662,-1.6995,509370.6023729243,-344421.9136358992,-644084.6590238205,890466.1212781774
2017-07-04 19:44:37.464034020,0.2777,-0.9161,-0.1006,509534.11233185354,-344517.8874506474,-644299.9891523323,890752.5259155667
2017-07-04 19:44:37.639780160,-0.1237,0.6597,0.0387,509677.83497333206,-344602.22876705474,-644489.2647311717,891004.2670425607
2017-07-04 19:44:37.663384020,0.3916,0.345,-0.84,509697.13808549166,-344613.55616715475,-644514.686151599,891038.0779359587
2017-07-04 19:44:37.863741993,0.4611,0.3228,-0.6067,509861.0082886834,-344709.69421654067,-644730.4965799979,891325.1002189408
2017-07-04 19:44:38.263976991,0.3098,-1.0723,-0.1694,510188.4049601569,-344901.9113110038,-645161.6265319055,891898.5712125939
2017-07-04 19:44:38.464109003,0.5689,0.749,-0.8392,510352.1379537393,-344997.9968286934,-645377.2407534757,892185.3537311254
2017-07-04 19:44:38.639969700,0.4776,-1.0922,-0.9076,510496.0287495246,-345082.46320712665,-645566.7341007979,892437.3983421491
2017-07-04 19:44:38.663353025,0.3686,0.3833,-0.4658,510515.16139680316,-345093.6940731198,-645591.9303464135,892470.9117015771
2017-07-04 19:44:38.863983988,0.0177,-0.6411,-0.6572,510679.32188759104,-345190.0816865579,-645808.1427801605,892758.4889428398
2017-07-04 19:44:39.263773024,0.3951,0.6967,-0.8187,511006.5008688008,-345382.037949603,-646239.111223429,893331.6209243039
2017-07-04 19:44:39.463988006,0.5843,0.2721,-0.7671,511170.37604271,-345478.159042546,-646454.9716519392,893618.6782361824
2017-07-04 19:44:39.640130040,0.3084,-0.7619,-0.2681,511314.55717195326,-345562.74660676497,-646644.886312477,893871.2419652162
2017-07-04 19:44:39.663339972,-0.1591,-0.5725,-0.2038,511333.5555849542,-345573.89287260675,-646669.9111495074,893904.522020328
2017-07-04 19:44:39.863977015,0.663,-0.9364,-1.2274,511497.8130614956,-345670.28387957584,-646886.28645336,894192.2754785449
2017-07-04 19:44:40.264090001,2.3968,-0.5899,-2.8081,511825.76115023944,-345862.6025096314,-647318.2344325527,894766.6993248209
2017-07-04 19:44:40.463995993,-0.1794,-0.834,0.3773,511989.60466891143,-345958.72281337366,-647534.03086872,895053.693536193
2017-07-04 19:44:40.639790290,-0.1159,0.9494,-0.2256,512133.6825921655,-346043.22021052917,-647723.8059531394,895306.0638114242
2017-07-04 19:44:40.663276016,1.7542,-0.8278,-2.4868,512152.93204895145,-346054.5093309295,-647749.1608528243,895339.7816584195
2017-07-04 19:44:40.864068984,0.1179,1.0617,-0.3232,512317.51147047523,-346150.98370326945,-647965.9474915237,895628.0506921551
2017-07-04 19:44:41.264011025,-0.2325,-0.5538,0.3325,512645.2857101432,-346343.2311931593,-648397.6927489198,896202.2041460705
2017-07-04 19:44:41.464734017,2.2592,-1.421,-2.5788,512809.8801340259,-346439.77365375427,-648614.4810446918,896490.5102415828
2017-07-04 19:44:41.639680020,2.6707,-0.0652,-3.3174,512953.418964973,-346523.92005860264,-648803.5307664479,896741.9131141608
2017-07-04 19:44:41.663109004,0.1564,0.8024,-0.3923,512972.64194769453,-346535.1886082343,-648828.8487531592,896775.5813495883
2017-07-04 19:44:41.863974988,2.2851,-0.8755,-2.7701,513137.5404096957,-346631.83368314116,-649046.0216731901,897064.3799360467
2017-07-04 19:44:42.264015018,1.8672,-1.0768,-3.2317,513466.24716977996,-346824.482092892,-649479.0553938696,897640.1571659624
2017-07-04 19:44:42.463984012,-0.1801,0.7907,-0.1619,513630.551424882,-346920.7501092458,-649695.523499195,897927.9611796724
2017-07-04 19:44:42.641660090,-0.1488,-0.7766,0.7124,513776.5340380853,-347006.3105041073,-649887.8368472464,898183.671049443
2017-07-04 19:45:16.128350250,1.3053,-0.6462,-2.9553,542753.6518069655,-363856.53833197727,-689447.1703952331,949900.2620289774
2017-07-04 19:45:16.212792992,1.9911,0.3717,-2.4226,542826.7370447615,-363899.0265767099,-689546.9436797089,950030.7129415171
2017-07-04 19:45:16.412910997,-0.2441,-0.5413,0.4199,542999.9295082481,-363999.7397118219,-689783.3762042135,950339.8550223599
2017-07-04 19:45:16.613238990,2.6256,-1.5298,-2.9796,543173.4090749557,-364100.619920199,-690020.1763975371,950649.4924987182
2017-07-04 19:45:16.811945021,0.0109,0.8582,-0.2259,543345.4844891817,-364200.6494635004,-690255.06824998,950956.6172172123
2017-07-04 19:45:17.127840040,2.2612,0.1997,-2.9344,543619.2688472755,-364359.65256224805,-690628.7828849637,951445.2068440383
2017-07-04 19:45:17.212867975,-0.201,-0.8028,0.6874,543692.960606093,-364402.45646164543,-690729.3688767264,951576.7161489087
2017-07-04 19:45:17.412850022,2.3979,-2.1205,-3.1262,543866.3763529375,-364503.21419727424,-690966.0678298017,951886.1987546606
2017-07-04 19:45:17.612787008,-0.1689,1.0034,-0.1097,544039.7462730962,-364603.90911893075,-691202.7178338672,952195.5960886528
2017-07-04 19:45:17.812012970,2.6707,-0.2812,-3.0256,544212.6056508402,-364704.257106337,-691438.6463426533,952504.045638087
2017-07-04 19:45:18.127859710,-0.4294,-0.5118,0.3755,544486.6087789017,-364863.3967897278,-691812.6427169568,952993.0210025186
2017-07-04 19:45:18.213051974,2.2187,-1.5957,-2.9306,544560.5308108667,-364906.33257493726,-691913.5407529805,953124.9399462959
2017-07-04 19:45:18.412826001,-0.042,0.837,-0.2855,544733.8747099078,-365006.9826635222,-692150.1558718283,953434.2819109216
2017-07-04 19:45:18.612944006,2.2126,-0.1177,-3.0059,544907.6056870878,-365107.8107685541,-692387.2987809002,953744.2968285328
2017-07-04 19:45:18.812039017,-0.2929,-0.6388,0.5337,545080.436949324,-365208.1487662498,-692623.2082711322,954052.7151609252
2017-07-04 19:45:19.129969710,2.0841,-1.3241,-2.6422,545356.6382674163,-365368.51027326845,-693000.1943157103,954545.588499186
2017-07-04 19:45:19.212674021,-0.2379,1.0645,-0.0479,545428.4857576541,-365410.21833521157,-693098.26120867,954673.7979174647
2017-07-04 19:45:19.412967979,2.0879,-1.4888,-2.5076,545602.570342487,-365511.286978452,-693335.8609888833,954984.4406094629
2017-07-04 19:45:19.612577974,-0.3658,-0.5294,0.6806,545776.0458889916,-365612.03158639016,-693572.6222963968,955294.0030723789
2017-07-04 19:45:19.812170982,0.8082,-1.0065,-2.0163,545949.538869124,-365712.8077171783,-693809.4437793851,955603.6317413463
2017-07-04 19:45:20.129640100,-0.1582,0.7572,-0.0912,546225.4777987171,-365873.0241376239,-694186.1370447881,956096.0910145028
2017-07-04 19:45:20.212867975,2.4719,-0.8751,-2.2569,546297.8352197041,-365915.03262243076,-694284.9067874497,956225.2180619726
2017-07-04 19:45:20.412976980,-0.4412,-0.54,0.7476,546471.7901730298,-366016.05737860163,-694522.3539572598,956535.6615726488
2017-07-04 19:45:20.612780988,0.8197,-1.1172,-1.9574,546645.5127159354,-366116.9727579142,-694759.5173635668,956845.7249113587
2017-07-04 19:45:20.811944007,-0.1963,0.7962,0.0491,546818.6701550792,-366217.5328097328,-694995.9179810104,957154.776082575
2017-07-04 19:45:21.128880140,2.3515,-1.1424,-2.183,547094.4587662119,-366377.6728224135,-695372.3310831811,957646.920734108
2017-07-04 19:45:21.212934970,-0.2241,-0.4724,0.6175,547167.599252895,-366420.1469929128,-695472.1554745934,957777.4401367791
2017-07-04 19:45:21.413205027,0.6631,0.1462,-1.0376,547341.8912588661,-366521.34060267813,-695710.0398959575,958088.4607676117
2017-07-04 19:45:21.612900972,0.333,0.3945,-0.318,547515.696903365,-366622.2283897634,-695947.2550579847,958398.6010673204
2017-07-04 19:45:21.811922013,0.3096,-0.6502,-0.7891,547688.9274072878,-366722.80096464645,-696183.6997696473,958707.7332413959
2017-07-04 19:45:22.128459930,0.3507,-0.9032,-0.4599,547964.4812681394,-366882.8495909564,-696559.8051657396,959199.4892763312
2017-07-04 19:45:22.212916016,0.4992,0.5668,-0.7366,548038.0058805767,-366925.5484276344,-696660.1598186112,959330.7001534831
2017-07-04 19:45:22.412795007,0.2268,0.4982,-0.3888,548212.0228318993,-367026.58222864673,-696897.6808734024,959641.241113892
2017-07-04 19:45:22.612989008,-0.0173,-0.7562,-0.6316,548386.3133412125,-367127.8055659983,-697135.6015752561,959952.301556367
2017-07-04 19:45:22.812071979,0.1559,-0.6709,0.0829,548559.6427578062,-367228.4937279134,-697372.1985870607,960261.64748489
2017-07-04 19:45:23.128009910,0.5065,0.1376,-1.0489,548834.7612275678,-367388.2686952519,-697747.7747278382,960752.6696524273
2017-07-04 19:45:23.212795972,0.3095,0.4481,-0.4565,548908.5950799626,-367431.14316914044,-697848.5687624402,960884.4444817628
2017-07-04 19:45:23.412931025,0.248,-0.586,-0.8708,549082.8876915978,-367532.37059935473,-698086.5250519434,961195.5354938052
2017-07-04 19:45:23.612563014,0.2936,-0.727,-0.3478,549256.7538981992,-367633.37255508965,-698323.8970699796,961505.8728567495
2017-07-04 19:45:23.811945974,0.4567,0.4874,-0.7824,549430.4213725305,-367734.2291410212,-698561.0040837695,961815.8491302073
2017-07-04 19:45:24.127580160,2.7251,-0.274,-2.8184,549705.6180190282,-367893.91795799154,-698936.6383035844,962306.9290591639
2017-07-04 19:45:24.212835013,-0.0466,-0.6162,-0.1123,549779.9500900662,-367937.0554281299,-699038.1003734294,962439.5752730927
2017-07-04 19:45:24.412910997,1.3836,-1.36,-1.7895,549954.4478888733,-368038.3448312553,-699276.2830683562,962750.9740741794
2017-07-04 19:45:24.612667977,-0.2528,0.9031,-0.1998,550128.6573784626,-368139.4367008482,-699514.0939739897,963061.8631176812
2017-07-04 19:45:24.811949014,2.3152,-0.46,-2.7939,550302.5437381404,-368240.3059758792,-699751.4492229152,963372.1520157448
2017-07-04 19:45:25.130119910,-0.2944,-0.4245,0.5195,550580.1398433109,-368401.3962223994,-700130.3565845422,963867.5195999143
2017-07-04 19:45:25.212830007,1.813,-1.6781,-2.7139,550652.3147255514,-368443.28390799876,-700228.8739916584,963996.3180122338
2017-07-04 19:45:25.412792026,-0.1834,0.9149,-0.1615,550826.7992101128,-368544.516052298,-700467.0586202887,964307.6911714639
2017-07-04 19:45:25.613206982,2.8083,-1.4572,-3.0337,551001.7917207367,-368646.03602918214,-700705.9046165947,964619.9454313866
2017-07-04 19:45:25.812240004,-0.2524,-0.3492,0.427,551175.567595756,-368746.8698221682,-700943.0867676632,964930.034357689
2017-07-04 19:45:26.129759900,2.0843,-1.7738,-2.3111,551453.0045826994,-368907.91007930954,-701321.6994540384,965425.0817683737
2017-07-04 19:45:26.212804019,-0.1672,0.8116,-0.0891,551525.5642689669,-368950.02293355594,-701420.7223892385,965554.5542650167
2017-07-04 19:45:26.412557005,1.8047,-0.8906,-1.9462,551700.1701791722,-369051.3560507793,-701658.9882181304,965866.0967887511
2017-07-04 19:45:26.612821996,-0.357,-0.5538,0.7604,551875.2093197603,-369152.97111484804,-701897.8342711309,966178.416494155
2017-07-04 19:45:33.347021996,0.8882,-1.0976,-1.9032,557801.4329923568,-372619.70018339064,-710015.6873598596,976785.6243363641
2017-07-04 19:45:33.546797990,0.1745,-0.6145,-0.6869,557977.2466189704,-372722.56828972115,-710256.538059955,977100.3379970173
2017-07-04 19:45:33.746233999,0.2349,-0.8622,-0.188,558152.7703835681,-372825.29562567396,-710496.9863504857,977414.5403861892
2017-07-04 19:45:33.947103977,0.5344,0.1369,-1.1053,558329.5777476106,-372928.75605983986,-710739.2080907469,977731.0450229279
2017-07-04 19:45:34.146171987,0.3163,0.4306,-0.5362,558504.8115393411,-373031.27130543994,-710979.2781524503,978044.7269151483
2017-07-04 19:45:34.347069978,0.2627,-0.7406,-0.8049,558681.6668128079,-373134.7588379359,-711221.5876022324,978361.3339442753
2017-07-04 19:45:34.546902000,0.3684,-0.8579,-0.3104,558857.5983997008,-373237.73152177106,-711462.6237480886,978676.2919939939
2017-07-04 19:45:34.746667981,0.375,0.6169,-0.7389,559033.4868091886,-373340.64555664186,-711703.609722574,978991.1670136923
2017-07-04 19:45:34.946805000,0.8107,0.3724,-1.67,559209.7343797993,-373443.73582384584,-711945.1101871221,979306.6888215098
2017-07-04 19:45:35.146103024,-0.0082,-0.5587,0.02,559385.2427767371,-373546.416117428,-712185.5974624517,979620.8960937455
2017-07-04 19:45:35.346684992,1.0801,-1.3367,-1.8906,559561.9253128029,-373649.8116911513,-712427.7101013531,979937.2286819505
2017-07-04 19:45:35.546989023,0.3638,1.0454,-0.4239,559738.3776244638,-373753.02205126034,-712669.5042637477,980253.1281182696
2017-07-04 19:45:35.747182011,1.8075,-0.009,-2.5654,559914.8045554541,-373856.17555510305,-712911.2671962961,980568.9691482639
2017-07-04 19:45:35.946973025,0.0582,-0.8152,-0.2247,560090.8795562191,-373959.1544735659,-713152.5536544295,980884.196712577
2017-07-04 19:45:36.146232008,0.563,-0.8416,-0.8105,560266.5080336792,-374061.89258060267,-713393.2297619925,981198.6342099555
2017-07-04 19:45:36.346915006,0.6546,0.706,-0.7998,560443.4180126068,-374165.33647781896,-713635.6580851334,981515.3469537878
2017-07-04 19:45:36.546979010,2.4456,0.1413,-2.5436,560619.8802105277,-374268.45565326634,-713877.4404625929,981831.2110468735
2017-07-04 19:45:36.747030019,-0.2545,-0.6236,0.3888,560796.3207612919,-374371.5930874141,-714119.1915753343,982147.047476303
2017-07-04 19:45:36.947250008,1.3294,-1.1241,-1.9362,560972.9636417121,-374474.86270313105,-714361.2245099806,982463.2551993452
2017-07-04 19:45:37.146147012,0.2299,1.1042,-0.5814,561148.4484214257,-374577.40626648284,-714601.681174221,982777.3792615101
2017-07-04 19:45:37.347002029,1.7537,0.4787,-2.4435,561325.7314849179,-374680.93999315315,-714844.6035570498,983094.7008583999
2017-07-04 19:45:37.546900987,0.0405,-0.7149,-0.0916,561502.1723089954,-374784.0094720066,-715086.3733027949,983410.5269657113
2017-07-04 19:45:37.747099995,1.097,-0.7519,-1.8348,561678.9219395868,-374887.26379488915,-715328.5794850696,983726.9176631098
2017-07-04 19:45:37.946928977,0.1662,1.052,-0.3778,561855.351522084,-374990.2852656824,-715570.3530860342,984042.7227988194
2017-07-04 19:45:38.146364986,2.2116,0.1051,-2.4806,562031.5221133647,-375093.0999596319,-715811.7498931267,984358.0277375971
2017-07-04 19:45:38.346917986,-0.0493,-0.5467,0.0511,562208.6774089633,-375196.51248195855,-716054.4966477922,984675.1048452902
2017-07-04 19:45:38.546900987,0.8916,-1.0508,-1.1675,562385.3648629693,-375299.673116637,-716296.6001751096,984991.3515741803
2017-07-04 19:45:38.746392011,0.3811,0.9477,-0.7187,562561.6328157232,-375402.54225114424,-716538.1367068347,985306.835863944
2017-07-04 19:45:38.946942985,1.8352,-0.0021,-2.7086,562738.9111410074,-375505.95804176986,-716781.0655295331,985624.118281755
2017-07-04 19:45:39.146170973,-0.2743,-0.5901,0.2306,562915.0091168369,-375608.7150457022,-717022.3826569432,985939.3041857759
2017-07-04 19:45:39.346965014,1.6475,-1.1286,-1.8755,563092.5577540329,-375712.3252852751,-717265.6723004266,986257.0783674155
2017-07-04 19:45:39.547138988,0.0824,1.026,-0.5253,563269.5614095092,-375815.5744572575,-717508.2316958861,986573.873243386
2017-07-04 19:45:39.746631979,1.941,0.0578,-2.5977,563446.0401532408,-375918.47007983376,-717750.0692968626,986889.7092822386
2017-07-04 19:45:39.946793019,-0.4704,-0.4035,0.4447,563623.0910310622,-376021.72643850185,-717992.698931025,987206.5858853748
2017-07-04 19:45:40.146368026,1.4131,-1.6866,-2.5365,563799.6798220226,-376124.7476600129,-718234.7192215779,987522.6664056993
2017-07-04 19:45:40.346792995,-0.2558,0.9253,-0.0424,563977.0104043796,-376228.1704650194,-718477.7719458631,987840.0747572499
2017-07-04 19:45:40.546938002,2.1951,-1.5052,-2.5117,564154.1812153122,-376331.5091000531,-718720.585777651,988157.1865572868
2017-07-04 19:45:40.747628986,-0.3023,-0.4332,0.4651,564331.8231560725,-376435.14708123094,-718964.0432502594,988475.1499514217
2017-07-04 19:45:40.947502970,1.6124,-1.413,-2.3201,564508.8063427457,-376538.41960769676,-719206.6023103509,988791.9450956165
2017-07-04 19:45:41.146642029,-0.2264,0.8615,-0.0435,564685.1297943465,-376641.2782431383,-719448.2712199552,989107.5589888418
2017-07-04 19:45:41.346678018,2.3162,-2.2479,-2.343,564862.340094918,-376744.69010620256,-719691.1223693783,989424.7502453236
2017-07-04 19:45:41.546715021,-0.0523,-0.4584,0.8667,565039.54920101,-376848.1208362562,-719933.9400690059,989741.9241410263
2017-07-04 19:45:41.746657013,0.8154,-1.6882,-2.1136,565216.7067356854,-376951.5699289474,-720176.726933174,990059.0536231721
2017-07-04 19:45:41.946904003,-0.116,0.9982,-0.0586,565394.1298607431,-377055.13679956115,-720419.8865020927,990376.6511462246
2017-07-04 19:45:42.146196007,1.3561,-1.5126,-2.0105,565570.7607083708,-377158.2698319695,-720661.9662848231,990692.8462043104
2017-07-04 19:45:42.347397983,-0.2966,-0.3865,0.5046,565749.0723412851,-377262.4069157164,-720906.3456811501,991012.0563193033
2017-07-04 19:45:42.546899974,1.0346,-1.5783,-1.9323,565925.9185712254,-377365.7269479602,-721148.7371876793,991328.6732123874
2017-07-04 19:45:42.746906995,-0.2099,0.8805,-0.0121,566103.204082572,-377469.27330758143,-721391.7427810538,991646.0742203308
2017-07-04 19:45:42.947113990,1.7524,-1.1624,-2.1845,566280.7370913306,-377572.96978876105,-721635.0789008674,991963.9145735425
2017-07-04 19:45:43.146229028,-0.0806,-0.4163,0.5024,566457.2986146548,-377676.1171997665,-721877.0679128403,992280.0118088358
2017-07-04 19:45:43.346888005,0.7364,-0.7677,-1.7845,566635.2588473416,-377780.0953270045,-722121.0051599744,992598.6414898654
2017-07-04 19:45:43.547060012,-0.2176,0.8732,0.035,566812.7784775842,-377883.7861264253,-722364.3490046653,992916.4790533264
2017-07-04 19:45:43.746990978,1.4407,-0.9582,-1.7491,566990.1419323492,-377987.39036610647,-722607.4697378608,993234.0326656142
2017-07-04 19:45:43.946990013,0.1583,-0.599,0.1427,567167.5721046613,-378091.0538389167,-722850.6675366083,993551.7034348233
2017-07-04 19:45:52.763028025,0.5623,0.0319,-1.0375,575032.4689363147,-382658.10212205537,-733651.5615737742,1007637.9197163455
2017-07-04 19:45:52.963334023,0.1561,-0.8866,-0.1375,575211.1706640978,-382761.9039401096,-733896.9702815359,1007957.9995977199
2017-07-04 19:45:53.163268029,0.2368,-0.6402,-0.1904,575389.5499873236,-382865.53857697704,-734141.9308471899,1008277.5061918686
2017-07-04 19:45:53.362604022,0.2745,-1.4153,-0.4377,575567.4066759385,-382968.9194739774,-734386.1761150031,1008596.09784073
2017-07-04 19:45:53.562579989,0.388,-0.8548,-0.3258,575745.8498948927,-383072.6664621359,-734631.2185682167,1008915.7441316029
2017-07-04 19:45:53.763285994,0.2471,-1.4812,-0.4803,575924.9544976839,-383176.85185905674,-734877.1749283144,1009236.6002302915
2017-07-04 19:45:53.963276982,0.4083,-1.2477,-0.3794,576103.4373691987,-383280.7159980394,-735122.2702412357,1009556.3530626729
2017-07-04 19:45:54.163268029,0.1525,-0.6521,-0.1505,576281.9263928221,-383384.6062493281,-735367.3716459245,1009876.1242238623
2017-07-04 19:45:54.363754987,0.3486,-0.9859,-0.4081,576460.8720215933,-383488.7937420114,-735613.0972238213,1010196.7237646448
2017-07-04 19:45:54.562481999,-0.0807,-0.9888,-0.095,576638.2436147941,-383592.10568984656,-735856.6694867635,1010514.5251676876
2017-07-04 19:45:54.763315975,0.4559,-0.7076,-0.4931,576817.5141437746,-383696.5415227992,-736102.8440654817,1010835.7322734746
2017-07-04 19:45:54.963429987,0.2155,-1.4044,-0.3904,576996.1506407728,-383800.65920677467,-736348.1517737738,1011155.8260142087
2017-07-04 19:45:55.163417994,0.1866,-1.1072,-0.2081,577174.682119538,-383904.7556140678,-736593.3133431313,1011475.7457916128
2017-07-04 19:45:55.363243997,0.1496,-0.6688,-0.1254,577353.074949155,-384008.79440160503,-736838.2813220817,1011795.4240619484
2017-07-04 19:45:55.562538981,0.3645,-0.9325,-0.4596,577531.0081938247,-384112.5937532425,-737082.6165760518,1012114.2888843226
2017-07-04 19:45:55.763176023,-0.2733,-0.9637,-0.0967,577710.1286441915,-384217.13088657707,-737328.6010831405,1012435.3126891723
2017-07-04 19:45:55.963239014,0.4245,-0.7455,-0.5539,577888.7535962728,-384321.39876315097,-737573.903963666,1012755.4556202211
2017-07-04 19:45:56.163426995,0.2552,-1.4235,-0.2951,578067.500372068,-384425.78882850433,-737819.3719241582,1013075.8351127461
2017-07-04 19:45:56.363255977,0.1823,-0.971,-0.1043,578245.9338791141,-384530.030463771,-738064.4038495031,1013395.6624171627
2017-07-04 19:45:56.562399983,0.2025,-0.6132,-0.1015,578423.7637806193,-384633.93909689575,-738308.5998770187,1013714.4106027574
2017-07-04 19:45:56.763248026,0.4466,-1.4613,-0.5394,578603.1333542427,-384738.7958049803,-738554.9072023887,1014035.935200298
2017-07-04 19:45:56.963365972,0.3844,-0.8875,-0.2951,578781.866300779,-384843.30689331534,-738800.3310009427,1014356.322357335
2017-07-04 19:45:57.163275003,0.3186,-1.4354,-0.5449,578960.4253897951,-384947.76624010404,-739045.5203632055,1014676.4203773041
2017-07-04 19:45:57.363864004,0.3185,-1.2052,-0.3246,579139.6046443294,-385052.6293869766,-739291.5567724445,1014997.6428447699
2017-07-04 19:45:57.562635004,0.0923,-0.8457,-0.0992,579317.1635878725,-385156.57553980604,-739535.3671959583,1015315.9720218672
2017-07-04 19:45:57.763266980,0.3014,-0.9393,-0.3535,579496.3970437146,-385261.53268916754,-739781.4745026147,1015637.3135986663
2017-07-04 19:45:57.963258981,0.2087,-1.1691,-0.2417,579675.0671287951,-385366.2018069322,-740026.806444487,1015957.6601425378
2017-07-04 19:45:58.163540005,0.3051,-0.943,-0.4475,579854.0076613429,-385471.0600157356,-740272.5108837471,1016278.504486198
2017-07-04 19:45:58.363310992,0.2635,-1.2813,-0.3167,580032.5030186053,-385575.7023266141,-740517.6022494383,1016598.566802033
2017-07-04 19:45:58.562420010,0.1976,-1.0815,-0.1574,580210.4147403649,-385680.0407660352,-740761.8877107688,1016917.5942539782
2017-07-04 19:45:58.763270974,0.1919,-0.7326,-0.103,580389.8907006984,-385785.3215855478,-741008.3145085954,1017239.4318690673
2017-07-04 19:45:58.963274002,0.1698,-1.1545,-0.3554,580568.6157564614,-385890.2041205961,-741253.7151785638,1017559.9429535503
2017-07-04 19:45:59.163339972,0.2971,-1.0718,-0.3596,580747.4089497763,-385995.1625630146,-741499.2074708986,1017880.588872731
2017-07-04 19:45:59.363259017,0.2771,-1.2861,-0.4992,580926.0819154806,-386100.095328124,-741744.5394297634,1018201.0400878257
2017-07-04 19:45:59.562425971,0.3899,-1.3287,-0.405,581104.0981838112,-386204.68604468013,-741988.9645205841,1018520.3267089071
2017-07-04 19:45:59.763373970,0.1115,-0.7168,-0.0777,581283.7108600988,-386310.2410052925,-742235.5785135803,1018842.4847974506
2017-07-04 19:45:59.963248014,0.3258,-0.8872,-0.351,581462.3766223796,-386415.2672768159,-742480.8885146247,1019162.9526338885
2017-07-04 19:46:00.163268029,0.288,-1.3866,-0.2803,581641.1843892414,-386520.4257256959,-742726.3888834714,1019483.6907105353
2017-07-04 19:46:00.363268017,0.2597,-0.8337,-0.4468,581819.9846409778,-386625.6069935843,-742971.8825435964,1019804.4286828532
2017-07-04 19:46:00.562650978,0.2753,-1.5148,-0.5462,581998.244213923,-386730.5239817428,-743216.6405359901,1020124.222443956
2017-07-04 19:46:00.763262987,0.2992,-1.1087,-0.2368,582177.614666213,-386836.13232510735,-743462.9168098395,1020446.0186418898
2017-07-04 19:46:00.963298976,0.0205,-0.6005,-0.0095,582356.4709099699,-386941.46146243927,-743708.4863273987,1020766.9011311022
2017-07-04 19:46:01.163758993,0.2551,-1.2129,-0.3922,582535.7165367746,-387047.0626115502,-743954.5921532952,1021088.5000347514
2017-07-04 19:46:01.363474011,0.2062,-1.0689,-0.3186,582714.3042312446,-387152.3139338424,-744199.7960476765,1021408.9342557344
2017-07-04 19:46:01.562434971,0.3184,-0.9409,-0.5917,582892.2302415275,-387257.2051078383,-744444.0975557911,1021728.1974035623
2017-07-04 19:46:01.763597011,0.4941,-1.3307,-0.3544,583072.1446191482,-387363.3105279869,-744691.1160818789,1022051.0351960164
2017-07-04 19:46:01.963358998,0.1645,-0.9113,-0.0252,583250.8133881716,-387468.7138380572,-744936.4164073584,1022371.6447609056
2017-07-04 19:46:02.163275003,0.173,-0.5875,-0.2659,583429.6268263535,-387574.2218951406,-745181.9164883087,1022692.5225098453
2017-07-04 19:46:02.363417983,0.1967,-1.5037,-0.4792,583608.6511599513,-387679.9099750189,-745427.7144936388,1023013.8062813163
2017-07-04 19:46:02.562434971,0.3898,-0.7805,-0.5183,583786.6837528504,-387785.0343741685,-745672.150183329,1023333.318411335
2017-07-04 19:46:02.763341009,0.2084,-1.4291,-0.329,583966.4146255993,-387891.21428704733,-745918.9193124472,1023655.9000562673
2017-07-04 19:46:02.963339984,0.22,-1.0353,-0.1642,584145.3428382031,-387996.9562238672,-746164.5808809791,1023977.0511880793
2017-07-04 19:46:03.163271009,0.0945,-0.5709,-0.118,584324.2140370283,-388102.6850549315,-746410.1637023103,1024298.107845049
2017-07-04 19:46:03.363044023,0.3066,-1.4431,-0.422,584502.9561051928,-388208.3879186352,-746655.569274475,1024618.9522328214
2017-07-04 19:46:11.311869978,0.3565,-0.8881,-0.3626,591637.5007398198,-392470.343150181,-756442.9926790063,1037436.2166934661
2017-07-04 19:46:11.511874020,0.3099,-0.9537,-0.3037,591817.0286739403,-392577.61830276693,-756689.2706600559,1037758.7552763753
2017-07-04 19:46:11.711879014,0.2287,-0.9259,-0.5132,591996.5666110533,-392684.93100382184,-756935.5703423902,1038081.3299382237
2017-07-04 19:46:11.911926984,0.3689,-1.3553,-0.373,592176.1578893942,-392792.3210016628,-757181.9378754367,1038404.014078971
2017-07-04 19:46:12.111111998,0.1713,-0.7554,-0.0835,592354.9812529646,-392899.27771664574,-757427.2459545186,1038725.3242121849
2017-07-04 19:46:12.312205016,0.3259,-0.7835,-0.3817,592535.5307540616,-393007.2906592623,-757674.9192882683,1039049.74329231
2017-07-04 19:46:12.511891007,0.2965,-1.4115,-0.3488,592714.8287918045,-393114.6041293665,-757920.8735856015,1039371.9309593885
2017-07-04 19:46:12.711874008,0.3545,-0.8485,-0.4763,592894.4076923958,-393222.1111501754,-758167.212760493,1039694.6329934249
2017-07-04 19:46:12.911863029,0.1663,-1.4548,-0.4694,593073.9986500413,-393329.67959283193,-758413.5781247627,1040017.3845697747
2017-07-04 19:46:13.111118972,0.2534,-1.2567,-0.261,593252.9413613713,-393436.90362822235,-758659.0507767806,1040338.9855696112
2017-07-04 19:46:13.311941981,0.1593,-0.6817,-0.0896,593433.297808043,-393544.99842940946,-758906.4575837544,1040663.1328621458
2017-07-04 19:46:13.511985003,0.2186,-0.9142,-0.5184,593612.96250663,-393652.7099792722,-759152.9242193982,1040986.0554689415
2017-07-04 19:46:13.711466014,0.1848,-0.9497,-0.2242,593792.1297997973,-393760.15670995245,-759398.7073407074,1041308.0961632648
2017-07-04 19:46:13.911868989,0.3282,-0.8822,-0.5241,593972.1383517082,-393868.1354697122,-759645.6474742931,1041631.6618666728
2017-07-04 19:46:14.111158013,0.2906,-1.1557,-0.3938,594151.1578576487,-393975.55992348894,-759891.2306177198,1041953.464685599
2017-07-04 19:46:14.311985015,0.1849,-0.9965,-0.1015,594331.5663724393,-394083.8535969229,-760138.7130995186,1042277.7737269035
2017-07-04 19:46:14.512117028,0.2684,-0.7856,-0.1052,594511.3613093438,-394191.8039709519,-760385.3433482768,1042600.9818826373
2017-07-04 19:46:14.712069988,0.2387,-1.1886,-0.3366,594691.00493182,-394299.7052861766,-760631.7664009185,1042923.9344236784
2017-07-04 19:46:14.911412000,0.2008,-1.0041,-0.4007,594870.1076398744,-394407.31681355543,-760877.452440825,1043245.9317689113
2017-07-04 19:46:15.111120998,0.2043,-1.2308,-0.49,595049.5482218753,-394515.1755411669,-761123.6103284775,1043568.5596887211
2017-07-04 19:46:15.312148988,0.2588,-1.1215,-0.2491,595230.1843904008,-394623.79195160576,-761371.4040497518,1043893.3491925241
2017-07-04 19:46:15.511865973,0.1865,-0.7188,-0.1055,595409.6499781897,-394731.7286902886,-761617.5859911508,1044216.0390517673
2017-07-04 19:46:15.711687028,0.2005,-0.8877,-0.2506,595589.2170888862,-394839.7571179322,-761863.9062209227,1044538.9226427624
2017-07-04 19:46:15.911857008,0.2215,-1.3535,-0.1665,595769.1066324678,-394948.02841551666,-762110.6632432912,1044862.400795474
2017-07-04 19:46:16.110908985,0.3534,-0.6788,-0.4262,595948.0054470288,-395055.72188408155,-762356.0589483031,1045184.1030195749
2017-07-04 19:46:16.311865985,0.2697,-1.3845,-0.3421,596128.6273006363,-395164.50194210705,-762603.8170233144,1045508.9218275582
2017-07-04 19:46:16.511878013,0.1944,-1.0604,-0.1,596308.407582342,-395272.81289832667,-762850.4140513407,1045832.2369234207
2017-07-04 19:46:16.711929023,0.062,-0.4559,-0.0645,596488.2253841804,-395381.1632094686,-763097.0617220195,1046155.625541258
2017-07-04 19:46:16.911925971,0.3448,-1.2935,-0.4627,596668.0083834418,-395489.53597832687,-763343.6612458017,1046478.9679973318
2017-07-04 19:46:17.111109972,0.239,-1.0903,-0.337,596847.0700834517,-395597.51149072876,-763589.2717628002,1046801.0279494865
2017-07-04 19:46:17.311758995,0.2926,-0.8431,-0.6262,597027.4605836312,-395706.31511908874,-763836.7139851726,1047125.4949373228
2017-07-04 19:46:17.511973023,0.3795,-1.4371,-0.3475,597207.4752205751,-395814.9404748316,-764083.6336974722,1047449.2994158529
2017-07-04 19:46:17.711875021,0.1465,-0.8762,-0.083,597387.2151621691,-395923.4315535511,-764330.171906541,1047772.6185480482
2017-07-04 19:46:17.911920011,0.1651,-0.5185,-0.1317,597567.0902806036,-396032.0209864114,-764576.891737352,1048096.1847138643
2017-07-04 19:46:18.111244976,0.3539,-1.6547,-0.469,597746.3320323694,-396140.2853136227,-764822.7421792699,1048418.6330188566
2017-07-04 19:46:18.311994016,0.4065,-0.911,-0.3998,597926.8707568633,-396249.3598475793,-765070.365208952,1048743.4203243759
2017-07-04 19:46:18.511871993,0.1777,-1.1328,-0.4126,598106.6332115455,-396358.00635684154,-765316.9302702447,1049066.831833459
2017-07-04 19:46:18.712397992,0.2539,-1.3122,-0.3276,598286.9886814241,-396467.05787210213,-765564.3078901928,1049391.3275411786
2017-07-04 19:46:18.911864995,0.1541,-0.6348,-0.107,598466.3978088874,-396575.5587332551,-765810.3833436967,1049714.1260019122
2017-07-04 19:46:19.111220002,0.3638,-1.2862,-0.4607,598645.720660665,-396684.0497904422,-766056.3389409914,1050036.7844295495
2017-07-04 19:46:19.312103986,0.0352,-1.0233,-0.1893,598826.4202709132,-396793.4142273624,-766304.1885631538,1050361.9398084248
2017-07-04 19:46:19.511853992,0.2985,-0.6503,-0.5299,599006.1117529058,-396902.18725563015,-766550.6602321598,1050685.2920204024
2017-07-04 19:46:19.712103009,0.1131,-1.3396,-0.2788,599186.2566714146,-397011.2857357621,-766797.7588109676,1051009.4833554015
2017-07-04 19:46:19.912077009,0.2042,-0.9722,-0.1243,599366.1623492668,-397120.27326065523,-767044.5230014642,1051333.2527179234
2017-07-04 19:46:20.111114978,0.2052,-0.6891,-0.0842,599545.2340604153,-397228.7779401835,-767290.1354828218,1051655.5242652686
2017-07-04 19:46:20.311881005,0.3477,-1.1367,-0.5914,599725.8744962176,-397338.2704799476,-767537.9042220768,1051980.6367732568
2017-07-04 19:46:20.511924982,0.2153,-0.9536,-0.383,599905.8738789934,-397447.4073933045,-767784.7971939894,1052304.6108234979
2017-07-04 19:46:20.711862027,0.0583,-1.0515,-0.4087,600085.7793749882,-397556.52800187236,-768031.5745288347,1052628.4411121672
2017-07-04 19:46:20.912020027,0.2865,-1.3798,-0.264,600265.895166774,-397665.8244813576,-768278.6351596466,1052952.6647022534
2017-07-04 19:46:21.111110985,0.2008,-0.8271,-0.1013,600445.0587206938,-397774.57108540944,-768524.3827258529,1053275.1799925943
2017-07-04 19:46:21.311917006,0.2168,-0.4869,-0.2093,600625.7744156364,-397884.27411707,-768772.255716607,1053600.4924266364
2017-07-04 19:46:21.512073993,0.1453,-1.3845,-0.297,600805.9118325359,-397993.6780396954,-769019.339444789,1053924.7866392503
2017-07-04 19:46:21.711848974,0.5492,-0.6545,-0.5871,600985.7273700197,-398102.89928256476,-769265.9750369735,1054248.5016680085
2017-07-04 19:46:21.911845028,0.1603,-1.4173,-0.3955,601165.7483049298,-398212.29808052117,-769512.8993779566,1054572.6118132717
2017-07-04 19:46:29.380482971,0.2358,-1.1051,-0.1777,607901.5899229294,-402359.3218405759,-778743.9360255447,1066714.3407676637
2017-07-04 19:46:29.580354988,0.39,-0.882,-0.3847,608081.8667849682,-402470.3376866009,-778990.9878585825,1067039.309770333
2017-07-04 19:46:29.781138002,0.1257,-1.0175,-0.5309,608262.9703986645,-402581.9005512464,-779239.187132189,1067365.7941737196
2017-07-04 19:46:29.980422973,0.3009,-1.3117,-0.2994,608442.7347475508,-402692.68313834985,-779485.5464803836,1067689.8780507683
2017-07-04 19:46:30.179679989,0.1779,-0.8627,-0.1202,608622.4809429493,-402803.48443734605,-779731.8760424926,1068013.9371285203
2017-07-04 19:46:30.380349993,0.2061,-0.5779,-0.2676,608803.5100689143,-402915.0947309088,-779979.9631732109,1068340.3158104308
2017-07-04 19:46:30.580470025,0.2794,-1.2697,-0.4003,608984.0542416335,-403026.4499855006,-780227.3864080466,1068665.8374859858
2017-07-04 19:46:30.779929995,0.3031,-0.827,-0.3644,609164.0149786212,-403137.470855262,-780474.0080566783,1068990.3155803175
2017-07-04 19:46:30.980468988,0.193,-1.3037,-0.4883,609344.957014844,-403249.1447465246,-780721.9834973013,1069316.5877765976
2017-07-04 19:46:31.179536998,0.4894,-1.2513,-0.4098,609524.5912086051,-403360.049079982,-780968.1562411904,1069640.508556303
2017-07-04 19:46:31.380344986,0.0972,-0.8186,-0.0862,609705.7994362247,-403471.95579527144,-781216.4841636146,1069967.2780549817
2017-07-04 19:46:31.580814003,0.3986,-0.9535,-0.3031,609886.7177968022,-403583.7119271526,-781464.4050806358,1070293.52865739
2017-07-04 19:46:31.780412018,0.2766,-1.3291,-0.2745,610066.8611190518,-403695.03544914565,-781711.2597615505,1070618.3962177793
2017-07-04 19:46:31.980345010,0.3917,-0.8048,-0.4851,610247.3224258072,-403806.5779711818,-781958.5481193509,1070943.8444277022
2017-07-04 19:46:32.179669022,0.1301,-1.3649,-0.4346,610427.2392306491,-403917.83497112413,-782205.1005231565,1071268.3375732496
2017-07-04 19:46:32.380415022,0.2403,-1.168,-0.2668,610608.4492552921,-404029.9327535452,-782453.4225965582,1071595.177012222
2017-07-04 19:46:32.580389022,0.1589,-0.7217,-0.0982,610788.9687629177,-404141.6283069846,-782700.7936357408,1071920.7771337898
2017-07-04 19:46:32.780503988,0.2417,-0.87,-0.4726,610969.6252017688,-404253.43743705645,-782948.3579778613,1072246.6394720457
2017-07-04 19:46:32.980350017,0.045,-0.9512,-0.1956,611150.040651407,-404365.13429488277,-783195.5974271311,1072572.085153616
2017-07-04 19:46:33.179614007,0.3254,-0.8585,-0.4849,611329.9435727636,-404476.53993034957,-783442.1360605491,1072896.6174882937
2017-07-04 19:46:33.380388975,0.2893,-1.2668,-0.3509,611511.2223229575,-404588.8413973718,-783690.5582908851,1073223.647132537
2017-07-04 19:46:33.580408990,0.1496,-0.9011,-0.1239,611691.8254149269,-404700.75664021104,-783938.0513622228,1073549.4679232084
2017-07-04 19:46:33.780345022,0.2325,-0.7506,-0.1683,611872.3619705895,-404812.65489766095,-784185.4472456011,1073875.173649407
2017-07-04 19:46:33.980351984,0.2405,-1.1135,-0.4186,612052.9721946964,-404924.6373956256,-784432.9476411666,1074201.0296435906
2017-07-04 19:46:34.179606020,0.2986,-0.9058,-0.3193,612232.9143668711,-405036.2342978197,-784679.5289986541,1074525.688737994
2017-07-04 19:46:34.380356013,0.2824,-1.1985,-0.5647,612414.2188875503,-405148.71734608395,-784927.9843943496,1074852.826831749
2017-07-04 19:46:34.580352008,0.1706,-1.2462,-0.3401,612594.8492693123,-405260.8277646537,-785175.5202185167,1075178.7690529432
2017-07-04 19:46:34.780354976,0.1861,-0.8431,-0.1043,612775.4933930996,-405372.97581703245,-785423.0688453169,1075504.74285347
2017-07-04 19:46:34.980503976,0.2094,-0.6731,-0.1554,612956.2778025279,-405485.2327183496,-785670.8044448054,1075830.9743668525
2017-07-04 19:46:35.179877996,0.1759,-1.3027,-0.3318,613136.3692039731,-405597.1067415467,-785917.5939973003,1076155.976051915
2017-07-04 19:46:35.380378007,0.4291,-1.0035,-0.3861,613317.4949452231,-405709.652928959,-786165.7928475693,1076482.84980731
2017-07-04 19:46:35.580385029,0.212,-1.2292,-0.4888,613498.1838154817,-405821.97155949805,-786413.4009804069,1076808.9577018307
2017-07-04 19:46:35.780354976,0.338,-1.4977,-0.339,613678.8527076541,-405934.32925969915,-786660.9767704236,1077135.0455284154
2017-07-04 19:46:35.980392992,0.1693,-0.7585,-0.0461,613859.5898733964,-406046.7555575639,-786908.6386789869,1077461.2612089473
2017-07-04 19:46:36.179603993,0.2629,-0.7078,-0.3436,614039.5902526273,-406158.745141664,-787155.2903173816,1077786.1549153926
2017-07-04 19:46:36.380346000,0.3,-1.2518,-0.4342,614220.9860867377,-406271.64584899135,-787403.8550567263,1078113.5844281004
2017-07-04 19:46:36.580124020,0.3547,-0.8824,-0.4797,614401.524992995,-406384.0396113837,-787651.2453040509,1078439.477112001
2017-07-04 19:46:36.780350029,0.2245,-1.291,-0.5366,614582.4777461189,-406496.7371661334,-787899.211820185,1078766.1411381708
2017-07-04 19:46:36.980113983,0.1828,-1.1407,-0.2198,614763.0202152544,-406609.2201727894,-788146.6148833742,1079092.079252659
2017-07-04 19:46:37.179594993,0.1941,-0.6483,-0.1158,614943.3146892987,-406721.5696570421,-788393.6721349177,1079417.5734013831
2017-07-04 19:46:37.380373001,0.232,-0.9012,-0.3487,615124.7907654735,-406834.6859511398,-788642.3497753461,1079745.213356563
2017-07-04 19:46:37.580348014,0.2724,-1.0508,-0.3429,615305.5519364022,-406947.3918674938,-788890.0465627381,1080071.575201049
2017-07-04 19:46:37.779470980,0.3418,-0.8818,-0.5579,615485.5564783962,-407059.6525334936,-789136.7100924636,1080396.5837458791
2017-07-04 19:46:37.980394005,0.3627,-1.3022,-0.339,615667.2028922695,-407172.980598698,-789385.6171303251,1080724.5686940975
2017-07-04 19:46:38.179596006,0.1555,-0.8404,-0.1138,615847.2995681295,-407285.37129058334,-789632.3966486139,1081049.7638359205
2017-07-04 19:46:38.380815029,0.213,-0.6975,-0.2186,616029.2284389919,-407398.92823677004,-789881.683786481,1081378.273963822
2017-07-04 19:46:38.580348014,0.2208,-1.3756,-0.3165,616209.6416971227,-407511.5884431994,-790128.8947188717,1081704.066510643
2017-07-04 19:46:38.780345976,0.3494,-0.902,-0.3344,616390.4893527627,-407624.5472639565,-790376.6951091734,1082030.6497823354
2017-07-04 19:46:38.980512976,0.2056,-1.3245,-0.4795,616571.4980983302,-407737.65462586575,-790624.7241520652,1082357.54799768
2017-07-04 19:46:39.179475009,0.3369,-1.1882,-0.3401,616751.4305424064,-407850.12813907606,-790871.2735707876,1082682.5136939476
2017-07-04 19:46:39.380434989,0.1301,-0.8144,-0.0813,616933.1750952718,-407963.76398397016,-791120.302085219,1083010.760624524
2017-07-04 19:46:39.580371975,0.2905,-0.8757,-0.3952,617114.0060836385,-408076.8563674431,-791368.0787090886,1083337.3681393282
2017-07-04 19:46:39.780346989,0.1209,-1.0774,-0.2507,617294.8763008376,-408190.01334631175,-791615.9124855484,1083664.0642760356
2017-07-04 19:46:39.980364978,0.3595,-0.8194,-0.413,617475.7997699676,-408303.2274247206,-791863.8160449166,1083990.8634246977
2017-07-04 19:46:49.713814020,0.1103,-1.1195,-0.2682,626290.5045329846,-413918.6106677885,-803952.9235638962,1099958.5063229743
2017-07-04 19:46:49.913371980,0.2759,-1.19,-0.3478,626471.2371219113,-414033.7862531519,-804200.7917592428,1100285.9176443056
2017-07-04 19:46:50.113837003,0.2819,-0.8864,-0.3943,626652.8025342245,-414149.5209742175,-804449.8024504853,1100614.8487594542
2017-07-04 19:46:50.313880026,0.2554,-1.0511,-0.4791,626833.9959526056,-414265.0541235888,-804698.3081202259,1100943.1232545509
2017-07-04 19:46:50.512920975,0.3234,-1.2195,-0.3292,627014.294532403,-414380.05684692657,-804945.5819944122,1101269.788486342
2017-07-04 19:46:50.714076995,0.1971,-0.9472,-0.1129,627196.5169963628,-414496.31995221216,-805195.4880460125,1101599.947420093
2017-07-04 19:46:50.914009988,0.2339,-0.7775,-0.2437,627377.6408989246,-414611.9072579076,-805443.884412278,1101928.1232807694
2017-07-04 19:46:51.113794028,0.178,-1.1704,-0.3897,627558.6369661653,-414727.4551643228,-805692.1112739769,1102256.0877885977
2017-07-04 19:46:51.313791990,0.2444,-0.9168,-0.3867,627739.8366136804,-414843.1634667848,-805940.6193962973,1102584.4342905385
2017-07-04 19:46:51.513089001,0.2025,-1.0992,-0.4735,627920.4092375115,-414958.50989531586,-806188.2753567462,1102911.6649098555
2017-07-04 19:46:51.713849008,0.3336,-1.2927,-0.3132,628102.3208512979,-415074.7551586158,-806437.7619291169,1103241.3342936416
2017-07-04 19:46:51.913892984,0.1797,-0.8886,-0.1313,628283.5908499587,-415190.6213809844,-806686.3639365423,1103569.8493413117
2017-07-04 19:46:52.113578021,0.2068,-0.7763,-0.2581,628464.5438417426,-415306.3106588105,-806934.5301687779,1103897.7989460565
2017-07-04 19:46:52.313970983,0.1286,-1.1707,-0.3239,628646.1435137629,-415422.4570913923,-807183.5892088992,1104226.9414838315
2017-07-04 19:46:52.513209998,0.3177,-0.8841,-0.4291,628826.710069933,-415537.96979933843,-807431.2310958972,1104554.2216620094
2017-07-04 19:46:52.713791012,0.2825,-1.2689,-0.4538,629008.5042201998,-415654.3116087275,-807680.5592630381,1104883.7454464212
2017-07-04 19:46:52.913797020,0.221,-1.1147,-0.3036,629189.786061338,-415770.3644914943,-807929.1848253458,1105212.3554167543
2017-07-04 19:46:53.114108026,0.1275,-0.747,-0.1809,629371.3494630405,-415886.6243214313,-808178.1967862822,1105541.4861393175
2017-07-04 19:46:53.313929975,0.2317,-1.0197,-0.2899,629552.4788313071,-416002.64101974963,-808426.612362764,1105869.8424834565
2017-07-04 19:46:53.513032019,0.1814,-1.1573,-0.271,629732.9628299298,-416118.28561820707,-808674.143707292,1106197.0451963427
2017-07-04 19:46:53.713949024,0.331,-0.8098,-0.4338,629915.1054341183,-416235.0170916218,-808923.9489928589,1106527.263451534
2017-07-04 19:46:53.913798987,0.3285,-1.3709,-0.5184,630096.2938248058,-416351.18337432976,-809172.4483025327,1106855.771309377
2017-07-04 19:46:54.113915979,0.2461,-1.1307,-0.2281,630277.7341654027,-416467.550153238,-809421.2887785799,1107184.7475662276
2017-07-04 19:46:54.313778996,0.2144,-0.7643,-0.0746,630458.9527984033,-416583.79977740854,-809669.8164229786,1107513.3249884911
2017-07-04 19:46:54.513032019,0.329,-0.9549,-0.2837,630639.6314030715,-416699.73251192184,-809917.5968093865,1107840.9296434217
2017-07-04 19:46:54.713779985,0.0117,-1.1678,-0.2347,630821.6660632736,-416816.5821212788,-810167.2456851829,1108171.0172564632
2017-07-04 19:46:54.913700997,0.2208,-0.8138,-0.4285,631002.9596814242,-416932.98291082203,-810415.8832927824,1108499.7750378002
2017-07-04 19:46:55.113786995,0.337,-1.228,-0.408,631184.4164048027,-417049.52892305795,-810664.742424079,1108828.8423813272
2017-07-04 19:46:55.313781976,0.1363,-0.9645,-0.1253,631365.7960371672,-417166.06049781176,-810913.4933637426,1109157.7814523496
2017-07-04 19:46:55.513029992,0.2686,-0.7795,-0.098,631546.5088947046,-417282.18778257683,-811161.3191294407,1109485.512654184
2017-07-04 19:46:55.713854014,0.1401,-1.0469,-0.2825,631728.6567996731,-417399.27582924534,-811411.1165332773,1109815.8636992343
2017-07-04 19:46:55.913823008,0.2449,-0.9974,-0.3797,631910.0389850073,-417515.9052456848,-811659.8655834215,1110144.8400555917
2017-07-04 19:46:56.113888978,0.2639,-1.0163,-0.5317,632091.5196955373,-417632.6319009867,-811908.7565477396,1110474.012959536
2017-07-04 19:46:56.313764989,0.379,-1.2939,-0.3475,632272.8432346422,-417749.29941830045,-812157.4250773843,1110802.9116656233
2017-07-04 19:46:56.513034999,0.1916,-1.0444,-0.115,632453.6246298566,-417865.65468476084,-812405.3442392249,1111130.8365899224
2017-07-04 19:46:56.713836014,0.2317,-0.6988,-0.1807,632635.8043231765,-417982.932092972,-812655.1754668114,1111461.3023608446
2017-07-04 19:46:56.913886010,0.2382,-1.2558,-0.3209,632817.3121761556,-418099.8211272413,-812904.0851391554,1111790.5660026139
2017-07-04 19:46:57.113789975,0.3954,-0.9737,-0.3932,632998.7033342044,-418216.66374633287,-813152.8288271774,1112119.624540246
2017-07-04 19:46:57.313768982,0.1532,-0.9994,-0.4816,633180.1687114395,-418333.59019461303,-813401.6851511116,1112448.8393365466
2017-07-04 19:46:57.513032972,0.3709,-1.3811,-0.3574,633360.9999934292,-418450.15341516637,-813649.6658901131,1112776.9165510873
2017-07-04 19:46:57.713795006,0.1564,-0.877,-0.116,633543.1970481814,-418567.62829257734,-813899.5155955153,1113107.4806446673
2017-07-04 19:46:57.913893997,0.2738,-0.6676,-0.2648,633724.8033360615,-418684.74192420905,-814148.5507419197,1113436.9771831003
2017-07-04 19:46:58.114144980,0.3399,-1.5595,-0.3597,633906.5611993246,-418802.0070501477,-814397.7894755808,1113766.7659539394
2017-07-04 19:46:58.313950002,0.4267,-0.7908,-0.3401,634087.9313206929,-418919.0425957987,-814646.4867295051,1114095.8519071247
2017-07-04 19:46:58.513309001,0.2367,-1.4447,-0.3791,634268.9059785357,-419035.87430219847,-814894.6438856829,1114424.2413358523
2017-07-04 19:46:58.713894009,0.3262,-1.3691,-0.2883,634451.006710628,-419153.47957981064,-815144.3387471334,1114754.6870731218
2017-07-04 19:46:58.913797974,0.1832,-0.766,-0.1127,634632.4964800447,-419270.7161647274,-815393.1903273726,1115084.029952016
2017-07-04 19:46:59.113987982,0.2428,-0.6709,-0.3058,634814.2556740128,-419388.14739073254,-815642.4102451093,1115413.8688259318
2017-07-04 19:46:59.313261985,0.3107,-1.5083,-0.3669,634995.1955343867,-419505.10118405585,-815890.5043824166,1115742.2387866264
2017-07-04 19:46:59.513076007,0.4093,-0.7733,-0.447,635176.6420710463,-419622.4027887077,-816139.2886847312,1116071.532693867
2017-07-04 19:46:59.713850021,0.2601,-1.4503,-0.4699,635358.9708391369,-419740.3264223151,-816389.2871949768,1116402.4505963793
2017-07-04 19:46:59.914116978,0.2335,-1.3166,-0.1988,635540.8484988511,-419858.00504316145,-816638.6623044536,1116732.5639023294
2017-07-04 19:47:00.113797008,0.175,-0.6739,-0.0877,635722.2001031239,-419975.3656503715,-816887.3100613172,1117061.7264933635
2017-07-04 19:47:00.313789010,0.2076,-0.7082,-0.4035,635903.8433471419,-420092.93794278026,-817136.3624340852,1117391.4306567202
2017-07-04 19:47:07.247200012,0.1692,-1.208,-0.2801,642209.2653224895,-424227.05727578525,-825784.0850450599,1128858.136217581
2017-07-04 19:47:07.447197973,0.3525,-0.7938,-0.5074,642391.1627027332,-424346.3399177735,-826033.5535399509,1129188.9362254746
2017-07-04 19:47:07.472080110,0.1099,-1.1179,-0.2335,642413.7929791653,-424361.18079638266,-826064.5905472717,1129230.092112679
2017-07-04 19:47:07.647818028,0.1817,-1.2309,-0.3974,642573.6320352836,-424466.0371839082,-826283.8114458488,1129520.7950131355
2017-07-04 19:47:07.846692979,0.2769,-1.275,-0.2562,642754.5258881936,-424584.74902055686,-826531.9043259532,1129849.8035222613
2017-07-04 19:47:08.247241973,0.3117,-0.7859,-0.341,643118.9096176436,-424823.96960881894,-827031.6366123323,1130512.567386871
2017-07-04 19:47:08.447447001,0.1302,-1.1723,-0.3204,643301.0435043551,-424943.58540204656,-827281.4289270106,1130843.864552333
2017-07-04 19:47:08.465430020,0.1382,-0.7137,-0.1354,643317.4033636735,-424954.3298838993,-827303.8660693349,1130873.6228115507
2017-07-04 19:47:08.647101998,0.3572,-0.7274,-0.4512,643482.6892930854,-425062.89914028154,-827530.5503554867,1131174.2798601182
2017-07-04 19:47:08.846229970,0.2078,-1.2451,-0.3801,643663.864998906,-425181.9496694013,-827779.0307253778,1131503.8599751436
2017-07-04 19:47:09.247335970,0.1553,-0.6469,-0.1562,644028.8345070103,-425421.8587375687,-828279.5730168973,1132167.8094016097
2017-07-04 19:47:09.447197020,0.3653,-1.0084,-0.3833,644210.704242012,-425541.43968327175,-828528.9959853085,1132498.6735251057
2017-07-04 19:47:09.472120040,0.3132,-1.212,-0.2556,644233.3839083356,-425556.3523876992,-828560.099621368,1132539.933372806
2017-07-04 19:47:09.646359026,0.1139,-1.0701,-0.2527,644391.9428728888,-425660.6408801138,-828777.5554999787,1132828.4043642646
2017-07-04 19:47:09.846588015,0.2926,-0.7147,-0.461,644574.1646928373,-425780.5140063122,-829027.466223488,1133159.935600392
2017-07-04 19:47:10.247437000,0.1607,-1.2169,-0.1212,644938.9899966111,-426020.68987822905,-829527.7951703606,1133823.7482000326
2017-07-04 19:47:10.447416007,0.155,-0.6604,-0.1409,645121.0033967927,-426140.53730400035,-829777.4092355666,1134154.9344931298
2017-07-04 19:47:10.472440120,0.3116,-1.2027,-0.4672,645143.7796020707,-426155.53500891995,-829808.6446595963,1134196.377674422
2017-07-04 19:47:10.647194981,0.3436,-0.7932,-0.5182,645302.8467855011,-426260.2950863781,-830026.7917804277,1134485.8211145294
2017-07-04 19:47:10.846445977,0.3287,-1.1017,-0.3726,645484.2241448918,-426379.78356972436,-830275.5323071647,1134815.8718509553
2017-07-04 19:47:11.247236013,0.1869,-1.1992,-0.2525,645849.091682927,-426620.32528022234,-830775.9102637959,1135479.8828004408
2017-07-04 19:47:11.447393000,0.2079,-1.1024,-0.1064,646031.3170845374,-426740.4974419227,-831025.8063280827,1135811.5185162553
2017-07-04 19:47:11.469130270,0.313,-0.7783,-0.4217,646051.1071124414,-426753.54863925034,-831052.9455161042,1135847.5348955938
2017-07-04 19:47:11.647176027,0.3344,-0.8342,-0.1697,646213.2139881834,-426860.47490628605,-831275.242714058,1136142.5580091055
2017-07-04 19:47:11.846450984,0.251,-1.1998,-0.2012,646394.6595664403,-426980.19811989064,-831524.0534009946,1136472.787569916
2017-07-04 19:47:12.247267007,0.1408,-1.099,-0.4417,646759.6367003684,-427221.1825701412,-832024.575153445,1137137.1334015492
2017-07-04 19:47:12.447185993,0.1648,-1.1972,-0.2783,646941.6865546159,-427341.4286254409,-832274.2364787129,1137468.5257746642
2017-07-04 19:47:12.471649760,0.3267,-0.9478,-0.3571,646963.9639000265,-427356.14351040265,-832304.7873500348,1137509.0782174466
2017-07-04 19:47:12.647158026,0.1342,-0.9913,-0.1738,647123.7904464456,-427461.74175899464,-832523.9711502822,1137800.0278472684
2017-07-04 19:47:12.846475005,0.1754,-0.6232,-0.2928,647305.3053579205,-427581.6897797647,-832772.9001349031,1138130.4683464575
2017-07-04 19:47:13.247349977,0.4036,-0.9166,-0.3293,647670.4408967204,-427823.08175129385,-833273.6098478787,1138795.1958800324
2017-07-04 19:47:13.447296977,0.2167,-1.0434,-0.5112,647852.5705721028,-427943.5240985476,-833523.3725038718,1139126.782024281
2017-07-04 19:47:13.472429990,0.2432,-1.2718,-0.2856,647875.464129972,-427958.66430924274,-833554.7674442877,1139168.4623917914
2017-07-04 19:47:13.647230029,0.1212,-1.0747,-0.278,648034.6924677279,-428063.99727213493,-833773.1276662223,1139458.3699375137
2017-07-04 19:47:13.846437990,0.1481,-0.8289,-0.1982,648216.1602752251,-428184.0711276154,-834021.9861314961,1139788.7798009333
2017-07-04 19:47:14.247220993,0.113,-1.0487,-0.3046,648581.2703253746,-428425.81406113633,-834522.7090402563,1140453.6353025108
2017-07-04 19:47:14.447476983,0.1549,-0.8774,-0.4655,648763.7081124482,-428546.63897642924,-834772.9198594628,1140785.8688082094
2017-07-04 19:47:14.471889970,0.232,-0.9269,-0.3344,648785.949040241,-428561.36916109483,-834803.4229839268,1140826.3714671745
2017-07-04 19:47:14.647228002,0.1214,-1.1339,-0.2639,648945.6907229957,-428667.1985963155,-835022.509484099,1141117.2893289633
2017-07-04 19:47:14.846422970,0.1832,-0.7879,-0.2107,649127.1745321606,-428787.4587148932,-835271.413807763,1141447.812294413
2017-07-04 19:47:15.246257007,0.233,-1.2738,-0.2922,649491.4951002185,-429029.05443907646,-835771.0736465307,1142111.3865576682
2017-07-04 19:47:15.447297990,0.0261,-0.7671,-0.3625,649674.680572527,-429150.56244973995,-836022.322799824,1142445.0621572821
2017-07-04 19:47:15.471829770,0.1545,-0.759,-0.2106,649697.0336486584,-429165.3897728625,-836052.9812971208,1142485.7788377774
2017-07-04 19:47:15.647185981,0.1385,-0.8598,-0.4835,649856.8204725948,-429271.4037592056,-836272.1469120041,1142776.850002205
2017-07-04 19:47:15.846422016,0.3015,-1.2977,-0.3733,650038.3788658518,-429391.9061306755,-836521.1730874786,1143107.5960174226
2017-07-04 19:47:16.247171998,0.247,-0.8299,-0.2266,650403.611120105,-429634.42188769416,-837022.1090047864,1143772.969077197
2017-07-04 19:47:16.447287023,0.2454,-1.2903,-0.3545,650586.0001488302,-429755.57411792636,-837272.2662032676,1144105.2595055394
2017-07-04 19:47:16.473759770,0.1494,-0.7098,-0.1798,650610.1280700853,-429771.6015595595,-837305.3590379566,1144149.2177719316
2017-07-04 19:47:16.647741973,0.2782,-0.712,-0.4311,650768.7082061915,-429876.9574618824,-837522.8623342292,1144438.1394682548
2017-07-04 19:47:16.846635997,0.2674,-1.3448,-0.3318,650950.0053805119,-429997.45205635164,-837771.5221897049,1144768.4664035335
2017-07-04 19:47:17.247214972,0.2961,-0.8091,-0.2072,651315.1912463299,-430240.2618843713,-838272.3644013676,1145433.8558876435
2017-07-04 19:47:17.447185993,0.2666,-1.1144,-0.2736,651497.5045117198,-430361.51832388394,-838522.398270699,1145766.0525782222
2017-07-04 19:47:17.471829770,0.3885,-0.8295,-0.293,651519.9724404004,-430376.46207613015,-838553.2118079354,1145806.9918757307
2017-07-04 19:47:17.647234022,0.1224,-0.8965,-0.2245,651679.8936663016,-430482.8531304296,-838772.5367786083,1146098.3985253007
2017-07-04 19:47:35.914093017,0.3433,-0.7964,-0.4543,668448.8790607385,-441828.3166126132,-861764.9545453473,1176722.143142058
2017-07-04 19:47:36.114121973,0.2188,-1.13,-0.2836,668632.5144936497,-441952.59890533914,-862016.7414892499,1177057.5184437796
2017-07-04 19:47:36.314202010,0.1752,-0.8926,-0.1166,668816.2038347893,-442076.9486683712,-862268.5973992215,1177393.0002835658
2017-07-04 19:47:36.514119029,0.2086,-0.7781,-0.1058,668999.7518495545,-442201.22821387823,-862520.2523345676,1177728.2283684611
2017-07-04 19:47:36.713316977,0.2751,-1.0631,-0.4769,669182.6505860483,-442325.1029284507,-862771.0210288338,1178062.286661096
2017-07-04 19:47:36.914117991,0.1343,-0.8739,-0.2693,669367.0266340756,-442450.0097741085,-863023.8186684494,1178399.0576553957
2017-07-04 19:47:37.114170014,0.2619,-0.9627,-0.5119,669550.7254379399,-442574.489243266,-863275.6938554718,1178734.6079864863
2017-07-04 19:47:37.314127981,0.3549,-1.2712,-0.3162,669734.3520644298,-442698.9610140713,-863527.4632641185,1179070.0370331965
2017-07-04 19:47:37.514136016,0.152,-0.778,-0.1027,669918.030750161,-442823.49507419043,-863779.2998222982,1179405.5682908213
2017-07-04 19:47:37.713311970,0.2515,-0.6517,-0.1517,670100.9552661411,-442947.5368966277,-864030.0946985933,1179739.7235137266
2017-07-04 19:47:37.914061009,0.3272,-1.4385,-0.3392,670285.3377000269,-443072.6163690196,-864282.8840142242,1180076.5572248574
2017-07-04 19:47:38.114714980,0.4626,-0.7305,-0.364,670469.6514417956,-443197.66601937864,-864535.5682727024,1180413.2638521614
2017-07-04 19:47:38.314079999,0.3883,-1.6188,-0.5014,670652.796630729,-443321.9767228793,-864786.6492781985,1180747.8551510957
2017-07-04 19:47:38.514131009,0.2756,-1.1958,-0.2401,670836.5830298063,-443446.7630209291,-865038.6038320703,1181083.629081609
2017-07-04 19:47:38.713549971,0.1476,-0.6933,-0.0818,671019.7946375966,-443571.1826359835,-865289.7656051271,1181418.3582971543
2017-07-04 19:47:38.914130985,0.3683,-0.8577,-0.3857,671204.0886717886,-443696.36177528533,-865542.4064630972,1181755.0708536352
2017-07-04 19:47:39.114027023,0.1754,-0.9654,-0.3101,671387.7603580618,-443821.1520087852,-865794.1969539266,1182090.661162719
2017-07-04 19:47:39.314584970,0.3694,-0.8926,-0.5456,671572.0550887441,-443946.39135945827,-866046.8431360413,1182427.4007663673
2017-07-04 19:47:39.514397978,0.282,-1.3444,-0.3056,671755.6765463448,-444071.219204969,-866298.5631072585,1182762.9251629957
2017-07-04 19:47:39.713392972,0.1981,-0.9241,-0.1375,671938.5541210586,-444195.57261150173,-866549.2580075456,1183097.0982110414
2017-07-04 19:47:39.914102017,0.1712,-0.6813,-0.0978,672123.0138154057,-444321.0245864344,-866802.116217742,1183434.1668506106
2017-07-04 19:47:40.114076018,0.4869,-1.124,-0.553,672306.8174456555,-444446.06207487115,-867054.070515609,1183770.045268697
2017-07-04 19:47:40.314091980,0.0533,-0.9543,-0.3108,672490.6617761798,-444571.16397830204,-867306.0901156046,1184106.018888851
2017-07-04 19:47:40.513962984,0.288,-1.2354,-0.5202,672674.38437395,-444696.2245686363,-867557.9478500584,1184441.789374335
2017-07-04 19:47:40.713352978,0.4299,-1.2646,-0.3375,672857.6819157737,-444821.0344637825,-867809.2128809066,1184776.7902754834
2017-07-04 19:47:40.914256989,0.1366,-0.8311,-0.0844,673042.3767941782,-444946.82561620267,-868062.3892351879,1185114.3532129694
2017-07-04 19:47:41.113795995,0.2598,-0.7896,-0.2188,673225.8271416732,-445071.7935425614,-868313.8541414387,1185449.6467719504
2017-07-04 19:47:41.314081013,0.1409,-1.0285,-0.2741,673409.9690029371,-445197.26994103956,-868566.2701891582,1185786.220710039
2017-07-04 19:47:41.514195978,0.4138,-0.8021,-0.5665,673593.9710886637,-445322.67192404764,-868818.4946078237,1186122.5470368452
2017-07-04 19:47:41.713595986,0.1772,-1.1995,-0.3458,673777.3228299149,-445447.67357202095,-869069.8316455464,1186457.703808691
2017-07-04 19:47:41.914198994,0.1891,-0.9713,-0.1526,673961.7883600633,-445573.4684539525,-869322.6911653772,1186794.9061799152
2017-07-04 19:47:42.114089012,0.2327,-0.7438,-0.1162,674145.6075543474,-445698.8459507446,-869574.6566062345,1187130.9299645496
2017-07-04 19:47:42.314504981,0.315,-1.162,-0.522,674329.9230665158,-445824.60001459095,-869827.3059859894,1187467.8780328785
2017-07-04 19:47:42.514205992,0.2183,-0.9182,-0.3222,674513.5897628895,-445949.94208537886,-870079.0669213148,1187803.6522571559
2017-07-04 19:47:42.713317990,0.2695,-1.0861,-0.5336,674696.725423548,-446074.9575220229,-870330.1064491168,1188138.4739235004
2017-07-04 19:47:42.914083003,0.3551,-1.1762,-0.3089,674881.3957775518,-446201.0582373923,-870583.2425416369,1188476.1103754402
2017-07-04 19:47:43.114250004,0.198,-0.9063,-0.1082,675065.5239934077,-446326.8196533633,-870835.6289614126,1188812.7625050966
2017-07-04 19:47:43.314081013,0.2329,-0.8541,-0.3039,675249.3524395645,-446452.4040777441,-871087.6038713106,1189148.8765899374
2017-07-04 19:47:43.514083981,0.2272,-1.2156,-0.3266,675433.3481624321,-446578.145195741,-871339.8086755755,1189485.3129648848
2017-07-04 19:47:43.713047981,0.2693,-0.8621,-0.3945,675616.398731834,-446703.26724611287,-871590.7189526203,1189820.032008232
2017-07-04 19:47:43.914076983,0.2225,-1.5349,-0.4177,675801.3581331843,-446829.7499391139,-871844.2502506007,1190158.2658538902
2017-07-04 19:47:44.114432990,0.285,-1.1113,-0.2968,675985.7097771736,-446955.8538099728,-872096.9447032812,1190495.3994193967
2017-07-04 19:47:44.314447999,0.1584,-0.6583,-0.1494,676169.7539989068,-447081.7693929831,-872349.2150568939,1190831.9771306452
2017-07-04 19:47:44.513858973,0.2235,-1.0494,-0.2989,676353.2513040116,-447207.34644654853,-872600.7354527437,1191167.5678836878
2017-07-04 19:47:44.713325977,0.1921,-1.0569,-0.296,676536.8078108324,-447333.00083541335,-872852.3382971468,1191503.2817538036
2017-07-04 19:47:44.914013028,0.2662,-0.8351,-0.4787,676721.4977688161,-447459.45742769813,-873105.4993590482,1191841.0819379287
2017-07-04 19:47:45.114081025,0.1422,-1.1402,-0.2598,676905.6237104748,-447585.56958171877,-873357.8899008335,1192177.8681726544
2017-07-04 19:47:45.313892006,0.1914,-0.8803,-0.1467,677089.5207575227,-447711.55487208726,-873609.9620677289,1192514.2436506208
2017-07-04 19:47:45.514132976,0.2258,-0.7582,-0.1246,677273.8226008993,-447837.8416812582,-873862.5816846068,1192851.3632849017
2017-07-04 19:47:45.713899016,0.2652,-1.2373,-0.4727,677457.6979017704,-447963.87834061804,-874114.6210039997,1193187.7217761253
2017-07-04 19:47:45.914076983,0.0934,-0.8495,-0.2324,677641.9561048395,-448090.20893401635,-874367.1893529122,1193524.7956506957
2017-07-04 19:47:46.114179015,0.3125,-0.9779,-0.555,677826.1569246284,-448216.5307614102,-874619.6841158477,1193861.779814527
2017-07-04 19:47:46.314091980,0.2895,-1.2122,-0.2979,678010.1952716486,-448342.78167905746,-874871.9522139867,1194198.4791259475
2017-07-04 19:47:46.514648020,0.1388,-0.8485,-0.072,678194.831211511,-448469.47284646495,-875125.0346978379,1194536.2796968906
